1505.0000,-56.960,1505.0000,-56.841,1505.0000,-56.367,1505.0000,-55.634,1505.0000,-55.108,1505.0000,-55.918
1505.0213,-56.966,1505.0213,-56.884,1505.0213,-56.314,1505.0213,-55.635,1505.0213,-55.173,1505.0213,-55.926
1505.0425,-57.002,1505.0425,-56.738,1505.0425,-56.218,1505.0425,-55.524,1505.0425,-55.216,1505.0425,-55.864
1505.0638,-56.941,1505.0638,-56.731,1505.0638,-56.269,1505.0638,-55.548,1505.0638,-55.161,1505.0638,-55.963
1505.0850,-56.976,1505.0850,-56.901,1505.0850,-56.131,1505.0850,-55.585,1505.0850,-55.220,1505.0850,-55.924
1505.1063,-56.890,1505.1063,-56.791,1505.1063,-56.241,1505.1063,-55.560,1505.1063,-55.231,1505.1063,-55.907
1505.1275,-57.013,1505.1275,-56.706,1505.1275,-56.256,1505.1275,-55.497,1505.1275,-55.194,1505.1275,-55.938
1505.1488,-56.930,1505.1488,-56.702,1505.1488,-56.064,1505.1488,-55.495,1505.1488,-55.219,1505.1488,-55.889
1505.1700,-56.863,1505.1700,-56.706,1505.1700,-56.139,1505.1700,-55.478,1505.1700,-55.188,1505.1700,-55.932
1505.1913,-56.914,1505.1913,-56.697,1505.1913,-56.108,1505.1913,-55.458,1505.1913,-55.270,1505.1913,-56.001
1505.2126,-56.972,1505.2126,-56.649,1505.2126,-56.166,1505.2126,-55.433,1505.2126,-55.199,1505.2126,-55.950
1505.2338,-56.951,1505.2338,-56.686,1505.2338,-56.084,1505.2338,-55.439,1505.2338,-55.162,1505.2338,-55.911
1505.2551,-56.960,1505.2551,-56.667,1505.2551,-55.993,1505.2551,-55.390,1505.2551,-55.211,1505.2551,-55.937
1505.2763,-56.876,1505.2763,-56.609,1505.2763,-55.986,1505.2763,-55.392,1505.2763,-55.278,1505.2763,-55.969
1505.2976,-57.058,1505.2976,-56.607,1505.2976,-56.019,1505.2976,-55.484,1505.2976,-55.261,1505.2976,-55.855
1505.3188,-56.901,1505.3188,-56.634,1505.3188,-55.989,1505.3188,-55.335,1505.3188,-55.193,1505.3188,-55.914
1505.3401,-57.026,1505.3401,-56.557,1505.3401,-55.933,1505.3401,-55.326,1505.3401,-55.184,1505.3401,-55.905
1505.3613,-56.899,1505.3613,-56.501,1505.3613,-55.877,1505.3613,-55.340,1505.3613,-55.231,1505.3613,-55.922
1505.3826,-56.876,1505.3826,-56.528,1505.3826,-55.910,1505.3826,-55.329,1505.3826,-55.227,1505.3826,-55.889
1505.4039,-56.860,1505.4039,-56.558,1505.4039,-55.890,1505.4039,-55.433,1505.4039,-55.120,1505.4039,-55.871
1505.4251,-56.842,1505.4251,-56.436,1505.4251,-55.821,1505.4251,-55.255,1505.4251,-55.225,1505.4251,-55.829
1505.4464,-56.845,1505.4464,-56.492,1505.4464,-55.717,1505.4464,-55.294,1505.4464,-55.198,1505.4464,-55.935
1505.4676,-56.934,1505.4676,-56.493,1505.4676,-55.743,1505.4676,-55.306,1505.4676,-55.176,1505.4676,-55.901
1505.4889,-56.773,1505.4889,-56.506,1505.4889,-55.767,1505.4889,-55.236,1505.4889,-55.234,1505.4889,-55.826
1505.5101,-56.788,1505.5101,-56.441,1505.5101,-55.699,1505.5101,-55.321,1505.5101,-55.276,1505.5101,-55.846
1505.5314,-56.855,1505.5314,-56.441,1505.5314,-55.719,1505.5314,-55.266,1505.5314,-55.270,1505.5314,-55.830
1505.5526,-56.837,1505.5526,-56.389,1505.5526,-55.693,1505.5526,-55.306,1505.5526,-55.185,1505.5526,-55.820
1505.5739,-56.811,1505.5739,-56.395,1505.5739,-55.600,1505.5739,-55.256,1505.5739,-55.220,1505.5739,-55.769
1505.5951,-56.830,1505.5951,-56.477,1505.5951,-55.621,1505.5951,-55.278,1505.5951,-55.313,1505.5951,-55.789
1505.6164,-56.707,1505.6164,-56.263,1505.6164,-55.584,1505.6164,-55.275,1505.6164,-55.219,1505.6164,-55.753
1505.6377,-56.758,1505.6377,-56.415,1505.6377,-55.660,1505.6377,-55.236,1505.6377,-55.306,1505.6377,-55.738
1505.6589,-56.726,1505.6589,-56.258,1505.6589,-55.577,1505.6589,-55.210,1505.6589,-55.265,1505.6589,-55.733
1505.6802,-56.790,1505.6802,-56.270,1505.6802,-55.498,1505.6802,-55.257,1505.6802,-55.260,1505.6802,-55.677
1505.7014,-56.743,1505.7014,-56.217,1505.7014,-55.468,1505.7014,-55.211,1505.7014,-55.350,1505.7014,-55.799
1505.7227,-56.653,1505.7227,-56.180,1505.7227,-55.586,1505.7227,-55.206,1505.7227,-55.275,1505.7227,-55.661
1505.7439,-56.755,1505.7439,-56.214,1505.7439,-55.529,1505.7439,-55.227,1505.7439,-55.313,1505.7439,-55.766
1505.7652,-56.726,1505.7652,-56.133,1505.7652,-55.500,1505.7652,-55.222,1505.7652,-55.331,1505.7652,-55.699
1505.7864,-56.761,1505.7864,-56.108,1505.7864,-55.435,1505.7864,-55.206,1505.7864,-55.364,1505.7864,-55.616
1505.8077,-56.678,1505.8077,-56.098,1505.8077,-55.439,1505.8077,-55.225,1505.8077,-55.310,1505.8077,-55.657
1505.8290,-56.687,1505.8290,-56.134,1505.8290,-55.383,1505.8290,-55.268,1505.8290,-55.255,1505.8290,-55.602
1505.8502,-56.678,1505.8502,-56.036,1505.8502,-55.409,1505.8502,-55.205,1505.8502,-55.320,1505.8502,-55.606
1505.8715,-56.647,1505.8715,-56.024,1505.8715,-55.382,1505.8715,-55.150,1505.8715,-55.357,1505.8715,-55.631
1505.8927,-56.678,1505.8927,-55.988,1505.8927,-55.341,1505.8927,-55.126,1505.8927,-55.236,1505.8927,-55.544
1505.9140,-56.618,1505.9140,-56.035,1505.9140,-55.303,1505.9140,-55.212,1505.9140,-55.375,1505.9140,-55.610
1505.9352,-56.649,1505.9352,-55.977,1505.9352,-55.306,1505.9352,-55.134,1505.9352,-55.353,1505.9352,-55.617
1505.9565,-56.633,1505.9565,-56.036,1505.9565,-55.317,1505.9565,-55.146,1505.9565,-55.362,1505.9565,-55.519
1505.9777,-56.675,1505.9777,-55.907,1505.9777,-55.246,1505.9777,-55.138,1505.9777,-55.328,1505.9777,-55.523
1505.9990,-56.584,1505.9990,-55.987,1505.9990,-55.263,1505.9990,-55.241,1505.9990,-55.411,1505.9990,-55.511
1506.0203,-56.594,1506.0203,-55.920,1506.0203,-55.198,1506.0203,-55.184,1506.0203,-55.295,1506.0203,-55.457
1506.0415,-56.610,1506.0415,-55.885,1506.0415,-55.263,1506.0415,-55.067,1506.0415,-55.350,1506.0415,-55.555
1506.0628,-56.560,1506.0628,-55.900,1506.0628,-55.205,1506.0628,-55.161,1506.0628,-55.321,1506.0628,-55.382
1506.0840,-56.589,1506.0840,-55.812,1506.0840,-55.166,1506.0840,-55.251,1506.0840,-55.408,1506.0840,-55.431
1506.1053,-56.573,1506.1053,-55.741,1506.1053,-55.174,1506.1053,-55.185,1506.1053,-55.301,1506.1053,-55.417
1506.1265,-56.549,1506.1265,-55.798,1506.1265,-55.110,1506.1265,-55.189,1506.1265,-55.410,1506.1265,-55.439
1506.1478,-56.400,1506.1478,-55.690,1506.1478,-55.150,1506.1478,-55.184,1506.1478,-55.371,1506.1478,-55.334
1506.1690,-56.447,1506.1690,-55.718,1506.1690,-55.099,1506.1690,-55.172,1506.1690,-55.393,1506.1690,-55.288
1506.1903,-56.486,1506.1903,-55.697,1506.1903,-55.137,1506.1903,-55.272,1506.1903,-55.433,1506.1903,-55.340
1506.2116,-56.428,1506.2116,-55.699,1506.2116,-55.094,1506.2116,-55.203,1506.2116,-55.335,1506.2116,-55.259
1506.2328,-56.427,1506.2328,-55.671,1506.2328,-55.012,1506.2328,-55.193,1506.2328,-55.333,1506.2328,-55.214
1506.2541,-56.396,1506.2541,-55.623,1506.2541,-55.118,1506.2541,-55.240,1506.2541,-55.358,1506.2541,-55.215
1506.2753,-56.417,1506.2753,-55.620,1506.2753,-55.083,1506.2753,-55.196,1506.2753,-55.431,1506.2753,-55.173
1506.2966,-56.421,1506.2966,-55.597,1506.2966,-55.089,1506.2966,-55.213,1506.2966,-55.381,1506.2966,-55.161
1506.3178,-56.301,1506.3178,-55.482,1506.3178,-55.062,1506.3178,-55.194,1506.3178,-55.378,1506.3178,-55.108
1506.3391,-56.301,1506.3391,-55.509,1506.3391,-55.044,1506.3391,-55.241,1506.3391,-55.352,1506.3391,-55.137
1506.3603,-56.399,1506.3603,-55.497,1506.3603,-55.026,1506.3603,-55.201,1506.3603,-55.488,1506.3603,-55.087
1506.3816,-56.310,1506.3816,-55.502,1506.3816,-55.025,1506.3816,-55.201,1506.3816,-55.367,1506.3816,-55.078
1506.4029,-56.255,1506.4029,-55.394,1506.4029,-55.076,1506.4029,-55.236,1506.4029,-55.381,1506.4029,-55.102
1506.4241,-56.277,1506.4241,-55.431,1506.4241,-55.007,1506.4241,-55.231,1506.4241,-55.410,1506.4241,-55.025
1506.4454,-56.255,1506.4454,-55.380,1506.4454,-55.003,1506.4454,-55.227,1506.4454,-55.367,1506.4454,-54.968
1506.4666,-56.168,1506.4666,-55.425,1506.4666,-54.963,1506.4666,-55.208,1506.4666,-55.358,1506.4666,-54.925
1506.4879,-56.270,1506.4879,-55.339,1506.4879,-54.913,1506.4879,-55.241,1506.4879,-55.369,1506.4879,-54.962
1506.5091,-56.222,1506.5091,-55.315,1506.5091,-55.027,1506.5091,-55.202,1506.5091,-55.415,1506.5091,-54.921
1506.5304,-56.168,1506.5304,-55.313,1506.5304,-54.963,1506.5304,-55.269,1506.5304,-55.326,1506.5304,-54.856
1506.5516,-56.090,1506.5516,-55.289,1506.5516,-54.901,1506.5516,-55.178,1506.5516,-55.358,1506.5516,-54.933
1506.5729,-56.123,1506.5729,-55.275,1506.5729,-54.962,1506.5729,-55.210,1506.5729,-55.330,1506.5729,-54.791
1506.5941,-56.151,1506.5941,-55.273,1506.5941,-54.890,1506.5941,-55.224,1506.5941,-55.367,1506.5941,-54.829
1506.6154,-56.098,1506.6154,-55.200,1506.6154,-54.943,1506.6154,-55.249,1506.6154,-55.301,1506.6154,-54.752
1506.6367,-55.966,1506.6367,-55.215,1506.6367,-54.900,1506.6367,-55.243,1506.6367,-55.346,1506.6367,-54.774
1506.6579,-56.062,1506.6579,-55.154,1506.6579,-54.802,1506.6579,-55.283,1506.6579,-55.342,1506.6579,-54.709
1506.6792,-55.942,1506.6792,-55.163,1506.6792,-54.833,1506.6792,-55.155,1506.6792,-55.335,1506.6792,-54.659
1506.7004,-55.955,1506.7004,-55.187,1506.7004,-54.843,1506.7004,-55.230,1506.7004,-55.242,1506.7004,-54.648
1506.7217,-56.013,1506.7217,-55.103,1506.7217,-54.927,1506.7217,-55.252,1506.7217,-55.294,1506.7217,-54.603
1506.7429,-55.888,1506.7429,-55.083,1506.7429,-54.791,1506.7429,-55.305,1506.7429,-55.338,1506.7429,-54.615
1506.7642,-55.956,1506.7642,-55.092,1506.7642,-54.818,1506.7642,-55.282,1506.7642,-55.339,1506.7642,-54.604
1506.7854,-55.834,1506.7854,-55.136,1506.7854,-54.916,1506.7854,-55.323,1506.7854,-55.246,1506.7854,-54.492
1506.8067,-55.897,1506.8067,-55.019,1506.8067,-54.888,1506.8067,-55.321,1506.8067,-55.321,1506.8067,-54.402
1506.8280,-55.781,1506.8280,-55.029,1506.8280,-54.856,1506.8280,-55.299,1506.8280,-55.275,1506.8280,-54.435
1506.8492,-55.797,1506.8492,-55.020,1506.8492,-54.922,1506.8492,-55.278,1506.8492,-55.265,1506.8492,-54.455
1506.8705,-55.809,1506.8705,-54.978,1506.8705,-54.845,1506.8705,-55.306,1506.8705,-55.255,1506.8705,-54.335
1506.8917,-55.754,1506.8917,-54.918,1506.8917,-54.901,1506.8917,-55.254,1506.8917,-55.283,1506.8917,-54.352
1506.9130,-55.753,1506.9130,-54.933,1506.9130,-54.820,1506.9130,-55.341,1506.9130,-55.282,1506.9130,-54.268
1506.9342,-55.753,1506.9342,-54.927,1506.9342,-54.931,1506.9342,-55.285,1506.9342,-55.262,1506.9342,-54.310
1506.9555,-55.661,1506.9555,-54.890,1506.9555,-54.867,1506.9555,-55.242,1506.9555,-55.215,1506.9555,-54.256
1506.9767,-55.645,1506.9767,-54.865,1506.9767,-54.851,1506.9767,-55.297,1506.9767,-55.219,1506.9767,-54.183
1506.9980,-55.637,1506.9980,-54.906,1506.9980,-54.815,1506.9980,-55.325,1506.9980,-55.196,1506.9980,-54.141
1507.0193,-55.568,1507.0193,-54.838,1507.0193,-54.896,1507.0193,-55.279,1507.0193,-55.129,1507.0193,-54.163
1507.0405,-55.544,1507.0405,-54.866,1507.0405,-54.866,1507.0405,-55.307,1507.0405,-55.121,1507.0405,-54.099
1507.0618,-55.585,1507.0618,-54.818,1507.0618,-54.877,1507.0618,-55.336,1507.0618,-55.125,1507.0618,-54.090
1507.0830,-55.544,1507.0830,-54.857,1507.0830,-54.798,1507.0830,-55.295,1507.0830,-55.119,1507.0830,-54.040
1507.1043,-55.552,1507.1043,-54.817,1507.1043,-54.884,1507.1043,-55.180,1507.1043,-55.091,1507.1043,-53.996
1507.1255,-55.455,1507.1255,-54.807,1507.1255,-54.876,1507.1255,-55.337,1507.1255,-55.042,1507.1255,-53.943
1507.1468,-55.529,1507.1468,-54.731,1507.1468,-54.849,1507.1468,-55.390,1507.1468,-55.085,1507.1468,-53.907
1507.1680,-55.435,1507.1680,-54.794,1507.1680,-54.862,1507.1680,-55.234,1507.1680,-55.055,1507.1680,-53.926
1507.1893,-55.437,1507.1893,-54.748,1507.1893,-54.807,1507.1893,-55.290,1507.1893,-55.003,1507.1893,-53.848
1507.2106,-55.358,1507.2106,-54.730,1507.2106,-54.826,1507.2106,-55.324,1507.2106,-54.980,1507.2106,-53.814
1507.2318,-55.381,1507.2318,-54.775,1507.2318,-54.852,1507.2318,-55.256,1507.2318,-54.987,1507.2318,-53.818
1507.2531,-55.344,1507.2531,-54.763,1507.2531,-54.854,1507.2531,-55.286,1507.2531,-55.009,1507.2531,-53.746
1507.2743,-55.296,1507.2743,-54.762,1507.2743,-54.874,1507.2743,-55.267,1507.2743,-54.946,1507.2743,-53.691
1507.2956,-55.261,1507.2956,-54.688,1507.2956,-54.815,1507.2956,-55.345,1507.2956,-54.932,1507.2956,-53.694
1507.3168,-55.216,1507.3168,-54.725,1507.3168,-54.879,1507.3168,-55.312,1507.3168,-55.024,1507.3168,-53.638
1507.3381,-55.224,1507.3381,-54.693,1507.3381,-54.807,1507.3381,-55.286,1507.3381,-54.943,1507.3381,-53.674
1507.3593,-55.226,1507.3593,-54.712,1507.3593,-54.885,1507.3593,-55.282,1507.3593,-54.876,1507.3593,-53.568
1507.3806,-55.109,1507.3806,-54.721,1507.3806,-54.900,1507.3806,-55.318,1507.3806,-54.823,1507.3806,-53.535
1507.4019,-55.132,1507.4019,-54.703,1507.4019,-54.830,1507.4019,-55.336,1507.4019,-54.799,1507.4019,-53.534
1507.4231,-55.181,1507.4231,-54.677,1507.4231,-54.872,1507.4231,-55.242,1507.4231,-54.832,1507.4231,-53.489
1507.4444,-55.054,1507.4444,-54.606,1507.4444,-54.952,1507.4444,-55.283,1507.4444,-54.771,1507.4444,-53.416
1507.4656,-55.077,1507.4656,-54.675,1507.4656,-54.863,1507.4656,-55.272,1507.4656,-54.718,1507.4656,-53.409
1507.4869,-55.053,1507.4869,-54.671,1507.4869,-54.885,1507.4869,-55.277,1507.4869,-54.761,1507.4869,-53.384
1507.5081,-54.999,1507.5081,-54.609,1507.5081,-54.845,1507.5081,-55.184,1507.5081,-54.746,1507.5081,-53.361
1507.5294,-55.050,1507.5294,-54.650,1507.5294,-54.900,1507.5294,-55.279,1507.5294,-54.688,1507.5294,-53.327
1507.5506,-54.947,1507.5506,-54.590,1507.5506,-54.932,1507.5506,-55.205,1507.5506,-54.648,1507.5506,-53.294
1507.5719,-54.952,1507.5719,-54.598,1507.5719,-54.877,1507.5719,-55.296,1507.5719,-54.613,1507.5719,-53.247
1507.5931,-54.948,1507.5931,-54.611,1507.5931,-54.988,1507.5931,-55.219,1507.5931,-54.641,1507.5931,-53.216
1507.6144,-54.952,1507.6144,-54.592,1507.6144,-54.914,1507.6144,-55.227,1507.6144,-54.612,1507.6144,-53.180
1507.6357,-54.921,1507.6357,-54.607,1507.6357,-54.884,1507.6357,-55.231,1507.6357,-54.580,1507.6357,-53.194
1507.6569,-54.844,1507.6569,-54.634,1507.6569,-54.968,1507.6569,-55.205,1507.6569,-54.531,1507.6569,-53.100
1507.6782,-54.884,1507.6782,-54.573,1507.6782,-54.917,1507.6782,-55.134,1507.6782,-54.454,1507.6782,-53.103
1507.6994,-54.836,1507.6994,-54.574,1507.6994,-54.951,1507.6994,-55.215,1507.6994,-54.509,1507.6994,-53.053
1507.7207,-54.837,1507.7207,-54.596,1507.7207,-54.897,1507.7207,-55.132,1507.7207,-54.464,1507.7207,-53.069
1507.7419,-54.840,1507.7419,-54.588,1507.7419,-54.886,1507.7419,-55.133,1507.7419,-54.375,1507.7419,-52.996
1507.7632,-54.728,1507.7632,-54.639,1507.7632,-54.950,1507.7632,-55.144,1507.7632,-54.303,1507.7632,-52.979
1507.7844,-54.756,1507.7844,-54.550,1507.7844,-54.931,1507.7844,-55.126,1507.7844,-54.355,1507.7844,-52.898
1507.8057,-54.773,1507.8057,-54.591,1507.8057,-54.916,1507.8057,-55.155,1507.8057,-54.344,1507.8057,-52.911
1507.8270,-54.737,1507.8270,-54.622,1507.8270,-54.948,1507.8270,-55.156,1507.8270,-54.328,1507.8270,-52.885
1507.8482,-54.651,1507.8482,-54.559,1507.8482,-54.961,1507.8482,-55.080,1507.8482,-54.247,1507.8482,-52.841
1507.8695,-54.659,1507.8695,-54.592,1507.8695,-54.977,1507.8695,-55.177,1507.8695,-54.267,1507.8695,-52.831
1507.8907,-54.587,1507.8907,-54.524,1507.8907,-54.891,1507.8907,-55.087,1507.8907,-54.245,1507.8907,-52.795
1507.9120,-54.689,1507.9120,-54.648,1507.9120,-54.969,1507.9120,-55.066,1507.9120,-54.170,1507.9120,-52.764
1507.9332,-54.626,1507.9332,-54.518,1507.9332,-54.950,1507.9332,-55.081,1507.9332,-54.171,1507.9332,-52.677
1507.9545,-54.542,1507.9545,-54.651,1507.9545,-54.929,1507.9545,-55.057,1507.9545,-54.134,1507.9545,-52.704
1507.9757,-54.536,1507.9757,-54.606,1507.9757,-54.979,1507.9757,-54.995,1507.9757,-54.114,1507.9757,-52.625
1507.9970,-54.563,1507.9970,-54.629,1507.9970,-54.902,1507.9970,-55.013,1507.9970,-54.056,1507.9970,-52.616
1508.0183,-54.548,1508.0183,-54.568,1508.0183,-55.019,1508.0183,-54.982,1508.0183,-54.024,1508.0183,-52.548
1508.0395,-54.474,1508.0395,-54.574,1508.0395,-54.940,1508.0395,-55.031,1508.0395,-54.025,1508.0395,-52.549
1508.0608,-54.549,1508.0608,-54.635,1508.0608,-54.924,1508.0608,-54.910,1508.0608,-54.018,1508.0608,-52.568
1508.0820,-54.466,1508.0820,-54.572,1508.0820,-54.950,1508.0820,-54.909,1508.0820,-53.921,1508.0820,-52.491
1508.1033,-54.484,1508.1033,-54.509,1508.1033,-54.983,1508.1033,-54.929,1508.1033,-53.910,1508.1033,-52.464
1508.1245,-54.477,1508.1245,-54.582,1508.1245,-54.893,1508.1245,-54.955,1508.1245,-53.886,1508.1245,-52.467
1508.1458,-54.441,1508.1458,-54.656,1508.1458,-54.988,1508.1458,-54.907,1508.1458,-53.839,1508.1458,-52.408
1508.1670,-54.473,1508.1670,-54.523,1508.1670,-54.973,1508.1670,-54.861,1508.1670,-53.763,1508.1670,-52.364
1508.1883,-54.409,1508.1883,-54.583,1508.1883,-54.942,1508.1883,-54.787,1508.1883,-53.762,1508.1883,-52.368
1508.2096,-54.391,1508.2096,-54.611,1508.2096,-54.942,1508.2096,-54.785,1508.2096,-53.729,1508.2096,-52.325
1508.2308,-54.424,1508.2308,-54.560,1508.2308,-54.972,1508.2308,-54.739,1508.2308,-53.679,1508.2308,-52.331
1508.2521,-54.363,1508.2521,-54.584,1508.2521,-54.924,1508.2521,-54.746,1508.2521,-53.630,1508.2521,-52.262
1508.2733,-54.404,1508.2733,-54.565,1508.2733,-54.936,1508.2733,-54.758,1508.2733,-53.589,1508.2733,-52.248
1508.2946,-54.411,1508.2946,-54.618,1508.2946,-54.894,1508.2946,-54.690,1508.2946,-53.600,1508.2946,-52.226
1508.3158,-54.375,1508.3158,-54.635,1508.3158,-54.876,1508.3158,-54.703,1508.3158,-53.580,1508.3158,-52.219
1508.3371,-54.376,1508.3371,-54.595,1508.3371,-54.933,1508.3371,-54.642,1508.3371,-53.519,1508.3371,-52.147
1508.3583,-54.333,1508.3583,-54.631,1508.3583,-54.924,1508.3583,-54.635,1508.3583,-53.463,1508.3583,-52.140
1508.3796,-54.389,1508.3796,-54.716,1508.3796,-54.850,1508.3796,-54.613,1508.3796,-53.505,1508.3796,-52.156
1508.4009,-54.354,1508.4009,-54.615,1508.4009,-54.860,1508.4009,-54.631,1508.4009,-53.402,1508.4009,-52.092
1508.4221,-54.344,1508.4221,-54.604,1508.4221,-54.958,1508.4221,-54.510,1508.4221,-53.384,1508.4221,-52.067
1508.4434,-54.295,1508.4434,-54.623,1508.4434,-54.895,1508.4434,-54.556,1508.4434,-53.344,1508.4434,-52.036
1508.4646,-54.254,1508.4646,-54.635,1508.4646,-54.831,1508.4646,-54.461,1508.4646,-53.277,1508.4646,-51.998
1508.4859,-54.317,1508.4859,-54.713,1508.4859,-54.808,1508.4859,-54.494,1508.4859,-53.264,1508.4859,-51.990
1508.5071,-54.254,1508.5071,-54.579,1508.5071,-54.874,1508.5071,-54.441,1508.5071,-53.251,1508.5071,-51.961
1508.5284,-54.260,1508.5284,-54.659,1508.5284,-54.802,1508.5284,-54.439,1508.5284,-53.226,1508.5284,-51.944
1508.5496,-54.279,1508.5496,-54.637,1508.5496,-54.903,1508.5496,-54.396,1508.5496,-53.163,1508.5496,-51.891
1508.5709,-54.203,1508.5709,-54.587,1508.5709,-54.818,1508.5709,-54.380,1508.5709,-53.112,1508.5709,-51.868
1508.5921,-54.286,1508.5921,-54.601,1508.5921,-54.829,1508.5921,-54.366,1508.5921,-53.083,1508.5921,-51.858
1508.6134,-54.235,1508.6134,-54.659,1508.6134,-54.817,1508.6134,-54.315,1508.6134,-53.027,1508.6134,-51.850
1508.6347,-54.244,1508.6347,-54.687,1508.6347,-54.790,1508.6347,-54.320,1508.6347,-53.061,1508.6347,-51.856
1508.6559,-54.290,1508.6559,-54.650,1508.6559,-54.884,1508.6559,-54.311,1508.6559,-53.008,1508.6559,-51.757
1508.6772,-54.279,1508.6772,-54.625,1508.6772,-54.774,1508.6772,-54.188,1508.6772,-52.954,1508.6772,-51.804
1508.6984,-54.213,1508.6984,-54.649,1508.6984,-54.729,1508.6984,-54.253,1508.6984,-52.937,1508.6984,-51.751
1508.7197,-54.333,1508.7197,-54.641,1508.7197,-54.783,1508.7197,-54.174,1508.7197,-52.886,1508.7197,-51.750
1508.7409,-54.215,1508.7409,-54.593,1508.7409,-54.774,1508.7409,-54.117,1508.7409,-52.824,1508.7409,-51.722
1508.7622,-54.224,1508.7622,-54.649,1508.7622,-54.775,1508.7622,-54.100,1508.7622,-52.795,1508.7622,-51.683
1508.7834,-54.203,1508.7834,-54.650,1508.7834,-54.738,1508.7834,-54.068,1508.7834,-52.775,1508.7834,-51.705
1508.8047,-54.236,1508.8047,-54.681,1508.8047,-54.626,1508.8047,-54.036,1508.8047,-52.726,1508.8047,-51.631
1508.8260,-54.232,1508.8260,-54.598,1508.8260,-54.697,1508.8260,-54.012,1508.8260,-52.718,1508.8260,-51.646
1508.8472,-54.269,1508.8472,-54.639,1508.8472,-54.654,1508.8472,-53.978,1508.8472,-52.633,1508.8472,-51.615
1508.8685,-54.209,1508.8685,-54.694,1508.8685,-54.672,1508.8685,-53.949,1508.8685,-52.635,1508.8685,-51.576
1508.8897,-54.282,1508.8897,-54.600,1508.8897,-54.590,1508.8897,-53.857,1508.8897,-52.615,1508.8897,-51.587
1508.9110,-54.188,1508.9110,-54.609,1508.9110,-54.619,1508.9110,-53.882,1508.9110,-52.562,1508.9110,-51.557
1508.9322,-54.243,1508.9322,-54.661,1508.9322,-54.619,1508.9322,-53.866,1508.9322,-52.529,1508.9322,-51.542
1508.9535,-54.217,1508.9535,-54.679,1508.9535,-54.535,1508.9535,-53.813,1508.9535,-52.467,1508.9535,-51.548
1508.9747,-54.265,1508.9747,-54.625,1508.9747,-54.578,1508.9747,-53.818,1508.9747,-52.439,1508.9747,-51.498
1508.9960,-54.167,1508.9960,-54.633,1508.9960,-54.545,1508.9960,-53.739,1508.9960,-52.422,1508.9960,-51.521
1509.0173,-54.193,1509.0173,-54.708,1509.0173,-54.488,1509.0173,-53.694,1509.0173,-52.412,1509.0173,-51.476
1509.0385,-54.241,1509.0385,-54.643,1509.0385,-54.518,1509.0385,-53.706,1509.0385,-52.341,1509.0385,-51.459
1509.0598,-54.185,1509.0598,-54.603,1509.0598,-54.463,1509.0598,-53.624,1509.0598,-52.350,1509.0598,-51.440
1509.0810,-54.216,1509.0810,-54.612,1509.0810,-54.494,1509.0810,-53.587,1509.0810,-52.270,1509.0810,-51.393
1509.1023,-54.156,1509.1023,-54.626,1509.1023,-54.383,1509.1023,-53.564,1509.1023,-52.281,1509.1023,-51.411
1509.1235,-54.224,1509.1235,-54.616,1509.1235,-54.395,1509.1235,-53.548,1509.1235,-52.263,1509.1235,-51.386
1509.1448,-54.266,1509.1448,-54.614,1509.1448,-54.396,1509.1448,-53.483,1509.1448,-52.172,1509.1448,-51.360
1509.1660,-54.203,1509.1660,-54.543,1509.1660,-54.401,1509.1660,-53.484,1509.1660,-52.158,1509.1660,-51.346
1509.1873,-54.290,1509.1873,-54.598,1509.1873,-54.308,1509.1873,-53.435,1509.1873,-52.133,1509.1873,-51.349
1509.2086,-54.217,1509.2086,-54.589,1509.2086,-54.348,1509.2086,-53.445,1509.2086,-52.074,1509.2086,-51.323
1509.2298,-54.269,1509.2298,-54.532,1509.2298,-54.312,1509.2298,-53.304,1509.2298,-52.035,1509.2298,-51.327
1509.2511,-54.200,1509.2511,-54.585,1509.2511,-54.295,1509.2511,-53.346,1509.2511,-52.009,1509.2511,-51.284
1509.2723,-54.231,1509.2723,-54.583,1509.2723,-54.243,1509.2723,-53.262,1509.2723,-51.993,1509.2723,-51.287
1509.2936,-54.239,1509.2936,-54.503,1509.2936,-54.243,1509.2936,-53.203,1509.2936,-51.947,1509.2936,-51.282
1509.3148,-54.247,1509.3148,-54.551,1509.3148,-54.240,1509.3148,-53.198,1509.3148,-51.892,1509.3148,-51.278
1509.3361,-54.193,1509.3361,-54.555,1509.3361,-54.190,1509.3361,-53.142,1509.3361,-51.884,1509.3361,-51.207
1509.3573,-54.276,1509.3573,-54.538,1509.3573,-54.121,1509.3573,-53.150,1509.3573,-51.842,1509.3573,-51.224
1509.3786,-54.264,1509.3786,-54.495,1509.3786,-54.122,1509.3786,-53.101,1509.3786,-51.803,1509.3786,-51.227
1509.3998,-54.233,1509.3998,-54.490,1509.3998,-54.120,1509.3998,-53.037,1509.3998,-51.758,1509.3998,-51.209
1509.4211,-54.239,1509.4211,-54.471,1509.4211,-54.054,1509.4211,-52.994,1509.4211,-51.741,1509.4211,-51.179
1509.4424,-54.323,1509.4424,-54.536,1509.4424,-54.022,1509.4424,-52.972,1509.4424,-51.733,1509.4424,-51.192
1509.4636,-54.261,1509.4636,-54.496,1509.4636,-54.006,1509.4636,-52.909,1509.4636,-51.673,1509.4636,-51.168
1509.4849,-54.264,1509.4849,-54.463,1509.4849,-53.969,1509.4849,-52.917,1509.4849,-51.663,1509.4849,-51.139
1509.5061,-54.287,1509.5061,-54.505,1509.5061,-53.947,1509.5061,-52.863,1509.5061,-51.637,1509.5061,-51.161
1509.5274,-54.199,1509.5274,-54.477,1509.5274,-53.897,1509.5274,-52.844,1509.5274,-51.606,1509.5274,-51.116
1509.5486,-54.314,1509.5486,-54.400,1509.5486,-53.888,1509.5486,-52.810,1509.5486,-51.552,1509.5486,-51.135
1509.5699,-54.230,1509.5699,-54.339,1509.5699,-53.859,1509.5699,-52.710,1509.5699,-51.518,1509.5699,-51.114
1509.5911,-54.203,1509.5911,-54.432,1509.5911,-53.834,1509.5911,-52.717,1509.5911,-51.531,1509.5911,-51.108
1509.6124,-54.252,1509.6124,-54.358,1509.6124,-53.810,1509.6124,-52.710,1509.6124,-51.471,1509.6124,-51.113
1509.6337,-54.220,1509.6337,-54.351,1509.6337,-53.796,1509.6337,-52.636,1509.6337,-51.480,1509.6337,-51.084
1509.6549,-54.218,1509.6549,-54.331,1509.6549,-53.717,1509.6549,-52.623,1509.6549,-51.418,1509.6549,-51.039
1509.6762,-54.247,1509.6762,-54.314,1509.6762,-53.690,1509.6762,-52.566,1509.6762,-51.423,1509.6762,-51.071
1509.6974,-54.248,1509.6974,-54.292,1509.6974,-53.670,1509.6974,-52.552,1509.6974,-51.371,1509.6974,-51.056
1509.7187,-54.323,1509.7187,-54.286,1509.7187,-53.631,1509.7187,-52.494,1509.7187,-51.325,1509.7187,-51.030
1509.7399,-54.244,1509.7399,-54.244,1509.7399,-53.624,1509.7399,-52.453,1509.7399,-51.335,1509.7399,-51.046
1509.7612,-54.244,1509.7612,-54.293,1509.7612,-53.583,1509.7612,-52.438,1509.7612,-51.294,1509.7612,-51.025
1509.7824,-54.288,1509.7824,-54.270,1509.7824,-53.526,1509.7824,-52.385,1509.7824,-51.274,1509.7824,-51.037
1509.8037,-54.240,1509.8037,-54.199,1509.8037,-53.516,1509.8037,-52.373,1509.8037,-51.232,1509.8037,-51.015
1509.8250,-54.282,1509.8250,-54.203,1509.8250,-53.483,1509.8250,-52.338,1509.8250,-51.249,1509.8250,-51.009
1509.8462,-54.267,1509.8462,-54.202,1509.8462,-53.436,1509.8462,-52.324,1509.8462,-51.191,1509.8462,-51.003
1509.8675,-54.260,1509.8675,-54.161,1509.8675,-53.406,1509.8675,-52.194,1509.8675,-51.159,1509.8675,-51.002
1509.8887,-54.291,1509.8887,-54.119,1509.8887,-53.327,1509.8887,-52.190,1509.8887,-51.116,1509.8887,-51.005
1509.9100,-54.250,1509.9100,-54.103,1509.9100,-53.330,1509.9100,-52.131,1509.9100,-51.113,1509.9100,-50.986
1509.9312,-54.227,1509.9312,-54.118,1509.9312,-53.248,1509.9312,-52.144,1509.9312,-51.076,1509.9312,-51.007
1509.9525,-54.239,1509.9525,-54.061,1509.9525,-53.272,1509.9525,-52.076,1509.9525,-51.041,1509.9525,-50.984
1509.9737,-54.262,1509.9737,-54.025,1509.9737,-53.201,1509.9737,-52.020,1509.9737,-51.025,1509.9737,-50.972
1509.9950,-54.227,1509.9950,-54.051,1509.9950,-53.187,1509.9950,-52.021,1509.9950,-51.020,1509.9950,-50.958
1510.0163,-54.204,1510.0163,-54.013,1510.0163,-53.100,1510.0163,-51.963,1510.0163,-50.956,1510.0163,-50.978
1510.0375,-54.262,1510.0375,-53.969,1510.0375,-53.135,1510.0375,-51.905,1510.0375,-50.967,1510.0375,-50.943
1510.0588,-54.236,1510.0588,-53.941,1510.0588,-53.072,1510.0588,-51.878,1510.0588,-50.931,1510.0588,-50.970
1510.0800,-54.202,1510.0800,-53.914,1510.0800,-53.006,1510.0800,-51.897,1510.0800,-50.899,1510.0800,-50.960
1510.1013,-54.218,1510.1013,-53.884,1510.1013,-52.966,1510.1013,-51.793,1510.1013,-50.889,1510.1013,-50.975
1510.1225,-54.195,1510.1225,-53.872,1510.1225,-52.916,1510.1225,-51.789,1510.1225,-50.864,1510.1225,-50.933
1510.1438,-54.225,1510.1438,-53.872,1510.1438,-52.909,1510.1438,-51.772,1510.1438,-50.857,1510.1438,-50.922
1510.1650,-54.197,1510.1650,-53.838,1510.1650,-52.864,1510.1650,-51.725,1510.1650,-50.849,1510.1650,-50.940
1510.1863,-54.191,1510.1863,-53.795,1510.1863,-52.807,1510.1863,-51.706,1510.1863,-50.803,1510.1863,-50.970
1510.2076,-54.175,1510.2076,-53.730,1510.2076,-52.808,1510.2076,-51.660,1510.2076,-50.787,1510.2076,-50.926
1510.2288,-54.156,1510.2288,-53.728,1510.2288,-52.744,1510.2288,-51.620,1510.2288,-50.751,1510.2288,-50.940
1510.2501,-54.139,1510.2501,-53.718,1510.2501,-52.718,1510.2501,-51.594,1510.2501,-50.745,1510.2501,-50.904
1510.2713,-54.168,1510.2713,-53.695,1510.2713,-52.675,1510.2713,-51.547,1510.2713,-50.726,1510.2713,-50.941
1510.2926,-54.162,1510.2926,-53.654,1510.2926,-52.639,1510.2926,-51.512,1510.2926,-50.709,1510.2926,-50.922
1510.3138,-54.078,1510.3138,-53.618,1510.3138,-52.607,1510.3138,-51.505,1510.3138,-50.675,1510.3138,-50.921
1510.3351,-54.164,1510.3351,-53.595,1510.3351,-52.552,1510.3351,-51.469,1510.3351,-50.648,1510.3351,-50.923
1510.3563,-54.124,1510.3563,-53.502,1510.3563,-52.507,1510.3563,-51.437,1510.3563,-50.652,1510.3563,-50.938
1510.3776,-54.087,1510.3776,-53.529,1510.3776,-52.514,1510.3776,-51.385,1510.3776,-50.629,1510.3776,-50.918
1510.3988,-54.051,1510.3988,-53.473,1510.3988,-52.491,1510.3988,-51.354,1510.3988,-50.601,1510.3988,-50.947
1510.4201,-54.094,1510.4201,-53.439,1510.4201,-52.409,1510.4201,-51.328,1510.4201,-50.581,1510.4201,-50.957
1510.4414,-54.086,1510.4414,-53.418,1510.4414,-52.365,1510.4414,-51.262,1510.4414,-50.564,1510.4414,-50.957
1510.4626,-54.071,1510.4626,-53.387,1510.4626,-52.347,1510.4626,-51.279,1510.4626,-50.534,1510.4626,-50.920
1510.4839,-54.043,1510.4839,-53.355,1510.4839,-52.320,1510.4839,-51.213,1510.4839,-50.536,1510.4839,-50.943
1510.5051,-54.044,1510.5051,-53.342,1510.5051,-52.277,1510.5051,-51.212,1510.5051,-50.524,1510.5051,-50.977
1510.5264,-54.041,1510.5264,-53.275,1510.5264,-52.216,1510.5264,-51.171,1510.5264,-50.512,1510.5264,-50.951
1510.5476,-54.018,1510.5476,-53.231,1510.5476,-52.174,1510.5476,-51.109,1510.5476,-50.445,1510.5476,-50.945
1510.5689,-54.003,1510.5689,-53.261,1510.5689,-52.145,1510.5689,-51.091,1510.5689,-50.480,1510.5689,-50.965
1510.5901,-54.017,1510.5901,-53.220,1510.5901,-52.140,1510.5901,-51.057,1510.5901,-50.452,1510.5901,-50.968
1510.6114,-53.985,1510.6114,-53.149,1510.6114,-52.039,1510.6114,-51.055,1510.6114,-50.436,1510.6114,-50.944
1510.6327,-53.899,1510.6327,-53.119,1510.6327,-52.037,1510.6327,-51.013,1510.6327,-50.418,1510.6327,-50.952
1510.6539,-53.902,1510.6539,-53.109,1510.6539,-51.959,1510.6539,-50.996,1510.6539,-50.403,1510.6539,-50.994
1510.6752,-53.873,1510.6752,-53.032,1510.6752,-51.922,1510.6752,-50.947,1510.6752,-50.416,1510.6752,-50.970
1510.6964,-53.874,1510.6964,-52.956,1510.6964,-51.901,1510.6964,-50.899,1510.6964,-50.361,1510.6964,-50.987
1510.7177,-53.863,1510.7177,-52.964,1510.7177,-51.843,1510.7177,-50.893,1510.7177,-50.376,1510.7177,-50.970
1510.7389,-53.836,1510.7389,-52.943,1510.7389,-51.835,1510.7389,-50.874,1510.7389,-50.358,1510.7389,-51.010
1510.7602,-53.802,1510.7602,-52.885,1510.7602,-51.782,1510.7602,-50.834,1510.7602,-50.343,1510.7602,-51.008
1510.7814,-53.792,1510.7814,-52.840,1510.7814,-51.761,1510.7814,-50.803,1510.7814,-50.317,1510.7814,-50.967
1510.8027,-53.783,1510.8027,-52.823,1510.8027,-51.706,1510.8027,-50.763,1510.8027,-50.312,1510.8027,-50.998
1510.8240,-53.671,1510.8240,-52.787,1510.8240,-51.679,1510.8240,-50.760,1510.8240,-50.289,1510.8240,-50.999
1510.8452,-53.782,1510.8452,-52.734,1510.8452,-51.623,1510.8452,-50.710,1510.8452,-50.275,1510.8452,-50.989
1510.8665,-53.665,1510.8665,-52.704,1510.8665,-51.578,1510.8665,-50.675,1510.8665,-50.239,1510.8665,-51.028
1510.8877,-53.662,1510.8877,-52.674,1510.8877,-51.546,1510.8877,-50.666,1510.8877,-50.235,1510.8877,-51.002
1510.9090,-53.683,1510.9090,-52.627,1510.9090,-51.515,1510.9090,-50.650,1510.9090,-50.241,1510.9090,-51.033
1510.9302,-53.671,1510.9302,-52.553,1510.9302,-51.468,1510.9302,-50.598,1510.9302,-50.217,1510.9302,-51.026
1510.9515,-53.642,1510.9515,-52.540,1510.9515,-51.469,1510.9515,-50.569,1510.9515,-50.212,1510.9515,-51.048
1510.9727,-53.548,1510.9727,-52.516,1510.9727,-51.416,1510.9727,-50.556,1510.9727,-50.209,1510.9727,-51.052
1510.9940,-53.601,1510.9940,-52.448,1510.9940,-51.340,1510.9940,-50.543,1510.9940,-50.175,1510.9940,-51.053
1511.0153,-53.558,1511.0153,-52.390,1511.0153,-51.346,1511.0153,-50.506,1511.0153,-50.187,1511.0153,-51.052
1511.0365,-53.533,1511.0365,-52.418,1511.0365,-51.267,1511.0365,-50.481,1511.0365,-50.172,1511.0365,-51.073
1511.0578,-53.503,1511.0578,-52.351,1511.0578,-51.266,1511.0578,-50.464,1511.0578,-50.153,1511.0578,-51.084
1511.0790,-53.442,1511.0790,-52.270,1511.0790,-51.181,1511.0790,-50.415,1511.0790,-50.142,1511.0790,-51.091
1511.1003,-53.464,1511.1003,-52.268,1511.1003,-51.170,1511.1003,-50.387,1511.1003,-50.123,1511.1003,-51.087
1511.1215,-53.380,1511.1215,-52.218,1511.1215,-51.135,1511.1215,-50.386,1511.1215,-50.137,1511.1215,-51.107
1511.1428,-53.371,1511.1428,-52.236,1511.1428,-51.120,1511.1428,-50.365,1511.1428,-50.115,1511.1428,-51.116
1511.1640,-53.359,1511.1640,-52.147,1511.1640,-51.040,1511.1640,-50.346,1511.1640,-50.129,1511.1640,-51.110
1511.1853,-53.298,1511.1853,-52.086,1511.1853,-51.014,1511.1853,-50.311,1511.1853,-50.089,1511.1853,-51.118
1511.2066,-53.285,1511.2066,-52.081,1511.2066,-50.952,1511.2066,-50.295,1511.2066,-50.102,1511.2066,-51.149
1511.2278,-53.254,1511.2278,-52.016,1511.2278,-50.929,1511.2278,-50.263,1511.2278,-50.099,1511.2278,-51.156
1511.2491,-53.198,1511.2491,-51.991,1511.2491,-50.863,1511.2491,-50.244,1511.2491,-50.076,1511.2491,-51.164
1511.2703,-53.210,1511.2703,-51.952,1511.2703,-50.872,1511.2703,-50.226,1511.2703,-50.054,1511.2703,-51.144
1511.2916,-53.163,1511.2916,-51.901,1511.2916,-50.820,1511.2916,-50.194,1511.2916,-50.081,1511.2916,-51.154
1511.3128,-53.143,1511.3128,-51.875,1511.3128,-50.784,1511.3128,-50.203,1511.3128,-50.064,1511.3128,-51.190
1511.3341,-53.109,1511.3341,-51.834,1511.3341,-50.763,1511.3341,-50.164,1511.3341,-50.066,1511.3341,-51.164
1511.3553,-53.068,1511.3553,-51.765,1511.3553,-50.731,1511.3553,-50.133,1511.3553,-50.033,1511.3553,-51.180
1511.3766,-53.026,1511.3766,-51.745,1511.3766,-50.718,1511.3766,-50.113,1511.3766,-50.038,1511.3766,-51.218
1511.3978,-53.013,1511.3978,-51.711,1511.3978,-50.619,1511.3978,-50.108,1511.3978,-50.041,1511.3978,-51.212
1511.4191,-52.991,1511.4191,-51.658,1511.4191,-50.608,1511.4191,-50.070,1511.4191,-50.027,1511.4191,-51.223
1511.4404,-52.947,1511.4404,-51.620,1511.4404,-50.616,1511.4404,-50.075,1511.4404,-50.037,1511.4404,-51.234
1511.4616,-52.864,1511.4616,-51.583,1511.4616,-50.560,1511.4616,-50.042,1511.4616,-50.034,1511.4616,-51.284
1511.4829,-52.885,1511.4829,-51.526,1511.4829,-50.517,1511.4829,-50.034,1511.4829,-50.033,1511.4829,-51.273
1511.5041,-52.844,1511.5041,-51.508,1511.5041,-50.488,1511.5041,-49.980,1511.5041,-50.010,1511.5041,-51.258
1511.5254,-52.798,1511.5254,-51.444,1511.5254,-50.465,1511.5254,-50.006,1511.5254,-50.024,1511.5254,-51.284
1511.5466,-52.743,1511.5466,-51.414,1511.5466,-50.414,1511.5466,-49.982,1511.5466,-50.032,1511.5466,-51.308
1511.5679,-52.723,1511.5679,-51.368,1511.5679,-50.408,1511.5679,-49.984,1511.5679,-50.001,1511.5679,-51.323
1511.5891,-52.693,1511.5891,-51.323,1511.5891,-50.368,1511.5891,-49.946,1511.5891,-50.000,1511.5891,-51.314
1511.6104,-52.654,1511.6104,-51.293,1511.6104,-50.356,1511.6104,-49.912,1511.6104,-50.002,1511.6104,-51.337
1511.6317,-52.614,1511.6317,-51.275,1511.6317,-50.285,1511.6317,-49.915,1511.6317,-49.987,1511.6317,-51.358
1511.6529,-52.564,1511.6529,-51.211,1511.6529,-50.272,1511.6529,-49.868,1511.6529,-49.999,1511.6529,-51.383
1511.6742,-52.558,1511.6742,-51.166,1511.6742,-50.238,1511.6742,-49.888,1511.6742,-49.957,1511.6742,-51.362
1511.6954,-52.468,1511.6954,-51.146,1511.6954,-50.211,1511.6954,-49.862,1511.6954,-50.010,1511.6954,-51.388
1511.7167,-52.499,1511.7167,-51.091,1511.7167,-50.207,1511.7167,-49.855,1511.7167,-49.986,1511.7167,-51.401
1511.7379,-52.425,1511.7379,-51.060,1511.7379,-50.147,1511.7379,-49.843,1511.7379,-49.986,1511.7379,-51.425
1511.7592,-52.388,1511.7592,-51.015,1511.7592,-50.121,1511.7592,-49.805,1511.7592,-49.978,1511.7592,-51.429
1511.7804,-52.345,1511.7804,-50.996,1511.7804,-50.090,1511.7804,-49.811,1511.7804,-49.995,1511.7804,-51.416
1511.8017,-52.295,1511.8017,-50.950,1511.8017,-50.066,1511.8017,-49.799,1511.8017,-49.992,1511.8017,-51.459
1511.8230,-52.255,1511.8230,-50.906,1511.8230,-50.043,1511.8230,-49.775,1511.8230,-50.010,1511.8230,-51.448
1511.8442,-52.218,1511.8442,-50.848,1511.8442,-50.015,1511.8442,-49.770,1511.8442,-49.986,1511.8442,-51.469
1511.8655,-52.158,1511.8655,-50.828,1511.8655,-49.979,1511.8655,-49.760,1511.8655,-49.995,1511.8655,-51.489
1511.8867,-52.131,1511.8867,-50.819,1511.8867,-49.956,1511.8867,-49.748,1511.8867,-50.005,1511.8867,-51.470
1511.9080,-52.117,1511.9080,-50.769,1511.9080,-49.933,1511.9080,-49.720,1511.9080,-50.007,1511.9080,-51.531
1511.9292,-52.058,1511.9292,-50.711,1511.9292,-49.905,1511.9292,-49.707,1511.9292,-50.003,1511.9292,-51.489
1511.9505,-51.981,1511.9505,-50.696,1511.9505,-49.876,1511.9505,-49.724,1511.9505,-50.007,1511.9505,-51.547
1511.9717,-51.964,1511.9717,-50.641,1511.9717,-49.847,1511.9717,-49.709,1511.9717,-50.016,1511.9717,-51.567
1511.9930,-51.940,1511.9930,-50.613,1511.9930,-49.830,1511.9930,-49.670,1511.9930,-50.012,1511.9930,-51.545
1512.0143,-51.899,1512.0143,-50.546,1512.0143,-49.819,1512.0143,-49.705,1512.0143,-49.989,1512.0143,-51.567
1512.0355,-51.837,1512.0355,-50.519,1512.0355,-49.757,1512.0355,-49.662,1512.0355,-50.020,1512.0355,-51.546
1512.0568,-51.850,1512.0568,-50.496,1512.0568,-49.750,1512.0568,-49.652,1512.0568,-50.001,1512.0568,-51.597
1512.0780,-51.776,1512.0780,-50.437,1512.0780,-49.743,1512.0780,-49.639,1512.0780,-50.012,1512.0780,-51.625
1512.0993,-51.716,1512.0993,-50.412,1512.0993,-49.714,1512.0993,-49.622,1512.0993,-50.026,1512.0993,-51.574
1512.1205,-51.703,1512.1205,-50.366,1512.1205,-49.673,1512.1205,-49.629,1512.1205,-50.018,1512.1205,-51.641
1512.1418,-51.642,1512.1418,-50.333,1512.1418,-49.646,1512.1418,-49.615,1512.1418,-50.006,1512.1418,-51.636
1512.1630,-51.605,1512.1630,-50.313,1512.1630,-49.622,1512.1630,-49.601,1512.1630,-50.015,1512.1630,-51.612
1512.1843,-51.540,1512.1843,-50.265,1512.1843,-49.611,1512.1843,-49.587,1512.1843,-50.025,1512.1843,-51.670
1512.2056,-51.526,1512.2056,-50.216,1512.2056,-49.579,1512.2056,-49.584,1512.2056,-50.023,1512.2056,-51.680
1512.2268,-51.503,1512.2268,-50.195,1512.2268,-49.551,1512.2268,-49.563,1512.2268,-50.031,1512.2268,-51.652
1512.2481,-51.457,1512.2481,-50.169,1512.2481,-49.519,1512.2481,-49.566,1512.2481,-50.005,1512.2481,-51.680
1512.2693,-51.379,1512.2693,-50.115,1512.2693,-49.520,1512.2693,-49.568,1512.2693,-50.029,1512.2693,-51.722
1512.2906,-51.372,1512.2906,-50.089,1512.2906,-49.494,1512.2906,-49.557,1512.2906,-50.030,1512.2906,-51.717
1512.3118,-51.296,1512.3118,-50.058,1512.3118,-49.454,1512.3118,-49.543,1512.3118,-50.036,1512.3118,-51.709
1512.3331,-51.295,1512.3331,-50.028,1512.3331,-49.429,1512.3331,-49.532,1512.3331,-50.050,1512.3331,-51.706
1512.3543,-51.226,1512.3543,-50.006,1512.3543,-49.419,1512.3543,-49.535,1512.3543,-50.044,1512.3543,-51.727
1512.3756,-51.198,1512.3756,-49.958,1512.3756,-49.400,1512.3756,-49.523,1512.3756,-50.081,1512.3756,-51.753
1512.3968,-51.157,1512.3968,-49.911,1512.3968,-49.416,1512.3968,-49.507,1512.3968,-50.061,1512.3968,-51.785
1512.4181,-51.113,1512.4181,-49.889,1512.4181,-49.362,1512.4181,-49.523,1512.4181,-50.084,1512.4181,-51.781
1512.4394,-51.039,1512.4394,-49.859,1512.4394,-49.334,1512.4394,-49.508,1512.4394,-50.082,1512.4394,-51.764
1512.4606,-51.008,1512.4606,-49.830,1512.4606,-49.321,1512.4606,-49.503,1512.4606,-50.083,1512.4606,-51.788
1512.4819,-50.962,1512.4819,-49.777,1512.4819,-49.289,1512.4819,-49.491,1512.4819,-50.100,1512.4819,-51.803
1512.5031,-50.891,1512.5031,-49.777,1512.5031,-49.286,1512.5031,-49.486,1512.5031,-50.106,1512.5031,-51.779
1512.5244,-50.869,1512.5244,-49.729,1512.5244,-49.271,1512.5244,-49.490,1512.5244,-50.118,1512.5244,-51.793
1512.5456,-50.860,1512.5456,-49.694,1512.5456,-49.244,1512.5456,-49.475,1512.5456,-50.116,1512.5456,-51.805
1512.5669,-50.787,1512.5669,-49.645,1512.5669,-49.231,1512.5669,-49.486,1512.5669,-50.123,1512.5669,-51.813
1512.5881,-50.744,1512.5881,-49.639,1512.5881,-49.228,1512.5881,-49.478,1512.5881,-50.116,1512.5881,-51.813
1512.6094,-50.742,1512.6094,-49.609,1512.6094,-49.186,1512.6094,-49.470,1512.6094,-50.159,1512.6094,-51.849
1512.6307,-50.645,1512.6307,-49.567,1512.6307,-49.174,1512.6307,-49.469,1512.6307,-50.143,1512.6307,-51.865
1512.6519,-50.641,1512.6519,-49.518,1512.6519,-49.173,1512.6519,-49.472,1512.6519,-50.148,1512.6519,-51.831
1512.6732,-50.593,1512.6732,-49.517,1512.6732,-49.147,1512.6732,-49.454,1512.6732,-50.160,1512.6732,-51.877
1512.6944,-50.542,1512.6944,-49.494,1512.6944,-49.118,1512.6944,-49.460,1512.6944,-50.195,1512.6944,-51.858
1512.7157,-50.524,1512.7157,-49.445,1512.7157,-49.117,1512.7157,-49.482,1512.7157,-50.172,1512.7157,-51.879
1512.7369,-50.459,1512.7369,-49.421,1512.7369,-49.121,1512.7369,-49.458,1512.7369,-50.206,1512.7369,-51.909
1512.7582,-50.424,1512.7582,-49.381,1512.7582,-49.083,1512.7582,-49.448,1512.7582,-50.211,1512.7582,-51.897
1512.7794,-50.401,1512.7794,-49.369,1512.7794,-49.065,1512.7794,-49.443,1512.7794,-50.216,1512.7794,-51.893
1512.8007,-50.366,1512.8007,-49.343,1512.8007,-49.045,1512.8007,-49.469,1512.8007,-50.216,1512.8007,-51.888
1512.8220,-50.295,1512.8220,-49.310,1512.8220,-49.031,1512.8220,-49.448,1512.8220,-50.224,1512.8220,-51.921
1512.8432,-50.270,1512.8432,-49.295,1512.8432,-49.017,1512.8432,-49.454,1512.8432,-50.228,1512.8432,-51.907
1512.8645,-50.235,1512.8645,-49.268,1512.8645,-49.006,1512.8645,-49.454,1512.8645,-50.264,1512.8645,-51.923
1512.8857,-50.212,1512.8857,-49.242,1512.8857,-49.008,1512.8857,-49.451,1512.8857,-50.244,1512.8857,-51.908
1512.9070,-50.150,1512.9070,-49.213,1512.9070,-49.003,1512.9070,-49.457,1512.9070,-50.253,1512.9070,-51.917
1512.9282,-50.129,1512.9282,-49.199,1512.9282,-48.968,1512.9282,-49.458,1512.9282,-50.277,1512.9282,-51.930
1512.9495,-50.075,1512.9495,-49.181,1512.9495,-48.960,1512.9495,-49.464,1512.9495,-50.316,1512.9495,-51.920
1512.9707,-50.034,1512.9707,-49.154,1512.9707,-48.949,1512.9707,-49.465,1512.9707,-50.308,1512.9707,-51.916
1512.9920,-49.990,1512.9920,-49.107,1512.9920,-48.964,1512.9920,-49.471,1512.9920,-50.322,1512.9920,-51.912
1513.0133,-49.948,1513.0133,-49.092,1513.0133,-48.926,1513.0133,-49.496,1513.0133,-50.342,1513.0133,-51.917
1513.0345,-49.940,1513.0345,-49.076,1513.0345,-48.918,1513.0345,-49.489,1513.0345,-50.348,1513.0345,-51.899
1513.0558,-49.884,1513.0558,-49.056,1513.0558,-48.897,1513.0558,-49.457,1513.0558,-50.330,1513.0558,-51.941
1513.0770,-49.836,1513.0770,-49.014,1513.0770,-48.909,1513.0770,-49.471,1513.0770,-50.351,1513.0770,-51.912
1513.0983,-49.823,1513.0983,-48.998,1513.0983,-48.886,1513.0983,-49.492,1513.0983,-50.375,1513.0983,-51.914
1513.1195,-49.758,1513.1195,-48.986,1513.1195,-48.886,1513.1195,-49.483,1513.1195,-50.382,1513.1195,-51.912
1513.1408,-49.726,1513.1408,-48.945,1513.1408,-48.888,1513.1408,-49.484,1513.1408,-50.389,1513.1408,-51.900
1513.1620,-49.695,1513.1620,-48.947,1513.1620,-48.874,1513.1620,-49.503,1513.1620,-50.389,1513.1620,-51.926
1513.1833,-49.651,1513.1833,-48.913,1513.1833,-48.870,1513.1833,-49.520,1513.1833,-50.442,1513.1833,-51.941
1513.2046,-49.643,1513.2046,-48.878,1513.2046,-48.843,1513.2046,-49.506,1513.2046,-50.407,1513.2046,-51.914
1513.2258,-49.572,1513.2258,-48.857,1513.2258,-48.848,1513.2258,-49.491,1513.2258,-50.441,1513.2258,-51.897
1513.2471,-49.540,1513.2471,-48.838,1513.2471,-48.832,1513.2471,-49.507,1513.2471,-50.447,1513.2471,-51.914
1513.2683,-49.514,1513.2683,-48.835,1513.2683,-48.832,1513.2683,-49.520,1513.2683,-50.463,1513.2683,-51.907
1513.2896,-49.472,1513.2896,-48.789,1513.2896,-48.828,1513.2896,-49.525,1513.2896,-50.487,1513.2896,-51.886
1513.3108,-49.414,1513.3108,-48.792,1513.3108,-48.805,1513.3108,-49.513,1513.3108,-50.473,1513.3108,-51.872
1513.3321,-49.409,1513.3321,-48.765,1513.3321,-48.800,1513.3321,-49.538,1513.3321,-50.503,1513.3321,-51.883
1513.3533,-49.361,1513.3533,-48.741,1513.3533,-48.795,1513.3533,-49.508,1513.3533,-50.505,1513.3533,-51.870
1513.3746,-49.331,1513.3746,-48.717,1513.3746,-48.791,1513.3746,-49.526,1513.3746,-50.505,1513.3746,-51.866
1513.3958,-49.279,1513.3958,-48.676,1513.3958,-48.791,1513.3958,-49.506,1513.3958,-50.526,1513.3958,-51.857
1513.4171,-49.234,1513.4171,-48.686,1513.4171,-48.774,1513.4171,-49.537,1513.4171,-50.517,1513.4171,-51.852
1513.4384,-49.237,1513.4384,-48.646,1513.4384,-48.765,1513.4384,-49.533,1513.4384,-50.538,1513.4384,-51.852
1513.4596,-49.189,1513.4596,-48.634,1513.4596,-48.762,1513.4596,-49.537,1513.4596,-50.523,1513.4596,-51.775
1513.4809,-49.139,1513.4809,-48.616,1513.4809,-48.741,1513.4809,-49.542,1513.4809,-50.574,1513.4809,-51.788
1513.5021,-49.121,1513.5021,-48.602,1513.5021,-48.771,1513.5021,-49.556,1513.5021,-50.580,1513.5021,-51.785
1513.5234,-49.091,1513.5234,-48.602,1513.5234,-48.765,1513.5234,-49.569,1513.5234,-50.571,1513.5234,-51.779
1513.5446,-49.045,1513.5446,-48.549,1513.5446,-48.763,1513.5446,-49.556,1513.5446,-50.591,1513.5446,-51.741
1513.5659,-49.003,1513.5659,-48.546,1513.5659,-48.767,1513.5659,-49.566,1513.5659,-50.606,1513.5659,-51.723
1513.5871,-48.975,1513.5871,-48.535,1513.5871,-48.755,1513.5871,-49.564,1513.5871,-50.610,1513.5871,-51.736
1513.6084,-48.954,1513.6084,-48.519,1513.6084,-48.752,1513.6084,-49.596,1513.6084,-50.603,1513.6084,-51.695
1513.6297,-48.911,1513.6297,-48.512,1513.6297,-48.756,1513.6297,-49.589,1513.6297,-50.592,1513.6297,-51.687
1513.6509,-48.881,1513.6509,-48.473,1513.6509,-48.750,1513.6509,-49.615,1513.6509,-50.662,1513.6509,-51.662
1513.6722,-48.851,1513.6722,-48.478,1513.6722,-48.734,1513.6722,-49.608,1513.6722,-50.648,1513.6722,-51.649
1513.6934,-48.825,1513.6934,-48.452,1513.6934,-48.745,1513.6934,-49.604,1513.6934,-50.644,1513.6934,-51.613
1513.7147,-48.800,1513.7147,-48.438,1513.7147,-48.743,1513.7147,-49.626,1513.7147,-50.667,1513.7147,-51.611
1513.7359,-48.767,1513.7359,-48.420,1513.7359,-48.744,1513.7359,-49.615,1513.7359,-50.681,1513.7359,-51.587
1513.7572,-48.727,1513.7572,-48.417,1513.7572,-48.739,1513.7572,-49.601,1513.7572,-50.671,1513.7572,-51.571
1513.7784,-48.709,1513.7784,-48.401,1513.7784,-48.762,1513.7784,-49.651,1513.7784,-50.695,1513.7784,-51.543
1513.7997,-48.682,1513.7997,-48.392,1513.7997,-48.731,1513.7997,-49.648,1513.7997,-50.693,1513.7997,-51.562
1513.8210,-48.641,1513.8210,-48.377,1513.8210,-48.730,1513.8210,-49.665,1513.8210,-50.680,1513.8210,-51.545
1513.8422,-48.626,1513.8422,-48.363,1513.8422,-48.737,1513.8422,-49.654,1513.8422,-50.715,1513.8422,-51.507
1513.8635,-48.582,1513.8635,-48.343,1513.8635,-48.736,1513.8635,-49.648,1513.8635,-50.714,1513.8635,-51.502
1513.8847,-48.579,1513.8847,-48.341,1513.8847,-48.738,1513.8847,-49.673,1513.8847,-50.706,1513.8847,-51.448
1513.9060,-48.531,1513.9060,-48.322,1513.9060,-48.740,1513.9060,-49.684,1513.9060,-50.754,1513.9060,-51.434
1513.9272,-48.506,1513.9272,-48.307,1513.9272,-48.721,1513.9272,-49.668,1513.9272,-50.725,1513.9272,-51.400
1513.9485,-48.480,1513.9485,-48.293,1513.9485,-48.764,1513.9485,-49.691,1513.9485,-50.717,1513.9485,-51.381
1513.9697,-48.457,1513.9697,-48.291,1513.9697,-48.737,1513.9697,-49.703,1513.9697,-50.746,1513.9697,-51.344
1513.9910,-48.440,1513.9910,-48.298,1513.9910,-48.732,1513.9910,-49.711,1513.9910,-50.748,1513.9910,-51.335
1514.0123,-48.402,1514.0123,-48.269,1514.0123,-48.749,1514.0123,-49.719,1514.0123,-50.742,1514.0123,-51.293
1514.0335,-48.377,1514.0335,-48.253,1514.0335,-48.736,1514.0335,-49.717,1514.0335,-50.740,1514.0335,-51.267
1514.0548,-48.354,1514.0548,-48.265,1514.0548,-48.732,1514.0548,-49.746,1514.0548,-50.735,1514.0548,-51.249
1514.0760,-48.332,1514.0760,-48.238,1514.0760,-48.752,1514.0760,-49.742,1514.0760,-50.785,1514.0760,-51.224
1514.0973,-48.304,1514.0973,-48.233,1514.0973,-48.740,1514.0973,-49.749,1514.0973,-50.756,1514.0973,-51.195
1514.1185,-48.274,1514.1185,-48.225,1514.1185,-48.752,1514.1185,-49.757,1514.1185,-50.769,1514.1185,-51.140
1514.1398,-48.254,1514.1398,-48.226,1514.1398,-48.752,1514.1398,-49.787,1514.1398,-50.806,1514.1398,-51.122
1514.1610,-48.224,1514.1610,-48.201,1514.1610,-48.760,1514.1610,-49.793,1514.1610,-50.799,1514.1610,-51.081
1514.1823,-48.222,1514.1823,-48.200,1514.1823,-48.736,1514.1823,-49.767,1514.1823,-50.772,1514.1823,-51.090
1514.2036,-48.171,1514.2036,-48.193,1514.2036,-48.772,1514.2036,-49.811,1514.2036,-50.827,1514.2036,-51.008
1514.2248,-48.182,1514.2248,-48.186,1514.2248,-48.767,1514.2248,-49.809,1514.2248,-50.814,1514.2248,-51.021
1514.2461,-48.143,1514.2461,-48.182,1514.2461,-48.763,1514.2461,-49.820,1514.2461,-50.771,1514.2461,-50.964
1514.2673,-48.103,1514.2673,-48.170,1514.2673,-48.798,1514.2673,-49.811,1514.2673,-50.776,1514.2673,-50.926
1514.2886,-48.096,1514.2886,-48.161,1514.2886,-48.782,1514.2886,-49.819,1514.2886,-50.798,1514.2886,-50.887
1514.3098,-48.070,1514.3098,-48.168,1514.3098,-48.768,1514.3098,-49.867,1514.3098,-50.795,1514.3098,-50.874
1514.3311,-48.057,1514.3311,-48.146,1514.3311,-48.787,1514.3311,-49.856,1514.3311,-50.786,1514.3311,-50.843
1514.3523,-48.045,1514.3523,-48.151,1514.3523,-48.797,1514.3523,-49.868,1514.3523,-50.790,1514.3523,-50.826
1514.3736,-48.012,1514.3736,-48.138,1514.3736,-48.810,1514.3736,-49.872,1514.3736,-50.799,1514.3736,-50.763
1514.3948,-48.004,1514.3948,-48.139,1514.3948,-48.790,1514.3948,-49.875,1514.3948,-50.797,1514.3948,-50.756
1514.4161,-47.975,1514.4161,-48.143,1514.4161,-48.817,1514.4161,-49.890,1514.4161,-50.791,1514.4161,-50.708
1514.4374,-47.957,1514.4374,-48.133,1514.4374,-48.827,1514.4374,-49.896,1514.4374,-50.766,1514.4374,-50.667
1514.4586,-47.933,1514.4586,-48.129,1514.4586,-48.818,1514.4586,-49.898,1514.4586,-50.789,1514.4586,-50.610
1514.4799,-47.915,1514.4799,-48.122,1514.4799,-48.824,1514.4799,-49.899,1514.4799,-50.790,1514.4799,-50.619
1514.5011,-47.900,1514.5011,-48.118,1514.5011,-48.832,1514.5011,-49.914,1514.5011,-50.787,1514.5011,-50.552
1514.5224,-47.883,1514.5224,-48.130,1514.5224,-48.839,1514.5224,-49.912,1514.5224,-50.769,1514.5224,-50.511
1514.5436,-47.863,1514.5436,-48.106,1514.5436,-48.841,1514.5436,-49.935,1514.5436,-50.767,1514.5436,-50.466
1514.5649,-47.843,1514.5649,-48.113,1514.5649,-48.860,1514.5649,-49.944,1514.5649,-50.778,1514.5649,-50.448
1514.5861,-47.832,1514.5861,-48.109,1514.5861,-48.855,1514.5861,-49.937,1514.5861,-50.739,1514.5861,-50.395
1514.6074,-47.806,1514.6074,-48.103,1514.6074,-48.858,1514.6074,-49.954,1514.6074,-50.755,1514.6074,-50.364
1514.6287,-47.776,1514.6287,-48.101,1514.6287,-48.865,1514.6287,-49.971,1514.6287,-50.740,1514.6287,-50.342
1514.6499,-47.766,1514.6499,-48.110,1514.6499,-48.879,1514.6499,-49.948,1514.6499,-50.749,1514.6499,-50.288
1514.6712,-47.749,1514.6712,-48.115,1514.6712,-48.865,1514.6712,-49.983,1514.6712,-50.707,1514.6712,-50.243
1514.6924,-47.725,1514.6924,-48.089,1514.6924,-48.870,1514.6924,-49.972,1514.6924,-50.724,1514.6924,-50.196
1514.7137,-47.715,1514.7137,-48.097,1514.7137,-48.885,1514.7137,-49.999,1514.7137,-50.729,1514.7137,-50.164
1514.7349,-47.701,1514.7349,-48.089,1514.7349,-48.888,1514.7349,-49.986,1514.7349,-50.679,1514.7349,-50.118
1514.7562,-47.683,1514.7562,-48.088,1514.7562,-48.897,1514.7562,-49.977,1514.7562,-50.677,1514.7562,-50.074
1514.7774,-47.656,1514.7774,-48.094,1514.7774,-48.898,1514.7774,-50.025,1514.7774,-50.670,1514.7774,-50.040
1514.7987,-47.639,1514.7987,-48.084,1514.7987,-48.895,1514.7987,-50.005,1514.7987,-50.663,1514.7987,-50.009
1514.8200,-47.645,1514.8200,-48.083,1514.8200,-48.919,1514.8200,-50.017,1514.8200,-50.631,1514.8200,-49.942
1514.8412,-47.616,1514.8412,-48.089,1514.8412,-48.925,1514.8412,-50.002,1514.8412,-50.636,1514.8412,-49.895
1514.8625,-47.596,1514.8625,-48.077,1514.8625,-48.921,1514.8625,-50.023,1514.8625,-50.608,1514.8625,-49.856
1514.8837,-47.590,1514.8837,-48.085,1514.8837,-48.930,1514.8837,-50.023,1514.8837,-50.583,1514.8837,-49.825
1514.9050,-47.572,1514.9050,-48.071,1514.9050,-48.949,1514.9050,-50.029,1514.9050,-50.574,1514.9050,-49.763
1514.9262,-47.556,1514.9262,-48.079,1514.9262,-48.941,1514.9262,-50.018,1514.9262,-50.552,1514.9262,-49.728
1514.9475,-47.546,1514.9475,-48.070,1514.9475,-48.953,1514.9475,-50.036,1514.9475,-50.559,1514.9475,-49.684
1514.9687,-47.534,1514.9687,-48.090,1514.9687,-48.943,1514.9687,-50.050,1514.9687,-50.520,1514.9687,-49.645
1514.9900,-47.528,1514.9900,-48.074,1514.9900,-48.965,1514.9900,-50.047,1514.9900,-50.492,1514.9900,-49.588
1515.0113,-47.497,1515.0113,-48.082,1515.0113,-48.977,1515.0113,-50.049,1515.0113,-50.493,1515.0113,-49.544
1515.0325,-47.495,1515.0325,-48.091,1515.0325,-48.963,1515.0325,-50.044,1515.0325,-50.458,1515.0325,-49.502
1515.0538,-47.488,1515.0538,-48.090,1515.0538,-48.973,1515.0538,-50.053,1515.0538,-50.418,1515.0538,-49.452
1515.0750,-47.478,1515.0750,-48.080,1515.0750,-48.993,1515.0750,-50.043,1515.0750,-50.414,1515.0750,-49.423
1515.0963,-47.462,1515.0963,-48.091,1515.0963,-49.007,1515.0963,-50.060,1515.0963,-50.398,1515.0963,-49.363
1515.1175,-47.446,1515.1175,-48.093,1515.1175,-49.002,1515.1175,-50.064,1515.1175,-50.371,1515.1175,-49.331
1515.1388,-47.442,1515.1388,-48.094,1515.1388,-49.007,1515.1388,-50.034,1515.1388,-50.351,1515.1388,-49.282
1515.1600,-47.429,1515.1600,-48.099,1515.1600,-49.003,1515.1600,-50.061,1515.1600,-50.316,1515.1600,-49.210
1515.1813,-47.411,1515.1813,-48.104,1515.1813,-49.013,1515.1813,-50.055,1515.1813,-50.318,1515.1813,-49.182
1515.2026,-47.419,1515.2026,-48.095,1515.2026,-49.008,1515.2026,-50.052,1515.2026,-50.278,1515.2026,-49.147
1515.2238,-47.402,1515.2238,-48.097,1515.2238,-49.034,1515.2238,-50.070,1515.2238,-50.250,1515.2238,-49.099
1515.2451,-47.400,1515.2451,-48.108,1515.2451,-49.028,1515.2451,-50.038,1515.2451,-50.233,1515.2451,-49.057
1515.2663,-47.381,1515.2663,-48.124,1515.2663,-49.061,1515.2663,-50.045,1515.2663,-50.223,1515.2663,-48.994
1515.2876,-47.364,1515.2876,-48.111,1515.2876,-49.044,1515.2876,-50.057,1515.2876,-50.181,1515.2876,-48.954
1515.3088,-47.364,1515.3088,-48.113,1515.3088,-49.048,1515.3088,-50.045,1515.3088,-50.144,1515.3088,-48.903
1515.3301,-47.360,1515.3301,-48.120,1515.3301,-49.065,1515.3301,-50.061,1515.3301,-50.128,1515.3301,-48.852
1515.3513,-47.335,1515.3513,-48.127,1515.3513,-49.061,1515.3513,-50.056,1515.3513,-50.114,1515.3513,-48.818
1515.3726,-47.355,1515.3726,-48.125,1515.3726,-49.080,1515.3726,-50.045,1515.3726,-50.068,1515.3726,-48.773
1515.3938,-47.330,1515.3938,-48.131,1515.3938,-49.064,1515.3938,-50.041,1515.3938,-50.018,1515.3938,-48.712
1515.4151,-47.333,1515.4151,-48.125,1515.4151,-49.089,1515.4151,-50.043,1515.4151,-50.008,1515.4151,-48.672
1515.4364,-47.317,1515.4364,-48.146,1515.4364,-49.092,1515.4364,-50.044,1515.4364,-49.986,1515.4364,-48.641
1515.4576,-47.313,1515.4576,-48.149,1515.4576,-49.100,1515.4576,-50.009,1515.4576,-49.963,1515.4576,-48.595
1515.4789,-47.312,1515.4789,-48.146,1515.4789,-49.107,1515.4789,-50.035,1515.4789,-49.910,1515.4789,-48.541
1515.5001,-47.312,1515.5001,-48.149,1515.5001,-49.100,1515.5001,-50.018,1515.5001,-49.886,1515.5001,-48.482
1515.5214,-47.296,1515.5214,-48.172,1515.5214,-49.110,1515.5214,-50.013,1515.5214,-49.863,1515.5214,-48.446
1515.5426,-47.309,1515.5426,-48.156,1515.5426,-49.121,1515.5426,-50.004,1515.5426,-49.798,1515.5426,-48.400
1515.5639,-47.289,1515.5639,-48.163,1515.5639,-49.119,1515.5639,-49.996,1515.5639,-49.769,1515.5639,-48.336
1515.5851,-47.294,1515.5851,-48.169,1515.5851,-49.125,1515.5851,-49.978,1515.5851,-49.743,1515.5851,-48.312
1515.6064,-47.281,1515.6064,-48.182,1515.6064,-49.141,1515.6064,-49.975,1515.6064,-49.707,1515.6064,-48.261
1515.6277,-47.281,1515.6277,-48.187,1515.6277,-49.142,1515.6277,-49.976,1515.6277,-49.657,1515.6277,-48.224
1515.6489,-47.274,1515.6489,-48.177,1515.6489,-49.136,1515.6489,-49.960,1515.6489,-49.654,1515.6489,-48.157
1515.6702,-47.268,1515.6702,-48.197,1515.6702,-49.161,1515.6702,-49.951,1515.6702,-49.614,1515.6702,-48.121
1515.6914,-47.265,1515.6914,-48.218,1515.6914,-49.145,1515.6914,-49.935,1515.6914,-49.572,1515.6914,-48.084
1515.7127,-47.273,1515.7127,-48.204,1515.7127,-49.143,1515.7127,-49.935,1515.7127,-49.497,1515.7127,-48.026
1515.7339,-47.261,1515.7339,-48.201,1515.7339,-49.174,1515.7339,-49.914,1515.7339,-49.497,1515.7339,-47.973
1515.7552,-47.263,1515.7552,-48.222,1515.7552,-49.173,1515.7552,-49.911,1515.7552,-49.441,1515.7552,-47.936
1515.7764,-47.262,1515.7764,-48.227,1515.7764,-49.168,1515.7764,-49.873,1515.7764,-49.414,1515.7764,-47.890
1515.7977,-47.258,1515.7977,-48.246,1515.7977,-49.168,1515.7977,-49.889,1515.7977,-49.373,1515.7977,-47.833
1515.8190,-47.256,1515.8190,-48.238,1515.8190,-49.189,1515.8190,-49.881,1515.8190,-49.348,1515.8190,-47.782
1515.8402,-47.256,1515.8402,-48.246,1515.8402,-49.169,1515.8402,-49.857,1515.8402,-49.309,1515.8402,-47.746
1515.8615,-47.242,1515.8615,-48.258,1515.8615,-49.188,1515.8615,-49.839,1515.8615,-49.260,1515.8615,-47.698
1515.8827,-47.243,1515.8827,-48.260,1515.8827,-49.198,1515.8827,-49.824,1515.8827,-49.214,1515.8827,-47.641
1515.9040,-47.227,1515.9040,-48.250,1515.9040,-49.181,1515.9040,-49.796,1515.9040,-49.174,1515.9040,-47.597
1515.9252,-47.233,1515.9252,-48.268,1515.9252,-49.200,1515.9252,-49.770,1515.9252,-49.132,1515.9252,-47.567
1515.9465,-47.223,1515.9465,-48.273,1515.9465,-49.200,1515.9465,-49.759,1515.9465,-49.109,1515.9465,-47.492
1515.9677,-47.231,1515.9677,-48.266,1515.9677,-49.197,1515.9677,-49.756,1515.9677,-49.038,1515.9677,-47.439
1515.9890,-47.217,1515.9890,-48.282,1515.9890,-49.195,1515.9890,-49.714,1515.9890,-49.014,1515.9890,-47.413
1516.0103,-47.221,1516.0103,-48.269,1516.0103,-49.187,1516.0103,-49.702,1516.0103,-48.963,1516.0103,-47.358
1516.0315,-47.221,1516.0315,-48.283,1516.0315,-49.199,1516.0315,-49.672,1516.0315,-48.911,1516.0315,-47.313
1516.0528,-47.226,1516.0528,-48.291,1516.0528,-49.191,1516.0528,-49.652,1516.0528,-48.874,1516.0528,-47.259
1516.0740,-47.213,1516.0740,-48.289,1516.0740,-49.188,1516.0740,-49.624,1516.0740,-48.836,1516.0740,-47.225
1516.0953,-47.205,1516.0953,-48.298,1516.0953,-49.185,1516.0953,-49.603,1516.0953,-48.776,1516.0953,-47.166
1516.1165,-47.209,1516.1165,-48.287,1516.1165,-49.187,1516.1165,-49.597,1516.1165,-48.712,1516.1165,-47.116
1516.1378,-47.206,1516.1378,-48.293,1516.1378,-49.184,1516.1378,-49.551,1516.1378,-48.685,1516.1378,-47.058
1516.1590,-47.205,1516.1590,-48.303,1516.1590,-49.173,1516.1590,-49.522,1516.1590,-48.648,1516.1590,-47.014
1516.1803,-47.208,1516.1803,-48.304,1516.1803,-49.166,1516.1803,-49.505,1516.1803,-48.586,1516.1803,-46.975
1516.2016,-47.221,1516.2016,-48.302,1516.2016,-49.163,1516.2016,-49.464,1516.2016,-48.542,1516.2016,-46.914
1516.2228,-47.216,1516.2228,-48.313,1516.2228,-49.169,1516.2228,-49.445,1516.2228,-48.492,1516.2228,-46.868
1516.2441,-47.206,1516.2441,-48.320,1516.2441,-49.152,1516.2441,-49.408,1516.2441,-48.445,1516.2441,-46.827
1516.2653,-47.211,1516.2653,-48.316,1516.2653,-49.179,1516.2653,-49.386,1516.2653,-48.413,1516.2653,-46.770
1516.2866,-47.210,1516.2866,-48.326,1516.2866,-49.133,1516.2866,-49.349,1516.2866,-48.340,1516.2866,-46.723
1516.3078,-47.208,1516.3078,-48.325,1516.3078,-49.148,1516.3078,-49.334,1516.3078,-48.314,1516.3078,-46.685
1516.3291,-47.209,1516.3291,-48.333,1516.3291,-49.137,1516.3291,-49.292,1516.3291,-48.262,1516.3291,-46.634
1516.3503,-47.220,1516.3503,-48.324,1516.3503,-49.139,1516.3503,-49.259,1516.3503,-48.218,1516.3503,-46.585
1516.3716,-47.212,1516.3716,-48.334,1516.3716,-49.118,1516.3716,-49.235,1516.3716,-48.161,1516.3716,-46.533
1516.3928,-47.221,1516.3928,-48.340,1516.3928,-49.112,1516.3928,-49.182,1516.3928,-48.109,1516.3928,-46.480
1516.4141,-47.213,1516.4141,-48.333,1516.4141,-49.097,1516.4141,-49.162,1516.4141,-48.070,1516.4141,-46.446
1516.4354,-47.216,1516.4354,-48.335,1516.4354,-49.100,1516.4354,-49.133,1516.4354,-48.007,1516.4354,-46.391
1516.4566,-47.217,1516.4566,-48.345,1516.4566,-49.096,1516.4566,-49.082,1516.4566,-47.949,1516.4566,-46.334
1516.4779,-47.206,1516.4779,-48.355,1516.4779,-49.087,1516.4779,-49.068,1516.4779,-47.915,1516.4779,-46.290
1516.4991,-47.217,1516.4991,-48.342,1516.4991,-49.067,1516.4991,-49.021,1516.4991,-47.862,1516.4991,-46.235
1516.5204,-47.224,1516.5204,-48.348,1516.5204,-49.047,1516.5204,-49.002,1516.5204,-47.802,1516.5204,-46.189
1516.5416,-47.219,1516.5416,-48.352,1516.5416,-49.041,1516.5416,-48.946,1516.5416,-47.761,1516.5416,-46.141
1516.5629,-47.218,1516.5629,-48.356,1516.5629,-49.044,1516.5629,-48.896,1516.5629,-47.696,1516.5629,-46.090
1516.5841,-47.234,1516.5841,-48.335,1516.5841,-49.036,1516.5841,-48.873,1516.5841,-47.661,1516.5841,-46.035
1516.6054,-47.222,1516.6054,-48.363,1516.6054,-49.008,1516.6054,-48.809,1516.6054,-47.600,1516.6054,-45.995
1516.6267,-47.233,1516.6267,-48.352,1516.6267,-48.981,1516.6267,-48.790,1516.6267,-47.546,1516.6267,-45.955
1516.6479,-47.226,1516.6479,-48.353,1516.6479,-48.980,1516.6479,-48.755,1516.6479,-47.504,1516.6479,-45.898
1516.6692,-47.238,1516.6692,-48.349,1516.6692,-48.955,1516.6692,-48.716,1516.6692,-47.447,1516.6692,-45.850
1516.6904,-47.230,1516.6904,-48.343,1516.6904,-48.946,1516.6904,-48.667,1516.6904,-47.393,1516.6904,-45.803
1516.7117,-47.252,1516.7117,-48.351,1516.7117,-48.944,1516.7117,-48.603,1516.7117,-47.347,1516.7117,-45.752
1516.7329,-47.228,1516.7329,-48.347,1516.7329,-48.907,1516.7329,-48.588,1516.7329,-47.292,1516.7329,-45.712
1516.7542,-47.249,1516.7542,-48.341,1516.7542,-48.898,1516.7542,-48.531,1516.7542,-47.236,1516.7542,-45.660
1516.7754,-47.244,1516.7754,-48.350,1516.7754,-48.881,1516.7754,-48.491,1516.7754,-47.178,1516.7754,-45.609
1516.7967,-47.244,1516.7967,-48.350,1516.7967,-48.857,1516.7967,-48.451,1516.7967,-47.129,1516.7967,-45.566
1516.8180,-47.253,1516.8180,-48.361,1516.8180,-48.856,1516.8180,-48.421,1516.8180,-47.076,1516.8180,-45.510
1516.8392,-47.260,1516.8392,-48.338,1516.8392,-48.802,1516.8392,-48.360,1516.8392,-47.027,1516.8392,-45.462
1516.8605,-47.257,1516.8605,-48.341,1516.8605,-48.796,1516.8605,-48.319,1516.8605,-46.969,1516.8605,-45.420
1516.8817,-47.267,1516.8817,-48.339,1516.8817,-48.762,1516.8817,-48.282,1516.8817,-46.934,1516.8817,-45.368
1516.9030,-47.257,1516.9030,-48.344,1516.9030,-48.753,1516.9030,-48.237,1516.9030,-46.875,1516.9030,-45.328
1516.9242,-47.270,1516.9242,-48.338,1516.9242,-48.734,1516.9242,-48.189,1516.9242,-46.825,1516.9242,-45.283
1516.9455,-47.270,1516.9455,-48.332,1516.9455,-48.703,1516.9455,-48.137,1516.9455,-46.783,1516.9455,-45.228
1516.9667,-47.273,1516.9667,-48.345,1516.9667,-48.675,1516.9667,-48.097,1516.9667,-46.723,1516.9667,-45.189
1516.9880,-47.277,1516.9880,-48.344,1516.9880,-48.658,1516.9880,-48.063,1516.9880,-46.681,1516.9880,-45.140
1517.0093,-47.277,1517.0093,-48.322,1517.0093,-48.628,1517.0093,-48.011,1517.0093,-46.614,1517.0093,-45.095
1517.0305,-47.276,1517.0305,-48.339,1517.0305,-48.612,1517.0305,-47.955,1517.0305,-46.584,1517.0305,-45.055
1517.0518,-47.284,1517.0518,-48.321,1517.0518,-48.584,1517.0518,-47.926,1517.0518,-46.527,1517.0518,-45.007
1517.0730,-47.281,1517.0730,-48.313,1517.0730,-48.557,1517.0730,-47.872,1517.0730,-46.465,1517.0730,-44.965
1517.0943,-47.294,1517.0943,-48.299,1517.0943,-48.538,1517.0943,-47.821,1517.0943,-46.414,1517.0943,-44.923
1517.1155,-47.289,1517.1155,-48.303,1517.1155,-48.509,1517.1155,-47.774,1517.1155,-46.368,1517.1155,-44.878
1517.1368,-47.300,1517.1368,-48.298,1517.1368,-48.493,1517.1368,-47.735,1517.1368,-46.324,1517.1368,-44.833
1517.1580,-47.292,1517.1580,-48.290,1517.1580,-48.447,1517.1580,-47.690,1517.1580,-46.276,1517.1580,-44.790
1517.1793,-47.290,1517.1793,-48.279,1517.1793,-48.409,1517.1793,-47.620,1517.1793,-46.215,1517.1793,-44.747
1517.2006,-47.305,1517.2006,-48.283,1517.2006,-48.408,1517.2006,-47.586,1517.2006,-46.167,1517.2006,-44.704
1517.2218,-47.298,1517.2218,-48.268,1517.2218,-48.350,1517.2218,-47.534,1517.2218,-46.112,1517.2218,-44.656
1517.2431,-47.301,1517.2431,-48.263,1517.2431,-48.331,1517.2431,-47.482,1517.2431,-46.057,1517.2431,-44.607
1517.2643,-47.294,1517.2643,-48.230,1517.2643,-48.283,1517.2643,-47.427,1517.2643,-46.006,1517.2643,-44.564
1517.2856,-47.283,1517.2856,-48.236,1517.2856,-48.249,1517.2856,-47.376,1517.2856,-45.948,1517.2856,-44.522
1517.3068,-47.300,1517.3068,-48.236,1517.3068,-48.212,1517.3068,-47.325,1517.3068,-45.903,1517.3068,-44.477
1517.3281,-47.291,1517.3281,-48.203,1517.3281,-48.175,1517.3281,-47.271,1517.3281,-45.856,1517.3281,-44.425
1517.3493,-47.293,1517.3493,-48.193,1517.3493,-48.139,1517.3493,-47.211,1517.3493,-45.795,1517.3493,-44.377
1517.3706,-47.296,1517.3706,-48.174,1517.3706,-48.103,1517.3706,-47.163,1517.3706,-45.738,1517.3706,-44.337
1517.3918,-47.292,1517.3918,-48.170,1517.3918,-48.052,1517.3918,-47.102,1517.3918,-45.683,1517.3918,-44.297
1517.4131,-47.283,1517.4131,-48.136,1517.4131,-48.013,1517.4131,-47.052,1517.4131,-45.628,1517.4131,-44.242
1517.4344,-47.286,1517.4344,-48.129,1517.4344,-47.992,1517.4344,-46.992,1517.4344,-45.575,1517.4344,-44.201
1517.4556,-47.281,1517.4556,-48.115,1517.4556,-47.937,1517.4556,-46.939,1517.4556,-45.521,1517.4556,-44.154
1517.4769,-47.283,1517.4769,-48.091,1517.4769,-47.905,1517.4769,-46.897,1517.4769,-45.469,1517.4769,-44.110
1517.4981,-47.278,1517.4981,-48.067,1517.4981,-47.848,1517.4981,-46.832,1517.4981,-45.410,1517.4981,-44.065
1517.5194,-47.278,1517.5194,-48.051,1517.5194,-47.796,1517.5194,-46.782,1517.5194,-45.352,1517.5194,-44.015
1517.5406,-47.269,1517.5406,-48.034,1517.5406,-47.764,1517.5406,-46.716,1517.5406,-45.303,1517.5406,-43.974
1517.5619,-47.269,1517.5619,-48.013,1517.5619,-47.723,1517.5619,-46.668,1517.5619,-45.241,1517.5619,-43.922
1517.5831,-47.261,1517.5831,-47.989,1517.5831,-47.666,1517.5831,-46.604,1517.5831,-45.186,1517.5831,-43.882
1517.6044,-47.255,1517.6044,-47.963,1517.6044,-47.638,1517.6044,-46.547,1517.6044,-45.135,1517.6044,-43.834
1517.6257,-47.266,1517.6257,-47.953,1517.6257,-47.583,1517.6257,-46.492,1517.6257,-45.074,1517.6257,-43.802
1517.6469,-47.248,1517.6469,-47.907,1517.6469,-47.537,1517.6469,-46.441,1517.6469,-45.021,1517.6469,-43.751
1517.6682,-47.255,1517.6682,-47.876,1517.6682,-47.505,1517.6682,-46.378,1517.6682,-44.970,1517.6682,-43.711
1517.6894,-47.245,1517.6894,-47.868,1517.6894,-47.450,1517.6894,-46.324,1517.6894,-44.918,1517.6894,-43.675
1517.7107,-47.244,1517.7107,-47.848,1517.7107,-47.402,1517.7107,-46.262,1517.7107,-44.855,1517.7107,-43.626
1517.7319,-47.240,1517.7319,-47.821,1517.7319,-47.341,1517.7319,-46.212,1517.7319,-44.810,1517.7319,-43.579
1517.7532,-47.236,1517.7532,-47.789,1517.7532,-47.308,1517.7532,-46.151,1517.7532,-44.744,1517.7532,-43.546
1517.7744,-47.224,1517.7744,-47.770,1517.7744,-47.251,1517.7744,-46.099,1517.7744,-44.696,1517.7744,-43.504
1517.7957,-47.226,1517.7957,-47.731,1517.7957,-47.201,1517.7957,-46.035,1517.7957,-44.641,1517.7957,-43.468
1517.8170,-47.213,1517.8170,-47.715,1517.8170,-47.156,1517.8170,-45.988,1517.8170,-44.588,1517.8170,-43.420
1517.8382,-47.233,1517.8382,-47.673,1517.8382,-47.104,1517.8382,-45.924,1517.8382,-44.541,1517.8382,-43.386
1517.8595,-47.209,1517.8595,-47.645,1517.8595,-47.051,1517.8595,-45.879,1517.8595,-44.480,1517.8595,-43.342
1517.8807,-47.212,1517.8807,-47.622,1517.8807,-47.001,1517.8807,-45.805,1517.8807,-44.429,1517.8807,-43.302
1517.9020,-47.208,1517.9020,-47.588,1517.9020,-46.961,1517.9020,-45.748,1517.9020,-44.375,1517.9020,-43.265
1517.9232,-47.192,1517.9232,-47.562,1517.9232,-46.912,1517.9232,-45.700,1517.9232,-44.326,1517.9232,-43.224
1517.9445,-47.196,1517.9445,-47.536,1517.9445,-46.847,1517.9445,-45.641,1517.9445,-44.271,1517.9445,-43.181
1517.9657,-47.171,1517.9657,-47.497,1517.9657,-46.801,1517.9657,-45.598,1517.9657,-44.214,1517.9657,-43.150
1517.9870,-47.165,1517.9870,-47.456,1517.9870,-46.749,1517.9870,-45.521,1517.9870,-44.158,1517.9870,-43.109
1518.0083,-47.154,1518.0083,-47.414,1518.0083,-46.689,1518.0083,-45.466,1518.0083,-44.107,1518.0083,-43.068
1518.0295,-47.145,1518.0295,-47.383,1518.0295,-46.635,1518.0295,-45.412,1518.0295,-44.057,1518.0295,-43.032
1518.0508,-47.152,1518.0508,-47.364,1518.0508,-46.579,1518.0508,-45.346,1518.0508,-43.999,1518.0508,-42.994
1518.0720,-47.131,1518.0720,-47.302,1518.0720,-46.530,1518.0720,-45.296,1518.0720,-43.949,1518.0720,-42.952
1518.0933,-47.119,1518.0933,-47.278,1518.0933,-46.475,1518.0933,-45.225,1518.0933,-43.891,1518.0933,-42.921
1518.1145,-47.112,1518.1145,-47.228,1518.1145,-46.421,1518.1145,-45.180,1518.1145,-43.836,1518.1145,-42.879
1518.1358,-47.094,1518.1358,-47.201,1518.1358,-46.366,1518.1358,-45.117,1518.1358,-43.783,1518.1358,-42.840
1518.1570,-47.095,1518.1570,-47.154,1518.1570,-46.310,1518.1570,-45.053,1518.1570,-43.727,1518.1570,-42.805
1518.1783,-47.068,1518.1783,-47.113,1518.1783,-46.247,1518.1783,-45.001,1518.1783,-43.673,1518.1783,-42.771
1518.1995,-47.063,1518.1995,-47.079,1518.1995,-46.199,1518.1995,-44.937,1518.1995,-43.619,1518.1995,-42.739
1518.2208,-47.052,1518.2208,-47.027,1518.2208,-46.141,1518.2208,-44.868,1518.2208,-43.564,1518.2208,-42.701
1518.2421,-47.041,1518.2421,-46.984,1518.2421,-46.083,1518.2421,-44.819,1518.2421,-43.511,1518.2421,-42.669
1518.2633,-47.028,1518.2633,-46.941,1518.2633,-46.033,1518.2633,-44.758,1518.2633,-43.458,1518.2633,-42.633
1518.2846,-47.008,1518.2846,-46.908,1518.2846,-45.966,1518.2846,-44.694,1518.2846,-43.407,1518.2846,-42.595
1518.3058,-47.005,1518.3058,-46.859,1518.3058,-45.912,1518.3058,-44.635,1518.3058,-43.357,1518.3058,-42.562
1518.3271,-46.981,1518.3271,-46.802,1518.3271,-45.859,1518.3271,-44.581,1518.3271,-43.303,1518.3271,-42.526
1518.3483,-46.955,1518.3483,-46.766,1518.3483,-45.801,1518.3483,-44.526,1518.3483,-43.243,1518.3483,-42.496
1518.3696,-46.960,1518.3696,-46.729,1518.3696,-45.738,1518.3696,-44.471,1518.3696,-43.197,1518.3696,-42.464
1518.3908,-46.928,1518.3908,-46.676,1518.3908,-45.680,1518.3908,-44.400,1518.3908,-43.146,1518.3908,-42.433
1518.4121,-46.923,1518.4121,-46.624,1518.4121,-45.628,1518.4121,-44.350,1518.4121,-43.098,1518.4121,-42.405
1518.4334,-46.902,1518.4334,-46.593,1518.4334,-45.572,1518.4334,-44.291,1518.4334,-43.048,1518.4334,-42.369
1518.4546,-46.868,1518.4546,-46.543,1518.4546,-45.525,1518.4546,-44.233,1518.4546,-42.997,1518.4546,-42.343
1518.4759,-46.866,1518.4759,-46.496,1518.4759,-45.457,1518.4759,-44.179,1518.4759,-42.946,1518.4759,-42.311
1518.4971,-46.842,1518.4971,-46.442,1518.4971,-45.390,1518.4971,-44.122,1518.4971,-42.895,1518.4971,-42.284
1518.5184,-46.822,1518.5184,-46.410,1518.5184,-45.344,1518.5184,-44.063,1518.5184,-42.846,1518.5184,-42.249
1518.5396,-46.787,1518.5396,-46.355,1518.5396,-45.276,1518.5396,-44.006,1518.5396,-42.792,1518.5396,-42.214
1518.5609,-46.763,1518.5609,-46.296,1518.5609,-45.229,1518.5609,-43.942,1518.5609,-42.746,1518.5609,-42.192
1518.5821,-46.746,1518.5821,-46.245,1518.5821,-45.172,1518.5821,-43.892,1518.5821,-42.700,1518.5821,-42.163
1518.6034,-46.708,1518.6034,-46.208,1518.6034,-45.106,1518.6034,-43.835,1518.6034,-42.648,1518.6034,-42.130
1518.6247,-46.686,1518.6247,-46.150,1518.6247,-45.051,1518.6247,-43.773,1518.6247,-42.600,1518.6247,-42.103
1518.6459,-46.659,1518.6459,-46.085,1518.6459,-44.998,1518.6459,-43.716,1518.6459,-42.555,1518.6459,-42.074
1518.6672,-46.622,1518.6672,-46.039,1518.6672,-44.926,1518.6672,-43.659,1518.6672,-42.501,1518.6672,-42.045
1518.6884,-46.603,1518.6884,-45.984,1518.6884,-44.873,1518.6884,-43.596,1518.6884,-42.443,1518.6884,-42.017
1518.7097,-46.556,1518.7097,-45.924,1518.7097,-44.808,1518.7097,-43.534,1518.7097,-42.397,1518.7097,-41.982
1518.7309,-46.523,1518.7309,-45.871,1518.7309,-44.749,1518.7309,-43.480,1518.7309,-42.344,1518.7309,-41.960
1518.7522,-46.503,1518.7522,-45.821,1518.7522,-44.687,1518.7522,-43.418,1518.7522,-42.296,1518.7522,-41.927
1518.7734,-46.456,1518.7734,-45.759,1518.7734,-44.619,1518.7734,-43.352,1518.7734,-42.239,1518.7734,-41.893
1518.7947,-46.432,1518.7947,-45.692,1518.7947,-44.557,1518.7947,-43.291,1518.7947,-42.189,1518.7947,-41.862
1518.8160,-46.391,1518.8160,-45.630,1518.8160,-44.491,1518.8160,-43.225,1518.8160,-42.134,1518.8160,-41.825
1518.8372,-46.354,1518.8372,-45.569,1518.8372,-44.415,1518.8372,-43.166,1518.8372,-42.076,1518.8372,-41.796
1518.8585,-46.331,1518.8585,-45.519,1518.8585,-44.359,1518.8585,-43.100,1518.8585,-42.028,1518.8585,-41.761
1518.8797,-46.272,1518.8797,-45.447,1518.8797,-44.291,1518.8797,-43.035,1518.8797,-41.969,1518.8797,-41.728
1518.9010,-46.240,1518.9010,-45.392,1518.9010,-44.235,1518.9010,-42.972,1518.9010,-41.920,1518.9010,-41.701
1518.9222,-46.201,1518.9222,-45.333,1518.9222,-44.160,1518.9222,-42.911,1518.9222,-41.859,1518.9222,-41.668
1518.9435,-46.157,1518.9435,-45.267,1518.9435,-44.087,1518.9435,-42.846,1518.9435,-41.812,1518.9435,-41.635
1518.9647,-46.126,1518.9647,-45.196,1518.9647,-44.026,1518.9647,-42.784,1518.9647,-41.759,1518.9647,-41.601
1518.9860,-46.078,1518.9860,-45.138,1518.9860,-43.955,1518.9860,-42.716,1518.9860,-41.705,1518.9860,-41.574
1519.0073,-46.039,1519.0073,-45.076,1519.0073,-43.891,1519.0073,-42.650,1519.0073,-41.650,1519.0073,-41.542
1519.0285,-46.002,1519.0285,-45.011,1519.0285,-43.823,1519.0285,-42.581,1519.0285,-41.597,1519.0285,-41.507
1519.0498,-45.939,1519.0498,-44.949,1519.0498,-43.750,1519.0498,-42.526,1519.0498,-41.551,1519.0498,-41.471
1519.0710,-45.899,1519.0710,-44.879,1519.0710,-43.689,1519.0710,-42.465,1519.0710,-41.493,1519.0710,-41.445
1519.0923,-45.856,1519.0923,-44.829,1519.0923,-43.621,1519.0923,-42.400,1519.0923,-41.440,1519.0923,-41.413
1519.1135,-45.808,1519.1135,-44.753,1519.1135,-43.552,1519.1135,-42.330,1519.1135,-41.388,1519.1135,-41.383
1519.1348,-45.757,1519.1348,-44.687,1519.1348,-43.487,1519.1348,-42.280,1519.1348,-41.339,1519.1348,-41.352
1519.1560,-45.718,1519.1560,-44.625,1519.1560,-43.424,1519.1560,-42.212,1519.1560,-41.290,1519.1560,-41.321
1519.1773,-45.662,1519.1773,-44.557,1519.1773,-43.346,1519.1773,-42.146,1519.1773,-41.239,1519.1773,-41.289
1519.1985,-45.625,1519.1985,-44.490,1519.1985,-43.282,1519.1985,-42.084,1519.1985,-41.193,1519.1985,-41.258
1519.2198,-45.562,1519.2198,-44.420,1519.2198,-43.223,1519.2198,-42.025,1519.2198,-41.141,1519.2198,-41.233
1519.2411,-45.520,1519.2411,-44.359,1519.2411,-43.152,1519.2411,-41.960,1519.2411,-41.092,1519.2411,-41.201
1519.2623,-45.466,1519.2623,-44.298,1519.2623,-43.091,1519.2623,-41.896,1519.2623,-41.039,1519.2623,-41.171
1519.2836,-45.415,1519.2836,-44.232,1519.2836,-43.027,1519.2836,-41.837,1519.2836,-40.995,1519.2836,-41.142
1519.3048,-45.362,1519.3048,-44.164,1519.3048,-42.957,1519.3048,-41.775,1519.3048,-40.940,1519.3048,-41.111
1519.3261,-45.308,1519.3261,-44.096,1519.3261,-42.887,1519.3261,-41.715,1519.3261,-40.899,1519.3261,-41.083
1519.3473,-45.270,1519.3473,-44.036,1519.3473,-42.823,1519.3473,-41.655,1519.3473,-40.847,1519.3473,-41.055
1519.3686,-45.208,1519.3686,-43.964,1519.3686,-42.753,1519.3686,-41.590,1519.3686,-40.800,1519.3686,-41.026
1519.3898,-45.155,1519.3898,-43.894,1519.3898,-42.685,1519.3898,-41.526,1519.3898,-40.757,1519.3898,-40.996
1519.4111,-45.105,1519.4111,-43.836,1519.4111,-42.625,1519.4111,-41.469,1519.4111,-40.710,1519.4111,-40.966
1519.4324,-45.049,1519.4324,-43.775,1519.4324,-42.561,1519.4324,-41.411,1519.4324,-40.662,1519.4324,-40.937
1519.4536,-45.001,1519.4536,-43.699,1519.4536,-42.497,1519.4536,-41.352,1519.4536,-40.617,1519.4536,-40.908
1519.4749,-44.940,1519.4749,-43.630,1519.4749,-42.426,1519.4749,-41.296,1519.4749,-40.571,1519.4749,-40.881
1519.4961,-44.884,1519.4961,-43.568,1519.4961,-42.360,1519.4961,-41.230,1519.4961,-40.529,1519.4961,-40.852
1519.5174,-44.837,1519.5174,-43.506,1519.5174,-42.297,1519.5174,-41.174,1519.5174,-40.483,1519.5174,-40.825
1519.5386,-44.773,1519.5386,-43.439,1519.5386,-42.229,1519.5386,-41.116,1519.5386,-40.440,1519.5386,-40.796
1519.5599,-44.721,1519.5599,-43.368,1519.5599,-42.166,1519.5599,-41.055,1519.5599,-40.398,1519.5599,-40.769
1519.5811,-44.665,1519.5811,-43.307,1519.5811,-42.097,1519.5811,-40.994,1519.5811,-40.351,1519.5811,-40.738
1519.6024,-44.603,1519.6024,-43.239,1519.6024,-42.031,1519.6024,-40.933,1519.6024,-40.310,1519.6024,-40.709
1519.6237,-44.544,1519.6237,-43.177,1519.6237,-41.967,1519.6237,-40.877,1519.6237,-40.263,1519.6237,-40.677
1519.6449,-44.483,1519.6449,-43.103,1519.6449,-41.897,1519.6449,-40.817,1519.6449,-40.223,1519.6449,-40.652
1519.6662,-44.431,1519.6662,-43.039,1519.6662,-41.839,1519.6662,-40.764,1519.6662,-40.180,1519.6662,-40.625
1519.6874,-44.369,1519.6874,-42.968,1519.6874,-41.770,1519.6874,-40.701,1519.6874,-40.141,1519.6874,-40.594
1519.7087,-44.313,1519.7087,-42.903,1519.7087,-41.705,1519.7087,-40.646,1519.7087,-40.096,1519.7087,-40.570
1519.7299,-44.248,1519.7299,-42.835,1519.7299,-41.636,1519.7299,-40.585,1519.7299,-40.055,1519.7299,-40.538
1519.7512,-44.191,1519.7512,-42.766,1519.7512,-41.572,1519.7512,-40.526,1519.7512,-40.015,1519.7512,-40.508
1519.7724,-44.129,1519.7724,-42.696,1519.7724,-41.510,1519.7724,-40.477,1519.7724,-39.976,1519.7724,-40.482
1519.7937,-44.062,1519.7937,-42.633,1519.7937,-41.444,1519.7937,-40.416,1519.7937,-39.935,1519.7937,-40.455
1519.8150,-44.005,1519.8150,-42.561,1519.8150,-41.375,1519.8150,-40.356,1519.8150,-39.891,1519.8150,-40.426
1519.8362,-43.935,1519.8362,-42.493,1519.8362,-41.310,1519.8362,-40.298,1519.8362,-39.852,1519.8362,-40.397
1519.8575,-43.870,1519.8575,-42.424,1519.8575,-41.248,1519.8575,-40.247,1519.8575,-39.813,1519.8575,-40.369
1519.8787,-43.806,1519.8787,-42.356,1519.8787,-41.184,1519.8787,-40.189,1519.8787,-39.773,1519.8787,-40.342
1519.9000,-43.749,1519.9000,-42.292,1519.9000,-41.118,1519.9000,-40.130,1519.9000,-39.736,1519.9000,-40.315
1519.9212,-43.676,1519.9212,-42.221,1519.9212,-41.053,1519.9212,-40.080,1519.9212,-39.696,1519.9212,-40.287
1519.9425,-43.612,1519.9425,-42.151,1519.9425,-40.990,1519.9425,-40.021,1519.9425,-39.663,1519.9425,-40.261
1519.9637,-43.542,1519.9637,-42.085,1519.9637,-40.926,1519.9637,-39.970,1519.9637,-39.626,1519.9637,-40.231
1519.9850,-43.462,1519.9850,-42.017,1519.9850,-40.854,1519.9850,-39.912,1519.9850,-39.585,1519.9850,-40.202
1520.0063,-43.395,1520.0063,-41.943,1520.0063,-40.789,1520.0063,-39.853,1520.0063,-39.549,1520.0063,-40.171
1520.0275,-43.311,1520.0275,-41.869,1520.0275,-40.721,1520.0275,-39.798,1520.0275,-39.509,1520.0275,-40.143
1520.0488,-43.241,1520.0488,-41.795,1520.0488,-40.653,1520.0488,-39.739,1520.0488,-39.468,1520.0488,-40.113
1520.0700,-43.165,1520.0700,-41.724,1520.0700,-40.584,1520.0700,-39.681,1520.0700,-39.429,1520.0700,-40.078
1520.0913,-43.093,1520.0913,-41.647,1520.0913,-40.515,1520.0913,-39.624,1520.0913,-39.390,1520.0913,-40.048
1520.1125,-43.014,1520.1125,-41.569,1520.1125,-40.445,1520.1125,-39.566,1520.1125,-39.352,1520.1125,-40.013
1520.1338,-42.944,1520.1338,-41.496,1520.1338,-40.370,1520.1338,-39.504,1520.1338,-39.310,1520.1338,-39.977
1520.1550,-42.873,1520.1550,-41.418,1520.1550,-40.300,1520.1550,-39.445,1520.1550,-39.267,1520.1550,-39.941
1520.1763,-42.790,1520.1763,-41.346,1520.1763,-40.227,1520.1763,-39.387,1520.1763,-39.226,1520.1763,-39.904
1520.1975,-42.714,1520.1975,-41.262,1520.1975,-40.157,1520.1975,-39.324,1520.1975,-39.182,1520.1975,-39.865
1520.2188,-42.639,1520.2188,-41.190,1520.2188,-40.086,1520.2188,-39.264,1520.2188,-39.136,1520.2188,-39.828
1520.2401,-42.561,1520.2401,-41.109,1520.2401,-40.016,1520.2401,-39.203,1520.2401,-39.093,1520.2401,-39.792
1520.2613,-42.488,1520.2613,-41.032,1520.2613,-39.942,1520.2613,-39.145,1520.2613,-39.047,1520.2613,-39.751
1520.2826,-42.419,1520.2826,-40.956,1520.2826,-39.870,1520.2826,-39.084,1520.2826,-39.007,1520.2826,-39.719
1520.3038,-42.343,1520.3038,-40.877,1520.3038,-39.796,1520.3038,-39.024,1520.3038,-38.961,1520.3038,-39.676
1520.3251,-42.265,1520.3251,-40.804,1520.3251,-39.724,1520.3251,-38.962,1520.3251,-38.921,1520.3251,-39.637
1520.3463,-42.184,1520.3463,-40.722,1520.3463,-39.653,1520.3463,-38.904,1520.3463,-38.875,1520.3463,-39.596
1520.3676,-42.110,1520.3676,-40.649,1520.3676,-39.581,1520.3676,-38.842,1520.3676,-38.829,1520.3676,-39.560
1520.3888,-42.033,1520.3888,-40.574,1520.3888,-39.513,1520.3888,-38.783,1520.3888,-38.784,1520.3888,-39.523
1520.4101,-41.956,1520.4101,-40.499,1520.4101,-39.444,1520.4101,-38.730,1520.4101,-38.742,1520.4101,-39.484
1520.4314,-41.882,1520.4314,-40.418,1520.4314,-39.375,1520.4314,-38.671,1520.4314,-38.700,1520.4314,-39.447
1520.4526,-41.807,1520.4526,-40.340,1520.4526,-39.299,1520.4526,-38.613,1520.4526,-38.659,1520.4526,-39.407
1520.4739,-41.732,1520.4739,-40.262,1520.4739,-39.225,1520.4739,-38.552,1520.4739,-38.616,1520.4739,-39.368
1520.4951,-41.652,1520.4951,-40.183,1520.4951,-39.155,1520.4951,-38.494,1520.4951,-38.574,1520.4951,-39.334
1520.5164,-41.573,1520.5164,-40.107,1520.5164,-39.082,1520.5164,-38.432,1520.5164,-38.531,1520.5164,-39.292
1520.5376,-41.499,1520.5376,-40.033,1520.5376,-39.010,1520.5376,-38.375,1520.5376,-38.485,1520.5376,-39.253
1520.5589,-41.413,1520.5589,-39.958,1520.5589,-38.940,1520.5589,-38.324,1520.5589,-38.442,1520.5589,-39.216
1520.5801,-41.330,1520.5801,-39.881,1520.5801,-38.870,1520.5801,-38.261,1520.5801,-38.402,1520.5801,-39.179
1520.6014,-41.256,1520.6014,-39.803,1520.6014,-38.802,1520.6014,-38.210,1520.6014,-38.359,1520.6014,-39.140
1520.6227,-41.181,1520.6227,-39.726,1520.6227,-38.729,1520.6227,-38.152,1520.6227,-38.319,1520.6227,-39.104
1520.6439,-41.100,1520.6439,-39.643,1520.6439,-38.660,1520.6439,-38.092,1520.6439,-38.277,1520.6439,-39.064
1520.6652,-41.022,1520.6652,-39.570,1520.6652,-38.588,1520.6652,-38.041,1520.6652,-38.240,1520.6652,-39.024
1520.6864,-40.942,1520.6864,-39.488,1520.6864,-38.514,1520.6864,-37.980,1520.6864,-38.196,1520.6864,-38.984
1520.7077,-40.863,1520.7077,-39.415,1520.7077,-38.443,1520.7077,-37.925,1520.7077,-38.154,1520.7077,-38.946
1520.7289,-40.776,1520.7289,-39.337,1520.7289,-38.378,1520.7289,-37.873,1520.7289,-38.114,1520.7289,-38.908
1520.7502,-40.699,1520.7502,-39.263,1520.7502,-38.308,1520.7502,-37.822,1520.7502,-38.071,1520.7502,-38.872
1520.7714,-40.621,1520.7714,-39.189,1520.7714,-38.241,1520.7714,-37.772,1520.7714,-38.031,1520.7714,-38.838
1520.7927,-40.541,1520.7927,-39.108,1520.7927,-38.175,1520.7927,-37.715,1520.7927,-37.990,1520.7927,-38.801
1520.8140,-40.468,1520.8140,-39.029,1520.8140,-38.109,1520.8140,-37.664,1520.8140,-37.955,1520.8140,-38.766
1520.8352,-40.389,1520.8352,-38.958,1520.8352,-38.042,1520.8352,-37.616,1520.8352,-37.916,1520.8352,-38.731
1520.8565,-40.318,1520.8565,-38.882,1520.8565,-37.971,1520.8565,-37.561,1520.8565,-37.875,1520.8565,-38.694
1520.8777,-40.239,1520.8777,-38.808,1520.8777,-37.911,1520.8777,-37.510,1520.8777,-37.835,1520.8777,-38.658
1520.8990,-40.161,1520.8990,-38.735,1520.8990,-37.846,1520.8990,-37.459,1520.8990,-37.794,1520.8990,-38.620
1520.9202,-40.087,1520.9202,-38.664,1520.9202,-37.779,1520.9202,-37.408,1520.9202,-37.754,1520.9202,-38.591
1520.9415,-40.011,1520.9415,-38.591,1520.9415,-37.718,1520.9415,-37.360,1520.9415,-37.717,1520.9415,-38.555
1520.9627,-39.940,1520.9627,-38.517,1520.9627,-37.655,1520.9627,-37.312,1520.9627,-37.678,1520.9627,-38.523
1520.9840,-39.856,1520.9840,-38.447,1520.9840,-37.596,1520.9840,-37.269,1520.9840,-37.642,1520.9840,-38.489
1521.0053,-39.783,1521.0053,-38.374,1521.0053,-37.531,1521.0053,-37.220,1521.0053,-37.603,1521.0053,-38.458
1521.0265,-39.714,1521.0265,-38.304,1521.0265,-37.468,1521.0265,-37.170,1521.0265,-37.567,1521.0265,-38.424
1521.0478,-39.641,1521.0478,-38.232,1521.0478,-37.406,1521.0478,-37.124,1521.0478,-37.531,1521.0478,-38.392
1521.0690,-39.566,1521.0690,-38.162,1521.0690,-37.346,1521.0690,-37.078,1521.0690,-37.491,1521.0690,-38.361
1521.0903,-39.496,1521.0903,-38.098,1521.0903,-37.282,1521.0903,-37.031,1521.0903,-37.455,1521.0903,-38.325
1521.1115,-39.420,1521.1115,-38.027,1521.1115,-37.222,1521.1115,-36.987,1521.1115,-37.416,1521.1115,-38.298
1521.1328,-39.351,1521.1328,-37.957,1521.1328,-37.167,1521.1328,-36.943,1521.1328,-37.380,1521.1328,-38.266
1521.1540,-39.275,1521.1540,-37.891,1521.1540,-37.105,1521.1540,-36.901,1521.1540,-37.348,1521.1540,-38.240
1521.1753,-39.203,1521.1753,-37.823,1521.1753,-37.050,1521.1753,-36.859,1521.1753,-37.312,1521.1753,-38.209
1521.1965,-39.131,1521.1965,-37.757,1521.1965,-36.992,1521.1965,-36.815,1521.1965,-37.274,1521.1965,-38.179
1521.2178,-39.054,1521.2178,-37.686,1521.2178,-36.935,1521.2178,-36.770,1521.2178,-37.240,1521.2178,-38.149
1521.2391,-38.977,1521.2391,-37.620,1521.2391,-36.874,1521.2391,-36.732,1521.2391,-37.205,1521.2391,-38.120
1521.2603,-38.898,1521.2603,-37.550,1521.2603,-36.817,1521.2603,-36.687,1521.2603,-37.168,1521.2603,-38.091
1521.2816,-38.817,1521.2816,-37.477,1521.2816,-36.761,1521.2816,-36.645,1521.2816,-37.136,1521.2816,-38.063
1521.3028,-38.730,1521.3028,-37.412,1521.3028,-36.703,1521.3028,-36.605,1521.3028,-37.099,1521.3028,-38.037
1521.3241,-38.645,1521.3241,-37.343,1521.3241,-36.649,1521.3241,-36.562,1521.3241,-37.061,1521.3241,-38.008
1521.3453,-38.558,1521.3453,-37.272,1521.3453,-36.589,1521.3453,-36.521,1521.3453,-37.027,1521.3453,-37.979
1521.3666,-38.468,1521.3666,-37.196,1521.3666,-36.532,1521.3666,-36.477,1521.3666,-36.989,1521.3666,-37.953
1521.3878,-38.382,1521.3878,-37.124,1521.3878,-36.472,1521.3878,-36.437,1521.3878,-36.955,1521.3878,-37.923
1521.4091,-38.295,1521.4091,-37.044,1521.4091,-36.413,1521.4091,-36.392,1521.4091,-36.917,1521.4091,-37.898
1521.4304,-38.205,1521.4304,-36.964,1521.4304,-36.349,1521.4304,-36.343,1521.4304,-36.878,1521.4304,-37.861
1521.4516,-38.107,1521.4516,-36.885,1521.4516,-36.285,1521.4516,-36.293,1521.4516,-36.837,1521.4516,-37.827
1521.4729,-38.011,1521.4729,-36.799,1521.4729,-36.214,1521.4729,-36.241,1521.4729,-36.789,1521.4729,-37.789
1521.4941,-37.920,1521.4941,-36.721,1521.4941,-36.147,1521.4941,-36.187,1521.4941,-36.740,1521.4941,-37.750
1521.5154,-37.824,1521.5154,-36.632,1521.5154,-36.079,1521.5154,-36.129,1521.5154,-36.687,1521.5154,-37.708
1521.5366,-37.735,1521.5366,-36.547,1521.5366,-36.007,1521.5366,-36.078,1521.5366,-36.636,1521.5366,-37.673
1521.5579,-37.641,1521.5579,-36.462,1521.5579,-35.937,1521.5579,-36.018,1521.5579,-36.583,1521.5579,-37.632
1521.5791,-37.554,1521.5791,-36.375,1521.5791,-35.861,1521.5791,-35.963,1521.5791,-36.530,1521.5791,-37.590
1521.6004,-37.464,1521.6004,-36.287,1521.6004,-35.791,1521.6004,-35.900,1521.6004,-36.477,1521.6004,-37.549
1521.6217,-37.374,1521.6217,-36.205,1521.6217,-35.716,1521.6217,-35.842,1521.6217,-36.423,1521.6217,-37.503
1521.6429,-37.282,1521.6429,-36.122,1521.6429,-35.645,1521.6429,-35.782,1521.6429,-36.366,1521.6429,-37.460
1521.6642,-37.188,1521.6642,-36.041,1521.6642,-35.573,1521.6642,-35.723,1521.6642,-36.308,1521.6642,-37.412
1521.6854,-37.100,1521.6854,-35.962,1521.6854,-35.506,1521.6854,-35.664,1521.6854,-36.251,1521.6854,-37.374
1521.7067,-37.012,1521.7067,-35.880,1521.7067,-35.441,1521.7067,-35.613,1521.7067,-36.197,1521.7067,-37.333
1521.7279,-36.924,1521.7279,-35.802,1521.7279,-35.373,1521.7279,-35.560,1521.7279,-36.144,1521.7279,-37.294
1521.7492,-36.838,1521.7492,-35.718,1521.7492,-35.305,1521.7492,-35.501,1521.7492,-36.091,1521.7492,-37.256
1521.7704,-36.753,1521.7704,-35.636,1521.7704,-35.240,1521.7704,-35.451,1521.7704,-36.039,1521.7704,-37.219
1521.7917,-36.664,1521.7917,-35.556,1521.7917,-35.169,1521.7917,-35.390,1521.7917,-35.990,1521.7917,-37.179
1521.8130,-36.578,1521.8130,-35.477,1521.8130,-35.102,1521.8130,-35.337,1521.8130,-35.935,1521.8130,-37.141
1521.8342,-36.494,1521.8342,-35.406,1521.8342,-35.038,1521.8342,-35.280,1521.8342,-35.887,1521.8342,-37.103
1521.8555,-36.403,1521.8555,-35.330,1521.8555,-34.976,1521.8555,-35.227,1521.8555,-35.834,1521.8555,-37.067
1521.8767,-36.317,1521.8767,-35.256,1521.8767,-34.918,1521.8767,-35.177,1521.8767,-35.780,1521.8767,-37.034
1521.8980,-36.230,1521.8980,-35.183,1521.8980,-34.859,1521.8980,-35.129,1521.8980,-35.728,1521.8980,-37.003
1521.9192,-36.151,1521.9192,-35.105,1521.9192,-34.799,1521.9192,-35.081,1521.9192,-35.682,1521.9192,-36.971
1521.9405,-36.065,1521.9405,-35.026,1521.9405,-34.739,1521.9405,-35.030,1521.9405,-35.635,1521.9405,-36.943
1521.9617,-35.986,1521.9617,-34.950,1521.9617,-34.675,1521.9617,-34.978,1521.9617,-35.585,1521.9617,-36.911
1521.9830,-35.903,1521.9830,-34.875,1521.9830,-34.614,1521.9830,-34.924,1521.9830,-35.539,1521.9830,-36.878
1522.0043,-35.817,1522.0043,-34.802,1522.0043,-34.553,1522.0043,-34.869,1522.0043,-35.490,1522.0043,-36.843
1522.0255,-35.736,1522.0255,-34.735,1522.0255,-34.498,1522.0255,-34.821,1522.0255,-35.442,1522.0255,-36.813
1522.0468,-35.651,1522.0468,-34.664,1522.0468,-34.436,1522.0468,-34.772,1522.0468,-35.388,1522.0468,-36.783
1522.0680,-35.569,1522.0680,-34.593,1522.0680,-34.385,1522.0680,-34.723,1522.0680,-35.338,1522.0680,-36.756
1522.0893,-35.487,1522.0893,-34.525,1522.0893,-34.333,1522.0893,-34.677,1522.0893,-35.293,1522.0893,-36.731
1522.1105,-35.407,1522.1105,-34.450,1522.1105,-34.270,1522.1105,-34.628,1522.1105,-35.245,1522.1105,-36.710
1522.1318,-35.329,1522.1318,-34.378,1522.1318,-34.217,1522.1318,-34.580,1522.1318,-35.201,1522.1318,-36.685
1522.1530,-35.250,1522.1530,-34.308,1522.1530,-34.156,1522.1530,-34.530,1522.1530,-35.156,1522.1530,-36.657
1522.1743,-35.170,1522.1743,-34.235,1522.1743,-34.090,1522.1743,-34.478,1522.1743,-35.110,1522.1743,-36.630
1522.1955,-35.091,1522.1955,-34.170,1522.1955,-34.034,1522.1955,-34.426,1522.1955,-35.061,1522.1955,-36.604
1522.2168,-35.008,1522.2168,-34.103,1522.2168,-33.976,1522.2168,-34.378,1522.2168,-35.014,1522.2168,-36.577
1522.2381,-34.930,1522.2381,-34.026,1522.2381,-33.925,1522.2381,-34.327,1522.2381,-34.969,1522.2381,-36.553
1522.2593,-34.852,1522.2593,-33.965,1522.2593,-33.873,1522.2593,-34.287,1522.2593,-34.923,1522.2593,-36.536
1522.2806,-34.773,1522.2806,-33.898,1522.2806,-33.824,1522.2806,-34.239,1522.2806,-34.876,1522.2806,-36.517
1522.3018,-34.699,1522.3018,-33.833,1522.3018,-33.769,1522.3018,-34.196,1522.3018,-34.837,1522.3018,-36.499
1522.3231,-34.623,1522.3231,-33.766,1522.3231,-33.717,1522.3231,-34.148,1522.3231,-34.795,1522.3231,-36.477
1522.3443,-34.546,1522.3443,-33.700,1522.3443,-33.663,1522.3443,-34.093,1522.3443,-34.755,1522.3443,-36.458
1522.3656,-34.473,1522.3656,-33.641,1522.3656,-33.612,1522.3656,-34.043,1522.3656,-34.714,1522.3656,-36.439
1522.3868,-34.399,1522.3868,-33.580,1522.3868,-33.560,1522.3868,-33.994,1522.3868,-34.669,1522.3868,-36.421
1522.4081,-34.323,1522.4081,-33.517,1522.4081,-33.510,1522.4081,-33.952,1522.4081,-34.624,1522.4081,-36.404
1522.4294,-34.252,1522.4294,-33.455,1522.4294,-33.465,1522.4294,-33.905,1522.4294,-34.581,1522.4294,-36.388
1522.4506,-34.182,1522.4506,-33.399,1522.4506,-33.415,1522.4506,-33.865,1522.4506,-34.544,1522.4506,-36.376
1522.4719,-34.111,1522.4719,-33.336,1522.4719,-33.368,1522.4719,-33.821,1522.4719,-34.505,1522.4719,-36.364
1522.4931,-34.035,1522.4931,-33.277,1522.4931,-33.322,1522.4931,-33.779,1522.4931,-34.465,1522.4931,-36.353
1522.5144,-33.962,1522.5144,-33.221,1522.5144,-33.275,1522.5144,-33.738,1522.5144,-34.432,1522.5144,-36.343
1522.5356,-33.899,1522.5356,-33.167,1522.5356,-33.230,1522.5356,-33.696,1522.5356,-34.393,1522.5356,-36.333
1522.5569,-33.831,1522.5569,-33.113,1522.5569,-33.187,1522.5569,-33.655,1522.5569,-34.362,1522.5569,-36.324
1522.5781,-33.762,1522.5781,-33.060,1522.5781,-33.146,1522.5781,-33.613,1522.5781,-34.320,1522.5781,-36.317
1522.5994,-33.690,1522.5994,-33.011,1522.5994,-33.103,1522.5994,-33.574,1522.5994,-34.288,1522.5994,-36.311
1522.6207,-33.617,1522.6207,-32.957,1522.6207,-33.064,1522.6207,-33.537,1522.6207,-34.255,1522.6207,-36.308
1522.6419,-33.536,1522.6419,-32.906,1522.6419,-33.025,1522.6419,-33.497,1522.6419,-34.225,1522.6419,-36.303
1522.6632,-33.456,1522.6632,-32.857,1522.6632,-32.984,1522.6632,-33.460,1522.6632,-34.197,1522.6632,-36.303
1522.6844,-33.376,1522.6844,-32.803,1522.6844,-32.948,1522.6844,-33.426,1522.6844,-34.164,1522.6844,-36.302
1522.7057,-33.290,1522.7057,-32.748,1522.7057,-32.902,1522.7057,-33.388,1522.7057,-34.135,1522.7057,-36.302
1522.7269,-33.204,1522.7269,-32.691,1522.7269,-32.863,1522.7269,-33.348,1522.7269,-34.103,1522.7269,-36.301
1522.7482,-33.116,1522.7482,-32.634,1522.7482,-32.816,1522.7482,-33.307,1522.7482,-34.071,1522.7482,-36.298
1522.7694,-33.018,1522.7694,-32.571,1522.7694,-32.770,1522.7694,-33.263,1522.7694,-34.037,1522.7694,-36.295
1522.7907,-32.921,1522.7907,-32.507,1522.7907,-32.717,1522.7907,-33.215,1522.7907,-34.001,1522.7907,-36.288
1522.8120,-32.820,1522.8120,-32.441,1522.8120,-32.663,1522.8120,-33.167,1522.8120,-33.965,1522.8120,-36.281
1522.8332,-32.716,1522.8332,-32.367,1522.8332,-32.607,1522.8332,-33.114,1522.8332,-33.923,1522.8332,-36.270
1522.8545,-32.620,1522.8545,-32.292,1522.8545,-32.545,1522.8545,-33.059,1522.8545,-33.880,1522.8545,-36.257
1522.8757,-32.525,1522.8757,-32.211,1522.8757,-32.480,1522.8757,-32.998,1522.8757,-33.831,1522.8757,-36.238
1522.8970,-32.430,1522.8970,-32.127,1522.8970,-32.408,1522.8970,-32.932,1522.8970,-33.781,1522.8970,-36.217
1522.9182,-32.333,1522.9182,-32.042,1522.9182,-32.335,1522.9182,-32.863,1522.9182,-33.729,1522.9182,-36.192
1522.9395,-32.240,1522.9395,-31.959,1522.9395,-32.259,1522.9395,-32.792,1522.9395,-33.672,1522.9395,-36.163
1522.9607,-32.137,1522.9607,-31.879,1522.9607,-32.182,1522.9607,-32.717,1522.9607,-33.613,1522.9607,-36.134
1522.9820,-32.039,1522.9820,-31.797,1522.9820,-32.107,1522.9820,-32.642,1522.9820,-33.551,1522.9820,-36.102
1523.0033,-31.939,1523.0033,-31.716,1523.0033,-32.030,1523.0033,-32.569,1523.0033,-33.484,1523.0033,-36.071
1523.0245,-31.841,1523.0245,-31.634,1523.0245,-31.959,1523.0245,-32.496,1523.0245,-33.414,1523.0245,-36.041
1523.0458,-31.750,1523.0458,-31.551,1523.0458,-31.883,1523.0458,-32.422,1523.0458,-33.353,1523.0458,-36.015
1523.0670,-31.659,1523.0670,-31.462,1523.0670,-31.808,1523.0670,-32.349,1523.0670,-33.289,1523.0670,-35.991
1523.0883,-31.577,1523.0883,-31.380,1523.0883,-31.733,1523.0883,-32.278,1523.0883,-33.233,1523.0883,-35.967
1523.1095,-31.491,1523.1095,-31.302,1523.1095,-31.658,1523.1095,-32.200,1523.1095,-33.178,1523.1095,-35.944
1523.1308,-31.402,1523.1308,-31.226,1523.1308,-31.581,1523.1308,-32.130,1523.1308,-33.119,1523.1308,-35.919
1523.1520,-31.309,1523.1520,-31.157,1523.1520,-31.514,1523.1520,-32.056,1523.1520,-33.062,1523.1520,-35.897
1523.1733,-31.221,1523.1733,-31.089,1523.1733,-31.446,1523.1733,-31.990,1523.1733,-33.004,1523.1733,-35.877
1523.1945,-31.134,1523.1945,-31.020,1523.1945,-31.378,1523.1945,-31.923,1523.1945,-32.945,1523.1945,-35.861
1523.2158,-31.049,1523.2158,-30.945,1523.2158,-31.316,1523.2158,-31.863,1523.2158,-32.893,1523.2158,-35.848
1523.2371,-30.972,1523.2371,-30.874,1523.2371,-31.254,1523.2371,-31.804,1523.2371,-32.846,1523.2371,-35.843
1523.2583,-30.893,1523.2583,-30.803,1523.2583,-31.187,1523.2583,-31.742,1523.2583,-32.802,1523.2583,-35.839
1523.2796,-30.817,1523.2796,-30.730,1523.2796,-31.120,1523.2796,-31.678,1523.2796,-32.758,1523.2796,-35.829
1523.3008,-30.739,1523.3008,-30.663,1523.3008,-31.053,1523.3008,-31.611,1523.3008,-32.715,1523.3008,-35.823
1523.3221,-30.659,1523.3221,-30.601,1523.3221,-30.987,1523.3221,-31.550,1523.3221,-32.670,1523.3221,-35.815
1523.3433,-30.578,1523.3433,-30.539,1523.3433,-30.921,1523.3433,-31.488,1523.3433,-32.621,1523.3433,-35.804
1523.3646,-30.500,1523.3646,-30.481,1523.3646,-30.867,1523.3646,-31.431,1523.3646,-32.580,1523.3646,-35.803
1523.3858,-30.423,1523.3858,-30.422,1523.3858,-30.811,1523.3858,-31.381,1523.3858,-32.536,1523.3858,-35.806
1523.4071,-30.350,1523.4071,-30.360,1523.4071,-30.757,1523.4071,-31.329,1523.4071,-32.498,1523.4071,-35.812
1523.4284,-30.282,1523.4284,-30.298,1523.4284,-30.702,1523.4284,-31.282,1523.4284,-32.465,1523.4284,-35.820
1523.4496,-30.215,1523.4496,-30.233,1523.4496,-30.642,1523.4496,-31.227,1523.4496,-32.433,1523.4496,-35.826
1523.4709,-30.147,1523.4709,-30.170,1523.4709,-30.579,1523.4709,-31.168,1523.4709,-32.402,1523.4709,-35.831
1523.4921,-30.077,1523.4921,-30.111,1523.4921,-30.518,1523.4921,-31.111,1523.4921,-32.367,1523.4921,-35.830
1523.5134,-30.010,1523.5134,-30.058,1523.5134,-30.457,1523.5134,-31.055,1523.5134,-32.328,1523.5134,-35.834
1523.5346,-29.940,1523.5346,-30.004,1523.5346,-30.403,1523.5346,-31.003,1523.5346,-32.293,1523.5346,-35.843
1523.5559,-29.874,1523.5559,-29.955,1523.5559,-30.356,1523.5559,-30.958,1523.5559,-32.259,1523.5559,-35.856
1523.5771,-29.812,1523.5771,-29.901,1523.5771,-30.305,1523.5771,-30.914,1523.5771,-32.225,1523.5771,-35.873
1523.5984,-29.750,1523.5984,-29.845,1523.5984,-30.258,1523.5984,-30.872,1523.5984,-32.202,1523.5984,-35.894
1523.6197,-29.689,1523.6197,-29.785,1523.6197,-30.205,1523.6197,-30.828,1523.6197,-32.174,1523.6197,-35.913
1523.6409,-29.631,1523.6409,-29.730,1523.6409,-30.151,1523.6409,-30.779,1523.6409,-32.151,1523.6409,-35.932
1523.6622,-29.573,1523.6622,-29.675,1523.6622,-30.093,1523.6622,-30.727,1523.6622,-32.127,1523.6622,-35.949
1523.6834,-29.519,1523.6834,-29.624,1523.6834,-30.040,1523.6834,-30.680,1523.6834,-32.103,1523.6834,-35.967
1523.7047,-29.462,1523.7047,-29.577,1523.7047,-29.992,1523.7047,-30.632,1523.7047,-32.074,1523.7047,-35.981
1523.7259,-29.405,1523.7259,-29.530,1523.7259,-29.938,1523.7259,-30.587,1523.7259,-32.046,1523.7259,-36.002
1523.7472,-29.352,1523.7472,-29.480,1523.7472,-29.894,1523.7472,-30.546,1523.7472,-32.022,1523.7472,-36.031
1523.7684,-29.296,1523.7684,-29.432,1523.7684,-29.844,1523.7684,-30.505,1523.7684,-31.997,1523.7684,-36.059
1523.7897,-29.249,1523.7897,-29.380,1523.7897,-29.799,1523.7897,-30.467,1523.7897,-31.975,1523.7897,-36.088
1523.8110,-29.200,1523.8110,-29.331,1523.8110,-29.752,1523.8110,-30.425,1523.8110,-31.961,1523.8110,-36.123
1523.8322,-29.162,1523.8322,-29.285,1523.8322,-29.703,1523.8322,-30.386,1523.8322,-31.947,1523.8322,-36.156
1523.8535,-29.118,1523.8535,-29.242,1523.8535,-29.657,1523.8535,-30.348,1523.8535,-31.933,1523.8535,-36.189
1523.8747,-29.076,1523.8747,-29.206,1523.8747,-29.613,1523.8747,-30.312,1523.8747,-31.918,1523.8747,-36.227
1523.8960,-29.037,1523.8960,-29.169,1523.8960,-29.570,1523.8960,-30.277,1523.8960,-31.903,1523.8960,-36.266
1523.9172,-28.997,1523.9172,-29.136,1523.9172,-29.535,1523.9172,-30.246,1523.9172,-31.893,1523.9172,-36.310
1523.9385,-28.952,1523.9385,-29.098,1523.9385,-29.501,1523.9385,-30.221,1523.9385,-31.885,1523.9385,-36.359
1523.9597,-28.904,1523.9597,-29.062,1523.9597,-29.464,1523.9597,-30.194,1523.9597,-31.880,1523.9597,-36.412
1523.9810,-28.851,1523.9810,-29.028,1523.9810,-29.429,1523.9810,-30.172,1523.9810,-31.880,1523.9810,-36.467
1524.0023,-28.800,1524.0023,-28.999,1524.0023,-29.402,1524.0023,-30.152,1524.0023,-31.884,1524.0023,-36.526
1524.0235,-28.747,1524.0235,-28.970,1524.0235,-29.372,1524.0235,-30.134,1524.0235,-31.893,1524.0235,-36.587
1524.0448,-28.684,1524.0448,-28.938,1524.0448,-29.345,1524.0448,-30.116,1524.0448,-31.901,1524.0448,-36.651
1524.0660,-28.610,1524.0660,-28.903,1524.0660,-29.317,1524.0660,-30.101,1524.0660,-31.911,1524.0660,-36.718
1524.0873,-28.529,1524.0873,-28.868,1524.0873,-29.286,1524.0873,-30.085,1524.0873,-31.916,1524.0873,-36.783
1524.1085,-28.436,1524.1085,-28.824,1524.1085,-29.256,1524.1085,-30.066,1524.1085,-31.927,1524.1085,-36.849
1524.1298,-28.333,1524.1298,-28.777,1524.1298,-29.219,1524.1298,-30.047,1524.1298,-31.933,1524.1298,-36.912
1524.1510,-28.229,1524.1510,-28.724,1524.1510,-29.175,1524.1510,-30.021,1524.1510,-31.939,1524.1510,-36.975
1524.1723,-28.125,1524.1723,-28.657,1524.1723,-29.128,1524.1723,-29.992,1524.1723,-31.938,1524.1723,-37.029
1524.1935,-28.024,1524.1935,-28.578,1524.1935,-29.071,1524.1935,-29.957,1524.1935,-31.936,1524.1935,-37.080
1524.2148,-27.922,1524.2148,-28.492,1524.2148,-29.002,1524.2148,-29.908,1524.2148,-31.923,1524.2148,-37.123
1524.2361,-27.822,1524.2361,-28.397,1524.2361,-28.927,1524.2361,-29.849,1524.2361,-31.903,1524.2361,-37.155
1524.2573,-27.723,1524.2573,-28.302,1524.2573,-28.841,1524.2573,-29.784,1524.2573,-31.876,1524.2573,-37.176
1524.2786,-27.617,1524.2786,-28.205,1524.2786,-28.750,1524.2786,-29.712,1524.2786,-31.840,1524.2786,-37.193
1524.2998,-27.519,1524.2998,-28.116,1524.2998,-28.660,1524.2998,-29.635,1524.2998,-31.794,1524.2998,-37.206
1524.3211,-27.414,1524.3211,-28.021,1524.3211,-28.568,1524.3211,-29.555,1524.3211,-31.740,1524.3211,-37.214
1524.3423,-27.315,1524.3423,-27.919,1524.3423,-28.477,1524.3423,-29.479,1524.3423,-31.682,1524.3423,-37.222
1524.3636,-27.222,1524.3636,-27.816,1524.3636,-28.381,1524.3636,-29.399,1524.3636,-31.622,1524.3636,-37.234
1524.3848,-27.143,1524.3848,-27.712,1524.3848,-28.286,1524.3848,-29.317,1524.3848,-31.569,1524.3848,-37.245
1524.4061,-27.064,1524.4061,-27.611,1524.4061,-28.183,1524.4061,-29.234,1524.4061,-31.516,1524.4061,-37.254
1524.4274,-26.981,1524.4274,-27.512,1524.4274,-28.085,1524.4274,-29.145,1524.4274,-31.463,1524.4274,-37.256
1524.4486,-26.901,1524.4486,-27.422,1524.4486,-27.986,1524.4486,-29.062,1524.4486,-31.413,1524.4486,-37.268
1524.4699,-26.814,1524.4699,-27.345,1524.4699,-27.896,1524.4699,-28.985,1524.4699,-31.361,1524.4699,-37.281
1524.4911,-26.729,1524.4911,-27.269,1524.4911,-27.820,1524.4911,-28.919,1524.4911,-31.315,1524.4911,-37.303
1524.5124,-26.644,1524.5124,-27.191,1524.5124,-27.745,1524.5124,-28.854,1524.5124,-31.268,1524.5124,-37.334
1524.5336,-26.568,1524.5336,-27.114,1524.5336,-27.670,1524.5336,-28.800,1524.5336,-31.225,1524.5336,-37.372
1524.5549,-26.501,1524.5549,-27.034,1524.5549,-27.602,1524.5549,-28.747,1524.5549,-31.194,1524.5549,-37.416
1524.5761,-26.439,1524.5761,-26.951,1524.5761,-27.528,1524.5761,-28.690,1524.5761,-31.171,1524.5761,-37.462
1524.5974,-26.379,1524.5974,-26.870,1524.5974,-27.452,1524.5974,-28.633,1524.5974,-31.149,1524.5974,-37.510
1524.6187,-26.309,1524.6187,-26.795,1524.6187,-27.373,1524.6187,-28.573,1524.6187,-31.129,1524.6187,-37.552
1524.6399,-26.240,1524.6399,-26.727,1524.6399,-27.303,1524.6399,-28.518,1524.6399,-31.107,1524.6399,-37.596
1524.6612,-26.166,1524.6612,-26.667,1524.6612,-27.240,1524.6612,-28.469,1524.6612,-31.087,1524.6612,-37.652
1524.6824,-26.095,1524.6824,-26.609,1524.6824,-27.181,1524.6824,-28.426,1524.6824,-31.063,1524.6824,-37.710
1524.7037,-26.032,1524.7037,-26.550,1524.7037,-27.133,1524.7037,-28.391,1524.7037,-31.046,1524.7037,-37.775
1524.7249,-25.980,1524.7249,-26.487,1524.7249,-27.085,1524.7249,-28.361,1524.7249,-31.039,1524.7249,-37.854
1524.7462,-25.929,1524.7462,-26.419,1524.7462,-27.035,1524.7462,-28.332,1524.7462,-31.039,1524.7462,-37.932
1524.7674,-25.878,1524.7674,-26.353,1524.7674,-26.980,1524.7674,-28.299,1524.7674,-31.046,1524.7674,-38.009
1524.7887,-25.825,1524.7887,-26.287,1524.7887,-26.921,1524.7887,-28.262,1524.7887,-31.050,1524.7887,-38.086
1524.8100,-25.769,1524.8100,-26.227,1524.8100,-26.862,1524.8100,-28.220,1524.8100,-31.052,1524.8100,-38.151
1524.8312,-25.712,1524.8312,-26.173,1524.8312,-26.804,1524.8312,-28.181,1524.8312,-31.047,1524.8312,-38.225
1524.8525,-25.655,1524.8525,-26.123,1524.8525,-26.755,1524.8525,-28.146,1524.8525,-31.038,1524.8525,-38.296
1524.8737,-25.601,1524.8737,-26.076,1524.8737,-26.715,1524.8737,-28.121,1524.8737,-31.038,1524.8737,-38.380
1524.8950,-25.554,1524.8950,-26.030,1524.8950,-26.680,1524.8950,-28.105,1524.8950,-31.043,1524.8950,-38.471
1524.9162,-25.514,1524.9162,-25.974,1524.9162,-26.644,1524.9162,-28.089,1524.9162,-31.056,1524.9162,-38.570
1524.9375,-25.476,1524.9375,-25.919,1524.9375,-26.602,1524.9375,-28.072,1524.9375,-31.076,1524.9375,-38.670
1524.9587,-25.435,1524.9587,-25.862,1524.9587,-26.557,1524.9587,-28.049,1524.9587,-31.094,1524.9587,-38.760
1524.9800,-25.397,1524.9800,-25.813,1524.9800,-26.510,1524.9800,-28.022,1524.9800,-31.113,1524.9800,-38.850
1525.0013,-25.358,1525.0013,-25.770,1525.0013,-26.464,1525.0013,-27.997,1525.0013,-31.130,1525.0013,-38.935
1525.0225,-25.317,1525.0225,-25.730,1525.0225,-26.424,1525.0225,-27.973,1525.0225,-31.139,1525.0225,-39.028
1525.0438,-25.280,1525.0438,-25.692,1525.0438,-26.393,1525.0438,-27.958,1525.0438,-31.148,1525.0438,-39.121
1525.0650,-25.246,1525.0650,-25.653,1525.0650,-26.364,1525.0650,-27.952,1525.0650,-31.165,1525.0650,-39.226
1525.0863,-25.218,1525.0863,-25.614,1525.0863,-26.340,1525.0863,-27.950,1525.0863,-31.188,1525.0863,-39.338
1525.1075,-25.195,1525.1075,-25.574,1525.1075,-26.315,1525.1075,-27.947,1525.1075,-31.221,1525.1075,-39.452
1525.1288,-25.173,1525.1288,-25.536,1525.1288,-26.289,1525.1288,-27.943,1525.1288,-31.255,1525.1288,-39.571
1525.1500,-25.155,1525.1500,-25.499,1525.1500,-26.258,1525.1500,-27.936,1525.1500,-31.289,1525.1500,-39.678
1525.1713,-25.141,1525.1713,-25.469,1525.1713,-26.230,1525.1713,-27.929,1525.1713,-31.330,1525.1713,-39.791
1525.1925,-25.134,1525.1925,-25.448,1525.1925,-26.212,1525.1925,-27.930,1525.1925,-31.367,1525.1925,-39.903
1525.2138,-25.129,1525.2138,-25.432,1525.2138,-26.196,1525.2138,-27.934,1525.2138,-31.403,1525.2138,-40.024
1525.2351,-25.121,1525.2351,-25.415,1525.2351,-26.186,1525.2351,-27.944,1525.2351,-31.440,1525.2351,-40.147
1525.2563,-25.113,1525.2563,-25.397,1525.2563,-26.182,1525.2563,-27.961,1525.2563,-31.484,1525.2563,-40.273
1525.2776,-25.102,1525.2776,-25.382,1525.2776,-26.176,1525.2776,-27.979,1525.2776,-31.537,1525.2776,-40.409
1525.2988,-25.099,1525.2988,-25.367,1525.2988,-26.175,1525.2988,-28.000,1525.2988,-31.595,1525.2988,-40.544
1525.3201,-25.099,1525.3201,-25.358,1525.3201,-26.176,1525.3201,-28.025,1525.3201,-31.659,1525.3201,-40.688
1525.3413,-25.099,1525.3413,-25.360,1525.3413,-26.140,1525.3413,-28.051,1525.3413,-31.732,1525.3413,-40.826
1525.3626,-25.094,1525.3626,-25.368,1525.3626,-26.116,1525.3626,-28.089,1525.3626,-31.809,1525.3626,-40.973
1525.3838,-25.081,1525.3838,-25.381,1525.3838,-26.140,1525.3838,-28.134,1525.3838,-31.892,1525.3838,-41.133
1525.4051,-25.052,1525.4051,-25.398,1525.4051,-26.169,1525.4051,-28.184,1525.4051,-31.984,1525.4051,-41.292
1525.4264,-24.996,1525.4264,-25.405,1525.4264,-26.198,1525.4264,-28.238,1525.4264,-32.075,1525.4264,-41.458
1525.4476,-24.923,1525.4476,-25.410,1525.4476,-26.224,1525.4476,-28.291,1525.4476,-32.169,1525.4476,-41.616
1525.4689,-24.839,1525.4689,-25.409,1525.4689,-26.251,1525.4689,-28.347,1525.4689,-32.269,1525.4689,-41.778
1525.4901,-24.741,1525.4901,-25.398,1525.4901,-26.273,1525.4901,-28.401,1525.4901,-32.371,1525.4901,-41.942
1525.5114,-24.641,1525.5114,-25.374,1525.5114,-26.292,1525.5114,-28.452,1525.5114,-32.478,1525.5114,-42.097
1525.5326,-24.536,1525.5326,-25.336,1525.5326,-26.298,1525.5326,-28.496,1525.5326,-32.579,1525.5326,-42.251
1525.5539,-24.423,1525.5539,-25.284,1525.5539,-26.293,1525.5539,-28.528,1525.5539,-32.674,1525.5539,-42.383
1525.5751,-24.306,1525.5751,-25.216,1525.5751,-26.269,1525.5751,-28.545,1525.5751,-32.761,1525.5751,-42.511
1525.5964,-24.178,1525.5964,-25.136,1525.5964,-26.228,1525.5964,-28.546,1525.5964,-32.824,1525.5964,-42.601
1525.6177,-24.059,1525.6177,-25.045,1525.6177,-26.167,1525.6177,-28.526,1525.6177,-32.873,1525.6177,-42.677
1525.6389,-23.916,1525.6389,-24.946,1525.6389,-26.099,1525.6389,-28.492,1525.6389,-32.900,1525.6389,-42.730
1525.6602,-23.802,1525.6602,-24.842,1525.6602,-26.024,1525.6602,-28.451,1525.6602,-32.911,1525.6602,-42.763
1525.6814,-23.691,1525.6814,-24.728,1525.6814,-25.941,1525.6814,-28.400,1525.6814,-32.913,1525.6814,-42.785
1525.7027,-23.592,1525.7027,-24.605,1525.7027,-25.844,1525.7027,-28.342,1525.7027,-32.904,1525.7027,-42.788
1525.7239,-23.501,1525.7239,-24.485,1525.7239,-25.747,1525.7239,-28.274,1525.7239,-32.900,1525.7239,-42.785
1525.7452,-23.415,1525.7452,-24.372,1525.7452,-25.648,1525.7452,-28.204,1525.7452,-32.888,1525.7452,-42.765
1525.7664,-23.328,1525.7664,-24.268,1525.7664,-25.547,1525.7664,-28.131,1525.7664,-32.876,1525.7664,-42.733
1525.7877,-23.245,1525.7877,-24.178,1525.7877,-25.462,1525.7877,-28.067,1525.7877,-32.862,1525.7877,-42.702
1525.8090,-23.162,1525.8090,-24.106,1525.8090,-25.387,1525.8090,-28.020,1525.8090,-32.851,1525.8090,-42.673
1525.8302,-23.084,1525.8302,-24.051,1525.8302,-25.333,1525.8302,-27.985,1525.8302,-32.854,1525.8302,-42.654
1525.8515,-23.016,1525.8515,-23.966,1525.8515,-25.286,1525.8515,-27.960,1525.8515,-32.860,1525.8515,-42.639
1525.8727,-22.953,1525.8727,-23.889,1525.8727,-25.233,1525.8727,-27.934,1525.8727,-32.879,1525.8727,-42.612
1525.8940,-22.898,1525.8940,-23.805,1525.8940,-25.174,1525.8940,-27.909,1525.8940,-32.901,1525.8940,-42.583
1525.9152,-22.846,1525.9152,-23.730,1525.9152,-25.115,1525.9152,-27.879,1525.9152,-32.935,1525.9152,-42.546
1525.9365,-22.799,1525.9365,-23.670,1525.9365,-25.066,1525.9365,-27.858,1525.9365,-32.977,1525.9365,-42.504
1525.9577,-22.753,1525.9577,-23.627,1525.9577,-25.024,1525.9577,-27.845,1525.9577,-33.021,1525.9577,-42.458
1525.9790,-22.698,1525.9790,-23.593,1525.9790,-24.996,1525.9790,-27.839,1525.9790,-33.071,1525.9790,-42.411
1526.0003,-22.646,1526.0003,-23.565,1526.0003,-24.979,1526.0003,-27.848,1526.0003,-33.123,1526.0003,-42.372
1526.0215,-22.596,1526.0215,-23.535,1526.0215,-24.967,1526.0215,-27.863,1526.0215,-33.182,1526.0215,-42.326
1526.0428,-22.557,1526.0428,-23.501,1526.0428,-24.962,1526.0428,-27.887,1526.0428,-33.247,1526.0428,-42.285
1526.0640,-22.530,1526.0640,-23.465,1526.0640,-24.953,1526.0640,-27.914,1526.0640,-33.320,1526.0640,-42.241
1526.0853,-22.502,1526.0853,-23.423,1526.0853,-24.943,1526.0853,-27.934,1526.0853,-33.403,1526.0853,-42.186
1526.1065,-22.477,1526.1065,-23.389,1526.1065,-24.929,1526.1065,-27.956,1526.1065,-33.493,1526.1065,-42.115
1526.1278,-22.446,1526.1278,-23.362,1526.1278,-24.914,1526.1278,-27.972,1526.1278,-33.584,1526.1278,-42.040
1526.1490,-22.406,1526.1490,-23.337,1526.1490,-24.901,1526.1490,-27.989,1526.1490,-33.663,1526.1490,-41.950
1526.1703,-22.362,1526.1703,-23.322,1526.1703,-24.893,1526.1703,-28.011,1526.1703,-33.748,1526.1703,-41.853
1526.1915,-22.322,1526.1915,-23.306,1526.1915,-24.896,1526.1915,-28.043,1526.1915,-33.825,1526.1915,-41.764
1526.2128,-22.292,1526.2128,-23.292,1526.2128,-24.906,1526.2128,-28.088,1526.2128,-33.911,1526.2128,-41.667
1526.2341,-22.273,1526.2341,-23.274,1526.2341,-24.919,1526.2341,-28.135,1526.2341,-34.008,1526.2341,-41.585
1526.2553,-22.260,1526.2553,-23.252,1526.2553,-24.931,1526.2553,-28.184,1526.2553,-34.118,1526.2553,-41.496
1526.2766,-22.248,1526.2766,-23.230,1526.2766,-24.935,1526.2766,-28.227,1526.2766,-34.233,1526.2766,-41.390
1526.2978,-22.233,1526.2978,-23.212,1526.2978,-24.938,1526.2978,-28.265,1526.2978,-34.346,1526.2978,-41.271
1526.3191,-22.212,1526.3191,-23.198,1526.3191,-24.938,1526.3191,-28.299,1526.3191,-34.454,1526.3191,-41.144
1526.3403,-22.190,1526.3403,-23.191,1526.3403,-24.936,1526.3403,-28.330,1526.3403,-34.550,1526.3403,-41.012
1526.3616,-22.167,1526.3616,-23.185,1526.3616,-24.947,1526.3616,-28.371,1526.3616,-34.642,1526.3616,-40.875
1526.3828,-22.151,1526.3828,-23.184,1526.3828,-24.969,1526.3828,-28.424,1526.3828,-34.746,1526.3828,-40.752
1526.4041,-22.147,1526.4041,-23.182,1526.4041,-24.997,1526.4041,-28.489,1526.4041,-34.857,1526.4041,-40.634
1526.4254,-22.149,1526.4254,-23.180,1526.4254,-25.027,1526.4254,-28.555,1526.4254,-34.983,1526.4254,-40.522
1526.4466,-22.159,1526.4466,-23.179,1526.4466,-25.053,1526.4466,-28.623,1526.4466,-35.116,1526.4466,-40.407
1526.4679,-22.167,1526.4679,-23.181,1526.4679,-25.077,1526.4679,-28.687,1526.4679,-35.255,1526.4679,-40.285
1526.4891,-22.183,1526.4891,-23.190,1526.4891,-25.102,1526.4891,-28.749,1526.4891,-35.388,1526.4891,-40.159
1526.5104,-22.197,1526.5104,-23.205,1526.5104,-25.130,1526.5104,-28.812,1526.5104,-35.521,1526.5104,-40.028
1526.5316,-22.216,1526.5316,-23.226,1526.5316,-25.160,1526.5316,-28.874,1526.5316,-35.636,1526.5316,-39.889
1526.5529,-22.238,1526.5529,-23.248,1526.5529,-25.201,1526.5529,-28.951,1526.5529,-35.764,1526.5529,-39.772
1526.5741,-22.269,1526.5741,-23.276,1526.5741,-25.250,1526.5741,-29.036,1526.5741,-35.898,1526.5741,-39.657
1526.5954,-22.307,1526.5954,-23.304,1526.5954,-25.305,1526.5954,-29.130,1526.5954,-36.042,1526.5954,-39.544
1526.6167,-22.344,1526.6167,-23.334,1526.6167,-25.363,1526.6167,-29.228,1526.6167,-36.198,1526.6167,-39.442
1526.6379,-22.392,1526.6379,-23.368,1526.6379,-25.420,1526.6379,-29.327,1526.6379,-36.353,1526.6379,-39.341
1526.6592,-22.448,1526.6592,-23.416,1526.6592,-25.484,1526.6592,-29.424,1526.6592,-36.520,1526.6592,-39.244
1526.6804,-22.516,1526.6804,-23.479,1526.6804,-25.557,1526.6804,-29.536,1526.6804,-36.689,1526.6804,-39.145
1526.7017,-22.583,1526.7017,-23.549,1526.7017,-25.643,1526.7017,-29.654,1526.7017,-36.864,1526.7017,-39.062
1526.7229,-22.644,1526.7229,-23.633,1526.7229,-25.740,1526.7229,-29.785,1526.7229,-37.042,1526.7229,-38.982
1526.7442,-22.688,1526.7442,-23.717,1526.7442,-25.845,1526.7442,-29.927,1526.7442,-37.218,1526.7442,-38.911
1526.7654,-22.707,1526.7654,-23.796,1526.7654,-25.955,1526.7654,-30.071,1526.7654,-37.415,1526.7654,-38.850
1526.7867,-22.708,1526.7867,-23.876,1526.7867,-26.066,1526.7867,-30.228,1526.7867,-37.602,1526.7867,-38.795
1526.8080,-22.692,1526.8080,-23.954,1526.8080,-26.175,1526.8080,-30.375,1526.8080,-37.806,1526.8080,-38.746
1526.8292,-22.668,1526.8292,-24.038,1526.8292,-26.292,1526.8292,-30.534,1526.8292,-38.014,1526.8292,-38.700
1526.8505,-22.637,1526.8505,-24.123,1526.8505,-26.419,1526.8505,-30.706,1526.8505,-38.238,1526.8505,-38.665
1526.8717,-22.587,1526.8717,-24.198,1526.8717,-26.542,1526.8717,-30.877,1526.8717,-38.453,1526.8717,-38.632
1526.8930,-22.517,1526.8930,-24.260,1526.8930,-26.658,1526.8930,-31.046,1526.8930,-38.669,1526.8930,-38.599
1526.9142,-22.419,1526.9142,-24.293,1526.9142,-26.759,1526.9142,-31.201,1526.9142,-38.878,1526.9142,-38.550
1526.9355,-22.303,1526.9355,-24.307,1526.9355,-26.837,1526.9355,-31.342,1526.9355,-39.066,1526.9355,-38.482
1526.9567,-22.181,1526.9567,-24.294,1526.9567,-26.890,1526.9567,-31.456,1526.9567,-39.234,1526.9567,-38.389
1526.9780,-22.058,1526.9780,-24.257,1526.9780,-26.914,1526.9780,-31.547,1526.9780,-39.371,1526.9780,-38.274
1526.9992,-21.952,1526.9992,-24.199,1526.9992,-26.920,1526.9992,-31.613,1526.9992,-39.480,1526.9992,-38.138
1527.0205,-21.858,1527.0205,-24.122,1527.0205,-26.907,1527.0205,-31.661,1527.0205,-39.564,1527.0205,-37.974
1527.0418,-21.776,1527.0418,-24.036,1527.0418,-26.878,1527.0418,-31.692,1527.0418,-39.627,1527.0418,-37.795
1527.0630,-21.695,1527.0630,-23.945,1527.0630,-26.830,1527.0630,-31.700,1527.0630,-39.667,1527.0630,-37.589
1527.0843,-21.623,1527.0843,-23.863,1527.0843,-26.778,1527.0843,-31.700,1527.0843,-39.683,1527.0843,-37.381
1527.1055,-21.552,1527.1055,-23.787,1527.1055,-26.724,1527.1055,-31.692,1527.1055,-39.683,1527.1055,-37.158
1527.1268,-21.485,1527.1268,-23.727,1527.1268,-26.677,1527.1268,-31.688,1527.1268,-39.668,1527.1268,-36.932
1527.1480,-21.425,1527.1480,-23.674,1527.1480,-26.642,1527.1480,-31.691,1527.1480,-39.644,1527.1480,-36.705
1527.1693,-21.374,1527.1693,-23.627,1527.1693,-26.612,1527.1693,-31.704,1527.1693,-39.611,1527.1693,-36.491
1527.1905,-21.334,1527.1905,-23.580,1527.1905,-26.597,1527.1905,-31.727,1527.1905,-39.589,1527.1905,-36.293
1527.2118,-21.306,1527.2118,-23.532,1527.2118,-26.583,1527.2118,-31.756,1527.2118,-39.569,1527.2118,-36.100
1527.2331,-21.286,1527.2331,-23.495,1527.2331,-26.573,1527.2331,-31.790,1527.2331,-39.557,1527.2331,-35.918
1527.2543,-21.272,1527.2543,-23.464,1527.2543,-26.563,1527.2543,-31.826,1527.2543,-39.543,1527.2543,-35.727
1527.2756,-21.258,1527.2756,-23.452,1527.2756,-26.566,1527.2756,-31.869,1527.2756,-39.531,1527.2756,-35.551
1527.2968,-21.249,1527.2968,-23.460,1527.2968,-26.586,1527.2968,-31.928,1527.2968,-39.517,1527.2968,-35.381
1527.3181,-21.241,1527.3181,-23.484,1527.3181,-26.623,1527.3181,-32.008,1527.3181,-39.501,1527.3181,-35.228
1527.3393,-21.234,1527.3393,-23.507,1527.3393,-26.674,1527.3393,-32.096,1527.3393,-39.481,1527.3393,-35.091
1527.3606,-21.230,1527.3606,-23.527,1527.3606,-26.732,1527.3606,-32.193,1527.3606,-39.473,1527.3606,-34.963
1527.3818,-21.237,1527.3818,-23.540,1527.3818,-26.788,1527.3818,-32.292,1527.3818,-39.460,1527.3818,-34.841
1527.4031,-21.248,1527.4031,-23.550,1527.4031,-26.839,1527.4031,-32.392,1527.4031,-39.448,1527.4031,-34.716
1527.4244,-21.259,1527.4244,-23.561,1527.4244,-26.881,1527.4244,-32.481,1527.4244,-39.432,1527.4244,-34.591
1527.4456,-21.268,1527.4456,-23.580,1527.4456,-26.926,1527.4456,-32.569,1527.4456,-39.406,1527.4456,-34.458
1527.4669,-21.274,1527.4669,-23.609,1527.4669,-26.974,1527.4669,-32.660,1527.4669,-39.374,1527.4669,-34.327
1527.4881,-21.274,1527.4881,-23.652,1527.4881,-27.037,1527.4881,-32.762,1527.4881,-39.333,1527.4881,-34.204
1527.5094,-21.277,1527.5094,-23.695,1527.5094,-27.110,1527.5094,-32.875,1527.5094,-39.285,1527.5094,-34.081
1527.5306,-21.283,1527.5306,-23.739,1527.5306,-27.187,1527.5306,-32.991,1527.5306,-39.237,1527.5306,-33.975
1527.5519,-21.298,1527.5519,-23.772,1527.5519,-27.266,1527.5519,-33.110,1527.5519,-39.188,1527.5519,-33.873
1527.5731,-21.324,1527.5731,-23.803,1527.5731,-27.341,1527.5731,-33.232,1527.5731,-39.137,1527.5731,-33.774
1527.5944,-21.351,1527.5944,-23.832,1527.5944,-27.411,1527.5944,-33.347,1527.5944,-39.083,1527.5944,-33.666
1527.6157,-21.378,1527.6157,-23.861,1527.6157,-27.476,1527.6157,-33.462,1527.6157,-39.023,1527.6157,-33.554
1527.6369,-21.396,1527.6369,-23.898,1527.6369,-27.538,1527.6369,-33.563,1527.6369,-38.959,1527.6369,-33.434
1527.6582,-21.410,1527.6582,-23.942,1527.6582,-27.604,1527.6582,-33.669,1527.6582,-38.881,1527.6582,-33.317
1527.6794,-21.425,1527.6794,-23.996,1527.6794,-27.679,1527.6794,-33.777,1527.6794,-38.800,1527.6794,-33.204
1527.7007,-21.442,1527.7007,-24.046,1527.7007,-27.764,1527.7007,-33.896,1527.7007,-38.706,1527.7007,-33.096
1527.7219,-21.470,1527.7219,-24.094,1527.7219,-27.854,1527.7219,-34.023,1527.7219,-38.610,1527.7219,-32.993
1527.7432,-21.503,1527.7432,-24.143,1527.7432,-27.945,1527.7432,-34.153,1527.7432,-38.520,1527.7432,-32.892
1527.7644,-21.547,1527.7644,-24.189,1527.7644,-28.037,1527.7644,-34.283,1527.7644,-38.437,1527.7644,-32.803
1527.7857,-21.598,1527.7857,-24.242,1527.7857,-28.130,1527.7857,-34.410,1527.7857,-38.360,1527.7857,-32.703
1527.8070,-21.646,1527.8070,-24.298,1527.8070,-28.221,1527.8070,-34.536,1527.8070,-38.278,1527.8070,-32.601
1527.8282,-21.692,1527.8282,-24.360,1527.8282,-28.306,1527.8282,-34.649,1527.8282,-38.190,1527.8282,-32.498
1527.8495,-21.737,1527.8495,-24.426,1527.8495,-28.400,1527.8495,-34.765,1527.8495,-38.090,1527.8495,-32.385
1527.8707,-21.791,1527.8707,-24.499,1527.8707,-28.499,1527.8707,-34.897,1527.8707,-37.980,1527.8707,-32.280
1527.8920,-21.848,1527.8920,-24.574,1527.8920,-28.616,1527.8920,-35.025,1527.8920,-37.878,1527.8920,-32.183
1527.9132,-21.923,1527.9132,-24.653,1527.9132,-28.736,1527.9132,-35.169,1527.9132,-37.779,1527.9132,-32.098
1527.9345,-22.010,1527.9345,-24.735,1527.9345,-28.864,1527.9345,-35.313,1527.9345,-37.695,1527.9345,-32.020
1527.9557,-22.102,1527.9557,-24.826,1527.9557,-28.993,1527.9557,-35.463,1527.9557,-37.622,1527.9557,-31.952
1527.9770,-22.204,1527.9770,-24.924,1527.9770,-29.125,1527.9770,-35.608,1527.9770,-37.557,1527.9770,-31.884
1527.9982,-22.315,1527.9982,-25.028,1527.9982,-29.260,1527.9982,-35.758,1527.9982,-37.484,1527.9982,-31.811
1528.0195,-22.434,1528.0195,-25.147,1528.0195,-29.400,1528.0195,-35.903,1528.0195,-37.409,1528.0195,-31.736
1528.0408,-22.552,1528.0408,-25.274,1528.0408,-29.552,1528.0408,-36.056,1528.0408,-37.337,1528.0408,-31.675
1528.0620,-22.687,1528.0620,-25.415,1528.0620,-29.722,1528.0620,-36.227,1528.0620,-37.271,1528.0620,-31.628
1528.0833,-22.814,1528.0833,-25.566,1528.0833,-29.905,1528.0833,-36.407,1528.0833,-37.219,1528.0833,-31.588
1528.1045,-22.933,1528.1045,-25.720,1528.1045,-30.089,1528.1045,-36.581,1528.1045,-37.173,1528.1045,-31.564
1528.1258,-23.043,1528.1258,-25.878,1528.1258,-30.287,1528.1258,-36.776,1528.1258,-37.150,1528.1258,-31.548
1528.1470,-23.143,1528.1470,-26.046,1528.1470,-30.488,1528.1470,-36.969,1528.1470,-37.137,1528.1470,-31.544
1528.1683,-23.235,1528.1683,-26.223,1528.1683,-30.702,1528.1683,-37.166,1528.1683,-37.130,1528.1683,-31.543
1528.1895,-23.311,1528.1895,-26.408,1528.1895,-30.920,1528.1895,-37.394,1528.1895,-37.129,1528.1895,-31.549
1528.2108,-23.356,1528.2108,-26.590,1528.2108,-31.146,1528.2108,-37.604,1528.2108,-37.139,1528.2108,-31.564
1528.2321,-23.378,1528.2321,-26.768,1528.2321,-31.375,1528.2321,-37.787,1528.2321,-37.151,1528.2321,-31.583
1528.2533,-23.360,1528.2533,-26.932,1528.2533,-31.598,1528.2533,-37.980,1528.2533,-37.161,1528.2533,-31.606
1528.2746,-23.317,1528.2746,-27.067,1528.2746,-31.814,1528.2746,-38.168,1528.2746,-37.177,1528.2746,-31.620
1528.2958,-23.248,1528.2958,-27.178,1528.2958,-32.005,1528.2958,-38.338,1528.2958,-37.175,1528.2958,-31.618
1528.3171,-23.176,1528.3171,-27.251,1528.3171,-32.172,1528.3171,-38.476,1528.3171,-37.158,1528.3171,-31.593
1528.3383,-23.111,1528.3383,-27.308,1528.3383,-32.308,1528.3383,-38.588,1528.3383,-37.123,1528.3383,-31.551
1528.3596,-23.056,1528.3596,-27.333,1528.3596,-32.424,1528.3596,-38.668,1528.3596,-37.061,1528.3596,-31.476
1528.3808,-23.011,1528.3808,-27.339,1528.3808,-32.509,1528.3808,-38.716,1528.3808,-36.977,1528.3808,-31.382
1528.4021,-22.968,1528.4021,-27.335,1528.4021,-32.573,1528.4021,-38.737,1528.4021,-36.870,1528.4021,-31.261
1528.4234,-22.921,1528.4234,-27.327,1528.4234,-32.619,1528.4234,-38.730,1528.4234,-36.739,1528.4234,-31.114
1528.4446,-22.880,1528.4446,-27.314,1528.4446,-32.653,1528.4446,-38.700,1528.4446,-36.580,1528.4446,-30.946
1528.4659,-22.838,1528.4659,-27.298,1528.4659,-32.675,1528.4659,-38.647,1528.4659,-36.399,1528.4659,-30.751
1528.4871,-22.807,1528.4871,-27.283,1528.4871,-32.693,1528.4871,-38.584,1528.4871,-36.192,1528.4871,-30.552
1528.5084,-22.796,1528.5084,-27.273,1528.5084,-32.717,1528.5084,-38.519,1528.5084,-35.988,1528.5084,-30.347
1528.5296,-22.808,1528.5296,-27.275,1528.5296,-32.748,1528.5296,-38.455,1528.5296,-35.786,1528.5296,-30.162
1528.5509,-22.826,1528.5509,-27.278,1528.5509,-32.785,1528.5509,-38.389,1528.5509,-35.597,1528.5509,-29.973
1528.5721,-22.849,1528.5721,-27.291,1528.5721,-32.825,1528.5721,-38.321,1528.5721,-35.412,1528.5721,-29.790
1528.5934,-22.875,1528.5934,-27.319,1528.5934,-32.869,1528.5934,-38.256,1528.5934,-35.235,1528.5934,-29.613
1528.6147,-22.901,1528.6147,-27.359,1528.6147,-32.929,1528.6147,-38.192,1528.6147,-35.064,1528.6147,-29.434
1528.6359,-22.936,1528.6359,-27.417,1528.6359,-32.997,1528.6359,-38.134,1528.6359,-34.898,1528.6359,-29.274
1528.6572,-22.972,1528.6572,-27.487,1528.6572,-33.086,1528.6572,-38.084,1528.6572,-34.735,1528.6572,-29.119
1528.6784,-23.016,1528.6784,-27.566,1528.6784,-33.183,1528.6784,-38.048,1528.6784,-34.579,1528.6784,-28.981
1528.6997,-23.067,1528.6997,-27.644,1528.6997,-33.294,1528.6997,-38.014,1528.6997,-34.444,1528.6997,-28.858
1528.7209,-23.118,1528.7209,-27.715,1528.7209,-33.396,1528.7209,-37.979,1528.7209,-34.310,1528.7209,-28.740
1528.7422,-23.174,1528.7422,-27.785,1528.7422,-33.496,1528.7422,-37.936,1528.7422,-34.192,1528.7422,-28.621
1528.7634,-23.229,1528.7634,-27.863,1528.7634,-33.597,1528.7634,-37.888,1528.7634,-34.055,1528.7634,-28.500
1528.7847,-23.291,1528.7847,-27.950,1528.7847,-33.697,1528.7847,-37.831,1528.7847,-33.941,1528.7847,-28.377
1528.8060,-23.345,1528.8060,-28.048,1528.8060,-33.802,1528.8060,-37.775,1528.8060,-33.824,1528.8060,-28.250
1528.8272,-23.397,1528.8272,-28.152,1528.8272,-33.914,1528.8272,-37.723,1528.8272,-33.685,1528.8272,-28.129
1528.8485,-23.452,1528.8485,-28.256,1528.8485,-34.040,1528.8485,-37.677,1528.8485,-33.574,1528.8485,-28.017
1528.8697,-23.508,1528.8697,-28.357,1528.8697,-34.166,1528.8697,-37.639,1528.8697,-33.463,1528.8697,-27.923
1528.8910,-23.576,1528.8910,-28.459,1528.8910,-34.298,1528.8910,-37.595,1528.8910,-33.361,1528.8910,-27.830
1528.9122,-23.642,1528.9122,-28.548,1528.9122,-34.418,1528.9122,-37.545,1528.9122,-33.266,1528.9122,-27.736
1528.9335,-23.713,1528.9335,-28.639,1528.9335,-34.522,1528.9335,-37.486,1528.9335,-33.170,1528.9335,-27.630
1528.9547,-23.780,1528.9547,-28.734,1528.9547,-34.623,1528.9547,-37.410,1528.9547,-33.062,1528.9547,-27.517
1528.9760,-23.842,1528.9760,-28.835,1528.9760,-34.719,1528.9760,-37.333,1528.9760,-32.952,1528.9760,-27.401
1528.9972,-23.903,1528.9972,-28.943,1528.9972,-34.826,1528.9972,-37.257,1528.9972,-32.834,1528.9972,-27.284
1529.0185,-23.962,1529.0185,-29.055,1529.0185,-34.935,1529.0185,-37.187,1529.0185,-32.718,1529.0185,-27.180
1529.0398,-24.028,1529.0398,-29.169,1529.0398,-35.052,1529.0398,-37.130,1529.0398,-32.615,1529.0398,-27.086
1529.0610,-24.102,1529.0610,-29.276,1529.0610,-35.165,1529.0610,-37.070,1529.0610,-32.508,1529.0610,-26.998
1529.0823,-24.187,1529.0823,-29.382,1529.0823,-35.274,1529.0823,-37.006,1529.0823,-32.413,1529.0823,-26.906
1529.1035,-24.283,1529.1035,-29.486,1529.1035,-35.380,1529.1035,-36.935,1529.1035,-32.323,1529.1035,-26.817
1529.1248,-24.370,1529.1248,-29.599,1529.1248,-35.470,1529.1248,-36.864,1529.1248,-32.229,1529.1248,-26.722
1529.1460,-24.462,1529.1460,-29.710,1529.1460,-35.568,1529.1460,-36.788,1529.1460,-32.143,1529.1460,-26.627
1529.1673,-24.554,1529.1673,-29.842,1529.1673,-35.663,1529.1673,-36.713,1529.1673,-32.046,1529.1673,-26.532
1529.1885,-24.645,1529.1885,-29.975,1529.1885,-35.763,1529.1885,-36.642,1529.1885,-31.949,1529.1885,-26.444
1529.2098,-24.743,1529.2098,-30.111,1529.2098,-35.871,1529.2098,-36.576,1529.2098,-31.847,1529.2098,-26.357
1529.2311,-24.842,1529.2311,-30.240,1529.2311,-35.971,1529.2311,-36.513,1529.2311,-31.751,1529.2311,-26.277
1529.2523,-24.954,1529.2523,-30.370,1529.2523,-36.077,1529.2523,-36.455,1529.2523,-31.662,1529.2523,-26.206
1529.2736,-25.079,1529.2736,-30.510,1529.2736,-36.180,1529.2736,-36.399,1529.2736,-31.584,1529.2736,-26.141
1529.2948,-25.215,1529.2948,-30.652,1529.2948,-36.280,1529.2948,-36.340,1529.2948,-31.511,1529.2948,-26.079
1529.3161,-25.352,1529.3161,-30.801,1529.3161,-36.380,1529.3161,-36.285,1529.3161,-31.448,1529.3161,-26.015
1529.3373,-25.498,1529.3373,-30.961,1529.3373,-36.476,1529.3373,-36.228,1529.3373,-31.384,1529.3373,-25.952
1529.3586,-25.654,1529.3586,-31.132,1529.3586,-36.580,1529.3586,-36.175,1529.3586,-31.318,1529.3586,-25.897
1529.3798,-25.814,1529.3798,-31.313,1529.3798,-36.686,1529.3798,-36.130,1529.3798,-31.252,1529.3798,-25.843
1529.4011,-25.988,1529.4011,-31.499,1529.4011,-36.800,1529.4011,-36.096,1529.4011,-31.189,1529.4011,-25.803
1529.4224,-26.166,1529.4224,-31.688,1529.4224,-36.927,1529.4224,-36.072,1529.4224,-31.140,1529.4224,-25.772
1529.4436,-26.364,1529.4436,-31.890,1529.4436,-37.044,1529.4436,-36.050,1529.4436,-31.099,1529.4436,-25.749
1529.4649,-26.555,1529.4649,-32.101,1529.4649,-37.181,1529.4649,-36.043,1529.4649,-31.076,1529.4649,-25.740
1529.4861,-26.758,1529.4861,-32.323,1529.4861,-37.311,1529.4861,-36.037,1529.4861,-31.062,1529.4861,-25.739
1529.5074,-26.958,1529.5074,-32.562,1529.5074,-37.451,1529.5074,-36.042,1529.5074,-31.060,1529.5074,-25.745
1529.5286,-27.142,1529.5286,-32.804,1529.5286,-37.592,1529.5286,-36.053,1529.5286,-31.064,1529.5286,-25.762
1529.5499,-27.321,1529.5499,-33.050,1529.5499,-37.731,1529.5499,-36.073,1529.5499,-31.069,1529.5499,-25.783
1529.5711,-27.475,1529.5711,-33.308,1529.5711,-37.890,1529.5711,-36.102,1529.5711,-31.080,1529.5711,-25.816
1529.5924,-27.600,1529.5924,-33.564,1529.5924,-38.043,1529.5924,-36.137,1529.5924,-31.105,1529.5924,-25.860
1529.6137,-27.697,1529.6137,-33.818,1529.6137,-38.199,1529.6137,-36.187,1529.6137,-31.136,1529.6137,-25.914
1529.6349,-27.757,1529.6349,-34.054,1529.6349,-38.341,1529.6349,-36.223,1529.6349,-31.176,1529.6349,-25.966
1529.6562,-27.794,1529.6562,-34.266,1529.6562,-38.457,1529.6562,-36.253,1529.6562,-31.208,1529.6562,-26.011
1529.6774,-27.816,1529.6774,-34.449,1529.6774,-38.554,1529.6774,-36.265,1529.6774,-31.229,1529.6774,-26.038
1529.6987,-27.830,1529.6987,-34.609,1529.6987,-38.622,1529.6987,-36.259,1529.6987,-31.234,1529.6987,-26.051
1529.7199,-27.842,1529.7199,-34.734,1529.7199,-38.669,1529.7199,-36.234,1529.7199,-31.222,1529.7199,-26.043
1529.7412,-27.849,1529.7412,-34.838,1529.7412,-38.678,1529.7412,-36.180,1529.7412,-31.187,1529.7412,-26.010
1529.7624,-27.856,1529.7624,-34.912,1529.7624,-38.659,1529.7624,-36.106,1529.7624,-31.123,1529.7624,-25.950
1529.7837,-27.861,1529.7837,-34.973,1529.7837,-38.609,1529.7837,-36.001,1529.7837,-31.034,1529.7837,-25.867
1529.8050,-27.876,1529.8050,-35.025,1529.8050,-38.551,1529.8050,-35.883,1529.8050,-30.918,1529.8050,-25.760
1529.8262,-27.904,1529.8262,-35.062,1529.8262,-38.467,1529.8262,-35.741,1529.8262,-30.786,1529.8262,-25.639
1529.8475,-27.943,1529.8475,-35.090,1529.8475,-38.369,1529.8475,-35.586,1529.8475,-30.621,1529.8475,-25.493
1529.8687,-28.000,1529.8687,-35.110,1529.8687,-38.258,1529.8687,-35.413,1529.8687,-30.445,1529.8687,-25.335
1529.8900,-28.067,1529.8900,-35.137,1529.8900,-38.137,1529.8900,-35.235,1529.8900,-30.260,1529.8900,-25.174
1529.9112,-28.140,1529.9112,-35.174,1529.9112,-38.023,1529.9112,-35.061,1529.9112,-30.081,1529.9112,-25.012
1529.9325,-28.217,1529.9325,-35.221,1529.9325,-37.912,1529.9325,-34.891,1529.9325,-29.900,1529.9325,-24.855
1529.9537,-28.294,1529.9537,-35.284,1529.9537,-37.809,1529.9537,-34.734,1529.9537,-29.730,1529.9537,-24.707
1529.9750,-28.372,1529.9750,-35.354,1529.9750,-37.716,1529.9750,-34.581,1529.9750,-29.562,1529.9750,-24.568
1529.9962,-28.463,1529.9962,-35.431,1529.9962,-37.633,1529.9962,-34.446,1529.9962,-29.403,1529.9962,-24.442
1530.0175,-28.562,1530.0175,-35.505,1530.0175,-37.552,1530.0175,-34.312,1530.0175,-29.243,1530.0175,-24.319
1530.0388,-28.671,1530.0388,-35.583,1530.0388,-37.474,1530.0388,-34.188,1530.0388,-29.100,1530.0388,-24.213
1530.0600,-28.784,1530.0600,-35.656,1530.0600,-37.399,1530.0600,-34.060,1530.0600,-28.971,1530.0600,-24.110
1530.0813,-28.902,1530.0813,-35.738,1530.0813,-37.328,1530.0813,-33.946,1530.0813,-28.849,1530.0813,-24.020
1530.1025,-29.013,1530.1025,-35.816,1530.1025,-37.244,1530.1025,-33.830,1530.1025,-28.732,1530.1025,-23.913
1530.1238,-29.124,1530.1238,-35.896,1530.1238,-37.165,1530.1238,-33.703,1530.1238,-28.608,1530.1238,-23.811
1530.1450,-29.227,1530.1450,-35.982,1530.1450,-37.096,1530.1450,-33.587,1530.1450,-28.489,1530.1450,-23.710
1530.1663,-29.331,1530.1663,-36.063,1530.1663,-37.047,1530.1663,-33.486,1530.1663,-28.369,1530.1663,-23.622
1530.1875,-29.441,1530.1875,-36.155,1530.1875,-36.987,1530.1875,-33.389,1530.1875,-28.255,1530.1875,-23.544
1530.2088,-29.559,1530.2088,-36.239,1530.2088,-36.926,1530.2088,-33.295,1530.2088,-28.151,1530.2088,-23.472
1530.2301,-29.683,1530.2301,-36.316,1530.2301,-36.864,1530.2301,-33.199,1530.2301,-28.047,1530.2301,-23.404
1530.2513,-29.805,1530.2513,-36.381,1530.2513,-36.789,1530.2513,-33.100,1530.2513,-27.951,1530.2513,-23.332
1530.2726,-29.926,1530.2726,-36.443,1530.2726,-36.705,1530.2726,-32.990,1530.2726,-27.849,1530.2726,-23.250
1530.2938,-30.044,1530.2938,-36.503,1530.2938,-36.615,1530.2938,-32.875,1530.2938,-27.744,1530.2938,-23.165
1530.3151,-30.160,1530.3151,-36.565,1530.3151,-36.531,1530.3151,-32.758,1530.3151,-27.632,1530.3151,-23.075
1530.3363,-30.271,1530.3363,-36.627,1530.3363,-36.443,1530.3363,-32.643,1530.3363,-27.515,1530.3363,-22.988
1530.3576,-30.392,1530.3576,-36.697,1530.3576,-36.368,1530.3576,-32.537,1530.3576,-27.403,1530.3576,-22.912
1530.3788,-30.522,1530.3788,-36.759,1530.3788,-36.305,1530.3788,-32.445,1530.3788,-27.301,1530.3788,-22.848
1530.4001,-30.656,1530.4001,-36.815,1530.4001,-36.237,1530.4001,-32.353,1530.4001,-27.206,1530.4001,-22.791
1530.4214,-30.793,1530.4214,-36.861,1530.4214,-36.168,1530.4214,-32.262,1530.4214,-27.119,1530.4214,-22.732
1530.4426,-30.933,1530.4426,-36.907,1530.4426,-36.088,1530.4426,-32.164,1530.4426,-27.036,1530.4426,-22.673
1530.4639,-31.081,1530.4639,-36.954,1530.4639,-36.008,1530.4639,-32.064,1530.4639,-26.949,1530.4639,-22.608
1530.4851,-31.226,1530.4851,-37.002,1530.4851,-35.931,1530.4851,-31.959,1530.4851,-26.859,1530.4851,-22.540
1530.5064,-31.366,1530.5064,-37.051,1530.5064,-35.858,1530.5064,-31.858,1530.5064,-26.765,1530.5064,-22.472
1530.5276,-31.505,1530.5276,-37.099,1530.5276,-35.790,1530.5276,-31.770,1530.5276,-26.674,1530.5276,-22.416
1530.5489,-31.657,1530.5489,-37.147,1530.5489,-35.726,1530.5489,-31.684,1530.5489,-26.584,1530.5489,-22.363
1530.5701,-31.812,1530.5701,-37.185,1530.5701,-35.667,1530.5701,-31.605,1530.5701,-26.502,1530.5701,-22.320
1530.5914,-31.971,1530.5914,-37.221,1530.5914,-35.610,1530.5914,-31.526,1530.5914,-26.434,1530.5914,-22.284
1530.6127,-32.148,1530.6127,-37.257,1530.6127,-35.548,1530.6127,-31.449,1530.6127,-26.367,1530.6127,-22.246
1530.6339,-32.331,1530.6339,-37.293,1530.6339,-35.488,1530.6339,-31.375,1530.6339,-26.309,1530.6339,-22.212
1530.6552,-32.523,1530.6552,-37.344,1530.6552,-35.436,1530.6552,-31.304,1530.6552,-26.258,1530.6552,-22.181
1530.6764,-32.718,1530.6764,-37.397,1530.6764,-35.391,1530.6764,-31.239,1530.6764,-26.208,1530.6764,-22.157
1530.6977,-32.911,1530.6977,-37.450,1530.6977,-35.353,1530.6977,-31.177,1530.6977,-26.157,1530.6977,-22.132
1530.7189,-33.114,1530.7189,-37.512,1530.7189,-35.321,1530.7189,-31.127,1530.7189,-26.108,1530.7189,-22.120
1530.7402,-33.321,1530.7402,-37.567,1530.7402,-35.295,1530.7402,-31.081,1530.7402,-26.066,1530.7402,-22.114
1530.7614,-33.539,1530.7614,-37.620,1530.7614,-35.271,1530.7614,-31.041,1530.7614,-26.028,1530.7614,-22.114
1530.7827,-33.765,1530.7827,-37.674,1530.7827,-35.252,1530.7827,-31.003,1530.7827,-26.005,1530.7827,-22.124
1530.8040,-34.003,1530.8040,-37.733,1530.8040,-35.236,1530.8040,-30.975,1530.8040,-25.991,1530.8040,-22.141
1530.8252,-34.254,1530.8252,-37.808,1530.8252,-35.231,1530.8252,-30.954,1530.8252,-25.990,1530.8252,-22.170
1530.8465,-34.508,1530.8465,-37.889,1530.8465,-35.233,1530.8465,-30.939,1530.8465,-25.997,1530.8465,-22.202
1530.8677,-34.754,1530.8677,-37.978,1530.8677,-35.246,1530.8677,-30.936,1530.8677,-26.007,1530.8677,-22.241
1530.8890,-34.999,1530.8890,-38.078,1530.8890,-35.270,1530.8890,-30.941,1530.8890,-26.025,1530.8890,-22.292
1530.9102,-35.233,1530.9102,-38.175,1530.9102,-35.305,1530.9102,-30.958,1530.9102,-26.049,1530.9102,-22.353
1530.9315,-35.456,1530.9315,-38.272,1530.9315,-35.340,1530.9315,-30.980,1530.9315,-26.080,1530.9315,-22.421
1530.9527,-35.649,1530.9527,-38.364,1530.9527,-35.378,1530.9527,-31.004,1530.9527,-26.119,1530.9527,-22.493
1530.9740,-35.822,1530.9740,-38.452,1530.9740,-35.417,1530.9740,-31.031,1530.9740,-26.162,1530.9740,-22.569
1530.9952,-35.961,1530.9952,-38.537,1530.9952,-35.449,1530.9952,-31.058,1530.9952,-26.214,1530.9952,-22.650
1531.0165,-36.083,1531.0165,-38.607,1531.0165,-35.486,1531.0165,-31.090,1531.0165,-26.274,1531.0165,-22.735
1531.0378,-36.182,1531.0378,-38.665,1531.0378,-35.515,1531.0378,-31.118,1531.0378,-26.331,1531.0378,-22.813
1531.0590,-36.250,1531.0590,-38.702,1531.0590,-35.533,1531.0590,-31.135,1531.0590,-26.377,1531.0590,-22.888
1531.0803,-36.308,1531.0803,-38.715,1531.0803,-35.536,1531.0803,-31.142,1531.0803,-26.419,1531.0803,-22.948
1531.1015,-36.348,1531.1015,-38.706,1531.1015,-35.523,1531.1015,-31.138,1531.1015,-26.447,1531.1015,-23.003
1531.1228,-36.392,1531.1228,-38.678,1531.1228,-35.488,1531.1228,-31.113,1531.1228,-26.466,1531.1228,-23.039
1531.1440,-36.422,1531.1440,-38.615,1531.1440,-35.425,1531.1440,-31.058,1531.1440,-26.459,1531.1440,-23.048
1531.1653,-36.450,1531.1653,-38.529,1531.1653,-35.331,1531.1653,-30.977,1531.1653,-26.422,1531.1653,-23.030
1531.1865,-36.489,1531.1865,-38.427,1531.1865,-35.219,1531.1865,-30.870,1531.1865,-26.357,1531.1865,-22.981
1531.2078,-36.526,1531.2078,-38.310,1531.2078,-35.082,1531.2078,-30.741,1531.2078,-26.270,1531.2078,-22.909
1531.2291,-36.577,1531.2291,-38.182,1531.2291,-34.933,1531.2291,-30.597,1531.2291,-26.157,1531.2291,-22.818
1531.2503,-36.631,1531.2503,-38.054,1531.2503,-34.775,1531.2503,-30.439,1531.2503,-26.036,1531.2503,-22.716
1531.2716,-36.691,1531.2716,-37.939,1531.2716,-34.625,1531.2716,-30.283,1531.2716,-25.911,1531.2716,-22.611
1531.2928,-36.762,1531.2928,-37.842,1531.2928,-34.481,1531.2928,-30.136,1531.2928,-25.782,1531.2928,-22.510
1531.3141,-36.831,1531.3141,-37.747,1531.3141,-34.340,1531.3141,-29.990,1531.3141,-25.658,1531.3141,-22.412
1531.3353,-36.897,1531.3353,-37.648,1531.3353,-34.213,1531.3353,-29.849,1531.3353,-25.529,1531.3353,-22.319
1531.3566,-36.968,1531.3566,-37.550,1531.3566,-34.068,1531.3566,-29.709,1531.3566,-25.402,1531.3566,-22.224
1531.3778,-37.041,1531.3778,-37.453,1531.3778,-33.944,1531.3778,-29.580,1531.3778,-25.287,1531.3778,-22.141
1531.3991,-37.117,1531.3991,-37.359,1531.3991,-33.816,1531.3991,-29.449,1531.3991,-25.170,1531.3991,-22.059
1531.4204,-37.192,1531.4204,-37.266,1531.4204,-33.686,1531.4204,-29.319,1531.4204,-25.061,1531.4204,-21.979
1531.4416,-37.257,1531.4416,-37.178,1531.4416,-33.564,1531.4416,-29.194,1531.4416,-24.959,1531.4416,-21.902
1531.4629,-37.320,1531.4629,-37.104,1531.4629,-33.452,1531.4629,-29.077,1531.4629,-24.869,1531.4629,-21.839
1531.4841,-37.381,1531.4841,-37.035,1531.4841,-33.351,1531.4841,-28.972,1531.4841,-24.778,1531.4841,-21.781
1531.5054,-37.433,1531.5054,-36.968,1531.5054,-33.251,1531.5054,-28.869,1531.5054,-24.691,1531.5054,-21.730
1531.5266,-37.498,1531.5266,-36.895,1531.5266,-33.156,1531.5266,-28.771,1531.5266,-24.608,1531.5266,-21.682
1531.5479,-37.559,1531.5479,-36.825,1531.5479,-33.054,1531.5479,-28.678,1531.5479,-24.530,1531.5479,-21.638
1531.5691,-37.623,1531.5691,-36.748,1531.5691,-32.921,1531.5691,-28.590,1531.5691,-24.461,1531.5691,-21.604
1531.5904,-37.684,1531.5904,-36.677,1531.5904,-32.823,1531.5904,-28.506,1531.5904,-24.397,1531.5904,-21.568
1531.6117,-37.734,1531.6117,-36.602,1531.6117,-32.718,1531.6117,-28.405,1531.6117,-24.335,1531.6117,-21.524
1531.6329,-37.777,1531.6329,-36.528,1531.6329,-32.654,1531.6329,-28.308,1531.6329,-24.268,1531.6329,-21.481
1531.6542,-37.809,1531.6542,-36.457,1531.6542,-32.569,1531.6542,-28.214,1531.6542,-24.197,1531.6542,-21.437
1531.6754,-37.839,1531.6754,-36.387,1531.6754,-32.471,1531.6754,-28.122,1531.6754,-24.124,1531.6754,-21.394
1531.6967,-37.873,1531.6967,-36.318,1531.6967,-32.380,1531.6967,-28.036,1531.6967,-24.069,1531.6967,-21.360
1531.7179,-37.912,1531.7179,-36.250,1531.7179,-32.296,1531.7179,-27.961,1531.7179,-23.989,1531.7179,-21.334
1531.7392,-37.957,1531.7392,-36.183,1531.7392,-32.216,1531.7392,-27.894,1531.7392,-23.945,1531.7392,-21.317
1531.7604,-38.007,1531.7604,-36.118,1531.7604,-32.134,1531.7604,-27.823,1531.7604,-23.904,1531.7604,-21.303
1531.7817,-38.053,1531.7817,-36.051,1531.7817,-32.047,1531.7817,-27.751,1531.7817,-23.863,1531.7817,-21.287
1531.8030,-38.091,1531.8030,-35.983,1531.8030,-31.960,1531.8030,-27.679,1531.8030,-23.826,1531.8030,-21.266
1531.8242,-38.122,1531.8242,-35.919,1531.8242,-31.874,1531.8242,-27.599,1531.8242,-23.777,1531.8242,-21.240
1531.8455,-38.155,1531.8455,-35.858,1531.8455,-31.787,1531.8455,-27.525,1531.8455,-23.726,1531.8455,-21.216
1531.8667,-38.187,1531.8667,-35.799,1531.8667,-31.707,1531.8667,-27.454,1531.8667,-23.679,1531.8667,-21.194
1531.8880,-38.218,1531.8880,-35.746,1531.8880,-31.634,1531.8880,-27.392,1531.8880,-23.631,1531.8880,-21.184
1531.9092,-38.260,1531.9092,-35.693,1531.9092,-31.567,1531.9092,-27.340,1531.9092,-23.596,1531.9092,-21.184
1531.9305,-38.301,1531.9305,-35.638,1531.9305,-31.506,1531.9305,-27.293,1531.9305,-23.573,1531.9305,-21.192
1531.9517,-38.351,1531.9517,-35.583,1531.9517,-31.440,1531.9517,-27.247,1531.9517,-23.554,1531.9517,-21.201
1531.9730,-38.403,1531.9730,-35.536,1531.9730,-31.377,1531.9730,-27.201,1531.9730,-23.542,1531.9730,-21.210
1531.9942,-38.457,1531.9942,-35.494,1531.9942,-31.313,1531.9942,-27.151,1531.9942,-23.524,1531.9942,-21.216
1532.0155,-38.511,1532.0155,-35.458,1532.0155,-31.258,1532.0155,-27.108,1532.0155,-23.510,1532.0155,-21.226
1532.0368,-38.564,1532.0368,-35.427,1532.0368,-31.209,1532.0368,-27.072,1532.0368,-23.495,1532.0368,-21.240
1532.0580,-38.617,1532.0580,-35.403,1532.0580,-31.165,1532.0580,-27.042,1532.0580,-23.488,1532.0580,-21.265
1532.0793,-38.678,1532.0793,-35.376,1532.0793,-31.128,1532.0793,-27.021,1532.0793,-23.483,1532.0793,-21.297
1532.1005,-38.743,1532.1005,-35.347,1532.1005,-31.090,1532.1005,-27.003,1532.1005,-23.486,1532.1005,-21.329
1532.1218,-38.818,1532.1218,-35.327,1532.1218,-31.060,1532.1218,-26.989,1532.1218,-23.498,1532.1218,-21.375
1532.1430,-38.902,1532.1430,-35.310,1532.1430,-31.031,1532.1430,-26.982,1532.1430,-23.518,1532.1430,-21.420
1532.1643,-38.986,1532.1643,-35.309,1532.1643,-31.015,1532.1643,-26.982,1532.1643,-23.553,1532.1643,-21.476
1532.1855,-39.082,1532.1855,-35.318,1532.1855,-31.007,1532.1855,-26.992,1532.1855,-23.589,1532.1855,-21.538
1532.2068,-39.177,1532.2068,-35.333,1532.2068,-31.006,1532.2068,-27.006,1532.2068,-23.631,1532.2068,-21.610
1532.2281,-39.274,1532.2281,-35.358,1532.2281,-31.019,1532.2281,-27.031,1532.2281,-23.672,1532.2281,-21.688
1532.2493,-39.364,1532.2493,-35.379,1532.2493,-31.031,1532.2493,-27.061,1532.2493,-23.724,1532.2493,-21.763
1532.2706,-39.448,1532.2706,-35.400,1532.2706,-31.047,1532.2706,-27.095,1532.2706,-23.773,1532.2706,-21.851
1532.2918,-39.526,1532.2918,-35.419,1532.2918,-31.062,1532.2918,-27.131,1532.2918,-23.833,1532.2918,-21.941
1532.3131,-39.587,1532.3131,-35.446,1532.3131,-31.082,1532.3131,-27.171,1532.3131,-23.896,1532.3131,-22.036
1532.3343,-39.639,1532.3343,-35.474,1532.3343,-31.107,1532.3343,-27.217,1532.3343,-23.967,1532.3343,-22.135
1532.3556,-39.671,1532.3556,-35.502,1532.3556,-31.135,1532.3556,-27.263,1532.3556,-24.043,1532.3556,-22.237
1532.3768,-39.684,1532.3768,-35.530,1532.3768,-31.168,1532.3768,-27.319,1532.3768,-24.122,1532.3768,-22.347
1532.3981,-39.682,1532.3981,-35.555,1532.3981,-31.200,1532.3981,-27.372,1532.3981,-24.201,1532.3981,-22.456
1532.4194,-39.652,1532.4194,-35.568,1532.4194,-31.230,1532.4194,-27.427,1532.4194,-24.280,1532.4194,-22.565
1532.4406,-39.602,1532.4406,-35.566,1532.4406,-31.251,1532.4406,-27.476,1532.4406,-24.360,1532.4406,-22.669
1532.4619,-39.537,1532.4619,-35.539,1532.4619,-31.253,1532.4619,-27.511,1532.4619,-24.425,1532.4619,-22.762
1532.4831,-39.455,1532.4831,-35.500,1532.4831,-31.241,1532.4831,-27.533,1532.4831,-24.486,1532.4831,-22.841
1532.5044,-39.372,1532.5044,-35.442,1532.5044,-31.216,1532.5044,-27.542,1532.5044,-24.532,1532.5044,-22.909
1532.5256,-39.282,1532.5256,-35.358,1532.5256,-31.169,1532.5256,-27.533,1532.5256,-24.565,1532.5256,-22.958
1532.5469,-39.197,1532.5469,-35.262,1532.5469,-31.104,1532.5469,-27.504,1532.5469,-24.579,1532.5469,-22.986
1532.5681,-39.111,1532.5681,-35.150,1532.5681,-31.022,1532.5681,-27.455,1532.5681,-24.570,1532.5681,-22.996
1532.5894,-39.023,1532.5894,-35.026,1532.5894,-30.925,1532.5894,-27.391,1532.5894,-24.547,1532.5894,-22.988
1532.6107,-38.943,1532.6107,-34.899,1532.6107,-30.819,1532.6107,-27.316,1532.6107,-24.509,1532.6107,-22.970
1532.6319,-38.874,1532.6319,-34.773,1532.6319,-30.710,1532.6319,-27.235,1532.6319,-24.466,1532.6319,-22.944
1532.6532,-38.807,1532.6532,-34.655,1532.6532,-30.598,1532.6532,-27.147,1532.6532,-24.409,1532.6532,-22.915
1532.6744,-38.748,1532.6744,-34.538,1532.6744,-30.494,1532.6744,-27.061,1532.6744,-24.348,1532.6744,-22.879
1532.6957,-38.684,1532.6957,-34.420,1532.6957,-30.381,1532.6957,-26.970,1532.6957,-24.281,1532.6957,-22.838
1532.7169,-38.622,1532.7169,-34.298,1532.7169,-30.266,1532.7169,-26.879,1532.7169,-24.207,1532.7169,-22.796
1532.7382,-38.564,1532.7382,-34.177,1532.7382,-30.152,1532.7382,-26.784,1532.7382,-24.135,1532.7382,-22.755
1532.7594,-38.504,1532.7594,-34.047,1532.7594,-30.040,1532.7594,-26.692,1532.7594,-24.063,1532.7594,-22.711
1532.7807,-38.450,1532.7807,-33.931,1532.7807,-29.929,1532.7807,-26.604,1532.7807,-23.998,1532.7807,-22.671
1532.8020,-38.394,1532.8020,-33.833,1532.8020,-29.830,1532.8020,-26.522,1532.8020,-23.940,1532.8020,-22.643
1532.8232,-38.344,1532.8232,-33.741,1532.8232,-29.745,1532.8232,-26.457,1532.8232,-23.890,1532.8232,-22.621
1532.8445,-38.292,1532.8445,-33.657,1532.8445,-29.667,1532.8445,-26.395,1532.8445,-23.847,1532.8445,-22.612
1532.8657,-38.240,1532.8657,-33.569,1532.8657,-29.593,1532.8657,-26.345,1532.8657,-23.810,1532.8657,-22.609
1532.8870,-38.193,1532.8870,-33.479,1532.8870,-29.518,1532.8870,-26.296,1532.8870,-23.776,1532.8870,-22.604
1532.9082,-38.146,1532.9082,-33.387,1532.9082,-29.444,1532.9082,-26.241,1532.9082,-23.744,1532.9082,-22.605
1532.9295,-38.093,1532.9295,-33.292,1532.9295,-29.361,1532.9295,-26.184,1532.9295,-23.712,1532.9295,-22.597
1532.9507,-38.040,1532.9507,-33.199,1532.9507,-29.282,1532.9507,-26.125,1532.9507,-23.676,1532.9507,-22.594
1532.9720,-37.983,1532.9720,-33.112,1532.9720,-29.204,1532.9720,-26.070,1532.9720,-23.651,1532.9720,-22.590
1532.9932,-37.921,1532.9932,-33.033,1532.9932,-29.136,1532.9932,-26.024,1532.9932,-23.622,1532.9932,-22.591
1533.0145,-37.859,1533.0145,-32.956,1533.0145,-29.078,1533.0145,-25.986,1533.0145,-23.601,1533.0145,-22.602
1533.0358,-37.807,1533.0358,-32.884,1533.0358,-29.019,1533.0358,-25.949,1533.0358,-23.583,1533.0358,-22.616
1533.0570,-37.760,1533.0570,-32.812,1533.0570,-28.973,1533.0570,-25.921,1533.0570,-23.574,1533.0570,-22.640
1533.0783,-37.718,1533.0783,-32.741,1533.0783,-28.925,1533.0783,-25.899,1533.0783,-23.572,1533.0783,-22.666
1533.0995,-37.675,1533.0995,-32.671,1533.0995,-28.873,1533.0995,-25.873,1533.0995,-23.568,1533.0995,-22.691
1533.1208,-37.633,1533.1208,-32.599,1533.1208,-28.822,1533.1208,-25.848,1533.1208,-23.571,1533.1208,-22.712
1533.1420,-37.585,1533.1420,-32.530,1533.1420,-28.770,1533.1420,-25.818,1533.1420,-23.566,1533.1420,-22.737
1533.1633,-37.533,1533.1633,-32.463,1533.1633,-28.720,1533.1633,-25.788,1533.1633,-23.562,1533.1633,-22.755
1533.1845,-37.479,1533.1845,-32.401,1533.1845,-28.671,1533.1845,-25.759,1533.1845,-23.558,1533.1845,-22.778
1533.2058,-37.431,1533.2058,-32.335,1533.2058,-28.626,1533.2058,-25.735,1533.2058,-23.550,1533.2058,-22.802
1533.2271,-37.388,1533.2271,-32.278,1533.2271,-28.585,1533.2271,-25.718,1533.2271,-23.551,1533.2271,-22.833
1533.2483,-37.353,1533.2483,-32.223,1533.2483,-28.551,1533.2483,-25.707,1533.2483,-23.556,1533.2483,-22.873
1533.2696,-37.324,1533.2696,-32.173,1533.2696,-28.524,1533.2696,-25.701,1533.2696,-23.574,1533.2696,-22.921
1533.2908,-37.293,1533.2908,-32.126,1533.2908,-28.499,1533.2908,-25.700,1533.2908,-23.597,1533.2908,-22.971
1533.3121,-37.268,1533.3121,-32.082,1533.3121,-28.475,1533.3121,-25.698,1533.3121,-23.621,1533.3121,-23.018
1533.3333,-37.240,1533.3333,-32.044,1533.3333,-28.451,1533.3333,-25.694,1533.3333,-23.649,1533.3333,-23.069
1533.3546,-37.214,1533.3546,-32.004,1533.3546,-28.430,1533.3546,-25.695,1533.3546,-23.667,1533.3546,-23.116
1533.3758,-37.190,1533.3758,-31.971,1533.3758,-28.408,1533.3758,-25.697,1533.3758,-23.691,1533.3758,-23.166
1533.3971,-37.165,1533.3971,-31.937,1533.3971,-28.393,1533.3971,-25.700,1533.3971,-23.710,1533.3971,-23.221
1533.4184,-37.143,1533.4184,-31.909,1533.4184,-28.384,1533.4184,-25.712,1533.4184,-23.739,1533.4184,-23.281
1533.4396,-37.130,1533.4396,-31.882,1533.4396,-28.381,1533.4396,-25.730,1533.4396,-23.774,1533.4396,-23.350
1533.4609,-37.119,1533.4609,-31.857,1533.4609,-28.381,1533.4609,-25.753,1533.4609,-23.819,1533.4609,-23.424
1533.4821,-37.121,1533.4821,-31.839,1533.4821,-28.386,1533.4821,-25.780,1533.4821,-23.870,1533.4821,-23.503
1533.5034,-37.121,1533.5034,-31.828,1533.5034,-28.393,1533.5034,-25.811,1533.5034,-23.925,1533.5034,-23.587
1533.5246,-37.130,1533.5246,-31.827,1533.5246,-28.409,1533.5246,-25.844,1533.5246,-23.983,1533.5246,-23.672
1533.5459,-37.137,1533.5459,-31.826,1533.5459,-28.423,1533.5459,-25.881,1533.5459,-24.039,1533.5459,-23.758
1533.5671,-37.144,1533.5671,-31.830,1533.5671,-28.443,1533.5671,-25.920,1533.5671,-24.097,1533.5671,-23.847
1533.5884,-37.154,1533.5884,-31.832,1533.5884,-28.464,1533.5884,-25.963,1533.5884,-24.155,1533.5884,-23.938
1533.6097,-37.160,1533.6097,-31.837,1533.6097,-28.495,1533.6097,-26.012,1533.6097,-24.223,1533.6097,-24.039
1533.6309,-37.168,1533.6309,-31.844,1533.6309,-28.525,1533.6309,-26.067,1533.6309,-24.295,1533.6309,-24.144
1533.6522,-37.175,1533.6522,-31.856,1533.6522,-28.554,1533.6522,-26.117,1533.6522,-24.369,1533.6522,-24.244
1533.6734,-37.179,1533.6734,-31.871,1533.6734,-28.589,1533.6734,-26.176,1533.6734,-24.449,1533.6734,-24.355
1533.6947,-37.178,1533.6947,-31.891,1533.6947,-28.629,1533.6947,-26.234,1533.6947,-24.528,1533.6947,-24.459
1533.7159,-37.174,1533.7159,-31.918,1533.7159,-28.672,1533.7159,-26.302,1533.7159,-24.619,1533.7159,-24.574
1533.7372,-37.154,1533.7372,-31.940,1533.7372,-28.719,1533.7372,-26.369,1533.7372,-24.705,1533.7372,-24.694
1533.7584,-37.120,1533.7584,-31.964,1533.7584,-28.765,1533.7584,-26.438,1533.7584,-24.794,1533.7584,-24.808
1533.7797,-37.076,1533.7797,-31.981,1533.7797,-28.812,1533.7797,-26.510,1533.7797,-24.886,1533.7797,-24.929
1533.8010,-37.014,1533.8010,-31.988,1533.8010,-28.824,1533.8010,-26.574,1533.8010,-24.972,1533.8010,-25.038
1533.8222,-36.940,1533.8222,-31.984,1533.8222,-28.828,1533.8222,-26.626,1533.8222,-25.052,1533.8222,-25.143
1533.8435,-36.846,1533.8435,-31.967,1533.8435,-28.847,1533.8435,-26.677,1533.8435,-25.127,1533.8435,-25.246
1533.8647,-36.751,1533.8647,-31.943,1533.8647,-28.862,1533.8647,-26.716,1533.8647,-25.200,1533.8647,-25.339
1533.8860,-36.658,1533.8860,-31.911,1533.8860,-28.868,1533.8860,-26.752,1533.8860,-25.262,1533.8860,-25.427
1533.9072,-36.558,1533.9072,-31.870,1533.9072,-28.868,1533.9072,-26.782,1533.9072,-25.325,1533.9072,-25.505
1533.9285,-36.464,1533.9285,-31.822,1533.9285,-28.885,1533.9285,-26.804,1533.9285,-25.375,1533.9285,-25.580
1533.9497,-36.366,1533.9497,-31.766,1533.9497,-28.893,1533.9497,-26.815,1533.9497,-25.420,1533.9497,-25.641
1533.9710,-36.270,1533.9710,-31.707,1533.9710,-28.866,1533.9710,-26.816,1533.9710,-25.452,1533.9710,-25.696
1533.9922,-36.178,1533.9922,-31.638,1533.9922,-28.830,1533.9922,-26.805,1533.9922,-25.469,1533.9922,-25.734
1534.0135,-36.081,1534.0135,-31.563,1534.0135,-28.782,1534.0135,-26.784,1534.0135,-25.478,1534.0135,-25.761
1534.0348,-35.992,1534.0348,-31.489,1534.0348,-28.730,1534.0348,-26.758,1534.0348,-25.478,1534.0348,-25.781
1534.0560,-35.904,1534.0560,-31.410,1534.0560,-28.678,1534.0560,-26.727,1534.0560,-25.471,1534.0560,-25.796
1534.0773,-35.819,1534.0773,-31.335,1534.0773,-28.625,1534.0773,-26.698,1534.0773,-25.463,1534.0773,-25.813
1534.0985,-35.735,1534.0985,-31.263,1534.0985,-28.577,1534.0985,-26.666,1534.0985,-25.458,1534.0985,-25.827
1534.1198,-35.653,1534.1198,-31.191,1534.1198,-28.523,1534.1198,-26.637,1534.1198,-25.447,1534.1198,-25.844
1534.1410,-35.578,1534.1410,-31.131,1534.1410,-28.480,1534.1410,-26.607,1534.1410,-25.441,1534.1410,-25.859
1534.1623,-35.506,1534.1623,-31.069,1534.1623,-28.436,1534.1623,-26.583,1534.1623,-25.437,1534.1623,-25.878
1534.1835,-35.435,1534.1835,-31.017,1534.1835,-28.400,1534.1835,-26.563,1534.1835,-25.435,1534.1835,-25.900
1534.2048,-35.364,1534.2048,-30.965,1534.2048,-28.367,1534.2048,-26.550,1534.2048,-25.439,1534.2048,-25.929
1534.2261,-35.295,1534.2261,-30.914,1534.2261,-28.334,1534.2261,-26.537,1534.2261,-25.441,1534.2261,-25.958
1534.2473,-35.222,1534.2473,-30.857,1534.2473,-28.301,1534.2473,-26.521,1534.2473,-25.448,1534.2473,-25.984
1534.2686,-35.153,1534.2686,-30.804,1534.2686,-28.266,1534.2686,-26.504,1534.2686,-25.452,1534.2686,-26.014
1534.2898,-35.084,1534.2898,-30.752,1534.2898,-28.234,1534.2898,-26.492,1534.2898,-25.460,1534.2898,-26.041
1534.3111,-35.017,1534.3111,-30.705,1534.3111,-28.202,1534.3111,-26.478,1534.3111,-25.471,1534.3111,-26.071
1534.3323,-34.944,1534.3323,-30.662,1534.3323,-28.172,1534.3323,-26.473,1534.3323,-25.484,1534.3323,-26.107
1534.3536,-34.878,1534.3536,-30.623,1534.3536,-28.106,1534.3536,-26.470,1534.3536,-25.506,1534.3536,-26.149
1534.3748,-34.817,1534.3748,-30.587,1534.3748,-28.086,1534.3748,-26.475,1534.3748,-25.526,1534.3748,-26.195
1534.3961,-34.752,1534.3961,-30.551,1534.3961,-28.074,1534.3961,-26.481,1534.3961,-25.554,1534.3961,-26.242
1534.4174,-34.693,1534.4174,-30.516,1534.4174,-28.059,1534.4174,-26.489,1534.4174,-25.580,1534.4174,-26.291
1534.4386,-34.637,1534.4386,-30.480,1534.4386,-28.046,1534.4386,-26.495,1534.4386,-25.610,1534.4386,-26.339
1534.4599,-34.581,1534.4599,-30.448,1534.4599,-28.033,1534.4599,-26.501,1534.4599,-25.642,1534.4599,-26.391
1534.4811,-34.525,1534.4811,-30.416,1534.4811,-28.019,1534.4811,-26.508,1534.4811,-25.669,1534.4811,-26.439
1534.5024,-34.471,1534.5024,-30.387,1534.5024,-28.010,1534.5024,-26.518,1534.5024,-25.702,1534.5024,-26.490
1534.5236,-34.412,1534.5236,-30.363,1534.5236,-28.005,1534.5236,-26.531,1534.5236,-25.736,1534.5236,-26.541
1534.5449,-34.365,1534.5449,-30.342,1534.5449,-28.004,1534.5449,-26.549,1534.5449,-25.777,1534.5449,-26.603
1534.5661,-34.315,1534.5661,-30.323,1534.5661,-28.003,1534.5661,-26.568,1534.5661,-25.815,1534.5661,-26.661
1534.5874,-34.274,1534.5874,-30.302,1534.5874,-28.008,1534.5874,-26.593,1534.5874,-25.861,1534.5874,-26.728
1534.6087,-34.234,1534.6087,-30.283,1534.6087,-28.008,1534.6087,-26.615,1534.6087,-25.906,1534.6087,-26.793
1534.6299,-34.193,1534.6299,-30.268,1534.6299,-28.015,1534.6299,-26.638,1534.6299,-25.952,1534.6299,-26.850
1534.6512,-34.163,1534.6512,-30.253,1534.6512,-28.021,1534.6512,-26.662,1534.6512,-26.002,1534.6512,-26.918
1534.6724,-34.123,1534.6724,-30.243,1534.6724,-28.028,1534.6724,-26.689,1534.6724,-26.050,1534.6724,-26.981
1534.6937,-34.093,1534.6937,-30.234,1534.6937,-28.037,1534.6937,-26.716,1534.6937,-26.104,1534.6937,-27.051
1534.7149,-34.052,1534.7149,-30.225,1534.7149,-28.047,1534.7149,-26.744,1534.7149,-26.151,1534.7149,-27.108
1534.7362,-34.014,1534.7362,-30.220,1534.7362,-28.058,1534.7362,-26.772,1534.7362,-26.198,1534.7362,-27.176
1534.7574,-33.989,1534.7574,-30.212,1534.7574,-28.074,1534.7574,-26.806,1534.7574,-26.254,1534.7574,-27.247
1534.7787,-33.965,1534.7787,-30.211,1534.7787,-28.090,1534.7787,-26.843,1534.7787,-26.311,1534.7787,-27.319
1534.7999,-33.953,1534.7999,-30.212,1534.7999,-28.112,1534.7999,-26.881,1534.7999,-26.372,1534.7999,-27.397
1534.8212,-33.938,1534.8212,-30.220,1534.8212,-28.139,1534.8212,-26.927,1534.8212,-26.440,1534.8212,-27.473
1534.8425,-33.924,1534.8425,-30.224,1534.8425,-28.165,1534.8425,-26.972,1534.8425,-26.506,1534.8425,-27.554
1534.8637,-33.914,1534.8637,-30.232,1534.8637,-28.189,1534.8637,-27.016,1534.8637,-26.572,1534.8637,-27.631
1534.8850,-33.901,1534.8850,-30.243,1534.8850,-28.215,1534.8850,-27.060,1534.8850,-26.638,1534.8850,-27.704
1534.9062,-33.892,1534.9062,-30.255,1534.9062,-28.244,1534.9062,-27.109,1534.9062,-26.708,1534.9062,-27.784
1534.9275,-33.882,1534.9275,-30.267,1534.9275,-28.278,1534.9275,-27.158,1534.9275,-26.775,1534.9275,-27.869
1534.9487,-33.878,1534.9487,-30.279,1534.9487,-28.310,1534.9487,-27.208,1534.9487,-26.845,1534.9487,-27.951
1534.9700,-33.871,1534.9700,-30.296,1534.9700,-28.341,1534.9700,-27.261,1534.9700,-26.917,1534.9700,-28.032
1534.9912,-33.868,1534.9912,-30.313,1534.9912,-28.379,1534.9912,-27.316,1534.9912,-26.994,1534.9912,-28.122
1535.0125,-33.867,1535.0125,-30.330,1535.0125,-28.414,1535.0125,-27.371,1535.0125,-27.074,1535.0125,-28.207
1535.0338,-33.862,1535.0338,-30.351,1535.0338,-28.451,1535.0338,-27.426,1535.0338,-27.150,1535.0338,-28.293
1535.0550,-33.856,1535.0550,-30.371,1535.0550,-28.488,1535.0550,-27.485,1535.0550,-27.227,1535.0550,-28.382
1535.0763,-33.853,1535.0763,-30.396,1535.0763,-28.530,1535.0763,-27.544,1535.0763,-27.306,1535.0763,-28.473
1535.0975,-33.843,1535.0975,-30.420,1535.0975,-28.576,1535.0975,-27.606,1535.0975,-27.390,1535.0975,-28.565
1535.1188,-33.829,1535.1188,-30.441,1535.1188,-28.615,1535.1188,-27.666,1535.1188,-27.467,1535.1188,-28.654
1535.1400,-33.806,1535.1400,-30.459,1535.1400,-28.654,1535.1400,-27.724,1535.1400,-27.544,1535.1400,-28.744
1535.1613,-33.776,1535.1613,-30.475,1535.1613,-28.691,1535.1613,-27.780,1535.1613,-27.624,1535.1613,-28.830
1535.1825,-33.743,1535.1825,-30.490,1535.1825,-28.726,1535.1825,-27.836,1535.1825,-27.701,1535.1825,-28.917
1535.2038,-33.702,1535.2038,-30.500,1535.2038,-28.761,1535.2038,-27.891,1535.2038,-27.777,1535.2038,-28.999
1535.2251,-33.659,1535.2251,-30.511,1535.2251,-28.794,1535.2251,-27.944,1535.2251,-27.854,1535.2251,-29.083
1535.2463,-33.608,1535.2463,-30.518,1535.2463,-28.827,1535.2463,-28.001,1535.2463,-27.935,1535.2463,-29.167
1535.2676,-33.557,1535.2676,-30.521,1535.2676,-28.855,1535.2676,-28.054,1535.2676,-28.011,1535.2676,-29.248
1535.2888,-33.500,1535.2888,-30.518,1535.2888,-28.878,1535.2888,-28.100,1535.2888,-28.082,1535.2888,-29.322
1535.3101,-33.446,1535.3101,-30.508,1535.3101,-28.896,1535.3101,-28.140,1535.3101,-28.144,1535.3101,-29.390
1535.3313,-33.384,1535.3313,-30.491,1535.3313,-28.908,1535.3313,-28.177,1535.3313,-28.207,1535.3313,-29.455
1535.3526,-33.323,1535.3526,-30.469,1535.3526,-28.913,1535.3526,-28.208,1535.3526,-28.265,1535.3526,-29.512
1535.3738,-33.270,1535.3738,-30.448,1535.3738,-28.918,1535.3738,-28.236,1535.3738,-28.316,1535.3738,-29.566
1535.3951,-33.216,1535.3951,-30.420,1535.3951,-28.914,1535.3951,-28.256,1535.3951,-28.361,1535.3951,-29.608
1535.4164,-33.161,1535.4164,-30.389,1535.4164,-28.907,1535.4164,-28.273,1535.4164,-28.400,1535.4164,-29.652
1535.4376,-33.105,1535.4376,-30.357,1535.4376,-28.897,1535.4376,-28.285,1535.4376,-28.436,1535.4376,-29.688
1535.4589,-33.060,1535.4589,-30.332,1535.4589,-28.889,1535.4589,-28.301,1535.4589,-28.470,1535.4589,-29.726
1535.4801,-33.011,1535.4801,-30.304,1535.4801,-28.880,1535.4801,-28.311,1535.4801,-28.500,1535.4801,-29.756
1535.5014,-32.964,1535.5014,-30.279,1535.5014,-28.870,1535.5014,-28.324,1535.5014,-28.530,1535.5014,-29.790
1535.5226,-32.920,1535.5226,-30.256,1535.5226,-28.864,1535.5226,-28.335,1535.5226,-28.556,1535.5226,-29.821
1535.5439,-32.879,1535.5439,-30.232,1535.5439,-28.855,1535.5439,-28.345,1535.5439,-28.586,1535.5439,-29.853
1535.5651,-32.838,1535.5651,-30.209,1535.5651,-28.846,1535.5651,-28.358,1535.5651,-28.615,1535.5651,-29.886
1535.5864,-32.797,1535.5864,-30.188,1535.5864,-28.841,1535.5864,-28.373,1535.5864,-28.644,1535.5864,-29.920
1535.6077,-32.760,1535.6077,-30.168,1535.6077,-28.838,1535.6077,-28.387,1535.6077,-28.671,1535.6077,-29.953
1535.6289,-32.720,1535.6289,-30.147,1535.6289,-28.835,1535.6289,-28.403,1535.6289,-28.703,1535.6289,-29.987
1535.6502,-32.682,1535.6502,-30.128,1535.6502,-28.831,1535.6502,-28.415,1535.6502,-28.733,1535.6502,-30.020
1535.6714,-32.644,1535.6714,-30.110,1535.6714,-28.829,1535.6714,-28.434,1535.6714,-28.764,1535.6714,-30.056
1535.6927,-32.606,1535.6927,-30.094,1535.6927,-28.829,1535.6927,-28.457,1535.6927,-28.800,1535.6927,-30.093
1535.7139,-32.572,1535.7139,-30.085,1535.7139,-28.835,1535.7139,-28.480,1535.7139,-28.837,1535.7139,-30.136
1535.7352,-32.541,1535.7352,-30.075,1535.7352,-28.840,1535.7352,-28.504,1535.7352,-28.874,1535.7352,-30.177
1535.7564,-32.509,1535.7564,-30.065,1535.7564,-28.849,1535.7564,-28.532,1535.7564,-28.915,1535.7564,-30.223
1535.7777,-32.480,1535.7777,-30.056,1535.7777,-28.856,1535.7777,-28.561,1535.7777,-28.956,1535.7777,-30.267
1535.7989,-32.450,1535.7989,-30.046,1535.7989,-28.865,1535.7989,-28.590,1535.7989,-29.001,1535.7989,-30.315
1535.8202,-32.420,1535.8202,-30.038,1535.8202,-28.876,1535.8202,-28.620,1535.8202,-29.044,1535.8202,-30.362
1535.8415,-32.393,1535.8415,-30.032,1535.8415,-28.885,1535.8415,-28.648,1535.8415,-29.088,1535.8415,-30.406
1535.8627,-32.366,1535.8627,-30.030,1535.8627,-28.897,1535.8627,-28.679,1535.8627,-29.134,1535.8627,-30.454
1535.8840,-32.338,1535.8840,-30.027,1535.8840,-28.911,1535.8840,-28.714,1535.8840,-29.177,1535.8840,-30.500
1535.9052,-32.310,1535.9052,-30.025,1535.9052,-28.926,1535.9052,-28.750,1535.9052,-29.227,1535.9052,-30.555
1535.9265,-32.288,1535.9265,-30.027,1535.9265,-28.946,1535.9265,-28.789,1535.9265,-29.276,1535.9265,-30.611
1535.9477,-32.270,1535.9477,-30.026,1535.9477,-28.965,1535.9477,-28.831,1535.9477,-29.329,1535.9477,-30.664
1535.9690,-32.252,1535.9690,-30.028,1535.9690,-28.983,1535.9690,-28.872,1535.9690,-29.383,1535.9690,-30.719
1535.9902,-32.232,1535.9902,-30.029,1535.9902,-29.003,1535.9902,-28.909,1535.9902,-29.434,1535.9902,-30.773
1536.0115,-32.216,1536.0115,-30.033,1536.0115,-29.024,1536.0115,-28.952,1536.0115,-29.489,1536.0115,-30.829
1536.0328,-32.200,1536.0328,-30.040,1536.0328,-29.049,1536.0328,-28.994,1536.0328,-29.541,1536.0328,-30.886
1536.0540,-32.186,1536.0540,-30.046,1536.0540,-29.073,1536.0540,-29.037,1536.0540,-29.595,1536.0540,-30.940
1536.0753,-32.170,1536.0753,-30.053,1536.0753,-29.098,1536.0753,-29.081,1536.0753,-29.646,1536.0753,-30.995
1536.0965,-32.156,1536.0965,-30.055,1536.0965,-29.120,1536.0965,-29.126,1536.0965,-29.702,1536.0965,-31.056
1536.1178,-32.145,1536.1178,-30.066,1536.1178,-29.145,1536.1178,-29.172,1536.1178,-29.756,1536.1178,-31.112
1536.1390,-32.134,1536.1390,-30.076,1536.1390,-29.175,1536.1390,-29.222,1536.1390,-29.812,1536.1390,-31.177
1536.1603,-32.128,1536.1603,-30.086,1536.1603,-29.206,1536.1603,-29.270,1536.1603,-29.872,1536.1603,-31.238
1536.1815,-32.123,1536.1815,-30.099,1536.1815,-29.235,1536.1815,-29.318,1536.1815,-29.928,1536.1815,-31.299
1536.2028,-32.117,1536.2028,-30.112,1536.2028,-29.267,1536.2028,-29.370,1536.2028,-29.988,1536.2028,-31.363
1536.2241,-32.114,1536.2241,-30.133,1536.2241,-29.301,1536.2241,-29.423,1536.2241,-30.048,1536.2241,-31.427
1536.2453,-32.107,1536.2453,-30.146,1536.2453,-29.334,1536.2453,-29.472,1536.2453,-30.106,1536.2453,-31.491
1536.2666,-32.103,1536.2666,-30.160,1536.2666,-29.365,1536.2666,-29.524,1536.2666,-30.164,1536.2666,-31.550
1536.2878,-32.098,1536.2878,-30.173,1536.2878,-29.398,1536.2878,-29.576,1536.2878,-30.218,1536.2878,-31.612
1536.3091,-32.094,1536.3091,-30.188,1536.3091,-29.430,1536.3091,-29.626,1536.3091,-30.274,1536.3091,-31.674
1536.3303,-32.093,1536.3303,-30.205,1536.3303,-29.465,1536.3303,-29.676,1536.3303,-30.333,1536.3303,-31.738
1536.3516,-32.091,1536.3516,-30.222,1536.3516,-29.501,1536.3516,-29.731,1536.3516,-30.393,1536.3516,-31.801
1536.3728,-32.090,1536.3728,-30.243,1536.3728,-29.537,1536.3728,-29.786,1536.3728,-30.454,1536.3728,-31.867
1536.3941,-32.090,1536.3941,-30.257,1536.3941,-29.570,1536.3941,-29.837,1536.3941,-30.512,1536.3941,-31.929
1536.4154,-32.091,1536.4154,-30.277,1536.4154,-29.606,1536.4154,-29.890,1536.4154,-30.569,1536.4154,-31.990
1536.4366,-32.091,1536.4366,-30.297,1536.4366,-29.642,1536.4366,-29.945,1536.4366,-30.624,1536.4366,-32.053
1536.4579,-32.085,1536.4579,-30.316,1536.4579,-29.682,1536.4579,-29.998,1536.4579,-30.684,1536.4579,-32.117
1536.4791,-32.083,1536.4791,-30.335,1536.4791,-29.718,1536.4791,-30.054,1536.4791,-30.743,1536.4791,-32.179
1536.5004,-32.079,1536.5004,-30.354,1536.5004,-29.751,1536.5004,-30.105,1536.5004,-30.799,1536.5004,-32.236
1536.5216,-32.073,1536.5216,-30.371,1536.5216,-29.791,1536.5216,-30.158,1536.5216,-30.854,1536.5216,-32.300
1536.5429,-32.060,1536.5429,-30.387,1536.5429,-29.824,1536.5429,-30.211,1536.5429,-30.911,1536.5429,-32.360
1536.5641,-32.047,1536.5641,-30.406,1536.5641,-29.860,1536.5641,-30.264,1536.5641,-30.967,1536.5641,-32.423
1536.5854,-32.034,1536.5854,-30.421,1536.5854,-29.896,1536.5854,-30.317,1536.5854,-31.023,1536.5854,-32.481
1536.6067,-32.017,1536.6067,-30.436,1536.6067,-29.931,1536.6067,-30.367,1536.6067,-31.077,1536.6067,-32.538
1536.6279,-31.998,1536.6279,-30.451,1536.6279,-29.967,1536.6279,-30.419,1536.6279,-31.131,1536.6279,-32.599
1536.6492,-31.978,1536.6492,-30.465,1536.6492,-30.003,1536.6492,-30.471,1536.6492,-31.185,1536.6492,-32.656
1536.6704,-31.952,1536.6704,-30.477,1536.6704,-30.037,1536.6704,-30.525,1536.6704,-31.242,1536.6704,-32.718
1536.6917,-31.921,1536.6917,-30.484,1536.6917,-30.069,1536.6917,-30.574,1536.6917,-31.297,1536.6917,-32.774
1536.7129,-31.894,1536.7129,-30.490,1536.7129,-30.098,1536.7129,-30.619,1536.7129,-31.344,1536.7129,-32.824
1536.7342,-31.863,1536.7342,-30.492,1536.7342,-30.120,1536.7342,-30.657,1536.7342,-31.389,1536.7342,-32.874
1536.7554,-31.834,1536.7554,-30.490,1536.7554,-30.143,1536.7554,-30.696,1536.7554,-31.432,1536.7554,-32.920
1536.7767,-31.803,1536.7767,-30.486,1536.7767,-30.162,1536.7767,-30.735,1536.7767,-31.474,1536.7767,-32.964
1536.7979,-31.772,1536.7979,-30.484,1536.7979,-30.180,1536.7979,-30.768,1536.7979,-31.511,1536.7979,-33.004
1536.8192,-31.745,1536.8192,-30.477,1536.8192,-30.196,1536.8192,-30.798,1536.8192,-31.548,1536.8192,-33.042
1536.8405,-31.714,1536.8405,-30.470,1536.8405,-30.212,1536.8405,-30.829,1536.8405,-31.580,1536.8405,-33.077
1536.8617,-31.689,1536.8617,-30.465,1536.8617,-30.227,1536.8617,-30.860,1536.8617,-31.613,1536.8617,-33.114
1536.8830,-31.666,1536.8830,-30.460,1536.8830,-30.241,1536.8830,-30.887,1536.8830,-31.642,1536.8830,-33.145
1536.9042,-31.640,1536.9042,-30.455,1536.9042,-30.252,1536.9042,-30.912,1536.9042,-31.668,1536.9042,-33.171
1536.9255,-31.616,1536.9255,-30.446,1536.9255,-30.264,1536.9255,-30.934,1536.9255,-31.693,1536.9255,-33.198
1536.9467,-31.593,1536.9467,-30.441,1536.9467,-30.275,1536.9467,-30.958,1536.9467,-31.715,1536.9467,-33.222
1536.9680,-31.570,1536.9680,-30.437,1536.9680,-30.291,1536.9680,-30.985,1536.9680,-31.741,1536.9680,-33.252
1536.9892,-31.547,1536.9892,-30.432,1536.9892,-30.303,1536.9892,-31.011,1536.9892,-31.763,1536.9892,-33.277
1537.0105,-31.526,1537.0105,-30.431,1537.0105,-30.317,1537.0105,-31.032,1537.0105,-31.791,1537.0105,-33.303
1537.0318,-31.506,1537.0318,-30.427,1537.0318,-30.332,1537.0318,-31.061,1537.0318,-31.816,1537.0318,-33.327
1537.0530,-31.484,1537.0530,-30.427,1537.0530,-30.346,1537.0530,-31.081,1537.0530,-31.841,1537.0530,-33.352
1537.0743,-31.468,1537.0743,-30.428,1537.0743,-30.367,1537.0743,-31.112,1537.0743,-31.867,1537.0743,-33.380
1537.0955,-31.452,1537.0955,-30.434,1537.0955,-30.387,1537.0955,-31.144,1537.0955,-31.897,1537.0955,-33.410
1537.1168,-31.439,1537.1168,-30.437,1537.1168,-30.408,1537.1168,-31.172,1537.1168,-31.927,1537.1168,-33.437
1537.1380,-31.423,1537.1380,-30.440,1537.1380,-30.428,1537.1380,-31.202,1537.1380,-31.956,1537.1380,-33.465
1537.1593,-31.408,1537.1593,-30.446,1537.1593,-30.449,1537.1593,-31.233,1537.1593,-31.987,1537.1593,-33.497
1537.1805,-31.393,1537.1805,-30.450,1537.1805,-30.473,1537.1805,-31.264,1537.1805,-32.018,1537.1805,-33.523
1537.2018,-31.378,1537.2018,-30.457,1537.2018,-30.494,1537.2018,-31.292,1537.2018,-32.051,1537.2018,-33.551
1537.2231,-31.366,1537.2231,-30.466,1537.2231,-30.521,1537.2231,-31.325,1537.2231,-32.079,1537.2231,-33.580
1537.2443,-31.353,1537.2443,-30.474,1537.2443,-30.546,1537.2443,-31.359,1537.2443,-32.112,1537.2443,-33.609
1537.2656,-31.344,1537.2656,-30.486,1537.2656,-30.576,1537.2656,-31.394,1537.2656,-32.150,1537.2656,-33.642
1537.2868,-31.336,1537.2868,-30.497,1537.2868,-30.604,1537.2868,-31.431,1537.2868,-32.185,1537.2868,-33.677
1537.3081,-31.327,1537.3081,-30.510,1537.3081,-30.631,1537.3081,-31.464,1537.3081,-32.221,1537.3081,-33.706
1537.3293,-31.322,1537.3293,-30.522,1537.3293,-30.661,1537.3293,-31.502,1537.3293,-32.254,1537.3293,-33.735
1537.3506,-31.315,1537.3506,-30.537,1537.3506,-30.690,1537.3506,-31.534,1537.3506,-32.296,1537.3506,-33.763
1537.3718,-31.309,1537.3718,-30.551,1537.3718,-30.721,1537.3718,-31.572,1537.3718,-32.332,1537.3718,-33.794
1537.3931,-31.302,1537.3931,-30.564,1537.3931,-30.751,1537.3931,-31.609,1537.3931,-32.368,1537.3931,-33.821
1537.4144,-31.297,1537.4144,-30.580,1537.4144,-30.780,1537.4144,-31.640,1537.4144,-32.403,1537.4144,-33.850
1537.4356,-31.290,1537.4356,-30.594,1537.4356,-30.812,1537.4356,-31.678,1537.4356,-32.441,1537.4356,-33.877
1537.4569,-31.286,1537.4569,-30.613,1537.4569,-30.846,1537.4569,-31.715,1537.4569,-32.479,1537.4569,-33.903
1537.4781,-31.283,1537.4781,-30.629,1537.4781,-30.878,1537.4781,-31.754,1537.4781,-32.515,1537.4781,-33.934
1537.4994,-31.280,1537.4994,-30.646,1537.4994,-30.910,1537.4994,-31.788,1537.4994,-32.556,1537.4994,-33.959
1537.5206,-31.283,1537.5206,-30.667,1537.5206,-30.943,1537.5206,-31.826,1537.5206,-32.595,1537.5206,-33.986
1537.5419,-31.284,1537.5419,-30.685,1537.5419,-30.978,1537.5419,-31.864,1537.5419,-32.635,1537.5419,-34.012
1537.5631,-31.285,1537.5631,-30.708,1537.5631,-31.014,1537.5631,-31.905,1537.5631,-32.678,1537.5631,-34.039
1537.5844,-31.284,1537.5844,-30.733,1537.5844,-31.051,1537.5844,-31.946,1537.5844,-32.720,1537.5844,-34.065
1537.6057,-31.287,1537.6057,-30.754,1537.6057,-31.088,1537.6057,-31.983,1537.6057,-32.762,1537.6057,-34.087
1537.6269,-31.288,1537.6269,-30.775,1537.6269,-31.121,1537.6269,-32.021,1537.6269,-32.801,1537.6269,-34.113
1537.6482,-31.288,1537.6482,-30.795,1537.6482,-31.156,1537.6482,-32.058,1537.6482,-32.841,1537.6482,-34.134
1537.6694,-31.289,1537.6694,-30.816,1537.6694,-31.191,1537.6694,-32.096,1537.6694,-32.881,1537.6694,-34.153
1537.6907,-31.295,1537.6907,-30.838,1537.6907,-31.227,1537.6907,-32.134,1537.6907,-32.921,1537.6907,-34.180
1537.7119,-31.297,1537.7119,-30.863,1537.7119,-31.264,1537.7119,-32.173,1537.7119,-32.962,1537.7119,-34.198
1537.7332,-31.305,1537.7332,-30.890,1537.7332,-31.304,1537.7332,-32.215,1537.7332,-33.005,1537.7332,-34.222
1537.7544,-31.307,1537.7544,-30.916,1537.7544,-31.340,1537.7544,-32.252,1537.7544,-33.049,1537.7544,-34.239
1537.7757,-31.314,1537.7757,-30.941,1537.7757,-31.377,1537.7757,-32.292,1537.7757,-33.087,1537.7757,-34.259
1537.7969,-31.320,1537.7969,-30.966,1537.7969,-31.414,1537.7969,-32.331,1537.7969,-33.127,1537.7969,-34.278
1537.8182,-31.324,1537.8182,-30.989,1537.8182,-31.451,1537.8182,-32.367,1537.8182,-33.164,1537.8182,-34.295
1537.8395,-31.327,1537.8395,-31.012,1537.8395,-31.487,1537.8395,-32.403,1537.8395,-33.208,1537.8395,-34.310
1537.8607,-31.328,1537.8607,-31.036,1537.8607,-31.520,1537.8607,-32.435,1537.8607,-33.241,1537.8607,-34.319
1537.8820,-31.333,1537.8820,-31.060,1537.8820,-31.552,1537.8820,-32.471,1537.8820,-33.280,1537.8820,-34.331
1537.9032,-31.335,1537.9032,-31.084,1537.9032,-31.588,1537.9032,-32.506,1537.9032,-33.319,1537.9032,-34.343
1537.9245,-31.337,1537.9245,-31.110,1537.9245,-31.622,1537.9245,-32.542,1537.9245,-33.357,1537.9245,-34.356
1537.9457,-31.337,1537.9457,-31.135,1537.9457,-31.661,1537.9457,-32.576,1537.9457,-33.392,1537.9457,-34.366
1537.9670,-31.338,1537.9670,-31.162,1537.9670,-31.695,1537.9670,-32.614,1537.9670,-33.433,1537.9670,-34.378
1537.9882,-31.337,1537.9882,-31.188,1537.9882,-31.730,1537.9882,-32.648,1537.9882,-33.472,1537.9882,-34.390
1538.0095,-31.334,1538.0095,-31.212,1538.0095,-31.769,1538.0095,-32.684,1538.0095,-33.513,1538.0095,-34.398
1538.0308,-31.329,1538.0308,-31.240,1538.0308,-31.800,1538.0308,-32.720,1538.0308,-33.548,1538.0308,-34.405
1538.0520,-31.320,1538.0520,-31.260,1538.0520,-31.831,1538.0520,-32.752,1538.0520,-33.587,1538.0520,-34.411
1538.0733,-31.308,1538.0733,-31.281,1538.0733,-31.862,1538.0733,-32.786,1538.0733,-33.624,1538.0733,-34.414
1538.0945,-31.300,1538.0945,-31.302,1538.0945,-31.891,1538.0945,-32.816,1538.0945,-33.658,1538.0945,-34.419
1538.1158,-31.284,1538.1158,-31.319,1538.1158,-31.920,1538.1158,-32.846,1538.1158,-33.691,1538.1158,-34.419
1538.1370,-31.274,1538.1370,-31.334,1538.1370,-31.948,1538.1370,-32.874,1538.1370,-33.724,1538.1370,-34.418
1538.1583,-31.262,1538.1583,-31.351,1538.1583,-31.972,1538.1583,-32.905,1538.1583,-33.755,1538.1583,-34.416
1538.1795,-31.251,1538.1795,-31.364,1538.1795,-31.997,1538.1795,-32.933,1538.1795,-33.787,1538.1795,-34.409
1538.2008,-31.242,1538.2008,-31.375,1538.2008,-32.019,1538.2008,-32.956,1538.2008,-33.816,1538.2008,-34.401
1538.2221,-31.229,1538.2221,-31.388,1538.2221,-32.043,1538.2221,-32.979,1538.2221,-33.842,1538.2221,-34.394
1538.2433,-31.220,1538.2433,-31.399,1538.2433,-32.060,1538.2433,-32.999,1538.2433,-33.867,1538.2433,-34.377
1538.2646,-31.211,1538.2646,-31.408,1538.2646,-32.077,1538.2646,-33.015,1538.2646,-33.885,1538.2646,-34.364
1538.2858,-31.202,1538.2858,-31.418,1538.2858,-32.089,1538.2858,-33.034,1538.2858,-33.904,1538.2858,-34.344
1538.3071,-31.191,1538.3071,-31.424,1538.3071,-32.104,1538.3071,-33.046,1538.3071,-33.918,1538.3071,-34.322
1538.3283,-31.184,1538.3283,-31.434,1538.3283,-32.116,1538.3283,-33.061,1538.3283,-33.932,1538.3283,-34.298
1538.3496,-31.177,1538.3496,-31.444,1538.3496,-32.129,1538.3496,-33.076,1538.3496,-33.949,1538.3496,-34.274
1538.3708,-31.170,1538.3708,-31.454,1538.3708,-32.144,1538.3708,-33.090,1538.3708,-33.963,1538.3708,-34.253
1538.3921,-31.165,1538.3921,-31.466,1538.3921,-32.162,1538.3921,-33.105,1538.3921,-33.977,1538.3921,-34.229
1538.4134,-31.158,1538.4134,-31.477,1538.4134,-32.174,1538.4134,-33.120,1538.4134,-33.986,1538.4134,-34.206
1538.4346,-31.157,1538.4346,-31.491,1538.4346,-32.192,1538.4346,-33.136,1538.4346,-34.002,1538.4346,-34.183
1538.4559,-31.154,1538.4559,-31.504,1538.4559,-32.208,1538.4559,-33.153,1538.4559,-34.017,1538.4559,-34.162
1538.4771,-31.156,1538.4771,-31.519,1538.4771,-32.227,1538.4771,-33.172,1538.4771,-34.034,1538.4771,-34.137
1538.4984,-31.156,1538.4984,-31.537,1538.4984,-32.243,1538.4984,-33.188,1538.4984,-34.048,1538.4984,-34.114
1538.5196,-31.155,1538.5196,-31.551,1538.5196,-32.260,1538.5196,-33.211,1538.5196,-34.063,1538.5196,-34.092
1538.5409,-31.154,1538.5409,-31.567,1538.5409,-32.279,1538.5409,-33.229,1538.5409,-34.081,1538.5409,-34.068
1538.5621,-31.155,1538.5621,-31.586,1538.5621,-32.298,1538.5621,-33.247,1538.5621,-34.094,1538.5621,-34.047
1538.5834,-31.158,1538.5834,-31.605,1538.5834,-32.317,1538.5834,-33.270,1538.5834,-34.112,1538.5834,-34.024
1538.6047,-31.163,1538.6047,-31.623,1538.6047,-32.338,1538.6047,-33.291,1538.6047,-34.127,1538.6047,-34.006
1538.6259,-31.168,1538.6259,-31.645,1538.6259,-32.360,1538.6259,-33.316,1538.6259,-34.147,1538.6259,-33.987
1538.6472,-31.177,1538.6472,-31.666,1538.6472,-32.384,1538.6472,-33.338,1538.6472,-34.164,1538.6472,-33.969
1538.6684,-31.185,1538.6684,-31.687,1538.6684,-32.408,1538.6684,-33.368,1538.6684,-34.185,1538.6684,-33.953
1538.6897,-31.192,1538.6897,-31.711,1538.6897,-32.430,1538.6897,-33.392,1538.6897,-34.202,1538.6897,-33.936
1538.7109,-31.202,1538.7109,-31.734,1538.7109,-32.454,1538.7109,-33.417,1538.7109,-34.219,1538.7109,-33.918
1538.7322,-31.210,1538.7322,-31.758,1538.7322,-32.479,1538.7322,-33.441,1538.7322,-34.237,1538.7322,-33.900
1538.7534,-31.220,1538.7534,-31.779,1538.7534,-32.499,1538.7534,-33.467,1538.7534,-34.253,1538.7534,-33.881
1538.7747,-31.227,1538.7747,-31.801,1538.7747,-32.522,1538.7747,-33.492,1538.7747,-34.268,1538.7747,-33.859
1538.7959,-31.239,1538.7959,-31.825,1538.7959,-32.548,1538.7959,-33.518,1538.7959,-34.282,1538.7959,-33.845
1538.8172,-31.249,1538.8172,-31.844,1538.8172,-32.571,1538.8172,-33.544,1538.8172,-34.299,1538.8172,-33.825
1538.8385,-31.261,1538.8385,-31.870,1538.8385,-32.597,1538.8385,-33.571,1538.8385,-34.318,1538.8385,-33.812
1538.8597,-31.276,1538.8597,-31.894,1538.8597,-32.622,1538.8597,-33.599,1538.8597,-34.331,1538.8597,-33.797
1538.8810,-31.290,1538.8810,-31.921,1538.8810,-32.649,1538.8810,-33.628,1538.8810,-34.347,1538.8810,-33.780
1538.9022,-31.305,1538.9022,-31.944,1538.9022,-32.669,1538.9022,-33.654,1538.9022,-34.361,1538.9022,-33.763
1538.9235,-31.319,1538.9235,-31.969,1538.9235,-32.696,1538.9235,-33.681,1538.9235,-34.375,1538.9235,-33.744
1538.9447,-31.336,1538.9447,-31.992,1538.9447,-32.721,1538.9447,-33.707,1538.9447,-34.384,1538.9447,-33.731
1538.9660,-31.348,1538.9660,-32.018,1538.9660,-32.747,1538.9660,-33.733,1538.9660,-34.400,1538.9660,-33.711
1538.9872,-31.365,1538.9872,-32.040,1538.9872,-32.771,1538.9872,-33.760,1538.9872,-34.407,1538.9872,-33.694
1539.0085,-31.380,1539.0085,-32.065,1539.0085,-32.797,1539.0085,-33.786,1539.0085,-34.417,1539.0085,-33.679
1539.0298,-31.394,1539.0298,-32.090,1539.0298,-32.821,1539.0298,-33.813,1539.0298,-34.429,1539.0298,-33.660
1539.0510,-31.413,1539.0510,-32.115,1539.0510,-32.844,1539.0510,-33.837,1539.0510,-34.438,1539.0510,-33.647
1539.0723,-31.433,1539.0723,-32.142,1539.0723,-32.873,1539.0723,-33.869,1539.0723,-34.450,1539.0723,-33.627
1539.0935,-31.454,1539.0935,-32.170,1539.0935,-32.898,1539.0935,-33.895,1539.0935,-34.457,1539.0935,-33.616
1539.1148,-31.470,1539.1148,-32.196,1539.1148,-32.925,1539.1148,-33.924,1539.1148,-34.467,1539.1148,-33.602
1539.1360,-31.492,1539.1360,-32.223,1539.1360,-32.953,1539.1360,-33.952,1539.1360,-34.470,1539.1360,-33.586
1539.1573,-31.510,1539.1573,-32.247,1539.1573,-32.978,1539.1573,-33.975,1539.1573,-34.476,1539.1573,-33.568
1539.1785,-31.527,1539.1785,-32.269,1539.1785,-32.999,1539.1785,-34.001,1539.1785,-34.476,1539.1785,-33.553
1539.1998,-31.548,1539.1998,-32.294,1539.1998,-33.023,1539.1998,-34.028,1539.1998,-34.480,1539.1998,-33.532
1539.2211,-31.567,1539.2211,-32.320,1539.2211,-33.047,1539.2211,-34.053,1539.2211,-34.482,1539.2211,-33.516
1539.2423,-31.584,1539.2423,-32.343,1539.2423,-33.068,1539.2423,-34.077,1539.2423,-34.485,1539.2423,-33.503
1539.2636,-31.604,1539.2636,-32.369,1539.2636,-33.097,1539.2636,-34.103,1539.2636,-34.485,1539.2636,-33.486
1539.2848,-31.627,1539.2848,-32.396,1539.2848,-33.121,1539.2848,-34.128,1539.2848,-34.489,1539.2848,-33.473
1539.3061,-31.647,1539.3061,-32.424,1539.3061,-33.150,1539.3061,-34.155,1539.3061,-34.490,1539.3061,-33.458
1539.3273,-31.668,1539.3273,-32.450,1539.3273,-33.178,1539.3273,-34.181,1539.3273,-34.486,1539.3273,-33.447
1539.3486,-31.686,1539.3486,-32.477,1539.3486,-33.203,1539.3486,-34.207,1539.3486,-34.488,1539.3486,-33.433
1539.3698,-31.705,1539.3698,-32.502,1539.3698,-33.232,1539.3698,-34.235,1539.3698,-34.484,1539.3698,-33.421
1539.3911,-31.722,1539.3911,-32.526,1539.3911,-33.257,1539.3911,-34.256,1539.3911,-34.483,1539.3911,-33.408
1539.4124,-31.736,1539.4124,-32.550,1539.4124,-33.281,1539.4124,-34.280,1539.4124,-34.477,1539.4124,-33.395
1539.4336,-31.743,1539.4336,-32.573,1539.4336,-33.306,1539.4336,-34.302,1539.4336,-34.472,1539.4336,-33.380
1539.4549,-31.756,1539.4549,-32.594,1539.4549,-33.330,1539.4549,-34.326,1539.4549,-34.468,1539.4549,-33.368
1539.4761,-31.766,1539.4761,-32.618,1539.4761,-33.357,1539.4761,-34.347,1539.4761,-34.462,1539.4761,-33.359
1539.4974,-31.774,1539.4974,-32.640,1539.4974,-33.385,1539.4974,-34.373,1539.4974,-34.460,1539.4974,-33.347
1539.5186,-31.783,1539.5186,-32.659,1539.5186,-33.410,1539.5186,-34.395,1539.5186,-34.455,1539.5186,-33.339
1539.5399,-31.791,1539.5399,-32.678,1539.5399,-33.428,1539.5399,-34.415,1539.5399,-34.449,1539.5399,-33.329
1539.5611,-31.797,1539.5611,-32.696,1539.5611,-33.452,1539.5611,-34.434,1539.5611,-34.437,1539.5611,-33.315
1539.5824,-31.802,1539.5824,-32.712,1539.5824,-33.471,1539.5824,-34.449,1539.5824,-34.425,1539.5824,-33.303
1539.6037,-31.809,1539.6037,-32.723,1539.6037,-33.488,1539.6037,-34.462,1539.6037,-34.413,1539.6037,-33.287
1539.6249,-31.815,1539.6249,-32.732,1539.6249,-33.501,1539.6249,-34.472,1539.6249,-34.392,1539.6249,-33.268
1539.6462,-31.820,1539.6462,-32.740,1539.6462,-33.513,1539.6462,-34.479,1539.6462,-34.373,1539.6462,-33.244
1539.6674,-31.824,1539.6674,-32.746,1539.6674,-33.522,1539.6674,-34.482,1539.6674,-34.347,1539.6674,-33.224
1539.6887,-31.833,1539.6887,-32.755,1539.6887,-33.531,1539.6887,-34.485,1539.6887,-34.319,1539.6887,-33.200
1539.7099,-31.841,1539.7099,-32.762,1539.7099,-33.541,1539.7099,-34.484,1539.7099,-34.293,1539.7099,-33.176
1539.7312,-31.849,1539.7312,-32.769,1539.7312,-33.549,1539.7312,-34.488,1539.7312,-34.267,1539.7312,-33.157
1539.7524,-31.859,1539.7524,-32.779,1539.7524,-33.562,1539.7524,-34.492,1539.7524,-34.238,1539.7524,-33.132
1539.7737,-31.872,1539.7737,-32.790,1539.7737,-33.575,1539.7737,-34.492,1539.7737,-34.208,1539.7737,-33.111
1539.7949,-31.881,1539.7949,-32.798,1539.7949,-33.585,1539.7949,-34.491,1539.7949,-34.182,1539.7949,-33.090
1539.8162,-31.893,1539.8162,-32.810,1539.8162,-33.597,1539.8162,-34.491,1539.8162,-34.151,1539.8162,-33.068
1539.8375,-31.906,1539.8375,-32.818,1539.8375,-33.606,1539.8375,-34.491,1539.8375,-34.119,1539.8375,-33.049
1539.8587,-31.920,1539.8587,-32.829,1539.8587,-33.622,1539.8587,-34.488,1539.8587,-34.086,1539.8587,-33.029
1539.8800,-31.933,1539.8800,-32.840,1539.8800,-33.630,1539.8800,-34.490,1539.8800,-34.059,1539.8800,-33.010
1539.9012,-31.948,1539.9012,-32.854,1539.9012,-33.647,1539.9012,-34.492,1539.9012,-34.028,1539.9012,-32.993
1539.9225,-31.963,1539.9225,-32.869,1539.9225,-33.661,1539.9225,-34.491,1539.9225,-34.002,1539.9225,-32.978
1539.9437,-31.978,1539.9437,-32.883,1539.9437,-33.682,1539.9437,-34.495,1539.9437,-33.977,1539.9437,-32.965
1539.9650,-31.998,1539.9650,-32.901,1539.9650,-33.698,1539.9650,-34.493,1539.9650,-33.947,1539.9650,-32.954
1539.9862,-32.017,1539.9862,-32.919,1539.9862,-33.716,1539.9862,-34.497,1539.9862,-33.923,1539.9862,-32.944
1540.0075,-32.034,1540.0075,-32.937,1540.0075,-33.736,1540.0075,-34.499,1540.0075,-33.898,1540.0075,-32.935
1540.0288,-32.056,1540.0288,-32.957,1540.0288,-33.757,1540.0288,-34.501,1540.0288,-33.873,1540.0288,-32.927
1540.0500,-32.073,1540.0500,-32.972,1540.0500,-33.776,1540.0500,-34.501,1540.0500,-33.852,1540.0500,-32.921
1540.0713,-32.093,1540.0713,-32.993,1540.0713,-33.796,1540.0713,-34.503,1540.0713,-33.825,1540.0713,-32.911
1540.0925,-32.112,1540.0925,-33.010,1540.0925,-33.819,1540.0925,-34.501,1540.0925,-33.799,1540.0925,-32.904
1540.1138,-32.130,1540.1138,-33.030,1540.1138,-33.837,1540.1138,-34.504,1540.1138,-33.775,1540.1138,-32.900
1540.1350,-32.151,1540.1350,-33.050,1540.1350,-33.857,1540.1350,-34.505,1540.1350,-33.752,1540.1350,-32.895
1540.1563,-32.171,1540.1563,-33.071,1540.1563,-33.876,1540.1563,-34.502,1540.1563,-33.728,1540.1563,-32.895
1540.1775,-32.197,1540.1775,-33.092,1540.1775,-33.901,1540.1775,-34.504,1540.1775,-33.707,1540.1775,-32.893
1540.1988,-32.220,1540.1988,-33.113,1540.1988,-33.923,1540.1988,-34.503,1540.1988,-33.688,1540.1988,-32.895
1540.2201,-32.239,1540.2201,-33.135,1540.2201,-33.944,1540.2201,-34.501,1540.2201,-33.666,1540.2201,-32.894
1540.2413,-32.258,1540.2413,-33.155,1540.2413,-33.967,1540.2413,-34.497,1540.2413,-33.641,1540.2413,-32.893
1540.2626,-32.278,1540.2626,-33.176,1540.2626,-33.984,1540.2626,-34.495,1540.2626,-33.620,1540.2626,-32.891
1540.2838,-32.298,1540.2838,-33.195,1540.2838,-34.003,1540.2838,-34.491,1540.2838,-33.593,1540.2838,-32.889
1540.3051,-32.316,1540.3051,-33.215,1540.3051,-34.019,1540.3051,-34.481,1540.3051,-33.569,1540.3051,-32.889
1540.3263,-32.340,1540.3263,-33.236,1540.3263,-34.039,1540.3263,-34.477,1540.3263,-33.545,1540.3263,-32.892
1540.3476,-32.358,1540.3476,-33.258,1540.3476,-34.059,1540.3476,-34.470,1540.3476,-33.526,1540.3476,-32.894
1540.3688,-32.379,1540.3688,-33.279,1540.3688,-34.079,1540.3688,-34.463,1540.3688,-33.506,1540.3688,-32.894
1540.3901,-32.402,1540.3901,-33.300,1540.3901,-34.099,1540.3901,-34.459,1540.3901,-33.482,1540.3901,-32.899
1540.4114,-32.422,1540.4114,-33.323,1540.4114,-34.115,1540.4114,-34.449,1540.4114,-33.463,1540.4114,-32.905
1540.4326,-32.446,1540.4326,-33.345,1540.4326,-34.139,1540.4326,-34.442,1540.4326,-33.441,1540.4326,-32.909
1540.4539,-32.467,1540.4539,-33.368,1540.4539,-34.156,1540.4539,-34.435,1540.4539,-33.420,1540.4539,-32.911
1540.4751,-32.487,1540.4751,-33.390,1540.4751,-34.174,1540.4751,-34.426,1540.4751,-33.396,1540.4751,-32.915
1540.4964,-32.508,1540.4964,-33.410,1540.4964,-34.191,1540.4964,-34.410,1540.4964,-33.376,1540.4964,-32.921
1540.5176,-32.529,1540.5176,-33.431,1540.5176,-34.205,1540.5176,-34.400,1540.5176,-33.352,1540.5176,-32.925
1540.5389,-32.544,1540.5389,-33.450,1540.5389,-34.222,1540.5389,-34.387,1540.5389,-33.328,1540.5389,-32.929
1540.5601,-32.567,1540.5601,-33.468,1540.5601,-34.235,1540.5601,-34.371,1540.5601,-33.309,1540.5601,-32.937
1540.5814,-32.587,1540.5814,-33.489,1540.5814,-34.249,1540.5814,-34.355,1540.5814,-33.287,1540.5814,-32.941
1540.6027,-32.609,1540.6027,-33.514,1540.6027,-34.262,1540.6027,-34.343,1540.6027,-33.267,1540.6027,-32.949
1540.6239,-32.635,1540.6239,-33.536,1540.6239,-34.281,1540.6239,-34.330,1540.6239,-33.245,1540.6239,-32.958
1540.6452,-32.657,1540.6452,-33.557,1540.6452,-34.293,1540.6452,-34.314,1540.6452,-33.227,1540.6452,-32.970
1540.6664,-32.677,1540.6664,-33.581,1540.6664,-34.309,1540.6664,-34.300,1540.6664,-33.207,1540.6664,-32.978
1540.6877,-32.701,1540.6877,-33.606,1540.6877,-34.323,1540.6877,-34.284,1540.6877,-33.188,1540.6877,-32.988
1540.7089,-32.722,1540.7089,-33.628,1540.7089,-34.333,1540.7089,-34.264,1540.7089,-33.170,1540.7089,-32.998
1540.7302,-32.744,1540.7302,-33.652,1540.7302,-34.351,1540.7302,-34.251,1540.7302,-33.150,1540.7302,-33.009
1540.7514,-32.764,1540.7514,-33.676,1540.7514,-34.361,1540.7514,-34.235,1540.7514,-33.131,1540.7514,-33.024
1540.7727,-32.787,1540.7727,-33.701,1540.7727,-34.372,1540.7727,-34.217,1540.7727,-33.113,1540.7727,-33.033
1540.7939,-32.806,1540.7939,-33.726,1540.7939,-34.387,1540.7939,-34.202,1540.7939,-33.098,1540.7939,-33.051
1540.8152,-32.827,1540.8152,-33.755,1540.8152,-34.403,1540.8152,-34.186,1540.8152,-33.086,1540.8152,-33.070
1540.8365,-32.844,1540.8365,-33.783,1540.8365,-34.418,1540.8365,-34.173,1540.8365,-33.074,1540.8365,-33.088
1540.8577,-32.861,1540.8577,-33.806,1540.8577,-34.434,1540.8577,-34.158,1540.8577,-33.059,1540.8577,-33.109
1540.8790,-32.874,1540.8790,-33.833,1540.8790,-34.447,1540.8790,-34.144,1540.8790,-33.050,1540.8790,-33.129
1540.9002,-32.886,1540.9002,-33.858,1540.9002,-34.455,1540.9002,-34.128,1540.9002,-33.039,1540.9002,-33.148
1540.9215,-32.897,1540.9215,-33.878,1540.9215,-34.465,1540.9215,-34.108,1540.9215,-33.027,1540.9215,-33.166
1540.9427,-32.906,1540.9427,-33.897,1540.9427,-34.471,1540.9427,-34.088,1540.9427,-33.014,1540.9427,-33.186
1540.9640,-32.912,1540.9640,-33.911,1540.9640,-34.476,1540.9640,-34.062,1540.9640,-32.997,1540.9640,-33.201
1540.9852,-32.918,1540.9852,-33.928,1540.9852,-34.475,1540.9852,-34.041,1540.9852,-32.984,1540.9852,-33.219
1541.0065,-32.928,1541.0065,-33.942,1541.0065,-34.474,1541.0065,-34.017,1541.0065,-32.967,1541.0065,-33.233
1541.0278,-32.936,1541.0278,-33.955,1541.0278,-34.472,1541.0278,-33.991,1541.0278,-32.953,1541.0278,-33.247
1541.0490,-32.943,1541.0490,-33.967,1541.0490,-34.466,1541.0490,-33.962,1541.0490,-32.934,1541.0490,-33.258
1541.0703,-32.954,1541.0703,-33.978,1541.0703,-34.458,1541.0703,-33.934,1541.0703,-32.912,1541.0703,-33.272
1541.0915,-32.963,1541.0915,-33.989,1541.0915,-34.453,1541.0915,-33.902,1541.0915,-32.894,1541.0915,-33.283
1541.1128,-32.977,1541.1128,-33.998,1541.1128,-34.443,1541.1128,-33.872,1541.1128,-32.873,1541.1128,-33.295
1541.1340,-32.988,1541.1340,-34.007,1541.1340,-34.432,1541.1340,-33.834,1541.1340,-32.849,1541.1340,-33.301
1541.1553,-32.998,1541.1553,-34.017,1541.1553,-34.418,1541.1553,-33.803,1541.1553,-32.825,1541.1553,-33.310
1541.1765,-33.009,1541.1765,-34.025,1541.1765,-34.404,1541.1765,-33.768,1541.1765,-32.804,1541.1765,-33.318
1541.1978,-33.022,1541.1978,-34.035,1541.1978,-34.391,1541.1978,-33.734,1541.1978,-32.782,1541.1978,-33.328
1541.2191,-33.037,1541.2191,-34.047,1541.2191,-34.378,1541.2191,-33.704,1541.2191,-32.761,1541.2191,-33.342
1541.2403,-33.051,1541.2403,-34.056,1541.2403,-34.368,1541.2403,-33.670,1541.2403,-32.744,1541.2403,-33.355
1541.2616,-33.068,1541.2616,-34.070,1541.2616,-34.357,1541.2616,-33.643,1541.2616,-32.724,1541.2616,-33.371
1541.2828,-33.088,1541.2828,-34.086,1541.2828,-34.347,1541.2828,-33.613,1541.2828,-32.710,1541.2828,-33.387
1541.3041,-33.105,1541.3041,-34.098,1541.3041,-34.336,1541.3041,-33.584,1541.3041,-32.694,1541.3041,-33.406
1541.3253,-33.123,1541.3253,-34.114,1541.3253,-34.327,1541.3253,-33.559,1541.3253,-32.682,1541.3253,-33.426
1541.3466,-33.146,1541.3466,-34.129,1541.3466,-34.311,1541.3466,-33.533,1541.3466,-32.669,1541.3466,-33.449
1541.3678,-33.166,1541.3678,-34.145,1541.3678,-34.305,1541.3678,-33.508,1541.3678,-32.661,1541.3678,-33.469
1541.3891,-33.183,1541.3891,-34.160,1541.3891,-34.294,1541.3891,-33.483,1541.3891,-32.648,1541.3891,-33.491
1541.4104,-33.204,1541.4104,-34.176,1541.4104,-34.281,1541.4104,-33.459,1541.4104,-32.641,1541.4104,-33.514
1541.4316,-33.226,1541.4316,-34.192,1541.4316,-34.268,1541.4316,-33.430,1541.4316,-32.632,1541.4316,-33.536
1541.4529,-33.246,1541.4529,-34.203,1541.4529,-34.255,1541.4529,-33.408,1541.4529,-32.623,1541.4529,-33.563
1541.4741,-33.265,1541.4741,-34.221,1541.4741,-34.245,1541.4741,-33.384,1541.4741,-32.614,1541.4741,-33.585
1541.4954,-33.285,1541.4954,-34.235,1541.4954,-34.232,1541.4954,-33.362,1541.4954,-32.613,1541.4954,-33.615
1541.5166,-33.311,1541.5166,-34.250,1541.5166,-34.223,1541.5166,-33.338,1541.5166,-32.610,1541.5166,-33.647
1541.5379,-33.332,1541.5379,-34.267,1541.5379,-34.208,1541.5379,-33.317,1541.5379,-32.605,1541.5379,-33.673
1541.5591,-33.360,1541.5591,-34.281,1541.5591,-34.199,1541.5591,-33.298,1541.5591,-32.603,1541.5591,-33.708
1541.5804,-33.384,1541.5804,-34.298,1541.5804,-34.182,1541.5804,-33.276,1541.5804,-32.601,1541.5804,-33.738
1541.6017,-33.409,1541.6017,-34.310,1541.6017,-34.166,1541.6017,-33.256,1541.6017,-32.600,1541.6017,-33.771
1541.6229,-33.431,1541.6229,-34.323,1541.6229,-34.153,1541.6229,-33.236,1541.6229,-32.598,1541.6229,-33.800
1541.6442,-33.452,1541.6442,-34.332,1541.6442,-34.136,1541.6442,-33.213,1541.6442,-32.596,1541.6442,-33.832
1541.6654,-33.473,1541.6654,-34.342,1541.6654,-34.118,1541.6654,-33.189,1541.6654,-32.593,1541.6654,-33.861
1541.6867,-33.495,1541.6867,-34.351,1541.6867,-34.099,1541.6867,-33.165,1541.6867,-32.594,1541.6867,-33.896
1541.7079,-33.520,1541.7079,-34.364,1541.7079,-34.082,1541.7079,-33.148,1541.7079,-32.595,1541.7079,-33.926
1541.7292,-33.544,1541.7292,-34.374,1541.7292,-34.067,1541.7292,-33.127,1541.7292,-32.595,1541.7292,-33.963
1541.7504,-33.569,1541.7504,-34.380,1541.7504,-34.044,1541.7504,-33.110,1541.7504,-32.596,1541.7504,-33.995
1541.7717,-33.593,1541.7717,-34.391,1541.7717,-34.028,1541.7717,-33.089,1541.7717,-32.597,1541.7717,-34.028
1541.7929,-33.615,1541.7929,-34.396,1541.7929,-34.006,1541.7929,-33.069,1541.7929,-32.602,1541.7929,-34.063
1541.8142,-33.640,1541.8142,-34.407,1541.8142,-33.988,1541.8142,-33.052,1541.8142,-32.601,1541.8142,-34.097
1541.8355,-33.662,1541.8355,-34.409,1541.8355,-33.965,1541.8355,-33.032,1541.8355,-32.605,1541.8355,-34.133
1541.8567,-33.684,1541.8567,-34.413,1541.8567,-33.945,1541.8567,-33.015,1541.8567,-32.608,1541.8567,-34.164
1541.8780,-33.706,1541.8780,-34.416,1541.8780,-33.923,1541.8780,-32.992,1541.8780,-32.609,1541.8780,-34.202
1541.8992,-33.730,1541.8992,-34.418,1541.8992,-33.899,1541.8992,-32.975,1541.8992,-32.615,1541.8992,-34.232
1541.9205,-33.752,1541.9205,-34.422,1541.9205,-33.880,1541.9205,-32.958,1541.9205,-32.619,1541.9205,-34.270
1541.9417,-33.776,1541.9417,-34.426,1541.9417,-33.859,1541.9417,-32.941,1541.9417,-32.627,1541.9417,-34.306
1541.9630,-33.800,1541.9630,-34.428,1541.9630,-33.839,1541.9630,-32.926,1541.9630,-32.630,1541.9630,-34.342
1541.9842,-33.822,1541.9842,-34.428,1541.9842,-33.815,1541.9842,-32.909,1541.9842,-32.633,1541.9842,-34.378
1542.0055,-33.847,1542.0055,-34.428,1542.0055,-33.792,1542.0055,-32.895,1542.0055,-32.644,1542.0055,-34.414
1542.0268,-33.871,1542.0268,-34.427,1542.0268,-33.771,1542.0268,-32.879,1542.0268,-32.651,1542.0268,-34.454
1542.0480,-33.897,1542.0480,-34.427,1542.0480,-33.749,1542.0480,-32.864,1542.0480,-32.657,1542.0480,-34.486
1542.0693,-33.918,1542.0693,-34.424,1542.0693,-33.729,1542.0693,-32.848,1542.0693,-32.665,1542.0693,-34.529
1542.0905,-33.943,1542.0905,-34.421,1542.0905,-33.700,1542.0905,-32.835,1542.0905,-32.673,1542.0905,-34.566
1542.1118,-33.966,1542.1118,-34.420,1542.1118,-33.682,1542.1118,-32.821,1542.1118,-32.684,1542.1118,-34.604
1542.1330,-33.996,1542.1330,-34.416,1542.1330,-33.662,1542.1330,-32.812,1542.1330,-32.697,1542.1330,-34.649
1542.1543,-34.020,1542.1543,-34.419,1542.1543,-33.640,1542.1543,-32.799,1542.1543,-32.710,1542.1543,-34.691
1542.1755,-34.042,1542.1755,-34.417,1542.1755,-33.624,1542.1755,-32.791,1542.1755,-32.721,1542.1755,-34.735
1542.1968,-34.068,1542.1968,-34.415,1542.1968,-33.601,1542.1968,-32.787,1542.1968,-32.741,1542.1968,-34.776
1542.2181,-34.092,1542.2181,-34.415,1542.2181,-33.584,1542.2181,-32.778,1542.2181,-32.757,1542.2181,-34.827
1542.2393,-34.113,1542.2393,-34.413,1542.2393,-33.567,1542.2393,-32.773,1542.2393,-32.777,1542.2393,-34.873
1542.2606,-34.135,1542.2606,-34.408,1542.2606,-33.552,1542.2606,-32.769,1542.2606,-32.795,1542.2606,-34.925
1542.2818,-34.153,1542.2818,-34.402,1542.2818,-33.530,1542.2818,-32.764,1542.2818,-32.815,1542.2818,-34.973
1542.3031,-34.170,1542.3031,-34.398,1542.3031,-33.512,1542.3031,-32.759,1542.3031,-32.838,1542.3031,-35.021
1542.3243,-34.183,1542.3243,-34.387,1542.3243,-33.495,1542.3243,-32.757,1542.3243,-32.858,1542.3243,-35.072
1542.3456,-34.197,1542.3456,-34.380,1542.3456,-33.474,1542.3456,-32.753,1542.3456,-32.878,1542.3456,-35.121
1542.3668,-34.208,1542.3668,-34.372,1542.3668,-33.456,1542.3668,-32.748,1542.3668,-32.901,1542.3668,-35.172
1542.3881,-34.225,1542.3881,-34.356,1542.3881,-33.436,1542.3881,-32.744,1542.3881,-32.926,1542.3881,-35.223
1542.4094,-34.237,1542.4094,-34.344,1542.4094,-33.412,1542.4094,-32.740,1542.4094,-32.945,1542.4094,-35.271
1542.4306,-34.247,1542.4306,-34.323,1542.4306,-33.387,1542.4306,-32.733,1542.4306,-32.966,1542.4306,-35.317
1542.4519,-34.258,1542.4519,-34.306,1542.4519,-33.361,1542.4519,-32.724,1542.4519,-32.985,1542.4519,-35.364
1542.4731,-34.267,1542.4731,-34.284,1542.4731,-33.337,1542.4731,-32.716,1542.4731,-33.003,1542.4731,-35.405
1542.4944,-34.277,1542.4944,-34.263,1542.4944,-33.305,1542.4944,-32.705,1542.4944,-33.016,1542.4944,-35.445
1542.5156,-34.291,1542.5156,-34.240,1542.5156,-33.277,1542.5156,-32.695,1542.5156,-33.035,1542.5156,-35.489
1542.5369,-34.302,1542.5369,-34.217,1542.5369,-33.249,1542.5369,-32.683,1542.5369,-33.047,1542.5369,-35.528
1542.5581,-34.313,1542.5581,-34.192,1542.5581,-33.225,1542.5581,-32.676,1542.5581,-33.065,1542.5581,-35.571
1542.5794,-34.325,1542.5794,-34.172,1542.5794,-33.195,1542.5794,-32.665,1542.5794,-33.082,1542.5794,-35.616
1542.6007,-34.339,1542.6007,-34.149,1542.6007,-33.168,1542.6007,-32.658,1542.6007,-33.095,1542.6007,-35.660
1542.6219,-34.352,1542.6219,-34.127,1542.6219,-33.144,1542.6219,-32.650,1542.6219,-33.112,1542.6219,-35.701
1542.6432,-34.363,1542.6432,-34.103,1542.6432,-33.118,1542.6432,-32.644,1542.6432,-33.132,1542.6432,-35.748
1542.6644,-34.376,1542.6644,-34.082,1542.6644,-33.095,1542.6644,-32.639,1542.6644,-33.154,1542.6644,-35.793
1542.6857,-34.391,1542.6857,-34.065,1542.6857,-33.075,1542.6857,-32.636,1542.6857,-33.172,1542.6857,-35.840
1542.7069,-34.407,1542.7069,-34.047,1542.7069,-33.055,1542.7069,-32.636,1542.7069,-33.197,1542.7069,-35.891
1542.7282,-34.417,1542.7282,-34.023,1542.7282,-33.037,1542.7282,-32.637,1542.7282,-33.220,1542.7282,-35.939
1542.7494,-34.430,1542.7494,-34.004,1542.7494,-33.015,1542.7494,-32.634,1542.7494,-33.244,1542.7494,-35.991
1542.7707,-34.443,1542.7707,-33.984,1542.7707,-32.998,1542.7707,-32.638,1542.7707,-33.265,1542.7707,-36.038
1542.7919,-34.453,1542.7919,-33.966,1542.7919,-32.980,1542.7919,-32.639,1542.7919,-33.296,1542.7919,-36.094
1542.8132,-34.464,1542.8132,-33.947,1542.8132,-32.963,1542.8132,-32.641,1542.8132,-33.323,1542.8132,-36.147
1542.8345,-34.477,1542.8345,-33.925,1542.8345,-32.945,1542.8345,-32.645,1542.8345,-33.350,1542.8345,-36.201
1542.8557,-34.487,1542.8557,-33.908,1542.8557,-32.931,1542.8557,-32.652,1542.8557,-33.380,1542.8557,-36.254
1542.8770,-34.495,1542.8770,-33.887,1542.8770,-32.917,1542.8770,-32.656,1542.8770,-33.409,1542.8770,-36.308
1542.8982,-34.503,1542.8982,-33.869,1542.8982,-32.901,1542.8982,-32.663,1542.8982,-33.439,1542.8982,-36.366
1542.9195,-34.513,1542.9195,-33.849,1542.9195,-32.889,1542.9195,-32.669,1542.9195,-33.469,1542.9195,-36.421
1542.9407,-34.522,1542.9407,-33.828,1542.9407,-32.875,1542.9407,-32.676,1542.9407,-33.502,1542.9407,-36.476
1542.9620,-34.525,1542.9620,-33.807,1542.9620,-32.862,1542.9620,-32.685,1542.9620,-33.534,1542.9620,-36.533
1542.9832,-34.531,1542.9832,-33.788,1542.9832,-32.847,1542.9832,-32.693,1542.9832,-33.564,1542.9832,-36.587
1543.0045,-34.534,1543.0045,-33.766,1543.0045,-32.833,1543.0045,-32.702,1543.0045,-33.597,1543.0045,-36.642
1543.0258,-34.538,1543.0258,-33.738,1543.0258,-32.819,1543.0258,-32.706,1543.0258,-33.629,1543.0258,-36.698
1543.0470,-34.541,1543.0470,-33.718,1543.0470,-32.806,1543.0470,-32.717,1543.0470,-33.664,1543.0470,-36.758
1543.0683,-34.540,1543.0683,-33.695,1543.0683,-32.796,1543.0683,-32.726,1543.0683,-33.694,1543.0683,-36.814
1543.0895,-34.542,1543.0895,-33.673,1543.0895,-32.781,1543.0895,-32.735,1543.0895,-33.732,1543.0895,-36.875
1543.1108,-34.542,1543.1108,-33.652,1543.1108,-32.771,1543.1108,-32.746,1543.1108,-33.763,1543.1108,-36.936
1543.1320,-34.543,1543.1320,-33.631,1543.1320,-32.759,1543.1320,-32.758,1543.1320,-33.800,1543.1320,-36.999
1543.1533,-34.540,1543.1533,-33.607,1543.1533,-32.750,1543.1533,-32.770,1543.1533,-33.835,1543.1533,-37.058
1543.1745,-34.537,1543.1745,-33.585,1543.1745,-32.738,1543.1745,-32.782,1543.1745,-33.873,1543.1745,-37.120
1543.1958,-34.535,1543.1958,-33.560,1543.1958,-32.726,1543.1958,-32.794,1543.1958,-33.908,1543.1958,-37.181
1543.2171,-34.529,1543.2171,-33.538,1543.2171,-32.718,1543.2171,-32.805,1543.2171,-33.941,1543.2171,-37.241
1543.2383,-34.524,1543.2383,-33.513,1543.2383,-32.704,1543.2383,-32.818,1543.2383,-33.978,1543.2383,-37.305
1543.2596,-34.517,1543.2596,-33.489,1543.2596,-32.696,1543.2596,-32.830,1543.2596,-34.012,1543.2596,-37.374
1543.2808,-34.511,1543.2808,-33.469,1543.2808,-32.686,1543.2808,-32.843,1543.2808,-34.051,1543.2808,-37.434
1543.3021,-34.507,1543.3021,-33.446,1543.3021,-32.678,1543.3021,-32.858,1543.3021,-34.087,1543.3021,-37.497
1543.3233,-34.498,1543.3233,-33.423,1543.3233,-32.671,1543.3233,-32.873,1543.3233,-34.125,1543.3233,-37.559
1543.3446,-34.493,1543.3446,-33.403,1543.3446,-32.664,1543.3446,-32.889,1543.3446,-34.162,1543.3446,-37.626
1543.3658,-34.485,1543.3658,-33.381,1543.3658,-32.659,1543.3658,-32.906,1543.3658,-34.203,1543.3658,-37.694
1543.3871,-34.476,1543.3871,-33.360,1543.3871,-32.649,1543.3871,-32.918,1543.3871,-34.243,1543.3871,-37.758
1543.4084,-34.468,1543.4084,-33.341,1543.4084,-32.646,1543.4084,-32.936,1543.4084,-34.278,1543.4084,-37.822
1543.4296,-34.456,1543.4296,-33.319,1543.4296,-32.639,1543.4296,-32.951,1543.4296,-34.317,1543.4296,-37.891
1543.4509,-34.449,1543.4509,-33.300,1543.4509,-32.638,1543.4509,-32.973,1543.4509,-34.356,1543.4509,-37.954
1543.4721,-34.437,1543.4721,-33.280,1543.4721,-32.631,1543.4721,-32.990,1543.4721,-34.398,1543.4721,-38.023
1543.4934,-34.428,1543.4934,-33.262,1543.4934,-32.630,1543.4934,-33.011,1543.4934,-34.437,1543.4934,-38.088
1543.5146,-34.416,1543.5146,-33.242,1543.5146,-32.631,1543.5146,-33.027,1543.5146,-34.481,1543.5146,-38.159
1543.5359,-34.408,1543.5359,-33.228,1543.5359,-32.629,1543.5359,-33.053,1543.5359,-34.524,1543.5359,-38.229
1543.5571,-34.399,1543.5571,-33.212,1543.5571,-32.631,1543.5571,-33.076,1543.5571,-34.568,1543.5571,-38.300
1543.5784,-34.391,1543.5784,-33.200,1543.5784,-32.635,1543.5784,-33.102,1543.5784,-34.615,1543.5784,-38.379
1543.5996,-34.382,1543.5996,-33.189,1543.5996,-32.640,1543.5996,-33.130,1543.5996,-34.663,1543.5996,-38.453
1543.6209,-34.367,1543.6209,-33.175,1543.6209,-32.644,1543.6209,-33.156,1543.6209,-34.712,1543.6209,-38.527
1543.6422,-34.357,1543.6422,-33.165,1543.6422,-32.652,1543.6422,-33.186,1543.6422,-34.758,1543.6422,-38.604
1543.6634,-34.340,1543.6634,-33.152,1543.6634,-32.656,1543.6634,-33.215,1543.6634,-34.810,1543.6634,-38.684
1543.6847,-34.325,1543.6847,-33.140,1543.6847,-32.664,1543.6847,-33.241,1543.6847,-34.856,1543.6847,-38.758
1543.7059,-34.305,1543.7059,-33.127,1543.7059,-32.673,1543.7059,-33.273,1543.7059,-34.910,1543.7059,-38.840
1543.7272,-34.285,1543.7272,-33.117,1543.7272,-32.678,1543.7272,-33.301,1543.7272,-34.960,1543.7272,-38.921
1543.7484,-34.267,1543.7484,-33.104,1543.7484,-32.688,1543.7484,-33.332,1543.7484,-35.009,1543.7484,-38.999
1543.7697,-34.242,1543.7697,-33.092,1543.7697,-32.694,1543.7697,-33.365,1543.7697,-35.060,1543.7697,-39.085
1543.7909,-34.222,1543.7909,-33.078,1543.7909,-32.704,1543.7909,-33.395,1543.7909,-35.112,1543.7909,-39.166
1543.8122,-34.197,1543.8122,-33.066,1543.8122,-32.711,1543.8122,-33.423,1543.8122,-35.165,1543.8122,-39.248
1543.8335,-34.176,1543.8335,-33.051,1543.8335,-32.718,1543.8335,-33.455,1543.8335,-35.213,1543.8335,-39.330
1543.8547,-34.152,1543.8547,-33.037,1543.8547,-32.725,1543.8547,-33.482,1543.8547,-35.263,1543.8547,-39.411
1543.8760,-34.127,1543.8760,-33.019,1543.8760,-32.727,1543.8760,-33.510,1543.8760,-35.310,1543.8760,-39.492
1543.8972,-34.105,1543.8972,-33.005,1543.8972,-32.732,1543.8972,-33.533,1543.8972,-35.360,1543.8972,-39.572
1543.9185,-34.078,1543.9185,-32.986,1543.9185,-32.734,1543.9185,-33.562,1543.9185,-35.401,1543.9185,-39.652
1543.9397,-34.056,1543.9397,-32.969,1543.9397,-32.739,1543.9397,-33.587,1543.9397,-35.451,1543.9397,-39.733
1543.9610,-34.033,1543.9610,-32.953,1543.9610,-32.745,1543.9610,-33.612,1543.9610,-35.495,1543.9610,-39.813
1543.9822,-34.006,1543.9822,-32.939,1543.9822,-32.748,1543.9822,-33.639,1543.9822,-35.542,1543.9822,-39.894
1544.0035,-33.983,1544.0035,-32.925,1544.0035,-32.755,1544.0035,-33.670,1544.0035,-35.585,1544.0035,-39.981
1544.0248,-33.966,1544.0248,-32.913,1544.0248,-32.763,1544.0248,-33.699,1544.0248,-35.635,1544.0248,-40.063
1544.0460,-33.946,1544.0460,-32.902,1544.0460,-32.774,1544.0460,-33.730,1544.0460,-35.688,1544.0460,-40.152
1544.0673,-33.924,1544.0673,-32.895,1544.0673,-32.783,1544.0673,-33.761,1544.0673,-35.736,1544.0673,-40.237
1544.0885,-33.906,1544.0885,-32.884,1544.0885,-32.796,1544.0885,-33.793,1544.0885,-35.787,1544.0885,-40.329
1544.1098,-33.883,1544.1098,-32.877,1544.1098,-32.807,1544.1098,-33.825,1544.1098,-35.838,1544.1098,-40.411
1544.1310,-33.861,1544.1310,-32.868,1544.1310,-32.816,1544.1310,-33.859,1544.1310,-35.890,1544.1310,-40.511
1544.1523,-33.841,1544.1523,-32.862,1544.1523,-32.830,1544.1523,-33.891,1544.1523,-35.942,1544.1523,-40.596
1544.1735,-33.819,1544.1735,-32.853,1544.1735,-32.843,1544.1735,-33.925,1544.1735,-35.992,1544.1735,-40.685
1544.1948,-33.801,1544.1948,-32.847,1544.1948,-32.858,1544.1948,-33.960,1544.1948,-36.049,1544.1948,-40.785
1544.2161,-33.780,1544.2161,-32.845,1544.2161,-32.875,1544.2161,-33.997,1544.2161,-36.101,1544.2161,-40.877
1544.2373,-33.765,1544.2373,-32.841,1544.2373,-32.892,1544.2373,-34.034,1544.2373,-36.159,1544.2373,-40.978
1544.2586,-33.746,1544.2586,-32.840,1544.2586,-32.910,1544.2586,-34.071,1544.2586,-36.212,1544.2586,-41.077
1544.2798,-33.728,1544.2798,-32.835,1544.2798,-32.929,1544.2798,-34.109,1544.2798,-36.267,1544.2798,-41.173
1544.3011,-33.709,1544.3011,-32.835,1544.3011,-32.946,1544.3011,-34.146,1544.3011,-36.323,1544.3011,-41.274
1544.3223,-33.688,1544.3223,-32.831,1544.3223,-32.963,1544.3223,-34.185,1544.3223,-36.379,1544.3223,-41.372
1544.3436,-33.669,1544.3436,-32.830,1544.3436,-32.980,1544.3436,-34.219,1544.3436,-36.439,1544.3436,-41.475
1544.3648,-33.648,1544.3648,-32.827,1544.3648,-32.998,1544.3648,-34.255,1544.3648,-36.485,1544.3648,-41.573
1544.3861,-33.627,1544.3861,-32.821,1544.3861,-33.016,1544.3861,-34.291,1544.3861,-36.543,1544.3861,-41.682
1544.4074,-33.609,1544.4074,-32.820,1544.4074,-33.035,1544.4074,-34.328,1544.4074,-36.596,1544.4074,-41.783
1544.4286,-33.597,1544.4286,-32.818,1544.4286,-33.053,1544.4286,-34.368,1544.4286,-36.655,1544.4286,-41.888
1544.4499,-33.578,1544.4499,-32.820,1544.4499,-33.072,1544.4499,-34.406,1544.4499,-36.714,1544.4499,-41.994
1544.4711,-33.560,1544.4711,-32.821,1544.4711,-33.096,1544.4711,-34.445,1544.4711,-36.770,1544.4711,-42.106
1544.4924,-33.542,1544.4924,-32.822,1544.4924,-33.116,1544.4924,-34.481,1544.4924,-36.829,1544.4924,-42.214
1544.5136,-33.524,1544.5136,-32.822,1544.5136,-33.136,1544.5136,-34.522,1544.5136,-36.888,1544.5136,-42.322
1544.5349,-33.504,1544.5349,-32.823,1544.5349,-33.157,1544.5349,-34.563,1544.5349,-36.941,1544.5349,-42.430
1544.5561,-33.488,1544.5561,-32.825,1544.5561,-33.179,1544.5561,-34.600,1544.5561,-37.004,1544.5561,-42.541
1544.5774,-33.466,1544.5774,-32.826,1544.5774,-33.201,1544.5774,-34.641,1544.5774,-37.062,1544.5774,-42.657
1544.5986,-33.447,1544.5986,-32.829,1544.5986,-33.222,1544.5986,-34.679,1544.5986,-37.120,1544.5986,-42.765
1544.6199,-33.429,1544.6199,-32.832,1544.6199,-33.243,1544.6199,-34.720,1544.6199,-37.180,1544.6199,-42.876
1544.6412,-33.412,1544.6412,-32.833,1544.6412,-33.269,1544.6412,-34.760,1544.6412,-37.242,1544.6412,-42.995
1544.6624,-33.395,1544.6624,-32.840,1544.6624,-33.291,1544.6624,-34.800,1544.6624,-37.301,1544.6624,-43.115
1544.6837,-33.379,1544.6837,-32.842,1544.6837,-33.316,1544.6837,-34.844,1544.6837,-37.367,1544.6837,-43.234
1544.7049,-33.363,1544.7049,-32.851,1544.7049,-33.342,1544.7049,-34.889,1544.7049,-37.442,1544.7049,-43.359
1544.7262,-33.348,1544.7262,-32.857,1544.7262,-33.368,1544.7262,-34.932,1544.7262,-37.500,1544.7262,-43.486
1544.7474,-33.335,1544.7474,-32.864,1544.7474,-33.395,1544.7474,-34.980,1544.7474,-37.563,1544.7474,-43.610
1544.7687,-33.320,1544.7687,-32.869,1544.7687,-33.424,1544.7687,-35.023,1544.7687,-37.629,1544.7687,-43.730
1544.7899,-33.305,1544.7899,-32.876,1544.7899,-33.451,1544.7899,-35.064,1544.7899,-37.694,1544.7899,-43.864
1544.8112,-33.288,1544.8112,-32.884,1544.8112,-33.474,1544.8112,-35.110,1544.8112,-37.758,1544.8112,-43.987
1544.8325,-33.277,1544.8325,-32.891,1544.8325,-33.504,1544.8325,-35.156,1544.8325,-37.827,1544.8325,-44.120
1544.8537,-33.265,1544.8537,-32.902,1544.8537,-33.529,1544.8537,-35.203,1544.8537,-37.892,1544.8537,-44.256
1544.8750,-33.254,1544.8750,-32.914,1544.8750,-33.563,1544.8750,-35.250,1544.8750,-37.962,1544.8750,-44.384
1544.8962,-33.246,1544.8962,-32.928,1544.8962,-33.597,1544.8962,-35.300,1544.8962,-38.036,1544.8962,-44.526
1544.9175,-33.237,1544.9175,-32.942,1544.9175,-33.629,1544.9175,-35.352,1544.9175,-38.108,1544.9175,-44.666
1544.9387,-33.233,1544.9387,-32.958,1544.9387,-33.666,1544.9387,-35.401,1544.9387,-38.181,1544.9387,-44.798
1544.9600,-33.226,1544.9600,-32.974,1544.9600,-33.697,1544.9600,-35.455,1544.9600,-38.252,1544.9600,-44.937
1544.9812,-33.222,1544.9812,-32.990,1544.9812,-33.734,1544.9812,-35.504,1544.9812,-38.328,1544.9812,-45.078
1545.0025,-33.213,1545.0025,-33.007,1545.0025,-33.770,1545.0025,-35.557,1545.0025,-38.402,1545.0025,-45.221
1545.0238,-33.201,1545.0238,-33.022,1545.0238,-33.804,1545.0238,-35.607,1545.0238,-38.473,1545.0238,-45.358
1545.0450,-33.197,1545.0450,-33.039,1545.0450,-33.839,1545.0450,-35.659,1545.0450,-38.549,1545.0450,-45.494
1545.0663,-33.187,1545.0663,-33.058,1545.0663,-33.875,1545.0663,-35.709,1545.0663,-38.628,1545.0663,-45.631
1545.0875,-33.183,1545.0875,-33.080,1545.0875,-33.917,1545.0875,-35.767,1545.0875,-38.710,1545.0875,-45.773
1545.1088,-33.176,1545.1088,-33.100,1545.1088,-33.954,1545.1088,-35.823,1545.1088,-38.788,1545.1088,-45.909
1545.1300,-33.170,1545.1300,-33.122,1545.1300,-33.994,1545.1300,-35.876,1545.1300,-38.870,1545.1300,-46.051
1545.1513,-33.162,1545.1513,-33.141,1545.1513,-34.033,1545.1513,-35.938,1545.1513,-38.953,1545.1513,-46.196
1545.1725,-33.157,1545.1725,-33.166,1545.1725,-34.077,1545.1725,-35.991,1545.1725,-39.035,1545.1725,-46.316
1545.1938,-33.150,1545.1938,-33.185,1545.1938,-34.115,1545.1938,-36.050,1545.1938,-39.120,1545.1938,-46.450
1545.2151,-33.140,1545.2151,-33.203,1545.2151,-34.151,1545.2151,-36.105,1545.2151,-39.202,1545.2151,-46.574
1545.2363,-33.131,1545.2363,-33.221,1545.2363,-34.187,1545.2363,-36.155,1545.2363,-39.278,1545.2363,-46.706
1545.2576,-33.122,1545.2576,-33.237,1545.2576,-34.220,1545.2576,-36.209,1545.2576,-39.363,1545.2576,-46.818
1545.2788,-33.113,1545.2788,-33.255,1545.2788,-34.260,1545.2788,-36.259,1545.2788,-39.440,1545.2788,-46.930
1545.3001,-33.104,1545.3001,-33.270,1545.3001,-34.291,1545.3001,-36.314,1545.3001,-39.520,1545.3001,-47.055
1545.3213,-33.097,1545.3213,-33.284,1545.3213,-34.328,1545.3213,-36.362,1545.3213,-39.599,1545.3213,-47.161
1545.3426,-33.095,1545.3426,-33.306,1545.3426,-34.363,1545.3426,-36.420,1545.3426,-39.685,1545.3426,-47.245
1545.3638,-33.092,1545.3638,-33.327,1545.3638,-34.400,1545.3638,-36.473,1545.3638,-39.763,1545.3638,-47.346
1545.3851,-33.093,1545.3851,-33.347,1545.3851,-34.440,1545.3851,-36.529,1545.3851,-39.852,1545.3851,-47.455
1545.4064,-33.092,1545.4064,-33.369,1545.4064,-34.477,1545.4064,-36.582,1545.4064,-39.933,1545.4064,-47.524
1545.4276,-33.094,1545.4276,-33.389,1545.4276,-34.517,1545.4276,-36.634,1545.4276,-40.017,1545.4276,-47.625
1545.4489,-33.089,1545.4489,-33.412,1545.4489,-34.553,1545.4489,-36.692,1545.4489,-40.101,1545.4489,-47.688
1545.4701,-33.089,1545.4701,-33.435,1545.4701,-34.593,1545.4701,-36.746,1545.4701,-40.189,1545.4701,-47.757
1545.4914,-33.089,1545.4914,-33.456,1545.4914,-34.632,1545.4914,-36.802,1545.4914,-40.274,1545.4914,-47.803
1545.5126,-33.089,1545.5126,-33.480,1545.5126,-34.671,1545.5126,-36.859,1545.5126,-40.362,1545.5126,-47.861
1545.5339,-33.091,1545.5339,-33.506,1545.5339,-34.708,1545.5339,-36.912,1545.5339,-40.452,1545.5339,-47.903
1545.5551,-33.094,1545.5551,-33.530,1545.5551,-34.754,1545.5551,-36.977,1545.5551,-40.545,1545.5551,-47.928
1545.5764,-33.097,1545.5764,-33.559,1545.5764,-34.796,1545.5764,-37.029,1545.5764,-40.638,1545.5764,-47.938
1545.5976,-33.104,1545.5976,-33.587,1545.5976,-34.842,1545.5976,-37.094,1545.5976,-40.734,1545.5976,-47.959
1545.6189,-33.110,1545.6189,-33.615,1545.6189,-34.885,1545.6189,-37.161,1545.6189,-40.831,1545.6189,-47.965
1545.6402,-33.113,1545.6402,-33.644,1545.6402,-34.930,1545.6402,-37.217,1545.6402,-40.928,1545.6402,-47.964
1545.6614,-33.119,1545.6614,-33.672,1545.6614,-34.973,1545.6614,-37.282,1545.6614,-41.030,1545.6614,-47.919
1545.6827,-33.123,1545.6827,-33.700,1545.6827,-35.014,1545.6827,-37.341,1545.6827,-41.126,1545.6827,-47.904
1545.7039,-33.125,1545.7039,-33.726,1545.7039,-35.055,1545.7039,-37.412,1545.7039,-41.224,1545.7039,-47.861
1545.7252,-33.130,1545.7252,-33.754,1545.7252,-35.097,1545.7252,-37.479,1545.7252,-41.322,1545.7252,-47.816
1545.7464,-33.136,1545.7464,-33.781,1545.7464,-35.141,1545.7464,-37.532,1545.7464,-41.424,1545.7464,-47.752
1545.7677,-33.142,1545.7677,-33.812,1545.7677,-35.189,1545.7677,-37.592,1545.7677,-41.534,1545.7677,-47.682
1545.7889,-33.149,1545.7889,-33.842,1545.7889,-35.232,1545.7889,-37.654,1545.7889,-41.632,1545.7889,-47.613
1545.8102,-33.158,1545.8102,-33.872,1545.8102,-35.278,1545.8102,-37.720,1545.8102,-41.734,1545.8102,-47.529
1545.8315,-33.166,1545.8315,-33.904,1545.8315,-35.325,1545.8315,-37.785,1545.8315,-41.845,1545.8315,-47.443
1545.8527,-33.175,1545.8527,-33.934,1545.8527,-35.370,1545.8527,-37.848,1545.8527,-41.946,1545.8527,-47.339
1545.8740,-33.184,1545.8740,-33.966,1545.8740,-35.417,1545.8740,-37.914,1545.8740,-42.055,1545.8740,-47.233
1545.8952,-33.190,1545.8952,-33.994,1545.8952,-35.462,1545.8952,-37.978,1545.8952,-42.161,1545.8952,-47.132
1545.9165,-33.201,1545.9165,-34.024,1545.9165,-35.506,1545.9165,-38.042,1545.9165,-42.266,1545.9165,-47.007
1545.9377,-33.207,1545.9377,-34.054,1545.9377,-35.551,1545.9377,-38.105,1545.9377,-42.376,1545.9377,-46.885
1545.9590,-33.218,1545.9590,-34.088,1545.9590,-35.594,1545.9590,-38.167,1545.9590,-42.481,1545.9590,-46.764
1545.9802,-33.227,1545.9802,-34.116,1545.9802,-35.640,1545.9802,-38.236,1545.9802,-42.594,1545.9802,-46.629
1546.0015,-33.241,1546.0015,-34.148,1546.0015,-35.687,1546.0015,-38.300,1546.0015,-42.707,1546.0015,-46.501
1546.0228,-33.251,1546.0228,-34.182,1546.0228,-35.735,1546.0228,-38.368,1546.0228,-42.813,1546.0228,-46.364
1546.0440,-33.266,1546.0440,-34.215,1546.0440,-35.788,1546.0440,-38.437,1546.0440,-42.937,1546.0440,-46.220
1546.0653,-33.281,1546.0653,-34.253,1546.0653,-35.837,1546.0653,-38.507,1546.0653,-43.048,1546.0653,-46.070
1546.0865,-33.292,1546.0865,-34.284,1546.0865,-35.884,1546.0865,-38.569,1546.0865,-43.168,1546.0865,-45.932
1546.1078,-33.310,1546.1078,-34.322,1546.1078,-35.933,1546.1078,-38.640,1546.1078,-43.284,1546.1078,-45.786
1546.1290,-33.322,1546.1290,-34.354,1546.1290,-35.983,1546.1290,-38.710,1546.1290,-43.398,1546.1290,-45.637
1546.1503,-33.335,1546.1503,-34.385,1546.1503,-36.029,1546.1503,-38.776,1546.1503,-43.517,1546.1503,-45.490
1546.1715,-33.350,1546.1715,-34.421,1546.1715,-36.078,1546.1715,-38.845,1546.1715,-43.635,1546.1715,-45.331
1546.1928,-33.366,1546.1928,-34.456,1546.1928,-36.126,1546.1928,-38.917,1546.1928,-43.767,1546.1928,-45.179
1546.2141,-33.389,1546.2141,-34.498,1546.2141,-36.184,1546.2141,-38.996,1546.2141,-43.891,1546.2141,-45.033
1546.2353,-33.407,1546.2353,-34.538,1546.2353,-36.236,1546.2353,-39.071,1546.2353,-44.026,1546.2353,-44.884
1546.2566,-33.433,1546.2566,-34.577,1546.2566,-36.292,1546.2566,-39.147,1546.2566,-44.159,1546.2566,-44.730
1546.2778,-33.452,1546.2778,-34.619,1546.2778,-36.345,1546.2778,-39.227,1546.2778,-44.285,1546.2778,-44.583
1546.2991,-33.478,1546.2991,-34.661,1546.2991,-36.400,1546.2991,-39.307,1546.2991,-44.427,1546.2991,-44.442
1546.3203,-33.498,1546.3203,-34.705,1546.3203,-36.457,1546.3203,-39.386,1546.3203,-44.554,1546.3203,-44.285
1546.3416,-33.521,1546.3416,-34.745,1546.3416,-36.515,1546.3416,-39.465,1546.3416,-44.695,1546.3416,-44.140
1546.3628,-33.546,1546.3628,-34.790,1546.3628,-36.575,1546.3628,-39.547,1546.3628,-44.833,1546.3628,-43.985
1546.3841,-33.566,1546.3841,-34.828,1546.3841,-36.628,1546.3841,-39.625,1546.3841,-44.968,1546.3841,-43.845
1546.4054,-33.592,1546.4054,-34.871,1546.4054,-36.684,1546.4054,-39.709,1546.4054,-45.103,1546.4054,-43.699
1546.4266,-33.614,1546.4266,-34.915,1546.4266,-36.744,1546.4266,-39.796,1546.4266,-45.244,1546.4266,-43.550
1546.4479,-33.642,1546.4479,-34.961,1546.4479,-36.803,1546.4479,-39.884,1546.4479,-45.379,1546.4479,-43.401
1546.4691,-33.671,1546.4691,-35.008,1546.4691,-36.869,1546.4691,-39.968,1546.4691,-45.531,1546.4691,-43.268
1546.4904,-33.695,1546.4904,-35.054,1546.4904,-36.933,1546.4904,-40.057,1546.4904,-45.665,1546.4904,-43.133
1546.5116,-33.722,1546.5116,-35.104,1546.5116,-36.998,1546.5116,-40.149,1546.5116,-45.804,1546.5116,-42.991
1546.5329,-33.748,1546.5329,-35.145,1546.5329,-37.060,1546.5329,-40.235,1546.5329,-45.946,1546.5329,-42.862
1546.5541,-33.772,1546.5541,-35.194,1546.5541,-37.117,1546.5541,-40.317,1546.5541,-46.076,1546.5541,-42.727
1546.5754,-33.792,1546.5754,-35.234,1546.5754,-37.177,1546.5754,-40.404,1546.5754,-46.205,1546.5754,-42.590
1546.5966,-33.817,1546.5966,-35.279,1546.5966,-37.239,1546.5966,-40.491,1546.5966,-46.324,1546.5966,-42.465
1546.6179,-33.840,1546.6179,-35.326,1546.6179,-37.301,1546.6179,-40.583,1546.6179,-46.475,1546.6179,-42.328
1546.6392,-33.863,1546.6392,-35.370,1546.6392,-37.360,1546.6392,-40.670,1546.6392,-46.590,1546.6392,-42.200
1546.6604,-33.887,1546.6604,-35.414,1546.6604,-37.427,1546.6604,-40.758,1546.6604,-46.718,1546.6604,-42.072
1546.6817,-33.915,1546.6817,-35.459,1546.6817,-37.484,1546.6817,-40.847,1546.6817,-46.838,1546.6817,-41.944
1546.7029,-33.939,1546.7029,-35.502,1546.7029,-37.542,1546.7029,-40.931,1546.7029,-46.961,1546.7029,-41.819
1546.7242,-33.967,1546.7242,-35.544,1546.7242,-37.604,1546.7242,-41.021,1546.7242,-47.067,1546.7242,-41.695
1546.7454,-33.995,1546.7454,-35.590,1546.7454,-37.665,1546.7454,-41.109,1546.7454,-47.188,1546.7454,-41.578
1546.7667,-34.019,1546.7667,-35.634,1546.7667,-37.725,1546.7667,-41.200,1546.7667,-47.299,1546.7667,-41.459
1546.7879,-34.051,1546.7879,-35.681,1546.7879,-37.786,1546.7879,-41.293,1546.7879,-47.400,1546.7879,-41.332
1546.8092,-34.077,1546.8092,-35.724,1546.8092,-37.845,1546.8092,-41.380,1546.8092,-47.488,1546.8092,-41.213
1546.8305,-34.103,1546.8305,-35.766,1546.8305,-37.904,1546.8305,-41.474,1546.8305,-47.574,1546.8305,-41.096
1546.8517,-34.132,1546.8517,-35.815,1546.8517,-37.965,1546.8517,-41.566,1546.8517,-47.671,1546.8517,-40.977
1546.8730,-34.161,1546.8730,-35.855,1546.8730,-38.026,1546.8730,-41.659,1546.8730,-47.747,1546.8730,-40.864
1546.8942,-34.191,1546.8942,-35.903,1546.8942,-38.089,1546.8942,-41.749,1546.8942,-47.805,1546.8942,-40.753
1546.9155,-34.223,1546.9155,-35.952,1546.9155,-38.157,1546.9155,-41.853,1546.9155,-47.873,1546.9155,-40.642
1546.9367,-34.255,1546.9367,-35.999,1546.9367,-38.219,1546.9367,-41.948,1546.9367,-47.918,1546.9367,-40.532
1546.9580,-34.290,1546.9580,-36.048,1546.9580,-38.286,1546.9580,-42.044,1546.9580,-47.992,1546.9580,-40.423
1546.9792,-34.323,1546.9792,-36.098,1546.9792,-38.356,1546.9792,-42.152,1546.9792,-48.025,1546.9792,-40.316
1547.0005,-34.357,1547.0005,-36.147,1547.0005,-38.424,1547.0005,-42.256,1547.0005,-48.071,1547.0005,-40.212
1547.0218,-34.386,1547.0218,-36.193,1547.0218,-38.485,1547.0218,-42.349,1547.0218,-48.077,1547.0218,-40.103
1547.0430,-34.418,1547.0430,-36.242,1547.0430,-38.554,1547.0430,-42.453,1547.0430,-48.084,1547.0430,-39.995
1547.0643,-34.451,1547.0643,-36.288,1547.0643,-38.622,1547.0643,-42.555,1547.0643,-48.096,1547.0643,-39.893
1547.0855,-34.486,1547.0855,-36.340,1547.0855,-38.691,1547.0855,-42.663,1547.0855,-48.089,1547.0855,-39.786
1547.1068,-34.517,1547.1068,-36.391,1547.1068,-38.762,1547.1068,-42.766,1547.1068,-48.063,1547.1068,-39.686
1547.1280,-34.552,1547.1280,-36.442,1547.1280,-38.833,1547.1280,-42.876,1547.1280,-48.050,1547.1280,-39.589
1547.1493,-34.591,1547.1493,-36.495,1547.1493,-38.903,1547.1493,-42.989,1547.1493,-48.014,1547.1493,-39.483
1547.1705,-34.626,1547.1705,-36.543,1547.1705,-38.976,1547.1705,-43.089,1547.1705,-47.970,1547.1705,-39.394
1547.1918,-34.659,1547.1918,-36.603,1547.1918,-39.048,1547.1918,-43.201,1547.1918,-47.909,1547.1918,-39.297
1547.2131,-34.696,1547.2131,-36.653,1547.2131,-39.120,1547.2131,-43.312,1547.2131,-47.849,1547.2131,-39.200
1547.2343,-34.732,1547.2343,-36.707,1547.2343,-39.217,1547.2343,-43.420,1547.2343,-47.786,1547.2343,-39.107
1547.2556,-34.765,1547.2556,-36.752,1547.2556,-39.296,1547.2556,-43.527,1547.2556,-47.710,1547.2556,-39.012
1547.2768,-34.797,1547.2768,-36.807,1547.2768,-39.368,1547.2768,-43.635,1547.2768,-47.627,1547.2768,-38.922
1547.2981,-34.832,1547.2981,-36.857,1547.2981,-39.438,1547.2981,-43.751,1547.2981,-47.533,1547.2981,-38.832
1547.3193,-34.871,1547.3193,-36.909,1547.3193,-39.513,1547.3193,-43.874,1547.3193,-47.433,1547.3193,-38.747
1547.3406,-34.907,1547.3406,-36.966,1547.3406,-39.583,1547.3406,-43.980,1547.3406,-47.324,1547.3406,-38.661
1547.3618,-34.943,1547.3618,-37.018,1547.3618,-39.659,1547.3618,-44.097,1547.3618,-47.225,1547.3618,-38.578
1547.3831,-34.983,1547.3831,-37.077,1547.3831,-39.738,1547.3831,-44.212,1547.3831,-47.086,1547.3831,-38.492
1547.4044,-35.018,1547.4044,-37.128,1547.4044,-39.810,1547.4044,-44.331,1547.4044,-46.992,1547.4044,-38.417
1547.4256,-35.058,1547.4256,-37.182,1547.4256,-39.885,1547.4256,-44.441,1547.4256,-46.848,1547.4256,-38.332
1547.4469,-35.099,1547.4469,-37.240,1547.4469,-39.966,1547.4469,-44.563,1547.4469,-46.725,1547.4469,-38.252
1547.4681,-35.133,1547.4681,-37.291,1547.4681,-40.045,1547.4681,-44.682,1547.4681,-46.607,1547.4681,-38.177
1547.4894,-35.171,1547.4894,-37.345,1547.4894,-40.118,1547.4894,-44.794,1547.4894,-46.465,1547.4894,-38.097
1547.5106,-35.208,1547.5106,-37.406,1547.5106,-40.197,1547.5106,-44.918,1547.5106,-46.326,1547.5106,-38.019
1547.5319,-35.250,1547.5319,-37.460,1547.5319,-40.274,1547.5319,-45.027,1547.5319,-46.192,1547.5319,-37.946
1547.5531,-35.288,1547.5531,-37.515,1547.5531,-40.354,1547.5531,-45.145,1547.5531,-46.056,1547.5531,-37.875
1547.5744,-35.332,1547.5744,-37.574,1547.5744,-40.439,1547.5744,-45.259,1547.5744,-45.910,1547.5744,-37.802
1547.5956,-35.369,1547.5956,-37.632,1547.5956,-40.519,1547.5956,-45.380,1547.5956,-45.784,1547.5956,-37.734
1547.6169,-35.418,1547.6169,-37.691,1547.6169,-40.605,1547.6169,-45.504,1547.6169,-45.628,1547.6169,-37.661
1547.6382,-35.460,1547.6382,-37.750,1547.6382,-40.686,1547.6382,-45.619,1547.6382,-45.495,1547.6382,-37.596
1547.6594,-35.500,1547.6594,-37.811,1547.6594,-40.773,1547.6594,-45.731,1547.6594,-45.353,1547.6594,-37.533
1547.6807,-35.548,1547.6807,-37.874,1547.6807,-40.863,1547.6807,-45.852,1547.6807,-45.214,1547.6807,-37.463
1547.7019,-35.591,1547.7019,-37.934,1547.7019,-40.951,1547.7019,-45.960,1547.7019,-45.059,1547.7019,-37.399
1547.7232,-35.635,1547.7232,-37.993,1547.7232,-41.032,1547.7232,-46.066,1547.7232,-44.927,1547.7232,-37.333
1547.7444,-35.677,1547.7444,-38.055,1547.7444,-41.121,1547.7444,-46.173,1547.7444,-44.786,1547.7444,-37.274
1547.7657,-35.724,1547.7657,-38.122,1547.7657,-41.212,1547.7657,-46.299,1547.7657,-44.636,1547.7657,-37.209
1547.7869,-35.771,1547.7869,-38.187,1547.7869,-41.303,1547.7869,-46.403,1547.7869,-44.501,1547.7869,-37.155
1547.8082,-35.818,1547.8082,-38.248,1547.8082,-41.393,1547.8082,-46.506,1547.8082,-44.362,1547.8082,-37.094
1547.8295,-35.869,1547.8295,-38.318,1547.8295,-41.489,1547.8295,-46.621,1547.8295,-44.215,1547.8295,-37.035
1547.8507,-35.912,1547.8507,-38.381,1547.8507,-41.585,1547.8507,-46.723,1547.8507,-44.086,1547.8507,-36.984
1547.8720,-35.960,1547.8720,-38.449,1547.8720,-41.673,1547.8720,-46.809,1547.8720,-43.937,1547.8720,-36.927
1547.8932,-36.007,1547.8932,-38.521,1547.8932,-41.777,1547.8932,-46.927,1547.8932,-43.791,1547.8932,-36.871
1547.9145,-36.057,1547.9145,-38.587,1547.9145,-41.875,1547.9145,-47.012,1547.9145,-43.654,1547.9145,-36.822
1547.9357,-36.098,1547.9357,-38.652,1547.9357,-41.969,1547.9357,-47.105,1547.9357,-43.524,1547.9357,-36.766
1547.9570,-36.146,1547.9570,-38.721,1547.9570,-42.068,1547.9570,-47.189,1547.9570,-43.375,1547.9570,-36.709
1547.9782,-36.190,1547.9782,-38.788,1547.9782,-42.166,1547.9782,-47.259,1547.9782,-43.243,1547.9782,-36.660
1547.9995,-36.236,1547.9995,-38.854,1547.9995,-42.264,1547.9995,-47.345,1547.9995,-43.110,1547.9995,-36.607
1548.0208,-36.284,1548.0208,-38.927,1548.0208,-42.367,1548.0208,-47.401,1548.0208,-42.976,1548.0208,-36.555
1548.0420,-36.328,1548.0420,-38.997,1548.0420,-42.472,1548.0420,-47.471,1548.0420,-42.845,1548.0420,-36.506
1548.0633,-36.377,1548.0633,-39.064,1548.0633,-42.574,1548.0633,-47.529,1548.0633,-42.711,1548.0633,-36.459
1548.0845,-36.425,1548.0845,-39.136,1548.0845,-42.676,1548.0845,-47.568,1548.0845,-42.584,1548.0845,-36.408
1548.1058,-36.471,1548.1058,-39.200,1548.1058,-42.775,1548.1058,-47.622,1548.1058,-42.455,1548.1058,-36.360
1548.1270,-36.516,1548.1270,-39.268,1548.1270,-42.878,1548.1270,-47.654,1548.1270,-42.329,1548.1270,-36.316
1548.1483,-36.569,1548.1483,-39.339,1548.1483,-42.987,1548.1483,-47.665,1548.1483,-42.196,1548.1483,-36.268
1548.1695,-36.615,1548.1695,-39.412,1548.1695,-43.087,1548.1695,-47.693,1548.1695,-42.072,1548.1695,-36.217
1548.1908,-36.662,1548.1908,-39.475,1548.1908,-43.191,1548.1908,-47.702,1548.1908,-41.954,1548.1908,-36.172
1548.2121,-36.708,1548.2121,-39.548,1548.2121,-43.294,1548.2121,-47.698,1548.2121,-41.834,1548.2121,-36.127
1548.2333,-36.755,1548.2333,-39.617,1548.2333,-43.399,1548.2333,-47.690,1548.2333,-41.714,1548.2333,-36.082
1548.2546,-36.809,1548.2546,-39.689,1548.2546,-43.502,1548.2546,-47.682,1548.2546,-41.598,1548.2546,-36.040
1548.2758,-36.857,1548.2758,-39.759,1548.2758,-43.609,1548.2758,-47.658,1548.2758,-41.484,1548.2758,-35.998
1548.2971,-36.909,1548.2971,-39.834,1548.2971,-43.722,1548.2971,-47.634,1548.2971,-41.363,1548.2971,-35.959
1548.3183,-36.960,1548.3183,-39.905,1548.3183,-43.825,1548.3183,-47.605,1548.3183,-41.255,1548.3183,-35.918
1548.3396,-37.008,1548.3396,-39.979,1548.3396,-43.934,1548.3396,-47.552,1548.3396,-41.146,1548.3396,-35.878
1548.3608,-37.061,1548.3608,-40.055,1548.3608,-44.043,1548.3608,-47.513,1548.3608,-41.020,1548.3608,-35.838
1548.3821,-37.105,1548.3821,-40.128,1548.3821,-44.148,1548.3821,-47.455,1548.3821,-40.925,1548.3821,-35.803
1548.4034,-37.159,1548.4034,-40.205,1548.4034,-44.260,1548.4034,-47.391,1548.4034,-40.818,1548.4034,-35.765
1548.4246,-37.209,1548.4246,-40.281,1548.4246,-44.368,1548.4246,-47.323,1548.4246,-40.705,1548.4246,-35.727
1548.4459,-37.259,1548.4459,-40.357,1548.4459,-44.476,1548.4459,-47.256,1548.4459,-40.598,1548.4459,-35.691
1548.4671,-37.310,1548.4671,-40.434,1548.4671,-44.593,1548.4671,-47.165,1548.4671,-40.498,1548.4671,-35.653
1548.4884,-37.368,1548.4884,-40.511,1548.4884,-44.698,1548.4884,-47.075,1548.4884,-40.388,1548.4884,-35.620
1548.5096,-37.418,1548.5096,-40.586,1548.5096,-44.812,1548.5096,-46.988,1548.5096,-40.287,1548.5096,-35.585
1548.5309,-37.469,1548.5309,-40.668,1548.5309,-44.932,1548.5309,-46.910,1548.5309,-40.187,1548.5309,-35.553
1548.5521,-37.522,1548.5521,-40.750,1548.5521,-45.041,1548.5521,-46.796,1548.5521,-40.085,1548.5521,-35.519
1548.5734,-37.575,1548.5734,-40.826,1548.5734,-45.152,1548.5734,-46.684,1548.5734,-39.988,1548.5734,-35.487
1548.5946,-37.629,1548.5946,-40.908,1548.5946,-45.273,1548.5946,-46.578,1548.5946,-39.886,1548.5946,-35.453
1548.6159,-37.683,1548.6159,-40.990,1548.6159,-45.384,1548.6159,-46.457,1548.6159,-39.791,1548.6159,-35.421
1548.6372,-37.739,1548.6372,-41.077,1548.6372,-45.500,1548.6372,-46.342,1548.6372,-39.688,1548.6372,-35.388
1548.6584,-37.793,1548.6584,-41.152,1548.6584,-45.614,1548.6584,-46.223,1548.6584,-39.600,1548.6584,-35.357
1548.6797,-37.846,1548.6797,-41.237,1548.6797,-45.716,1548.6797,-46.103,1548.6797,-39.502,1548.6797,-35.328
1548.7009,-37.905,1548.7009,-41.329,1548.7009,-45.836,1548.7009,-45.979,1548.7009,-39.409,1548.7009,-35.295
1548.7222,-37.960,1548.7222,-41.408,1548.7222,-45.941,1548.7222,-45.846,1548.7222,-39.321,1548.7222,-35.266
1548.7434,-38.018,1548.7434,-41.497,1548.7434,-46.058,1548.7434,-45.731,1548.7434,-39.233,1548.7434,-35.237
1548.7647,-38.079,1548.7647,-41.588,1548.7647,-46.170,1548.7647,-45.595,1548.7647,-39.142,1548.7647,-35.211
1548.7859,-38.134,1548.7859,-41.677,1548.7859,-46.271,1548.7859,-45.460,1548.7859,-39.053,1548.7859,-35.181
1548.8072,-38.194,1548.8072,-41.765,1548.8072,-46.381,1548.8072,-45.330,1548.8072,-38.970,1548.8072,-35.157
1548.8285,-38.253,1548.8285,-41.853,1548.8285,-46.474,1548.8285,-45.197,1548.8285,-38.883,1548.8285,-35.128
1548.8497,-38.312,1548.8497,-41.952,1548.8497,-46.597,1548.8497,-45.052,1548.8497,-38.796,1548.8497,-35.104
1548.8710,-38.369,1548.8710,-42.037,1548.8710,-46.670,1548.8710,-44.924,1548.8710,-38.713,1548.8710,-35.080
1548.8922,-38.429,1548.8922,-42.134,1548.8922,-46.771,1548.8922,-44.798,1548.8922,-38.635,1548.8922,-35.052
1548.9135,-38.491,1548.9135,-42.227,1548.9135,-46.853,1548.9135,-44.660,1548.9135,-38.552,1548.9135,-35.030
1548.9347,-38.552,1548.9347,-42.319,1548.9347,-46.942,1548.9347,-44.533,1548.9347,-38.477,1548.9347,-35.007
1548.9560,-38.612,1548.9560,-42.411,1548.9560,-47.028,1548.9560,-44.398,1548.9560,-38.398,1548.9560,-34.987
1548.9772,-38.671,1548.9772,-42.513,1548.9772,-47.116,1548.9772,-44.255,1548.9772,-38.322,1548.9772,-34.966
1548.9985,-38.739,1548.9985,-42.612,1548.9985,-47.191,1548.9985,-44.129,1548.9985,-38.247,1548.9985,-34.946
1549.0198,-38.798,1549.0198,-42.709,1549.0198,-47.249,1549.0198,-44.009,1549.0198,-38.174,1549.0198,-34.926
1549.0410,-38.858,1549.0410,-42.801,1549.0410,-47.319,1549.0410,-43.880,1549.0410,-38.103,1549.0410,-34.907
1549.0623,-38.924,1549.0623,-42.902,1549.0623,-47.380,1549.0623,-43.745,1549.0623,-38.036,1549.0623,-34.888
1549.0835,-38.986,1549.0835,-42.997,1549.0835,-47.446,1549.0835,-43.617,1549.0835,-37.964,1549.0835,-34.872
1549.1048,-39.049,1549.1048,-43.095,1549.1048,-47.477,1549.1048,-43.489,1549.1048,-37.899,1549.1048,-34.853
1549.1260,-39.117,1549.1260,-43.198,1549.1260,-47.539,1549.1260,-43.359,1549.1260,-37.831,1549.1260,-34.836
1549.1473,-39.178,1549.1473,-43.298,1549.1473,-47.565,1549.1473,-43.242,1549.1473,-37.762,1549.1473,-34.819
1549.1685,-39.242,1549.1685,-43.395,1549.1685,-47.597,1549.1685,-43.124,1549.1685,-37.704,1549.1685,-34.806
1549.1898,-39.311,1549.1898,-43.501,1549.1898,-47.625,1549.1898,-42.994,1549.1898,-37.640,1549.1898,-34.788
1549.2111,-39.377,1549.2111,-43.604,1549.2111,-47.641,1549.2111,-42.874,1549.2111,-37.577,1549.2111,-34.773
1549.2323,-39.442,1549.2323,-43.711,1549.2323,-47.660,1549.2323,-42.760,1549.2323,-37.517,1549.2323,-34.758
1549.2536,-39.512,1549.2536,-43.805,1549.2536,-47.650,1549.2536,-42.640,1549.2536,-37.459,1549.2536,-34.747
1549.2748,-39.582,1549.2748,-43.920,1549.2748,-47.649,1549.2748,-42.516,1549.2748,-37.398,1549.2748,-34.733
1549.2961,-39.647,1549.2961,-44.021,1549.2961,-47.653,1549.2961,-42.410,1549.2961,-37.343,1549.2961,-34.719
1549.3173,-39.714,1549.3173,-44.125,1549.3173,-47.634,1549.3173,-42.295,1549.3173,-37.286,1549.3173,-34.708
1549.3386,-39.786,1549.3386,-44.238,1549.3386,-47.595,1549.3386,-42.175,1549.3386,-37.223,1549.3386,-34.693
1549.3598,-39.854,1549.3598,-44.337,1549.3598,-47.566,1549.3598,-42.061,1549.3598,-37.170,1549.3598,-34.680
1549.3811,-39.925,1549.3811,-44.457,1549.3811,-47.526,1549.3811,-41.956,1549.3811,-37.115,1549.3811,-34.668
1549.4024,-40.001,1549.4024,-44.573,1549.4024,-47.465,1549.4024,-41.831,1549.4024,-37.059,1549.4024,-34.657
1549.4236,-40.072,1549.4236,-44.683,1549.4236,-47.429,1549.4236,-41.724,1549.4236,-37.006,1549.4236,-34.649
1549.4449,-40.144,1549.4449,-44.789,1549.4449,-47.369,1549.4449,-41.615,1549.4449,-36.955,1549.4449,-34.640
1549.4661,-40.218,1549.4661,-44.900,1549.4661,-47.303,1549.4661,-41.505,1549.4661,-36.901,1549.4661,-34.629
1549.4874,-40.293,1549.4874,-45.021,1549.4874,-47.222,1549.4874,-41.394,1549.4874,-36.848,1549.4874,-34.618
1549.5086,-40.367,1549.5086,-45.122,1549.5086,-47.151,1549.5086,-41.286,1549.5086,-36.797,1549.5086,-34.607
1549.5299,-40.435,1549.5299,-45.227,1549.5299,-47.064,1549.5299,-41.185,1549.5299,-36.745,1549.5299,-34.596
1549.5511,-40.519,1549.5511,-45.342,1549.5511,-46.980,1549.5511,-41.071,1549.5511,-36.696,1549.5511,-34.586
1549.5724,-40.589,1549.5724,-45.456,1549.5724,-46.873,1549.5724,-40.965,1549.5724,-36.644,1549.5724,-34.578
1549.5936,-40.662,1549.5936,-45.566,1549.5936,-46.781,1549.5936,-40.865,1549.5936,-36.597,1549.5936,-34.567
1549.6149,-40.742,1549.6149,-45.671,1549.6149,-46.675,1549.6149,-40.764,1549.6149,-36.551,1549.6149,-34.562
1549.6362,-40.823,1549.6362,-45.774,1549.6362,-46.568,1549.6362,-40.665,1549.6362,-36.502,1549.6362,-34.555
1549.6574,-40.900,1549.6574,-45.885,1549.6574,-46.464,1549.6574,-40.553,1549.6574,-36.458,1549.6574,-34.549
1549.6787,-40.978,1549.6787,-45.983,1549.6787,-46.343,1549.6787,-40.468,1549.6787,-36.414,1549.6787,-34.543
1549.6999,-41.054,1549.6999,-46.094,1549.6999,-46.243,1549.6999,-40.372,1549.6999,-36.373,1549.6999,-34.534
1549.7212,-41.139,1549.7212,-46.178,1549.7212,-46.121,1549.7212,-40.275,1549.7212,-36.329,1549.7212,-34.533
1549.7424,-41.219,1549.7424,-46.289,1549.7424,-45.999,1549.7424,-40.177,1549.7424,-36.288,1549.7424,-34.524
1549.7637,-41.299,1549.7637,-46.383,1549.7637,-45.871,1549.7637,-40.090,1549.7637,-36.247,1549.7637,-34.520
1549.7849,-41.380,1549.7849,-46.488,1549.7849,-45.760,1549.7849,-39.999,1549.7849,-36.209,1549.7849,-34.514
1549.8062,-41.461,1549.8062,-46.569,1549.8062,-45.628,1549.8062,-39.914,1549.8062,-36.170,1549.8062,-34.508
1549.8275,-41.545,1549.8275,-46.649,1549.8275,-45.502,1549.8275,-39.824,1549.8275,-36.130,1549.8275,-34.506
1549.8487,-41.629,1549.8487,-46.764,1549.8487,-45.384,1549.8487,-39.736,1549.8487,-36.093,1549.8487,-34.502
1549.8700,-41.717,1549.8700,-46.831,1549.8700,-45.248,1549.8700,-39.654,1549.8700,-36.055,1549.8700,-34.502
1549.8912,-41.795,1549.8912,-46.901,1549.8912,-45.128,1549.8912,-39.568,1549.8912,-36.021,1549.8912,-34.496
1549.9125,-41.884,1549.9125,-46.972,1549.9125,-45.004,1549.9125,-39.491,1549.9125,-35.985,1549.9125,-34.498
1549.9337,-41.971,1549.9337,-47.066,1549.9337,-44.872,1549.9337,-39.406,1549.9337,-35.949,1549.9337,-34.493
1549.9550,-42.058,1549.9550,-47.130,1549.9550,-44.736,1549.9550,-39.325,1549.9550,-35.913,1549.9550,-34.493
1549.9762,-42.145,1549.9762,-47.194,1549.9762,-44.618,1549.9762,-39.249,1549.9762,-35.880,1549.9762,-34.491
1549.9975,-42.231,1549.9975,-47.246,1549.9975,-44.488,1549.9975,-39.170,1549.9975,-35.846,1549.9975,-34.491
1550.0188,-42.318,1550.0188,-47.304,1550.0188,-44.360,1550.0188,-39.087,1550.0188,-35.811,1550.0188,-34.489
1550.0400,-42.407,1550.0400,-47.349,1550.0400,-44.222,1550.0400,-39.015,1550.0400,-35.780,1550.0400,-34.489
1550.0613,-42.500,1550.0613,-47.393,1550.0613,-44.101,1550.0613,-38.937,1550.0613,-35.747,1550.0613,-34.491
1550.0825,-42.585,1550.0825,-47.430,1550.0825,-43.983,1550.0825,-38.867,1550.0825,-35.717,1550.0825,-34.488
1550.1038,-42.679,1550.1038,-47.464,1550.1038,-43.857,1550.1038,-38.790,1550.1038,-35.688,1550.1038,-34.496
1550.1250,-42.777,1550.1250,-47.474,1550.1250,-43.721,1550.1250,-38.719,1550.1250,-35.658,1550.1250,-34.495
1550.1463,-42.868,1550.1463,-47.500,1550.1463,-43.595,1550.1463,-38.647,1550.1463,-35.628,1550.1463,-34.504
1550.1675,-42.970,1550.1675,-47.510,1550.1675,-43.469,1550.1675,-38.578,1550.1675,-35.599,1550.1675,-34.504
1550.1888,-43.060,1550.1888,-47.506,1550.1888,-43.343,1550.1888,-38.506,1550.1888,-35.570,1550.1888,-34.508
1550.2101,-43.154,1550.2101,-47.522,1550.2101,-43.228,1550.2101,-38.440,1550.2101,-35.544,1550.2101,-34.513
1550.2313,-43.260,1550.2313,-47.497,1550.2313,-43.102,1550.2313,-38.366,1550.2313,-35.514,1550.2313,-34.515
1550.2526,-43.356,1550.2526,-47.487,1550.2526,-42.976,1550.2526,-38.300,1550.2526,-35.488,1550.2526,-34.522
1550.2738,-43.457,1550.2738,-47.452,1550.2738,-42.849,1550.2738,-38.232,1550.2738,-35.463,1550.2738,-34.523
1550.2951,-43.558,1550.2951,-47.434,1550.2951,-42.735,1550.2951,-38.168,1550.2951,-35.437,1550.2951,-34.533
1550.3163,-43.657,1550.3163,-47.406,1550.3163,-42.620,1550.3163,-38.106,1550.3163,-35.413,1550.3163,-34.537
1550.3376,-43.765,1550.3376,-47.359,1550.3376,-42.493,1550.3376,-38.045,1550.3376,-35.390,1550.3376,-34.548
1550.3588,-43.874,1550.3588,-47.306,1550.3588,-42.381,1550.3588,-37.982,1550.3588,-35.366,1550.3588,-34.556
1550.3801,-43.979,1550.3801,-47.257,1550.3801,-42.263,1550.3801,-37.922,1550.3801,-35.342,1550.3801,-34.562
1550.4014,-44.083,1550.4014,-47.205,1550.4014,-42.154,1550.4014,-37.865,1550.4014,-35.322,1550.4014,-34.572
1550.4226,-44.189,1550.4226,-47.121,1550.4226,-42.036,1550.4226,-37.803,1550.4226,-35.297,1550.4226,-34.582
1550.4439,-44.289,1550.4439,-47.061,1550.4439,-41.922,1550.4439,-37.746,1550.4439,-35.277,1550.4439,-34.590
1550.4651,-44.403,1550.4651,-46.984,1550.4651,-41.814,1550.4651,-37.690,1550.4651,-35.257,1550.4651,-34.600
1550.4864,-44.503,1550.4864,-46.898,1550.4864,-41.708,1550.4864,-37.631,1550.4864,-35.234,1550.4864,-34.608
1550.5076,-44.602,1550.5076,-46.805,1550.5076,-41.601,1550.5076,-37.578,1550.5076,-35.214,1550.5076,-34.618
1550.5289,-44.718,1550.5289,-46.723,1550.5289,-41.492,1550.5289,-37.523,1550.5289,-35.196,1550.5289,-34.630
1550.5501,-44.828,1550.5501,-46.623,1550.5501,-41.391,1550.5501,-37.471,1550.5501,-35.176,1550.5501,-34.642
1550.5714,-44.927,1550.5714,-46.524,1550.5714,-41.292,1550.5714,-37.422,1550.5714,-35.159,1550.5714,-34.655
1550.5926,-45.026,1550.5926,-46.419,1550.5926,-41.194,1550.5926,-37.374,1550.5926,-35.141,1550.5926,-34.669
1550.6139,-45.137,1550.6139,-46.332,1550.6139,-41.096,1550.6139,-37.326,1550.6139,-35.124,1550.6139,-34.684
1550.6352,-45.244,1550.6352,-46.219,1550.6352,-40.996,1550.6352,-37.275,1550.6352,-35.110,1550.6352,-34.698
1550.6564,-45.349,1550.6564,-46.108,1550.6564,-40.896,1550.6564,-37.227,1550.6564,-35.092,1550.6564,-34.710
1550.6777,-45.448,1550.6777,-46.006,1550.6777,-40.804,1550.6777,-37.177,1550.6777,-35.076,1550.6777,-34.723
1550.6989,-45.550,1550.6989,-45.885,1550.6989,-40.707,1550.6989,-37.133,1550.6989,-35.060,1550.6989,-34.738
1550.7202,-45.657,1550.7202,-45.770,1550.7202,-40.615,1550.7202,-37.087,1550.7202,-35.044,1550.7202,-34.751
1550.7414,-45.752,1550.7414,-45.654,1550.7414,-40.523,1550.7414,-37.039,1550.7414,-35.030,1550.7414,-34.765
1550.7627,-45.856,1550.7627,-45.530,1550.7627,-40.428,1550.7627,-36.997,1550.7627,-35.014,1550.7627,-34.783
1550.7839,-45.961,1550.7839,-45.420,1550.7839,-40.340,1550.7839,-36.957,1550.7839,-35.002,1550.7839,-34.800
1550.8052,-46.059,1550.8052,-45.303,1550.8052,-40.254,1550.8052,-36.912,1550.8052,-34.990,1550.8052,-34.816
1550.8265,-46.152,1550.8265,-45.182,1550.8265,-40.163,1550.8265,-36.873,1550.8265,-34.978,1550.8265,-34.834
1550.8477,-46.251,1550.8477,-45.066,1550.8477,-40.074,1550.8477,-36.833,1550.8477,-34.964,1550.8477,-34.851
1550.8690,-46.355,1550.8690,-44.936,1550.8690,-39.988,1550.8690,-36.789,1550.8690,-34.952,1550.8690,-34.869
1550.8902,-46.447,1550.8902,-44.817,1550.8902,-39.903,1550.8902,-36.750,1550.8902,-34.940,1550.8902,-34.884
1550.9115,-46.532,1550.9115,-44.694,1550.9115,-39.820,1550.9115,-36.711,1550.9115,-34.929,1550.9115,-34.902
1550.9327,-46.610,1550.9327,-44.569,1550.9327,-39.735,1550.9327,-36.674,1550.9327,-34.916,1550.9327,-34.923
1550.9540,-46.713,1550.9540,-44.440,1550.9540,-39.649,1550.9540,-36.633,1550.9540,-34.906,1550.9540,-34.940
1550.9752,-46.795,1550.9752,-44.313,1550.9752,-39.569,1550.9752,-36.597,1550.9752,-34.896,1550.9752,-34.959
1550.9965,-46.865,1550.9965,-44.197,1550.9965,-39.496,1550.9965,-36.562,1550.9965,-34.885,1550.9965,-34.978
1551.0178,-46.953,1551.0178,-44.072,1551.0178,-39.417,1551.0178,-36.526,1551.0178,-34.876,1551.0178,-35.000
1551.0390,-47.030,1551.0390,-43.939,1551.0390,-39.333,1551.0390,-36.490,1551.0390,-34.868,1551.0390,-35.020
1551.0603,-47.085,1551.0603,-43.815,1551.0603,-39.259,1551.0603,-36.458,1551.0603,-34.860,1551.0603,-35.040
1551.0815,-47.167,1551.0815,-43.697,1551.0815,-39.185,1551.0815,-36.425,1551.0815,-34.852,1551.0815,-35.060
1551.1028,-47.211,1551.1028,-43.575,1551.1028,-39.109,1551.1028,-36.392,1551.1028,-34.843,1551.1028,-35.080
1551.1240,-47.268,1551.1240,-43.445,1551.1240,-39.035,1551.1240,-36.355,1551.1240,-34.836,1551.1240,-35.100
1551.1453,-47.325,1551.1453,-43.320,1551.1453,-38.962,1551.1453,-36.323,1551.1453,-34.828,1551.1453,-35.123
1551.1665,-47.371,1551.1665,-43.208,1551.1665,-38.889,1551.1665,-36.293,1551.1665,-34.820,1551.1665,-35.142
1551.1878,-47.398,1551.1878,-43.088,1551.1878,-38.817,1551.1878,-36.261,1551.1878,-34.815,1551.1878,-35.162
1551.2091,-47.435,1551.2091,-42.965,1551.2091,-38.749,1551.2091,-36.231,1551.2091,-34.810,1551.2091,-35.186
1551.2303,-47.465,1551.2303,-42.848,1551.2303,-38.681,1551.2303,-36.201,1551.2303,-34.804,1551.2303,-35.208
1551.2516,-47.483,1551.2516,-42.737,1551.2516,-38.614,1551.2516,-36.172,1551.2516,-34.803,1551.2516,-35.232
1551.2728,-47.508,1551.2728,-42.621,1551.2728,-38.548,1551.2728,-36.144,1551.2728,-34.798,1551.2728,-35.255
1551.2941,-47.510,1551.2941,-42.510,1551.2941,-38.481,1551.2941,-36.118,1551.2941,-34.795,1551.2941,-35.275
1551.3153,-47.517,1551.3153,-42.403,1551.3153,-38.421,1551.3153,-36.088,1551.3153,-34.791,1551.3153,-35.295
1551.3366,-47.518,1551.3366,-42.283,1551.3366,-38.356,1551.3366,-36.061,1551.3366,-34.787,1551.3366,-35.319
1551.3578,-47.486,1551.3578,-42.179,1551.3578,-38.290,1551.3578,-36.037,1551.3578,-34.783,1551.3578,-35.339
1551.3791,-47.479,1551.3791,-42.070,1551.3791,-38.232,1551.3791,-36.011,1551.3791,-34.780,1551.3791,-35.362
1551.4004,-47.462,1551.4004,-41.966,1551.4004,-38.169,1551.4004,-35.985,1551.4004,-34.779,1551.4004,-35.382
1551.4216,-47.424,1551.4216,-41.858,1551.4216,-38.109,1551.4216,-35.961,1551.4216,-34.776,1551.4216,-35.405
1551.4429,-47.382,1551.4429,-41.756,1551.4429,-38.052,1551.4429,-35.937,1551.4429,-34.775,1551.4429,-35.427
1551.4641,-47.358,1551.4641,-41.653,1551.4641,-37.994,1551.4641,-35.914,1551.4641,-34.775,1551.4641,-35.449
1551.4854,-47.304,1551.4854,-41.555,1551.4854,-37.942,1551.4854,-35.894,1551.4854,-34.776,1551.4854,-35.472
1551.5066,-47.250,1551.5066,-41.455,1551.5066,-37.887,1551.5066,-35.871,1551.5066,-34.776,1551.5066,-35.490
1551.5279,-47.191,1551.5279,-41.354,1551.5279,-37.832,1551.5279,-35.852,1551.5279,-34.779,1551.5279,-35.513
1551.5491,-47.129,1551.5491,-41.256,1551.5491,-37.777,1551.5491,-35.830,1551.5491,-34.779,1551.5491,-35.535
1551.5704,-47.055,1551.5704,-41.157,1551.5704,-37.729,1551.5704,-35.808,1551.5704,-34.781,1551.5704,-35.555
1551.5916,-46.982,1551.5916,-41.058,1551.5916,-37.674,1551.5916,-35.787,1551.5916,-34.782,1551.5916,-35.576
1551.6129,-46.901,1551.6129,-40.967,1551.6129,-37.625,1551.6129,-35.767,1551.6129,-34.785,1551.6129,-35.593
1551.6342,-46.827,1551.6342,-40.866,1551.6342,-37.571,1551.6342,-35.749,1551.6342,-34.788,1551.6342,-35.615
1551.6554,-46.732,1551.6554,-40.772,1551.6554,-37.523,1551.6554,-35.729,1551.6554,-34.791,1551.6554,-35.633
1551.6767,-46.640,1551.6767,-40.683,1551.6767,-37.473,1551.6767,-35.711,1551.6767,-34.794,1551.6767,-35.655
1551.6979,-46.547,1551.6979,-40.590,1551.6979,-37.426,1551.6979,-35.695,1551.6979,-34.799,1551.6979,-35.677
1551.7192,-46.453,1551.7192,-40.500,1551.7192,-37.377,1551.7192,-35.679,1551.7192,-34.807,1551.7192,-35.698
1551.7404,-46.346,1551.7404,-40.410,1551.7404,-37.331,1551.7404,-35.663,1551.7404,-34.813,1551.7404,-35.718
1551.7617,-46.249,1551.7617,-40.328,1551.7617,-37.288,1551.7617,-35.645,1551.7617,-34.818,1551.7617,-35.738
1551.7829,-46.135,1551.7829,-40.239,1551.7829,-37.240,1551.7829,-35.628,1551.7829,-34.825,1551.7829,-35.758
1551.8042,-46.013,1551.8042,-40.145,1551.8042,-37.194,1551.8042,-35.609,1551.8042,-34.831,1551.8042,-35.772
1551.8255,-45.910,1551.8255,-40.059,1551.8255,-37.148,1551.8255,-35.596,1551.8255,-34.837,1551.8255,-35.792
1551.8467,-45.795,1551.8467,-39.977,1551.8467,-37.101,1551.8467,-35.579,1551.8467,-34.841,1551.8467,-35.806
1551.8680,-45.675,1551.8680,-39.892,1551.8680,-37.058,1551.8680,-35.562,1551.8680,-34.848,1551.8680,-35.824
1551.8892,-45.560,1551.8892,-39.813,1551.8892,-37.019,1551.8892,-35.550,1551.8892,-34.857,1551.8892,-35.839
1551.9105,-45.442,1551.9105,-39.733,1551.9105,-36.978,1551.9105,-35.538,1551.9105,-34.867,1551.9105,-35.860
1551.9317,-45.322,1551.9317,-39.652,1551.9317,-36.940,1551.9317,-35.523,1551.9317,-34.879,1551.9317,-35.876
1551.9530,-45.203,1551.9530,-39.576,1551.9530,-36.901,1551.9530,-35.518,1551.9530,-34.891,1551.9530,-35.893
1551.9742,-45.076,1551.9742,-39.498,1551.9742,-36.863,1551.9742,-35.502,1551.9742,-34.903,1551.9742,-35.911
1551.9955,-44.954,1551.9955,-39.419,1551.9955,-36.824,1551.9955,-35.493,1551.9955,-34.913,1551.9955,-35.926
1552.0168,-44.845,1552.0168,-39.353,1552.0168,-36.787,1552.0168,-35.482,1552.0168,-34.924,1552.0168,-35.939
1552.0380,-44.709,1552.0380,-39.275,1552.0380,-36.752,1552.0380,-35.470,1552.0380,-34.934,1552.0380,-35.954
1552.0593,-44.587,1552.0593,-39.201,1552.0593,-36.714,1552.0593,-35.459,1552.0593,-34.946,1552.0593,-35.967
1552.0805,-44.469,1552.0805,-39.127,1552.0805,-36.682,1552.0805,-35.450,1552.0805,-34.958,1552.0805,-35.979
1552.1018,-44.346,1552.1018,-39.055,1552.1018,-36.644,1552.1018,-35.441,1552.1018,-34.971,1552.1018,-35.990
1552.1230,-44.217,1552.1230,-38.985,1552.1230,-36.613,1552.1230,-35.434,1552.1230,-34.986,1552.1230,-36.003
1552.1443,-44.105,1552.1443,-38.921,1552.1443,-36.583,1552.1443,-35.426,1552.1443,-35.004,1552.1443,-36.018
1552.1655,-43.993,1552.1655,-38.859,1552.1655,-36.553,1552.1655,-35.419,1552.1655,-35.020,1552.1655,-36.029
1552.1868,-43.878,1552.1868,-38.796,1552.1868,-36.522,1552.1868,-35.415,1552.1868,-35.036,1552.1868,-36.038
1552.2081,-43.754,1552.2081,-38.731,1552.2081,-36.493,1552.2081,-35.407,1552.2081,-35.051,1552.2081,-36.050
1552.2293,-43.633,1552.2293,-38.666,1552.2293,-36.463,1552.2293,-35.406,1552.2293,-35.065,1552.2293,-36.058
1552.2506,-43.521,1552.2506,-38.604,1552.2506,-36.434,1552.2506,-35.396,1552.2506,-35.079,1552.2506,-36.067
1552.2718,-43.402,1552.2718,-38.537,1552.2718,-36.407,1552.2718,-35.390,1552.2718,-35.096,1552.2718,-36.073
1552.2931,-43.283,1552.2931,-38.479,1552.2931,-36.376,1552.2931,-35.384,1552.2931,-35.113,1552.2931,-36.079
1552.3143,-43.179,1552.3143,-38.423,1552.3143,-36.352,1552.3143,-35.379,1552.3143,-35.129,1552.3143,-36.086
1552.3356,-43.062,1552.3356,-38.361,1552.3356,-36.324,1552.3356,-35.377,1552.3356,-35.145,1552.3356,-36.090
1552.3568,-42.945,1552.3568,-38.304,1552.3568,-36.298,1552.3568,-35.374,1552.3568,-35.165,1552.3568,-36.097
1552.3781,-42.840,1552.3781,-38.248,1552.3781,-36.276,1552.3781,-35.372,1552.3781,-35.185,1552.3781,-36.105
1552.3993,-42.729,1552.3993,-38.193,1552.3993,-36.247,1552.3993,-35.371,1552.3993,-35.203,1552.3993,-36.108
1552.4206,-42.616,1552.4206,-38.141,1552.4206,-36.226,1552.4206,-35.370,1552.4206,-35.222,1552.4206,-36.113
1552.4419,-42.516,1552.4419,-38.086,1552.4419,-36.202,1552.4419,-35.367,1552.4419,-35.241,1552.4419,-36.119
1552.4631,-42.410,1552.4631,-38.032,1552.4631,-36.180,1552.4631,-35.366,1552.4631,-35.261,1552.4631,-36.119
1552.4844,-42.293,1552.4844,-37.982,1552.4844,-36.156,1552.4844,-35.363,1552.4844,-35.278,1552.4844,-36.120
1552.5056,-42.187,1552.5056,-37.925,1552.5056,-36.129,1552.5056,-35.362,1552.5056,-35.296,1552.5056,-36.118
1552.5269,-42.080,1552.5269,-37.870,1552.5269,-36.106,1552.5269,-35.360,1552.5269,-35.317,1552.5269,-36.120
1552.5481,-41.972,1552.5481,-37.819,1552.5481,-36.085,1552.5481,-35.361,1552.5481,-35.337,1552.5481,-36.118
1552.5694,-41.867,1552.5694,-37.771,1552.5694,-36.064,1552.5694,-35.363,1552.5694,-35.357,1552.5694,-36.118
1552.5906,-41.761,1552.5906,-37.723,1552.5906,-36.044,1552.5906,-35.364,1552.5906,-35.377,1552.5906,-36.118
1552.6119,-41.666,1552.6119,-37.672,1552.6119,-36.026,1552.6119,-35.367,1552.6119,-35.400,1552.6119,-36.115
1552.6332,-41.563,1552.6332,-37.627,1552.6332,-36.007,1552.6332,-35.368,1552.6332,-35.421,1552.6332,-36.117
1552.6544,-41.461,1552.6544,-37.581,1552.6544,-35.986,1552.6544,-35.374,1552.6544,-35.443,1552.6544,-36.112
1552.6757,-41.362,1552.6757,-37.537,1552.6757,-35.972,1552.6757,-35.376,1552.6757,-35.466,1552.6757,-36.108
1552.6969,-41.265,1552.6969,-37.488,1552.6969,-35.949,1552.6969,-35.378,1552.6969,-35.487,1552.6969,-36.104
1552.7182,-41.165,1552.7182,-37.444,1552.7182,-35.933,1552.7182,-35.381,1552.7182,-35.508,1552.7182,-36.101
1552.7394,-41.068,1552.7394,-37.397,1552.7394,-35.915,1552.7394,-35.387,1552.7394,-35.526,1552.7394,-36.093
1552.7607,-40.976,1552.7607,-37.352,1552.7607,-35.895,1552.7607,-35.388,1552.7607,-35.546,1552.7607,-36.086
1552.7819,-40.882,1552.7819,-37.309,1552.7819,-35.878,1552.7819,-35.392,1552.7819,-35.568,1552.7819,-36.080
1552.8032,-40.796,1552.8032,-37.270,1552.8032,-35.864,1552.8032,-35.399,1552.8032,-35.591,1552.8032,-36.071
1552.8245,-40.708,1552.8245,-37.232,1552.8245,-35.849,1552.8245,-35.405,1552.8245,-35.613,1552.8245,-36.067
1552.8457,-40.621,1552.8457,-37.194,1552.8457,-35.836,1552.8457,-35.411,1552.8457,-35.634,1552.8457,-36.061
1552.8670,-40.534,1552.8670,-37.154,1552.8670,-35.824,1552.8670,-35.418,1552.8670,-35.656,1552.8670,-36.054
1552.8882,-40.449,1552.8882,-37.114,1552.8882,-35.808,1552.8882,-35.425,1552.8882,-35.677,1552.8882,-36.047
1552.9095,-40.360,1552.9095,-37.078,1552.9095,-35.795,1552.9095,-35.434,1552.9095,-35.698,1552.9095,-36.037
1552.9307,-40.284,1552.9307,-37.041,1552.9307,-35.782,1552.9307,-35.441,1552.9307,-35.716,1552.9307,-36.027
1552.9520,-40.196,1552.9520,-37.005,1552.9520,-35.768,1552.9520,-35.448,1552.9520,-35.736,1552.9520,-36.017
1552.9732,-40.111,1552.9732,-36.968,1552.9732,-35.753,1552.9732,-35.454,1552.9732,-35.755,1552.9732,-36.004
1552.9945,-40.036,1552.9945,-36.936,1552.9945,-35.743,1552.9945,-35.463,1552.9945,-35.777,1552.9945,-35.997
1553.0158,-39.961,1553.0158,-36.901,1553.0158,-35.733,1553.0158,-35.471,1553.0158,-35.794,1553.0158,-35.985
1553.0370,-39.882,1553.0370,-36.867,1553.0370,-35.720,1553.0370,-35.482,1553.0370,-35.815,1553.0370,-35.976
1553.0583,-39.806,1553.0583,-36.838,1553.0583,-35.712,1553.0583,-35.494,1553.0583,-35.836,1553.0583,-35.966
1553.0795,-39.731,1553.0795,-36.805,1553.0795,-35.700,1553.0795,-35.503,1553.0795,-35.855,1553.0795,-35.954
1553.1008,-39.650,1553.1008,-36.775,1553.1008,-35.691,1553.1008,-35.513,1553.1008,-35.871,1553.1008,-35.944
1553.1220,-39.579,1553.1220,-36.744,1553.1220,-35.681,1553.1220,-35.522,1553.1220,-35.893,1553.1220,-35.931
1553.1433,-39.504,1553.1433,-36.712,1553.1433,-35.672,1553.1433,-35.534,1553.1433,-35.909,1553.1433,-35.919
1553.1645,-39.433,1553.1645,-36.681,1553.1645,-35.663,1553.1645,-35.544,1553.1645,-35.927,1553.1645,-35.907
1553.1858,-39.361,1553.1858,-36.649,1553.1858,-35.653,1553.1858,-35.554,1553.1858,-35.942,1553.1858,-35.894
1553.2071,-39.292,1553.2071,-36.620,1553.2071,-35.644,1553.2071,-35.568,1553.2071,-35.960,1553.2071,-35.880
1553.2283,-39.226,1553.2283,-36.595,1553.2283,-35.639,1553.2283,-35.578,1553.2283,-35.977,1553.2283,-35.869
1553.2496,-39.158,1553.2496,-36.566,1553.2496,-35.632,1553.2496,-35.595,1553.2496,-35.992,1553.2496,-35.856
1553.2708,-39.092,1553.2708,-36.543,1553.2708,-35.627,1553.2708,-35.609,1553.2708,-36.013,1553.2708,-35.846
1553.2921,-39.027,1553.2921,-36.519,1553.2921,-35.625,1553.2921,-35.623,1553.2921,-36.030,1553.2921,-35.833
1553.3133,-38.963,1553.3133,-36.491,1553.3133,-35.618,1553.3133,-35.643,1553.3133,-36.045,1553.3133,-35.821
1553.3346,-38.900,1553.3346,-36.465,1553.3346,-35.613,1553.3346,-35.655,1553.3346,-36.061,1553.3346,-35.810
1553.3558,-38.836,1553.3558,-36.443,1553.3558,-35.610,1553.3558,-35.670,1553.3558,-36.078,1553.3558,-35.796
1553.3771,-38.773,1553.3771,-36.418,1553.3771,-35.606,1553.3771,-35.687,1553.3771,-36.093,1553.3771,-35.784
1553.3983,-38.713,1553.3983,-36.395,1553.3983,-35.602,1553.3983,-35.703,1553.3983,-36.104,1553.3983,-35.769
1553.4196,-38.650,1553.4196,-36.369,1553.4196,-35.599,1553.4196,-35.717,1553.4196,-36.117,1553.4196,-35.756
1553.4409,-38.594,1553.4409,-36.348,1553.4409,-35.597,1553.4409,-35.733,1553.4409,-36.129,1553.4409,-35.745
1553.4621,-38.536,1553.4621,-36.327,1553.4621,-35.597,1553.4621,-35.753,1553.4621,-36.143,1553.4621,-35.733
1553.4834,-38.481,1553.4834,-36.307,1553.4834,-35.598,1553.4834,-35.771,1553.4834,-36.158,1553.4834,-35.721
1553.5046,-38.424,1553.5046,-36.288,1553.5046,-35.596,1553.5046,-35.793,1553.5046,-36.170,1553.5046,-35.711
1553.5259,-38.369,1553.5259,-36.268,1553.5259,-35.598,1553.5259,-35.809,1553.5259,-36.179,1553.5259,-35.700
1553.5471,-38.315,1553.5471,-36.251,1553.5471,-35.599,1553.5471,-35.827,1553.5471,-36.191,1553.5471,-35.688
1553.5684,-38.262,1553.5684,-36.232,1553.5684,-35.599,1553.5684,-35.847,1553.5684,-36.203,1553.5684,-35.676
1553.5896,-38.212,1553.5896,-36.216,1553.5896,-35.604,1553.5896,-35.866,1553.5896,-36.213,1553.5896,-35.665
1553.6109,-38.161,1553.6109,-36.200,1553.6109,-35.603,1553.6109,-35.885,1553.6109,-36.223,1553.6109,-35.654
1553.6322,-38.113,1553.6322,-36.182,1553.6322,-35.607,1553.6322,-35.902,1553.6322,-36.231,1553.6322,-35.641
1553.6534,-38.061,1553.6534,-36.165,1553.6534,-35.608,1553.6534,-35.921,1553.6534,-36.236,1553.6534,-35.630
1553.6747,-38.012,1553.6747,-36.150,1553.6747,-35.610,1553.6747,-35.940,1553.6747,-36.245,1553.6747,-35.619
1553.6959,-37.968,1553.6959,-36.135,1553.6959,-35.615,1553.6959,-35.961,1553.6959,-36.252,1553.6959,-35.610
1553.7172,-37.922,1553.7172,-36.121,1553.7172,-35.620,1553.7172,-35.980,1553.7172,-36.261,1553.7172,-35.599
1553.7384,-37.873,1553.7384,-36.106,1553.7384,-35.626,1553.7384,-36.003,1553.7384,-36.269,1553.7384,-35.589
1553.7597,-37.833,1553.7597,-36.095,1553.7597,-35.631,1553.7597,-36.022,1553.7597,-36.273,1553.7597,-35.580
1553.7809,-37.790,1553.7809,-36.079,1553.7809,-35.637,1553.7809,-36.044,1553.7809,-36.281,1553.7809,-35.569
1553.8022,-37.743,1553.8022,-36.067,1553.8022,-35.644,1553.8022,-36.065,1553.8022,-36.283,1553.8022,-35.559
1553.8235,-37.703,1553.8235,-36.054,1553.8235,-35.651,1553.8235,-36.082,1553.8235,-36.286,1553.8235,-35.552
1553.8447,-37.662,1553.8447,-36.043,1553.8447,-35.658,1553.8447,-36.103,1553.8447,-36.289,1553.8447,-35.539
1553.8660,-37.620,1553.8660,-36.031,1553.8660,-35.662,1553.8660,-36.122,1553.8660,-36.289,1553.8660,-35.531
1553.8872,-37.583,1553.8872,-36.020,1553.8872,-35.669,1553.8872,-36.141,1553.8872,-36.290,1553.8872,-35.523
1553.9085,-37.541,1553.9085,-36.008,1553.9085,-35.677,1553.9085,-36.162,1553.9085,-36.290,1553.9085,-35.513
1553.9297,-37.505,1553.9297,-35.999,1553.9297,-35.686,1553.9297,-36.181,1553.9297,-36.290,1553.9297,-35.502
1553.9510,-37.469,1553.9510,-35.989,1553.9510,-35.697,1553.9510,-36.202,1553.9510,-36.292,1553.9510,-35.497
1553.9722,-37.434,1553.9722,-35.982,1553.9722,-35.708,1553.9722,-36.225,1553.9722,-36.292,1553.9722,-35.490
1553.9935,-37.399,1553.9935,-35.973,1553.9935,-35.713,1553.9935,-36.241,1553.9935,-36.291,1553.9935,-35.480
1554.0148,-37.363,1554.0148,-35.966,1554.0148,-35.727,1554.0148,-36.262,1554.0148,-36.291,1554.0148,-35.474
1554.0360,-37.326,1554.0360,-35.959,1554.0360,-35.738,1554.0360,-36.282,1554.0360,-36.287,1554.0360,-35.466
1554.0573,-37.289,1554.0573,-35.948,1554.0573,-35.747,1554.0573,-36.299,1554.0573,-36.285,1554.0573,-35.456
1554.0785,-37.256,1554.0785,-35.941,1554.0785,-35.758,1554.0785,-36.317,1554.0785,-36.281,1554.0785,-35.446
1554.0998,-37.218,1554.0998,-35.934,1554.0998,-35.767,1554.0998,-36.333,1554.0998,-36.273,1554.0998,-35.437
1554.1210,-37.186,1554.1210,-35.923,1554.1210,-35.778,1554.1210,-36.352,1554.1210,-36.268,1554.1210,-35.430
1554.1423,-37.153,1554.1423,-35.917,1554.1423,-35.791,1554.1423,-36.368,1554.1423,-36.263,1554.1423,-35.425
1554.1635,-37.122,1554.1635,-35.913,1554.1635,-35.806,1554.1635,-36.389,1554.1635,-36.259,1554.1635,-35.418
1554.1848,-37.092,1554.1848,-35.909,1554.1848,-35.823,1554.1848,-36.408,1554.1848,-36.256,1554.1848,-35.412
1554.2061,-37.064,1554.2061,-35.905,1554.2061,-35.835,1554.2061,-36.425,1554.2061,-36.250,1554.2061,-35.409
1554.2273,-37.034,1554.2273,-35.901,1554.2273,-35.848,1554.2273,-36.443,1554.2273,-36.241,1554.2273,-35.399
1554.2486,-37.001,1554.2486,-35.898,1554.2486,-35.862,1554.2486,-36.459,1554.2486,-36.233,1554.2486,-35.391
1554.2698,-36.972,1554.2698,-35.894,1554.2698,-35.875,1554.2698,-36.473,1554.2698,-36.223,1554.2698,-35.386
1554.2911,-36.946,1554.2911,-35.890,1554.2911,-35.888,1554.2911,-36.487,1554.2911,-36.215,1554.2911,-35.381
1554.3123,-36.917,1554.3123,-35.886,1554.3123,-35.904,1554.3123,-36.501,1554.3123,-36.206,1554.3123,-35.372
1554.3336,-36.891,1554.3336,-35.882,1554.3336,-35.921,1554.3336,-36.516,1554.3336,-36.198,1554.3336,-35.367
1554.3548,-36.864,1554.3548,-35.881,1554.3548,-35.935,1554.3548,-36.533,1554.3548,-36.186,1554.3548,-35.362
1554.3761,-36.839,1554.3761,-35.880,1554.3761,-35.949,1554.3761,-36.546,1554.3761,-36.178,1554.3761,-35.357
1554.3973,-36.814,1554.3973,-35.879,1554.3973,-35.968,1554.3973,-36.560,1554.3973,-36.168,1554.3973,-35.351
1554.4186,-36.790,1554.4186,-35.879,1554.4186,-35.985,1554.4186,-36.575,1554.4186,-36.159,1554.4186,-35.346
1554.4399,-36.765,1554.4399,-35.882,1554.4399,-36.003,1554.4399,-36.584,1554.4399,-36.146,1554.4399,-35.343
1554.4611,-36.744,1554.4611,-35.883,1554.4611,-36.017,1554.4611,-36.597,1554.4611,-36.136,1554.4611,-35.339
1554.4824,-36.719,1554.4824,-35.882,1554.4824,-36.035,1554.4824,-36.609,1554.4824,-36.125,1554.4824,-35.336
1554.5036,-36.698,1554.5036,-35.883,1554.5036,-36.054,1554.5036,-36.619,1554.5036,-36.111,1554.5036,-35.330
1554.5249,-36.676,1554.5249,-35.884,1554.5249,-36.073,1554.5249,-36.628,1554.5249,-36.102,1554.5249,-35.326
1554.5461,-36.658,1554.5461,-35.886,1554.5461,-36.088,1554.5461,-36.640,1554.5461,-36.088,1554.5461,-35.323
1554.5674,-36.635,1554.5674,-35.887,1554.5674,-36.105,1554.5674,-36.647,1554.5674,-36.077,1554.5674,-35.318
1554.5886,-36.616,1554.5886,-35.892,1554.5886,-36.127,1554.5886,-36.655,1554.5886,-36.066,1554.5886,-35.316
1554.6099,-36.598,1554.6099,-35.899,1554.6099,-36.145,1554.6099,-36.666,1554.6099,-36.056,1554.6099,-35.311
1554.6312,-36.580,1554.6312,-35.902,1554.6312,-36.164,1554.6312,-36.674,1554.6312,-36.045,1554.6312,-35.309
1554.6524,-36.564,1554.6524,-35.907,1554.6524,-36.184,1554.6524,-36.683,1554.6524,-36.030,1554.6524,-35.308
1554.6737,-36.546,1554.6737,-35.912,1554.6737,-36.204,1554.6737,-36.685,1554.6737,-36.020,1554.6737,-35.305
1554.6949,-36.527,1554.6949,-35.917,1554.6949,-36.223,1554.6949,-36.694,1554.6949,-36.010,1554.6949,-35.302
1554.7162,-36.512,1554.7162,-35.924,1554.7162,-36.245,1554.7162,-36.700,1554.7162,-35.998,1554.7162,-35.300
1554.7374,-36.495,1554.7374,-35.930,1554.7374,-36.261,1554.7374,-36.703,1554.7374,-35.985,1554.7374,-35.296
1554.7587,-36.480,1554.7587,-35.937,1554.7587,-36.282,1554.7587,-36.709,1554.7587,-35.972,1554.7587,-35.294
1554.7799,-36.466,1554.7799,-35.947,1554.7799,-36.299,1554.7799,-36.711,1554.7799,-35.960,1554.7799,-35.293
1554.8012,-36.450,1554.8012,-35.955,1554.8012,-36.322,1554.8012,-36.717,1554.8012,-35.948,1554.8012,-35.291
1554.8225,-36.438,1554.8225,-35.965,1554.8225,-36.342,1554.8225,-36.720,1554.8225,-35.936,1554.8225,-35.288
1554.8437,-36.426,1554.8437,-35.974,1554.8437,-36.364,1554.8437,-36.724,1554.8437,-35.926,1554.8437,-35.287
1554.8650,-36.413,1554.8650,-35.985,1554.8650,-36.386,1554.8650,-36.725,1554.8650,-35.913,1554.8650,-35.285
1554.8862,-36.404,1554.8862,-35.998,1554.8862,-36.409,1554.8862,-36.729,1554.8862,-35.904,1554.8862,-35.287
1554.9075,-36.392,1554.9075,-36.012,1554.9075,-36.430,1554.9075,-36.730,1554.9075,-35.895,1554.9075,-35.285
1554.9287,-36.383,1554.9287,-36.022,1554.9287,-36.453,1554.9287,-36.732,1554.9287,-35.881,1554.9287,-35.288
1554.9500,-36.371,1554.9500,-36.035,1554.9500,-36.473,1554.9500,-36.732,1554.9500,-35.870,1554.9500,-35.285
1554.9712,-36.363,1554.9712,-36.052,1554.9712,-36.495,1554.9712,-36.732,1554.9712,-35.860,1554.9712,-35.283
1554.9925,-36.355,1554.9925,-36.061,1554.9925,-36.518,1554.9925,-36.734,1554.9925,-35.851,1554.9925,-35.284
1555.0138,-36.348,1555.0138,-36.077,1555.0138,-36.538,1555.0138,-36.732,1555.0138,-35.839,1555.0138,-35.281
1555.0350,-36.338,1555.0350,-36.092,1555.0350,-36.560,1555.0350,-36.730,1555.0350,-35.829,1555.0350,-35.284
1555.0563,-36.331,1555.0563,-36.108,1555.0563,-36.581,1555.0563,-36.728,1555.0563,-35.820,1555.0563,-35.281
1555.0775,-36.323,1555.0775,-36.121,1555.0775,-36.603,1555.0775,-36.726,1555.0775,-35.808,1555.0775,-35.281
1555.0988,-36.320,1555.0988,-36.138,1555.0988,-36.623,1555.0988,-36.725,1555.0988,-35.799,1555.0988,-35.283
1555.1200,-36.312,1555.1200,-36.156,1555.1200,-36.645,1555.1200,-36.722,1555.1200,-35.792,1555.1200,-35.283
1555.1413,-36.308,1555.1413,-36.170,1555.1413,-36.668,1555.1413,-36.718,1555.1413,-35.781,1555.1413,-35.281
1555.1625,-36.300,1555.1625,-36.192,1555.1625,-36.685,1555.1625,-36.715,1555.1625,-35.772,1555.1625,-35.281
1555.1838,-36.296,1555.1838,-36.209,1555.1838,-36.705,1555.1838,-36.709,1555.1838,-35.763,1555.1838,-35.278
1555.2051,-36.290,1555.2051,-36.224,1555.2051,-36.724,1555.2051,-36.703,1555.2051,-35.753,1555.2051,-35.277
1555.2263,-36.285,1555.2263,-36.242,1555.2263,-36.742,1555.2263,-36.699,1555.2263,-35.743,1555.2263,-35.276
1555.2476,-36.281,1555.2476,-36.260,1555.2476,-36.759,1555.2476,-36.690,1555.2476,-35.735,1555.2476,-35.275
1555.2688,-36.278,1555.2688,-36.276,1555.2688,-36.777,1555.2688,-36.684,1555.2688,-35.728,1555.2688,-35.273
1555.2901,-36.275,1555.2901,-36.297,1555.2901,-36.794,1555.2901,-36.677,1555.2901,-35.721,1555.2901,-35.272
1555.3113,-36.271,1555.3113,-36.316,1555.3113,-36.809,1555.3113,-36.668,1555.3113,-35.711,1555.3113,-35.269
1555.3326,-36.271,1555.3326,-36.337,1555.3326,-36.826,1555.3326,-36.661,1555.3326,-35.705,1555.3326,-35.269
1555.3538,-36.268,1555.3538,-36.357,1555.3538,-36.842,1555.3538,-36.654,1555.3538,-35.697,1555.3538,-35.267
1555.3751,-36.269,1555.3751,-36.375,1555.3751,-36.857,1555.3751,-36.645,1555.3751,-35.688,1555.3751,-35.265
1555.3963,-36.270,1555.3963,-36.395,1555.3963,-36.872,1555.3963,-36.636,1555.3963,-35.681,1555.3963,-35.263
1555.4176,-36.267,1555.4176,-36.413,1555.4176,-36.886,1555.4176,-36.625,1555.4176,-35.674,1555.4176,-35.260
1555.4389,-36.268,1555.4389,-36.434,1555.4389,-36.900,1555.4389,-36.617,1555.4389,-35.665,1555.4389,-35.255
1555.4601,-36.270,1555.4601,-36.456,1555.4601,-36.912,1555.4601,-36.605,1555.4601,-35.657,1555.4601,-35.254
1555.4814,-36.269,1555.4814,-36.475,1555.4814,-36.921,1555.4814,-36.594,1555.4814,-35.653,1555.4814,-35.250
1555.5026,-36.271,1555.5026,-36.495,1555.5026,-36.938,1555.5026,-36.586,1555.5026,-35.646,1555.5026,-35.248
1555.5239,-36.275,1555.5239,-36.518,1555.5239,-36.947,1555.5239,-36.576,1555.5239,-35.642,1555.5239,-35.244
1555.5451,-36.276,1555.5451,-36.538,1555.5451,-36.960,1555.5451,-36.563,1555.5451,-35.632,1555.5451,-35.241
1555.5664,-36.278,1555.5664,-36.562,1555.5664,-36.969,1555.5664,-36.554,1555.5664,-35.626,1555.5664,-35.237
1555.5876,-36.283,1555.5876,-36.583,1555.5876,-36.979,1555.5876,-36.541,1555.5876,-35.619,1555.5876,-35.233
1555.6089,-36.288,1555.6089,-36.604,1555.6089,-36.988,1555.6089,-36.528,1555.6089,-35.615,1555.6089,-35.227
1555.6302,-36.289,1555.6302,-36.624,1555.6302,-36.995,1555.6302,-36.518,1555.6302,-35.606,1555.6302,-35.221
1555.6514,-36.293,1555.6514,-36.646,1555.6514,-37.003,1555.6514,-36.506,1555.6514,-35.603,1555.6514,-35.216
1555.6727,-36.300,1555.6727,-36.667,1555.6727,-37.007,1555.6727,-36.493,1555.6727,-35.596,1555.6727,-35.210
1555.6939,-36.303,1555.6939,-36.688,1555.6939,-37.013,1555.6939,-36.477,1555.6939,-35.589,1555.6939,-35.202
1555.7152,-36.309,1555.7152,-36.707,1555.7152,-37.022,1555.7152,-36.466,1555.7152,-35.584,1555.7152,-35.196
1555.7364,-36.316,1555.7364,-36.729,1555.7364,-37.024,1555.7364,-36.452,1555.7364,-35.579,1555.7364,-35.190
1555.7577,-36.321,1555.7577,-36.752,1555.7577,-37.025,1555.7577,-36.440,1555.7577,-35.573,1555.7577,-35.183
1555.7789,-36.330,1555.7789,-36.774,1555.7789,-37.031,1555.7789,-36.425,1555.7789,-35.570,1555.7789,-35.176
1555.8002,-36.335,1555.8002,-36.795,1555.8002,-37.035,1555.8002,-36.417,1555.8002,-35.564,1555.8002,-35.170
1555.8215,-36.345,1555.8215,-36.819,1555.8215,-37.037,1555.8215,-36.404,1555.8215,-35.562,1555.8215,-35.163
1555.8427,-36.356,1555.8427,-36.840,1555.8427,-37.039,1555.8427,-36.393,1555.8427,-35.558,1555.8427,-35.157
1555.8640,-36.364,1555.8640,-36.862,1555.8640,-37.039,1555.8640,-36.380,1555.8640,-35.554,1555.8640,-35.150
1555.8852,-36.374,1555.8852,-36.880,1555.8852,-37.041,1555.8852,-36.365,1555.8852,-35.550,1555.8852,-35.141
1555.9065,-36.383,1555.9065,-36.903,1555.9065,-37.041,1555.9065,-36.353,1555.9065,-35.546,1555.9065,-35.133
1555.9277,-36.394,1555.9277,-36.924,1555.9277,-37.037,1555.9277,-36.341,1555.9277,-35.543,1555.9277,-35.124
1555.9490,-36.401,1555.9490,-36.944,1555.9490,-37.038,1555.9490,-36.327,1555.9490,-35.540,1555.9490,-35.115
1555.9702,-36.416,1555.9702,-36.964,1555.9702,-37.037,1555.9702,-36.318,1555.9702,-35.539,1555.9702,-35.108
1555.9915,-36.429,1555.9915,-36.986,1555.9915,-37.033,1555.9915,-36.305,1555.9915,-35.535,1555.9915,-35.098
1556.0128,-36.442,1556.0128,-37.006,1556.0128,-37.033,1556.0128,-36.295,1556.0128,-35.530,1556.0128,-35.091
1556.0340,-36.453,1556.0340,-37.027,1556.0340,-37.029,1556.0340,-36.284,1556.0340,-35.527,1556.0340,-35.080
1556.0553,-36.470,1556.0553,-37.046,1556.0553,-37.027,1556.0553,-36.273,1556.0553,-35.532,1556.0553,-35.074
1556.0765,-36.484,1556.0765,-37.067,1556.0765,-37.022,1556.0765,-36.263,1556.0765,-35.528,1556.0765,-35.065
1556.0978,-36.501,1556.0978,-37.086,1556.0978,-37.019,1556.0978,-36.250,1556.0978,-35.525,1556.0978,-35.057
1556.1190,-36.514,1556.1190,-37.104,1556.1190,-37.016,1556.1190,-36.243,1556.1190,-35.526,1556.1190,-35.046
1556.1403,-36.530,1556.1403,-37.122,1556.1403,-37.011,1556.1403,-36.234,1556.1403,-35.525,1556.1403,-35.035
1556.1615,-36.548,1556.1615,-37.142,1556.1615,-37.002,1556.1615,-36.223,1556.1615,-35.522,1556.1615,-35.026
1556.1828,-36.564,1556.1828,-37.160,1556.1828,-36.997,1556.1828,-36.212,1556.1828,-35.523,1556.1828,-35.016
1556.2041,-36.582,1556.2041,-37.173,1556.2041,-36.991,1556.2041,-36.203,1556.2041,-35.521,1556.2041,-35.005
1556.2253,-36.601,1556.2253,-37.194,1556.2253,-36.984,1556.2253,-36.199,1556.2253,-35.521,1556.2253,-34.998
1556.2466,-36.621,1556.2466,-37.213,1556.2466,-36.981,1556.2466,-36.193,1556.2466,-35.523,1556.2466,-34.991
1556.2678,-36.642,1556.2678,-37.230,1556.2678,-36.976,1556.2678,-36.187,1556.2678,-35.523,1556.2678,-34.980
1556.2891,-36.663,1556.2891,-37.249,1556.2891,-36.968,1556.2891,-36.181,1556.2891,-35.525,1556.2891,-34.974
1556.3103,-36.685,1556.3103,-37.267,1556.3103,-36.962,1556.3103,-36.173,1556.3103,-35.525,1556.3103,-34.962
1556.3316,-36.709,1556.3316,-37.282,1556.3316,-36.956,1556.3316,-36.166,1556.3316,-35.526,1556.3316,-34.954
1556.3528,-36.729,1556.3528,-37.301,1556.3528,-36.948,1556.3528,-36.162,1556.3528,-35.528,1556.3528,-34.943
1556.3741,-36.753,1556.3741,-37.316,1556.3741,-36.942,1556.3741,-36.157,1556.3741,-35.528,1556.3741,-34.932
1556.3953,-36.778,1556.3953,-37.330,1556.3953,-36.934,1556.3953,-36.150,1556.3953,-35.533,1556.3953,-34.921
1556.4166,-36.800,1556.4166,-37.347,1556.4166,-36.925,1556.4166,-36.144,1556.4166,-35.533,1556.4166,-34.913
1556.4379,-36.824,1556.4379,-37.362,1556.4379,-36.918,1556.4379,-36.146,1556.4379,-35.536,1556.4379,-34.903
1556.4591,-36.851,1556.4591,-37.375,1556.4591,-36.912,1556.4591,-36.139,1556.4591,-35.539,1556.4591,-34.894
1556.4804,-36.875,1556.4804,-37.389,1556.4804,-36.905,1556.4804,-36.136,1556.4804,-35.540,1556.4804,-34.881
1556.5016,-36.899,1556.5016,-37.402,1556.5016,-36.896,1556.5016,-36.135,1556.5016,-35.543,1556.5016,-34.870
1556.5229,-36.926,1556.5229,-37.415,1556.5229,-36.887,1556.5229,-36.132,1556.5229,-35.543,1556.5229,-34.862
1556.5441,-36.949,1556.5441,-37.427,1556.5441,-36.880,1556.5441,-36.127,1556.5441,-35.546,1556.5441,-34.851
1556.5654,-36.976,1556.5654,-37.437,1556.5654,-36.870,1556.5654,-36.126,1556.5654,-35.545,1556.5654,-34.838
1556.5866,-36.998,1556.5866,-37.443,1556.5866,-36.861,1556.5866,-36.124,1556.5866,-35.547,1556.5866,-34.825
1556.6079,-37.023,1556.6079,-37.454,1556.6079,-36.852,1556.6079,-36.121,1556.6079,-35.551,1556.6079,-34.815
1556.6292,-37.047,1556.6292,-37.462,1556.6292,-36.844,1556.6292,-36.118,1556.6292,-35.548,1556.6292,-34.800
1556.6504,-37.073,1556.6504,-37.469,1556.6504,-36.831,1556.6504,-36.114,1556.6504,-35.552,1556.6504,-34.787
1556.6717,-37.097,1556.6717,-37.473,1556.6717,-36.821,1556.6717,-36.115,1556.6717,-35.550,1556.6717,-34.774
1556.6929,-37.121,1556.6929,-37.480,1556.6929,-36.813,1556.6929,-36.110,1556.6929,-35.549,1556.6929,-34.760
1556.7142,-37.148,1556.7142,-37.484,1556.7142,-36.800,1556.7142,-36.110,1556.7142,-35.552,1556.7142,-34.748
1556.7354,-37.172,1556.7354,-37.492,1556.7354,-36.793,1556.7354,-36.111,1556.7354,-35.553,1556.7354,-34.737
1556.7567,-37.199,1556.7567,-37.493,1556.7567,-36.781,1556.7567,-36.108,1556.7567,-35.554,1556.7567,-34.724
1556.7779,-37.226,1556.7779,-37.495,1556.7779,-36.769,1556.7779,-36.107,1556.7779,-35.552,1556.7779,-34.708
1556.7992,-37.249,1556.7992,-37.497,1556.7992,-36.761,1556.7992,-36.106,1556.7992,-35.551,1556.7992,-34.697
1556.8205,-37.274,1556.8205,-37.500,1556.8205,-36.749,1556.8205,-36.104,1556.8205,-35.552,1556.8205,-34.680
1556.8417,-37.301,1556.8417,-37.497,1556.8417,-36.737,1556.8417,-36.104,1556.8417,-35.548,1556.8417,-34.665
1556.8630,-37.323,1556.8630,-37.495,1556.8630,-36.727,1556.8630,-36.101,1556.8630,-35.546,1556.8630,-34.650
1556.8842,-37.347,1556.8842,-37.497,1556.8842,-36.717,1556.8842,-36.100,1556.8842,-35.547,1556.8842,-34.635
1556.9055,-37.374,1556.9055,-37.496,1556.9055,-36.704,1556.9055,-36.100,1556.9055,-35.544,1556.9055,-34.619
1556.9267,-37.398,1556.9267,-37.492,1556.9267,-36.696,1556.9267,-36.100,1556.9267,-35.540,1556.9267,-34.605
1556.9480,-37.423,1556.9480,-37.490,1556.9480,-36.683,1556.9480,-36.100,1556.9480,-35.540,1556.9480,-34.590
1556.9692,-37.447,1556.9692,-37.491,1556.9692,-36.676,1556.9692,-36.101,1556.9692,-35.537,1556.9692,-34.576
1556.9905,-37.471,1556.9905,-37.485,1556.9905,-36.666,1556.9905,-36.099,1556.9905,-35.534,1556.9905,-34.559
1557.0118,-37.493,1557.0118,-37.482,1557.0118,-36.657,1557.0118,-36.099,1557.0118,-35.534,1557.0118,-34.547
1557.0330,-37.516,1557.0330,-37.475,1557.0330,-36.646,1557.0330,-36.101,1557.0330,-35.531,1557.0330,-34.529
1557.0543,-37.539,1557.0543,-37.470,1557.0543,-36.633,1557.0543,-36.099,1557.0543,-35.525,1557.0543,-34.513
1557.0755,-37.558,1557.0755,-37.463,1557.0755,-36.625,1557.0755,-36.100,1557.0755,-35.521,1557.0755,-34.498
1557.0968,-37.583,1557.0968,-37.457,1557.0968,-36.614,1557.0968,-36.099,1557.0968,-35.516,1557.0968,-34.483
1557.1180,-37.603,1557.1180,-37.449,1557.1180,-36.606,1557.1180,-36.101,1557.1180,-35.512,1557.1180,-34.466
1557.1393,-37.626,1557.1393,-37.444,1557.1393,-36.595,1557.1393,-36.099,1557.1393,-35.506,1557.1393,-34.449
1557.1605,-37.650,1557.1605,-37.436,1557.1605,-36.588,1557.1605,-36.103,1557.1605,-35.507,1557.1605,-34.433
1557.1818,-37.671,1557.1818,-37.430,1557.1818,-36.580,1557.1818,-36.106,1557.1818,-35.504,1557.1818,-34.421
1557.2031,-37.694,1557.2031,-37.422,1557.2031,-36.576,1557.2031,-36.107,1557.2031,-35.499,1557.2031,-34.401
1557.2243,-37.715,1557.2243,-37.412,1557.2243,-36.567,1557.2243,-36.110,1557.2243,-35.497,1557.2243,-34.386
1557.2456,-37.734,1557.2456,-37.405,1557.2456,-36.558,1557.2456,-36.111,1557.2456,-35.491,1557.2456,-34.367
1557.2668,-37.756,1557.2668,-37.396,1557.2668,-36.551,1557.2668,-36.110,1557.2668,-35.484,1557.2668,-34.351
1557.2881,-37.774,1557.2881,-37.384,1557.2881,-36.543,1557.2881,-36.114,1557.2881,-35.480,1557.2881,-34.334
1557.3093,-37.794,1557.3093,-37.378,1557.3093,-36.538,1557.3093,-36.115,1557.3093,-35.476,1557.3093,-34.319
1557.3306,-37.813,1557.3306,-37.366,1557.3306,-36.529,1557.3306,-36.117,1557.3306,-35.468,1557.3306,-34.300
1557.3518,-37.830,1557.3518,-37.359,1557.3518,-36.524,1557.3518,-36.119,1557.3518,-35.463,1557.3518,-34.286
1557.3731,-37.850,1557.3731,-37.347,1557.3731,-36.519,1557.3731,-36.123,1557.3731,-35.462,1557.3731,-34.268
1557.3943,-37.868,1557.3943,-37.338,1557.3943,-36.515,1557.3943,-36.126,1557.3943,-35.456,1557.3943,-34.257
1557.4156,-37.887,1557.4156,-37.331,1557.4156,-36.509,1557.4156,-36.130,1557.4156,-35.452,1557.4156,-34.239
1557.4369,-37.907,1557.4369,-37.321,1557.4369,-36.507,1557.4369,-36.133,1557.4369,-35.445,1557.4369,-34.222
1557.4581,-37.922,1557.4581,-37.311,1557.4581,-36.507,1557.4581,-36.136,1557.4581,-35.437,1557.4581,-34.209
1557.4794,-37.937,1557.4794,-37.300,1557.4794,-36.500,1557.4794,-36.138,1557.4794,-35.435,1557.4794,-34.192
1557.5006,-37.953,1557.5006,-37.292,1557.5006,-36.497,1557.5006,-36.145,1557.5006,-35.427,1557.5006,-34.177
1557.5219,-37.967,1557.5219,-37.283,1557.5219,-36.496,1557.5219,-36.147,1557.5219,-35.420,1557.5219,-34.158
1557.5431,-37.983,1557.5431,-37.271,1557.5431,-36.493,1557.5431,-36.151,1557.5431,-35.415,1557.5431,-34.144
1557.5644,-37.993,1557.5644,-37.261,1557.5644,-36.491,1557.5644,-36.150,1557.5644,-35.408,1557.5644,-34.127
1557.5856,-38.009,1557.5856,-37.253,1557.5856,-36.489,1557.5856,-36.155,1557.5856,-35.404,1557.5856,-34.113
1557.6069,-38.027,1557.6069,-37.247,1557.6069,-36.492,1557.6069,-36.163,1557.6069,-35.400,1557.6069,-34.098
1557.6282,-38.040,1557.6282,-37.241,1557.6282,-36.494,1557.6282,-36.170,1557.6282,-35.395,1557.6282,-34.088
1557.6494,-38.052,1557.6494,-37.234,1557.6494,-36.498,1557.6494,-36.174,1557.6494,-35.392,1557.6494,-34.075
1557.6707,-38.067,1557.6707,-37.227,1557.6707,-36.498,1557.6707,-36.185,1557.6707,-35.388,1557.6707,-34.061
1557.6919,-38.079,1557.6919,-37.223,1557.6919,-36.501,1557.6919,-36.188,1557.6919,-35.381,1557.6919,-34.049
1557.7132,-38.095,1557.7132,-37.216,1557.7132,-36.506,1557.7132,-36.195,1557.7132,-35.377,1557.7132,-34.034
1557.7344,-38.103,1557.7344,-37.211,1557.7344,-36.505,1557.7344,-36.198,1557.7344,-35.372,1557.7344,-34.020
1557.7557,-38.114,1557.7557,-37.202,1557.7557,-36.511,1557.7557,-36.205,1557.7557,-35.367,1557.7557,-34.006
1557.7769,-38.126,1557.7769,-37.198,1557.7769,-36.516,1557.7769,-36.212,1557.7769,-35.363,1557.7769,-33.997
1557.7982,-38.133,1557.7982,-37.192,1557.7982,-36.522,1557.7982,-36.217,1557.7982,-35.358,1557.7982,-33.971
1557.8195,-38.144,1557.8195,-37.187,1557.8195,-36.525,1557.8195,-36.222,1557.8195,-35.353,1557.8195,-33.959
1557.8407,-38.154,1557.8407,-37.181,1557.8407,-36.530,1557.8407,-36.227,1557.8407,-35.347,1557.8407,-33.944
1557.8620,-38.160,1557.8620,-37.180,1557.8620,-36.535,1557.8620,-36.235,1557.8620,-35.343,1557.8620,-33.932
1557.8832,-38.170,1557.8832,-37.175,1557.8832,-36.542,1557.8832,-36.242,1557.8832,-35.338,1557.8832,-33.918
1557.9045,-38.176,1557.9045,-37.171,1557.9045,-36.549,1557.9045,-36.247,1557.9045,-35.333,1557.9045,-33.907
1557.9257,-38.179,1557.9257,-37.166,1557.9257,-36.556,1557.9257,-36.251,1557.9257,-35.326,1557.9257,-33.894
1557.9470,-38.184,1557.9470,-37.163,1557.9470,-36.561,1557.9470,-36.258,1557.9470,-35.320,1557.9470,-33.876
1557.9682,-38.187,1557.9682,-37.158,1557.9682,-36.566,1557.9682,-36.262,1557.9682,-35.312,1557.9682,-33.860
1557.9895,-38.187,1557.9895,-37.152,1557.9895,-36.571,1557.9895,-36.264,1557.9895,-35.305,1557.9895,-33.845
1558.0108,-38.191,1558.0108,-37.151,1558.0108,-36.580,1558.0108,-36.270,1558.0108,-35.299,1558.0108,-33.832
1558.0320,-38.195,1558.0320,-37.146,1558.0320,-36.582,1558.0320,-36.273,1558.0320,-35.291,1558.0320,-33.812
1558.0533,-38.190,1558.0533,-37.141,1558.0533,-36.590,1558.0533,-36.273,1558.0533,-35.283,1558.0533,-33.797
1558.0745,-38.192,1558.0745,-37.137,1558.0745,-36.597,1558.0745,-36.279,1558.0745,-35.276,1558.0745,-33.783
1558.0958,-38.192,1558.0958,-37.136,1558.0958,-36.604,1558.0958,-36.284,1558.0958,-35.269,1558.0958,-33.766
1558.1170,-38.190,1558.1170,-37.133,1558.1170,-36.612,1558.1170,-36.285,1558.1170,-35.259,1558.1170,-33.750
1558.1383,-38.188,1558.1383,-37.127,1558.1383,-36.618,1558.1383,-36.286,1558.1383,-35.251,1558.1383,-33.730
1558.1595,-38.183,1558.1595,-37.123,1558.1595,-36.625,1558.1595,-36.292,1558.1595,-35.242,1558.1595,-33.714
1558.1808,-38.180,1558.1808,-37.120,1558.1808,-36.629,1558.1808,-36.292,1558.1808,-35.233,1558.1808,-33.695
1558.2021,-38.174,1558.2021,-37.118,1558.2021,-36.635,1558.2021,-36.290,1558.2021,-35.223,1558.2021,-33.677
1558.2233,-38.170,1558.2233,-37.112,1558.2233,-36.639,1558.2233,-36.290,1558.2233,-35.211,1558.2233,-33.657
1558.2446,-38.165,1558.2446,-37.110,1558.2446,-36.646,1558.2446,-36.288,1558.2446,-35.202,1558.2446,-33.638
1558.2658,-38.162,1558.2658,-37.108,1558.2658,-36.656,1558.2658,-36.292,1558.2658,-35.192,1558.2658,-33.616
1558.2871,-38.157,1558.2871,-37.106,1558.2871,-36.660,1558.2871,-36.290,1558.2871,-35.182,1558.2871,-33.597
1558.3083,-38.150,1558.3083,-37.104,1558.3083,-36.665,1558.3083,-36.289,1558.3083,-35.169,1558.3083,-33.580
1558.3296,-38.143,1558.3296,-37.103,1558.3296,-36.672,1558.3296,-36.290,1558.3296,-35.160,1558.3296,-33.557
1558.3508,-38.138,1558.3508,-37.101,1558.3508,-36.679,1558.3508,-36.289,1558.3508,-35.151,1558.3508,-33.538
1558.3721,-38.131,1558.3721,-37.099,1558.3721,-36.684,1558.3721,-36.284,1558.3721,-35.139,1558.3721,-33.517
1558.3933,-38.124,1558.3933,-37.103,1558.3933,-36.690,1558.3933,-36.284,1558.3933,-35.127,1558.3933,-33.495
1558.4146,-38.116,1558.4146,-37.099,1558.4146,-36.696,1558.4146,-36.280,1558.4146,-35.114,1558.4146,-33.473
1558.4359,-38.104,1558.4359,-37.095,1558.4359,-36.700,1558.4359,-36.278,1558.4359,-35.103,1558.4359,-33.450
1558.4571,-38.098,1558.4571,-37.094,1558.4571,-36.705,1558.4571,-36.273,1558.4571,-35.092,1558.4571,-33.426
1558.4784,-38.089,1558.4784,-37.095,1558.4784,-36.710,1558.4784,-36.268,1558.4784,-35.079,1558.4784,-33.407
1558.4996,-38.081,1558.4996,-37.093,1558.4996,-36.715,1558.4996,-36.264,1558.4996,-35.064,1558.4996,-33.381
1558.5209,-38.075,1558.5209,-37.096,1558.5209,-36.722,1558.5209,-36.262,1558.5209,-35.053,1558.5209,-33.359
1558.5421,-38.066,1558.5421,-37.100,1558.5421,-36.728,1558.5421,-36.258,1558.5421,-35.043,1558.5421,-33.337
1558.5634,-38.058,1558.5634,-37.100,1558.5634,-36.735,1558.5634,-36.253,1558.5634,-35.033,1558.5634,-33.316
1558.5846,-38.052,1558.5846,-37.102,1558.5846,-36.738,1558.5846,-36.252,1558.5846,-35.019,1558.5846,-33.295
1558.6059,-38.042,1558.6059,-37.105,1558.6059,-36.746,1558.6059,-36.243,1558.6059,-35.007,1558.6059,-33.269
1558.6272,-38.035,1558.6272,-37.105,1558.6272,-36.750,1558.6272,-36.240,1558.6272,-34.994,1558.6272,-33.247
1558.6484,-38.024,1558.6484,-37.111,1558.6484,-36.757,1558.6484,-36.238,1558.6484,-34.981,1558.6484,-33.221
1558.6697,-38.016,1558.6697,-37.109,1558.6697,-36.763,1558.6697,-36.229,1558.6697,-34.969,1558.6697,-33.197
1558.6909,-38.009,1558.6909,-37.115,1558.6909,-36.766,1558.6909,-36.225,1558.6909,-34.958,1558.6909,-33.173
1558.7122,-38.004,1558.7122,-37.121,1558.7122,-36.774,1558.7122,-36.221,1558.7122,-34.947,1558.7122,-33.148
1558.7334,-37.996,1558.7334,-37.125,1558.7334,-36.781,1558.7334,-36.216,1558.7334,-34.934,1558.7334,-33.123
1558.7547,-37.989,1558.7547,-37.129,1558.7547,-36.789,1558.7547,-36.210,1558.7547,-34.924,1558.7547,-33.100
1558.7759,-37.983,1558.7759,-37.133,1558.7759,-36.795,1558.7759,-36.205,1558.7759,-34.912,1558.7759,-33.076
1558.7972,-37.976,1558.7972,-37.143,1558.7972,-36.802,1558.7972,-36.203,1558.7972,-34.900,1558.7972,-33.050
1558.8185,-37.970,1558.8185,-37.149,1558.8185,-36.809,1558.8185,-36.196,1558.8185,-34.889,1558.8185,-33.025
1558.8397,-37.966,1558.8397,-37.153,1558.8397,-36.814,1558.8397,-36.189,1558.8397,-34.877,1558.8397,-32.998
1558.8610,-37.958,1558.8610,-37.161,1558.8610,-36.823,1558.8610,-36.184,1558.8610,-34.866,1558.8610,-32.975
1558.8822,-37.954,1558.8822,-37.165,1558.8822,-36.825,1558.8822,-36.176,1558.8822,-34.856,1558.8822,-32.948
1558.9035,-37.949,1558.9035,-37.174,1558.9035,-36.830,1558.9035,-36.172,1558.9035,-34.840,1558.9035,-32.921
1558.9247,-37.944,1558.9247,-37.181,1558.9247,-36.837,1558.9247,-36.163,1558.9247,-34.830,1558.9247,-32.893
1558.9460,-37.938,1558.9460,-37.188,1558.9460,-36.840,1558.9460,-36.157,1558.9460,-34.820,1558.9460,-32.869
1558.9672,-37.939,1558.9672,-37.200,1558.9672,-36.851,1558.9672,-36.154,1558.9672,-34.810,1558.9672,-32.846
1558.9885,-37.936,1558.9885,-37.211,1558.9885,-36.860,1558.9885,-36.150,1558.9885,-34.801,1558.9885,-32.820
1559.0098,-37.936,1559.0098,-37.222,1559.0098,-36.867,1559.0098,-36.147,1559.0098,-34.789,1559.0098,-32.794
1559.0310,-37.934,1559.0310,-37.231,1559.0310,-36.874,1559.0310,-36.140,1559.0310,-34.783,1559.0310,-32.770
1559.0523,-37.933,1559.0523,-37.244,1559.0523,-36.883,1559.0523,-36.135,1559.0523,-34.774,1559.0523,-32.744
1559.0735,-37.934,1559.0735,-37.252,1559.0735,-36.888,1559.0735,-36.129,1559.0735,-34.762,1559.0735,-32.718
1559.0948,-37.933,1559.0948,-37.264,1559.0948,-36.891,1559.0948,-36.122,1559.0948,-34.750,1559.0948,-32.693
1559.1160,-37.928,1559.1160,-37.271,1559.1160,-36.898,1559.1160,-36.115,1559.1160,-34.739,1559.1160,-32.666
1559.1373,-37.930,1559.1373,-37.284,1559.1373,-36.900,1559.1373,-36.108,1559.1373,-34.730,1559.1373,-32.643
1559.1585,-37.930,1559.1585,-37.296,1559.1585,-36.908,1559.1585,-36.105,1559.1585,-34.720,1559.1585,-32.616
1559.1798,-37.932,1559.1798,-37.308,1559.1798,-36.917,1559.1798,-36.099,1559.1798,-34.709,1559.1798,-32.592
1559.2011,-37.937,1559.2011,-37.320,1559.2011,-36.924,1559.2011,-36.097,1559.2011,-34.701,1559.2011,-32.570
1559.2223,-37.937,1559.2223,-37.334,1559.2223,-36.928,1559.2223,-36.092,1559.2223,-34.693,1559.2223,-32.544
1559.2436,-37.942,1559.2436,-37.346,1559.2436,-36.937,1559.2436,-36.085,1559.2436,-34.684,1559.2436,-32.518
1559.2648,-37.941,1559.2648,-37.357,1559.2648,-36.941,1559.2648,-36.078,1559.2648,-34.671,1559.2648,-32.490
1559.2861,-37.947,1559.2861,-37.369,1559.2861,-36.945,1559.2861,-36.073,1559.2861,-34.663,1559.2861,-32.467
1559.3073,-37.949,1559.3073,-37.381,1559.3073,-36.950,1559.3073,-36.065,1559.3073,-34.651,1559.3073,-32.439
1559.3286,-37.948,1559.3286,-37.389,1559.3286,-36.952,1559.3286,-36.056,1559.3286,-34.638,1559.3286,-32.410
1559.3498,-37.947,1559.3498,-37.401,1559.3498,-36.953,1559.3498,-36.048,1559.3498,-34.625,1559.3498,-32.383
1559.3711,-37.950,1559.3711,-37.410,1559.3711,-36.956,1559.3711,-36.041,1559.3711,-34.615,1559.3711,-32.353
1559.3923,-37.957,1559.3923,-37.423,1559.3923,-36.959,1559.3923,-36.032,1559.3923,-34.601,1559.3923,-32.329
1559.4136,-37.958,1559.4136,-37.434,1559.4136,-36.964,1559.4136,-36.025,1559.4136,-34.591,1559.4136,-32.299
1559.4349,-37.960,1559.4349,-37.445,1559.4349,-36.965,1559.4349,-36.014,1559.4349,-34.578,1559.4349,-32.272
1559.4561,-37.968,1559.4561,-37.455,1559.4561,-36.968,1559.4561,-36.008,1559.4561,-34.568,1559.4561,-32.245
1559.4774,-37.970,1559.4774,-37.469,1559.4774,-36.971,1559.4774,-36.001,1559.4774,-34.555,1559.4774,-32.219
1559.4986,-37.973,1559.4986,-37.477,1559.4986,-36.969,1559.4986,-35.994,1559.4986,-34.544,1559.4986,-32.187
1559.5199,-37.978,1559.5199,-37.488,1559.5199,-36.971,1559.5199,-35.983,1559.5199,-34.528,1559.5199,-32.161
1559.5411,-37.980,1559.5411,-37.500,1559.5411,-36.972,1559.5411,-35.975,1559.5411,-34.514,1559.5411,-32.129
1559.5624,-37.983,1559.5624,-37.506,1559.5624,-36.969,1559.5624,-35.963,1559.5624,-34.502,1559.5624,-32.100
1559.5836,-37.990,1559.5836,-37.519,1559.5836,-36.970,1559.5836,-35.956,1559.5836,-34.487,1559.5836,-32.071
1559.6049,-37.995,1559.6049,-37.528,1559.6049,-36.971,1559.6049,-35.946,1559.6049,-34.474,1559.6049,-32.043
1559.6262,-37.997,1559.6262,-37.535,1559.6262,-36.973,1559.6262,-35.934,1559.6262,-34.456,1559.6262,-32.014
1559.6474,-38.003,1559.6474,-37.543,1559.6474,-36.969,1559.6474,-35.926,1559.6474,-34.443,1559.6474,-31.983
1559.6687,-38.008,1559.6687,-37.555,1559.6687,-36.968,1559.6687,-35.917,1559.6687,-34.428,1559.6687,-31.954
1559.6899,-38.012,1559.6899,-37.564,1559.6899,-36.965,1559.6899,-35.907,1559.6899,-34.414,1559.6899,-31.925
1559.7112,-38.018,1559.7112,-37.570,1559.7112,-36.964,1559.7112,-35.895,1559.7112,-34.397,1559.7112,-31.898
1559.7324,-38.021,1559.7324,-37.577,1559.7324,-36.959,1559.7324,-35.882,1559.7324,-34.379,1559.7324,-31.865
1559.7537,-38.026,1559.7537,-37.584,1559.7537,-36.955,1559.7537,-35.871,1559.7537,-34.362,1559.7537,-31.835
1559.7749,-38.033,1559.7749,-37.590,1559.7749,-36.951,1559.7749,-35.860,1559.7749,-34.342,1559.7749,-31.802
1559.7962,-38.039,1559.7962,-37.595,1559.7962,-36.944,1559.7962,-35.844,1559.7962,-34.325,1559.7962,-31.775
1559.8175,-38.044,1559.8175,-37.600,1559.8175,-36.939,1559.8175,-35.831,1559.8175,-34.303,1559.8175,-31.743
1559.8387,-38.051,1559.8387,-37.606,1559.8387,-36.936,1559.8387,-35.819,1559.8387,-34.290,1559.8387,-31.712
1559.8600,-38.056,1559.8600,-37.611,1559.8600,-36.928,1559.8600,-35.802,1559.8600,-34.265,1559.8600,-31.678
1559.8812,-38.063,1559.8812,-37.615,1559.8812,-36.922,1559.8812,-35.791,1559.8812,-34.246,1559.8812,-31.649
1559.9025,-38.073,1559.9025,-37.623,1559.9025,-36.916,1559.9025,-35.781,1559.9025,-34.231,1559.9025,-31.620
1559.9237,-38.078,1559.9237,-37.627,1559.9237,-36.912,1559.9237,-35.767,1559.9237,-34.210,1559.9237,-31.591
1559.9450,-38.086,1559.9450,-37.632,1559.9450,-36.904,1559.9450,-35.755,1559.9450,-34.188,1559.9450,-31.560
1559.9662,-38.092,1559.9662,-37.634,1559.9662,-36.898,1559.9662,-35.741,1559.9662,-34.168,1559.9662,-31.529
1559.9875,-38.101,1559.9875,-37.642,1559.9875,-36.894,1559.9875,-35.729,1559.9875,-34.151,1559.9875,-31.501
1560.0088,-38.112,1560.0088,-37.646,1560.0088,-36.885,1560.0088,-35.715,1560.0088,-34.130,1560.0088,-31.468
1560.0300,-38.118,1560.0300,-37.648,1560.0300,-36.876,1560.0300,-35.700,1560.0300,-34.108,1560.0300,-31.439
1560.0513,-38.127,1560.0513,-37.652,1560.0513,-36.870,1560.0513,-35.689,1560.0513,-34.085,1560.0513,-31.412
1560.0725,-38.138,1560.0725,-37.659,1560.0725,-36.863,1560.0725,-35.675,1560.0725,-34.069,1560.0725,-31.384
1560.0938,-38.148,1560.0938,-37.664,1560.0938,-36.857,1560.0938,-35.664,1560.0938,-34.045,1560.0938,-31.355
1560.1150,-38.161,1560.1150,-37.664,1560.1150,-36.853,1560.1150,-35.650,1560.1150,-34.025,1560.1150,-31.329
1560.1363,-38.170,1560.1363,-37.672,1560.1363,-36.845,1560.1363,-35.639,1560.1363,-33.995,1560.1363,-31.301
1560.1575,-38.181,1560.1575,-37.675,1560.1575,-36.841,1560.1575,-35.626,1560.1575,-33.976,1560.1575,-31.275
1560.1788,-38.188,1560.1788,-37.679,1560.1788,-36.822,1560.1788,-35.615,1560.1788,-33.956,1560.1788,-31.248
1560.2001,-38.204,1560.2001,-37.684,1560.2001,-36.796,1560.2001,-35.604,1560.2001,-33.936,1560.2001,-31.224
1560.2213,-38.215,1560.2213,-37.687,1560.2213,-36.791,1560.2213,-35.590,1560.2213,-33.916,1560.2213,-31.198
1560.2426,-38.225,1560.2426,-37.686,1560.2426,-36.783,1560.2426,-35.576,1560.2426,-33.892,1560.2426,-31.170
1560.2638,-38.239,1560.2638,-37.692,1560.2638,-36.773,1560.2638,-35.563,1560.2638,-33.871,1560.2638,-31.146
1560.2851,-38.252,1560.2851,-37.696,1560.2851,-36.769,1560.2851,-35.553,1560.2851,-33.849,1560.2851,-31.120
1560.3063,-38.262,1560.3063,-37.700,1560.3063,-36.765,1560.3063,-35.541,1560.3063,-33.827,1560.3063,-31.096
1560.3276,-38.277,1560.3276,-37.701,1560.3276,-36.758,1560.3276,-35.527,1560.3276,-33.807,1560.3276,-31.070
1560.3488,-38.292,1560.3488,-37.709,1560.3488,-36.774,1560.3488,-35.517,1560.3488,-33.787,1560.3488,-31.047
1560.3701,-38.305,1560.3701,-37.709,1560.3701,-36.773,1560.3701,-35.508,1560.3701,-33.762,1560.3701,-31.024
1560.3913,-38.323,1560.3913,-37.715,1560.3913,-36.770,1560.3913,-35.497,1560.3913,-33.744,1560.3913,-31.001
1560.4126,-38.332,1560.4126,-37.717,1560.4126,-36.762,1560.4126,-35.481,1560.4126,-33.722,1560.4126,-30.977
1560.4339,-38.349,1560.4339,-37.719,1560.4339,-36.756,1560.4339,-35.470,1560.4339,-33.698,1560.4339,-30.955
1560.4551,-38.362,1560.4551,-37.723,1560.4551,-36.749,1560.4551,-35.458,1560.4551,-33.676,1560.4551,-30.929
1560.4764,-38.377,1560.4764,-37.724,1560.4764,-36.744,1560.4764,-35.447,1560.4764,-33.653,1560.4764,-30.907
1560.4976,-38.390,1560.4976,-37.725,1560.4976,-36.736,1560.4976,-35.433,1560.4976,-33.633,1560.4976,-30.884
1560.5189,-38.407,1560.5189,-37.728,1560.5189,-36.730,1560.5189,-35.423,1560.5189,-33.608,1560.5189,-30.865
1560.5401,-38.421,1560.5401,-37.730,1560.5401,-36.723,1560.5401,-35.408,1560.5401,-33.584,1560.5401,-30.843
1560.5614,-38.431,1560.5614,-37.732,1560.5614,-36.718,1560.5614,-35.396,1560.5614,-33.562,1560.5614,-30.824
1560.5826,-38.449,1560.5826,-37.737,1560.5826,-36.689,1560.5826,-35.387,1560.5826,-33.543,1560.5826,-30.803
1560.6039,-38.464,1560.6039,-37.736,1560.6039,-36.676,1560.6039,-35.376,1560.6039,-33.520,1560.6039,-30.785
1560.6252,-38.476,1560.6252,-37.740,1560.6252,-36.668,1560.6252,-35.364,1560.6252,-33.494,1560.6252,-30.767
1560.6464,-38.491,1560.6464,-37.740,1560.6464,-36.663,1560.6464,-35.349,1560.6464,-33.471,1560.6464,-30.746
1560.6677,-38.502,1560.6677,-37.739,1560.6677,-36.657,1560.6677,-35.337,1560.6677,-33.449,1560.6677,-30.727
1560.6889,-38.514,1560.6889,-37.740,1560.6889,-36.650,1560.6889,-35.323,1560.6889,-33.425,1560.6889,-30.707
1560.7102,-38.528,1560.7102,-37.737,1560.7102,-36.642,1560.7102,-35.311,1560.7102,-33.401,1560.7102,-30.690
1560.7314,-38.538,1560.7314,-37.740,1560.7314,-36.632,1560.7314,-35.293,1560.7314,-33.375,1560.7314,-30.669
1560.7527,-38.549,1560.7527,-37.736,1560.7527,-36.626,1560.7527,-35.278,1560.7527,-33.351,1560.7527,-30.653
1560.7739,-38.563,1560.7739,-37.736,1560.7739,-36.618,1560.7739,-35.266,1560.7739,-33.328,1560.7739,-30.635
1560.7952,-38.575,1560.7952,-37.735,1560.7952,-36.621,1560.7952,-35.254,1560.7952,-33.305,1560.7952,-30.619
1560.8165,-38.586,1560.8165,-37.734,1560.8165,-36.633,1560.8165,-35.236,1560.8165,-33.279,1560.8165,-30.601
1560.8377,-38.598,1560.8377,-37.733,1560.8377,-36.622,1560.8377,-35.224,1560.8377,-33.254,1560.8377,-30.583
1560.8590,-38.611,1560.8590,-37.729,1560.8590,-36.618,1560.8590,-35.209,1560.8590,-33.233,1560.8590,-30.568
1560.8802,-38.619,1560.8802,-37.727,1560.8802,-36.610,1560.8802,-35.195,1560.8802,-33.207,1560.8802,-30.552
1560.9015,-38.630,1560.9015,-37.725,1560.9015,-36.603,1560.9015,-35.180,1560.9015,-33.183,1560.9015,-30.538
1560.9227,-38.640,1560.9227,-37.720,1560.9227,-36.595,1560.9227,-35.164,1560.9227,-33.157,1560.9227,-30.519
1560.9440,-38.646,1560.9440,-37.719,1560.9440,-36.582,1560.9440,-35.146,1560.9440,-33.131,1560.9440,-30.504
1560.9652,-38.656,1560.9652,-37.719,1560.9652,-36.576,1560.9652,-35.130,1560.9652,-33.107,1560.9652,-30.489
1560.9865,-38.663,1560.9865,-37.712,1560.9865,-36.568,1560.9865,-35.113,1560.9865,-33.082,1560.9865,-30.476
1561.0078,-38.676,1561.0078,-37.709,1561.0078,-36.558,1561.0078,-35.097,1561.0078,-33.059,1561.0078,-30.459
1561.0290,-38.682,1561.0290,-37.708,1561.0290,-36.550,1561.0290,-35.083,1561.0290,-33.033,1561.0290,-30.446
1561.0503,-38.691,1561.0503,-37.704,1561.0503,-36.542,1561.0503,-35.067,1561.0503,-33.010,1561.0503,-30.433
1561.0715,-38.700,1561.0715,-37.699,1561.0715,-36.533,1561.0715,-35.051,1561.0715,-32.987,1561.0715,-30.420
1561.0928,-38.704,1561.0928,-37.694,1561.0928,-36.525,1561.0928,-35.032,1561.0928,-32.961,1561.0928,-30.407
1561.1140,-38.711,1561.1140,-37.690,1561.1140,-36.517,1561.1140,-35.017,1561.1140,-32.938,1561.1140,-30.394
1561.1353,-38.717,1561.1353,-37.684,1561.1353,-36.505,1561.1353,-34.995,1561.1353,-32.911,1561.1353,-30.380
1561.1565,-38.718,1561.1565,-37.675,1561.1565,-36.494,1561.1565,-34.976,1561.1565,-32.884,1561.1565,-30.365
1561.1778,-38.724,1561.1778,-37.671,1561.1778,-36.485,1561.1778,-34.957,1561.1778,-32.861,1561.1778,-30.353
1561.1990,-38.730,1561.1990,-37.662,1561.1990,-36.473,1561.1990,-34.937,1561.1990,-32.833,1561.1990,-30.342
1561.2203,-38.731,1561.2203,-37.653,1561.2203,-36.462,1561.2203,-34.915,1561.2203,-32.806,1561.2203,-30.328
1561.2416,-38.737,1561.2416,-37.646,1561.2416,-36.447,1561.2416,-34.894,1561.2416,-32.778,1561.2416,-30.313
1561.2628,-38.740,1561.2628,-37.640,1561.2628,-36.436,1561.2628,-34.870,1561.2628,-32.752,1561.2628,-30.302
1561.2841,-38.744,1561.2841,-37.632,1561.2841,-36.424,1561.2841,-34.852,1561.2841,-32.724,1561.2841,-30.289
1561.3053,-38.746,1561.3053,-37.622,1561.3053,-36.411,1561.3053,-34.830,1561.3053,-32.697,1561.3053,-30.278
1561.3266,-38.751,1561.3266,-37.612,1561.3266,-36.399,1561.3266,-34.808,1561.3266,-32.668,1561.3266,-30.264
1561.3478,-38.749,1561.3478,-37.605,1561.3478,-36.384,1561.3478,-34.781,1561.3478,-32.643,1561.3478,-30.250
1561.3691,-38.756,1561.3691,-37.594,1561.3691,-36.373,1561.3691,-34.758,1561.3691,-32.614,1561.3691,-30.241
1561.3903,-38.756,1561.3903,-37.585,1561.3903,-36.358,1561.3903,-34.736,1561.3903,-32.585,1561.3903,-30.230
1561.4116,-38.760,1561.4116,-37.579,1561.4116,-36.345,1561.4116,-34.715,1561.4116,-32.560,1561.4116,-30.219
1561.4329,-38.763,1561.4329,-37.570,1561.4329,-36.331,1561.4329,-34.690,1561.4329,-32.533,1561.4329,-30.207
1561.4541,-38.770,1561.4541,-37.561,1561.4541,-36.319,1561.4541,-34.665,1561.4541,-32.507,1561.4541,-30.198
1561.4754,-38.768,1561.4754,-37.552,1561.4754,-36.306,1561.4754,-34.645,1561.4754,-32.483,1561.4754,-30.188
1561.4966,-38.774,1561.4966,-37.547,1561.4966,-36.296,1561.4966,-34.621,1561.4966,-32.457,1561.4966,-30.181
1561.5179,-38.779,1561.5179,-37.539,1561.5179,-36.283,1561.5179,-34.601,1561.5179,-32.436,1561.5179,-30.175
1561.5391,-38.780,1561.5391,-37.531,1561.5391,-36.270,1561.5391,-34.577,1561.5391,-32.408,1561.5391,-30.166
1561.5604,-38.782,1561.5604,-37.522,1561.5604,-36.257,1561.5604,-34.556,1561.5604,-32.386,1561.5604,-30.160
1561.5816,-38.785,1561.5816,-37.518,1561.5816,-36.246,1561.5816,-34.534,1561.5816,-32.363,1561.5816,-30.154
1561.6029,-38.786,1561.6029,-37.512,1561.6029,-36.232,1561.6029,-34.511,1561.6029,-32.339,1561.6029,-30.148
1561.6242,-38.789,1561.6242,-37.502,1561.6242,-36.220,1561.6242,-34.488,1561.6242,-32.315,1561.6242,-30.143
1561.6454,-38.792,1561.6454,-37.496,1561.6454,-36.207,1561.6454,-34.470,1561.6454,-32.293,1561.6454,-30.138
1561.6667,-38.792,1561.6667,-37.486,1561.6667,-36.196,1561.6667,-34.442,1561.6667,-32.270,1561.6667,-30.131
1561.6879,-38.792,1561.6879,-37.480,1561.6879,-36.181,1561.6879,-34.420,1561.6879,-32.246,1561.6879,-30.126
1561.7092,-38.795,1561.7092,-37.476,1561.7092,-36.168,1561.7092,-34.400,1561.7092,-32.224,1561.7092,-30.123
1561.7304,-38.797,1561.7304,-37.471,1561.7304,-36.159,1561.7304,-34.376,1561.7304,-32.202,1561.7304,-30.121
1561.7517,-38.797,1561.7517,-37.462,1561.7517,-36.144,1561.7517,-34.354,1561.7517,-32.183,1561.7517,-30.118
1561.7729,-38.798,1561.7729,-37.455,1561.7729,-36.131,1561.7729,-34.331,1561.7729,-32.160,1561.7729,-30.118
1561.7942,-38.802,1561.7942,-37.449,1561.7942,-36.118,1561.7942,-34.311,1561.7942,-32.139,1561.7942,-30.116
1561.8155,-38.803,1561.8155,-37.441,1561.8155,-36.106,1561.8155,-34.285,1561.8155,-32.121,1561.8155,-30.113
1561.8367,-38.804,1561.8367,-37.433,1561.8367,-36.093,1561.8367,-34.265,1561.8367,-32.101,1561.8367,-30.112
1561.8580,-38.802,1561.8580,-37.427,1561.8580,-36.077,1561.8580,-34.239,1561.8580,-32.080,1561.8580,-30.110
1561.8792,-38.805,1561.8792,-37.422,1561.8792,-36.066,1561.8792,-34.215,1561.8792,-32.059,1561.8792,-30.109
1561.9005,-38.804,1561.9005,-37.412,1561.9005,-36.051,1561.9005,-34.192,1561.9005,-32.040,1561.9005,-30.109
1561.9217,-38.804,1561.9217,-37.407,1561.9217,-36.037,1561.9217,-34.169,1561.9217,-32.019,1561.9217,-30.113
1561.9430,-38.804,1561.9430,-37.401,1561.9430,-36.024,1561.9430,-34.148,1561.9430,-32.003,1561.9430,-30.116
1561.9642,-38.806,1561.9642,-37.394,1561.9642,-36.011,1561.9642,-34.121,1561.9642,-31.986,1561.9642,-30.115
1561.9855,-38.806,1561.9855,-37.386,1561.9855,-35.995,1561.9855,-34.105,1561.9855,-31.967,1561.9855,-30.119
1562.0068,-38.805,1562.0068,-37.378,1562.0068,-35.980,1562.0068,-34.076,1562.0068,-31.951,1562.0068,-30.120
1562.0280,-38.805,1562.0280,-37.370,1562.0280,-35.967,1562.0280,-34.058,1562.0280,-31.931,1562.0280,-30.122
1562.0493,-38.803,1562.0493,-37.364,1562.0493,-35.948,1562.0493,-34.029,1562.0493,-31.914,1562.0493,-30.124
1562.0705,-38.803,1562.0705,-37.357,1562.0705,-35.936,1562.0705,-34.008,1562.0705,-31.900,1562.0705,-30.127
1562.0918,-38.801,1562.0918,-37.349,1562.0918,-35.917,1562.0918,-33.983,1562.0918,-31.880,1562.0918,-30.131
1562.1130,-38.799,1562.1130,-37.345,1562.1130,-35.903,1562.1130,-33.949,1562.1130,-31.864,1562.1130,-30.133
1562.1343,-38.798,1562.1343,-37.336,1562.1343,-35.887,1562.1343,-33.933,1562.1343,-31.847,1562.1343,-30.138
1562.1555,-38.793,1562.1555,-37.326,1562.1555,-35.870,1562.1555,-33.907,1562.1555,-31.832,1562.1555,-30.140
1562.1768,-38.793,1562.1768,-37.317,1562.1768,-35.855,1562.1768,-33.887,1562.1768,-31.814,1562.1768,-30.145
1562.1980,-38.792,1562.1980,-37.311,1562.1980,-35.836,1562.1980,-33.865,1562.1980,-31.800,1562.1980,-30.153
1562.2193,-38.786,1562.2193,-37.302,1562.2193,-35.820,1562.2193,-33.843,1562.2193,-31.786,1562.2193,-30.158
1562.2406,-38.787,1562.2406,-37.294,1562.2406,-35.802,1562.2406,-33.818,1562.2406,-31.772,1562.2406,-30.163
1562.2618,-38.782,1562.2618,-37.286,1562.2618,-35.786,1562.2618,-33.797,1562.2618,-31.756,1562.2618,-30.166
1562.2831,-38.777,1562.2831,-37.278,1562.2831,-35.770,1562.2831,-33.775,1562.2831,-31.743,1562.2831,-30.174
1562.3043,-38.776,1562.3043,-37.269,1562.3043,-35.751,1562.3043,-33.750,1562.3043,-31.728,1562.3043,-30.176
1562.3256,-38.774,1562.3256,-37.262,1562.3256,-35.734,1562.3256,-33.730,1562.3256,-31.715,1562.3256,-30.186
1562.3468,-38.767,1562.3468,-37.250,1562.3468,-35.718,1562.3468,-33.707,1562.3468,-31.702,1562.3468,-30.193
1562.3681,-38.766,1562.3681,-37.241,1562.3681,-35.701,1562.3681,-33.686,1562.3681,-31.688,1562.3681,-30.201
1562.3893,-38.761,1562.3893,-37.232,1562.3893,-35.682,1562.3893,-33.663,1562.3893,-31.678,1562.3893,-30.208
1562.4106,-38.757,1562.4106,-37.224,1562.4106,-35.665,1562.4106,-33.641,1562.4106,-31.666,1562.4106,-30.217
1562.4319,-38.752,1562.4319,-37.215,1562.4319,-35.646,1562.4319,-33.622,1562.4319,-31.658,1562.4319,-30.224
1562.4531,-38.745,1562.4531,-37.206,1562.4531,-35.626,1562.4531,-33.602,1562.4531,-31.645,1562.4531,-30.233
1562.4744,-38.740,1562.4744,-37.193,1562.4744,-35.609,1562.4744,-33.580,1562.4744,-31.633,1562.4744,-30.244
1562.4956,-38.733,1562.4956,-37.186,1562.4956,-35.589,1562.4956,-33.559,1562.4956,-31.626,1562.4956,-30.254
1562.5169,-38.726,1562.5169,-37.176,1562.5169,-35.572,1562.5169,-33.535,1562.5169,-31.614,1562.5169,-30.262
1562.5381,-38.718,1562.5381,-37.163,1562.5381,-35.549,1562.5381,-33.516,1562.5381,-31.607,1562.5381,-30.272
1562.5594,-38.712,1562.5594,-37.152,1562.5594,-35.531,1562.5594,-33.493,1562.5594,-31.593,1562.5594,-30.283
1562.5806,-38.705,1562.5806,-37.137,1562.5806,-35.508,1562.5806,-33.472,1562.5806,-31.589,1562.5806,-30.293
1562.6019,-38.694,1562.6019,-37.122,1562.6019,-35.483,1562.6019,-33.449,1562.6019,-31.576,1562.6019,-30.302
1562.6232,-38.684,1562.6232,-37.109,1562.6232,-35.462,1562.6232,-33.426,1562.6232,-31.569,1562.6232,-30.311
1562.6444,-38.680,1562.6444,-37.096,1562.6444,-35.418,1562.6444,-33.404,1562.6444,-31.557,1562.6444,-30.323
1562.6657,-38.667,1562.6657,-37.081,1562.6657,-35.388,1562.6657,-33.382,1562.6657,-31.545,1562.6657,-30.331
1562.6869,-38.659,1562.6869,-37.066,1562.6869,-35.363,1562.6869,-33.358,1562.6869,-31.539,1562.6869,-30.340
1562.7082,-38.652,1562.7082,-37.048,1562.7082,-35.340,1562.7082,-33.336,1562.7082,-31.529,1562.7082,-30.349
1562.7294,-38.642,1562.7294,-37.032,1562.7294,-35.315,1562.7294,-33.312,1562.7294,-31.518,1562.7294,-30.360
1562.7507,-38.635,1562.7507,-37.015,1562.7507,-35.290,1562.7507,-33.287,1562.7507,-31.509,1562.7507,-30.368
1562.7719,-38.626,1562.7719,-36.999,1562.7719,-35.265,1562.7719,-33.267,1562.7719,-31.498,1562.7719,-30.379
1562.7932,-38.618,1562.7932,-36.981,1562.7932,-35.241,1562.7932,-33.243,1562.7932,-31.489,1562.7932,-30.390
1562.8145,-38.615,1562.8145,-36.965,1562.8145,-35.213,1562.8145,-33.220,1562.8145,-31.482,1562.8145,-30.400
1562.8357,-38.602,1562.8357,-36.948,1562.8357,-35.189,1562.8357,-33.199,1562.8357,-31.473,1562.8357,-30.410
1562.8570,-38.597,1562.8570,-36.932,1562.8570,-35.165,1562.8570,-33.177,1562.8570,-31.464,1562.8570,-30.419
1562.8782,-38.591,1562.8782,-36.918,1562.8782,-35.165,1562.8782,-33.153,1562.8782,-31.459,1562.8782,-30.432
1562.8995,-38.585,1562.8995,-36.903,1562.8995,-35.144,1562.8995,-33.134,1562.8995,-31.454,1562.8995,-30.443
1562.9207,-38.577,1562.9207,-36.885,1562.9207,-35.122,1562.9207,-33.113,1562.9207,-31.449,1562.9207,-30.459
1562.9420,-38.572,1562.9420,-36.872,1562.9420,-35.100,1562.9420,-33.096,1562.9420,-31.444,1562.9420,-30.475
1562.9632,-38.563,1562.9632,-36.857,1562.9632,-35.074,1562.9632,-33.076,1562.9632,-31.439,1562.9632,-30.488
1562.9845,-38.559,1562.9845,-36.839,1562.9845,-35.053,1562.9845,-33.061,1562.9845,-31.435,1562.9845,-30.501
1563.0058,-38.552,1563.0058,-36.824,1563.0058,-35.032,1563.0058,-33.041,1563.0058,-31.432,1563.0058,-30.516
1563.0270,-38.548,1563.0270,-36.808,1563.0270,-35.008,1563.0270,-33.022,1563.0270,-31.429,1563.0270,-30.530
1563.0483,-38.544,1563.0483,-36.792,1563.0483,-34.983,1563.0483,-33.007,1563.0483,-31.428,1563.0483,-30.546
1563.0695,-38.534,1563.0695,-36.776,1563.0695,-34.964,1563.0695,-32.988,1563.0695,-31.427,1563.0695,-30.561
1563.0908,-38.530,1563.0908,-36.761,1563.0908,-34.943,1563.0908,-32.979,1563.0908,-31.423,1563.0908,-30.581
1563.1120,-38.524,1563.1120,-36.747,1563.1120,-34.919,1563.1120,-32.962,1563.1120,-31.425,1563.1120,-30.595
1563.1333,-38.517,1563.1333,-36.729,1563.1333,-34.899,1563.1333,-32.947,1563.1333,-31.425,1563.1333,-30.616
1563.1545,-38.512,1563.1545,-36.713,1563.1545,-34.879,1563.1545,-32.931,1563.1545,-31.425,1563.1545,-30.632
1563.1758,-38.509,1563.1758,-36.695,1563.1758,-34.855,1563.1758,-32.918,1563.1758,-31.423,1563.1758,-30.652
1563.1970,-38.502,1563.1970,-36.680,1563.1970,-34.835,1563.1970,-32.906,1563.1970,-31.426,1563.1970,-30.670
1563.2183,-38.490,1563.2183,-36.665,1563.2183,-34.813,1563.2183,-32.889,1563.2183,-31.427,1563.2183,-30.687
1563.2396,-38.488,1563.2396,-36.647,1563.2396,-34.793,1563.2396,-32.878,1563.2396,-31.430,1563.2396,-30.706
1563.2608,-38.480,1563.2608,-36.628,1563.2608,-34.770,1563.2608,-32.863,1563.2608,-31.430,1563.2608,-30.723
1563.2821,-38.471,1563.2821,-36.612,1563.2821,-34.749,1563.2821,-32.851,1563.2821,-31.434,1563.2821,-30.741
1563.3033,-38.465,1563.3033,-36.594,1563.3033,-34.727,1563.3033,-32.837,1563.3033,-31.433,1563.3033,-30.762
1563.3246,-38.460,1563.3246,-36.576,1563.3246,-34.708,1563.3246,-32.826,1563.3246,-31.437,1563.3246,-30.782
1563.3458,-38.451,1563.3458,-36.558,1563.3458,-34.687,1563.3458,-32.814,1563.3458,-31.441,1563.3458,-30.803
1563.3671,-38.445,1563.3671,-36.540,1563.3671,-34.666,1563.3671,-32.805,1563.3671,-31.445,1563.3671,-30.825
1563.3883,-38.438,1563.3883,-36.522,1563.3883,-34.648,1563.3883,-32.793,1563.3883,-31.451,1563.3883,-30.843
1563.4096,-38.432,1563.4096,-36.504,1563.4096,-34.625,1563.4096,-32.781,1563.4096,-31.453,1563.4096,-30.866
1563.4309,-38.425,1563.4309,-36.486,1563.4309,-34.604,1563.4309,-32.770,1563.4309,-31.459,1563.4309,-30.886
1563.4521,-38.414,1563.4521,-36.464,1563.4521,-34.582,1563.4521,-32.759,1563.4521,-31.461,1563.4521,-30.905
1563.4734,-38.406,1563.4734,-36.449,1563.4734,-34.564,1563.4734,-32.749,1563.4734,-31.466,1563.4734,-30.928
1563.4946,-38.401,1563.4946,-36.428,1563.4946,-34.543,1563.4946,-32.740,1563.4946,-31.474,1563.4946,-30.951
1563.5159,-38.388,1563.5159,-36.407,1563.5159,-34.520,1563.5159,-32.730,1563.5159,-31.478,1563.5159,-30.970
1563.5371,-38.380,1563.5371,-36.386,1563.5371,-34.503,1563.5371,-32.719,1563.5371,-31.486,1563.5371,-30.996
1563.5584,-38.373,1563.5584,-36.367,1563.5584,-34.482,1563.5584,-32.711,1563.5584,-31.490,1563.5584,-31.017
1563.5796,-38.364,1563.5796,-36.347,1563.5796,-34.461,1563.5796,-32.702,1563.5796,-31.500,1563.5796,-31.043
1563.6009,-38.356,1563.6009,-36.328,1563.6009,-34.442,1563.6009,-32.697,1563.6009,-31.506,1563.6009,-31.063
1563.6222,-38.347,1563.6222,-36.307,1563.6222,-34.423,1563.6222,-32.688,1563.6222,-31.515,1563.6222,-31.089
1563.6434,-38.338,1563.6434,-36.290,1563.6434,-34.408,1563.6434,-32.683,1563.6434,-31.523,1563.6434,-31.112
1563.6647,-38.327,1563.6647,-36.269,1563.6647,-34.389,1563.6647,-32.674,1563.6647,-31.532,1563.6647,-31.136
1563.6859,-38.318,1563.6859,-36.248,1563.6859,-34.372,1563.6859,-32.669,1563.6859,-31.542,1563.6859,-31.159
1563.7072,-38.307,1563.7072,-36.231,1563.7072,-34.352,1563.7072,-32.665,1563.7072,-31.552,1563.7072,-31.186
1563.7284,-38.298,1563.7284,-36.212,1563.7284,-34.336,1563.7284,-32.657,1563.7284,-31.561,1563.7284,-31.211
1563.7497,-38.287,1563.7497,-36.191,1563.7497,-34.319,1563.7497,-32.655,1563.7497,-31.571,1563.7497,-31.234
1563.7709,-38.278,1563.7709,-36.171,1563.7709,-34.303,1563.7709,-32.649,1563.7709,-31.583,1563.7709,-31.259
1563.7922,-38.268,1563.7922,-36.152,1563.7922,-34.286,1563.7922,-32.644,1563.7922,-31.592,1563.7922,-31.285
1563.8135,-38.255,1563.8135,-36.132,1563.8135,-34.268,1563.8135,-32.641,1563.8135,-31.603,1563.8135,-31.311
1563.8347,-38.243,1563.8347,-36.116,1563.8347,-34.252,1563.8347,-32.639,1563.8347,-31.614,1563.8347,-31.334
1563.8560,-38.234,1563.8560,-36.093,1563.8560,-34.236,1563.8560,-32.636,1563.8560,-31.627,1563.8560,-31.358
1563.8772,-38.218,1563.8772,-36.073,1563.8772,-34.222,1563.8772,-32.632,1563.8772,-31.639,1563.8772,-31.386
1563.8985,-38.207,1563.8985,-36.054,1563.8985,-34.207,1563.8985,-32.632,1563.8985,-31.654,1563.8985,-31.412
1563.9197,-38.191,1563.9197,-36.035,1563.9197,-34.193,1563.9197,-32.629,1563.9197,-31.663,1563.9197,-31.438
1563.9410,-38.176,1563.9410,-36.011,1563.9410,-34.177,1563.9410,-32.628,1563.9410,-31.677,1563.9410,-31.465
1563.9622,-38.161,1563.9622,-35.993,1563.9622,-34.165,1563.9622,-32.624,1563.9622,-31.691,1563.9622,-31.490
1563.9835,-38.147,1563.9835,-35.970,1563.9835,-34.146,1563.9835,-32.624,1563.9835,-31.704,1563.9835,-31.517
1564.0048,-38.130,1564.0048,-35.948,1564.0048,-34.135,1564.0048,-32.621,1564.0048,-31.718,1564.0048,-31.543
1564.0260,-38.114,1564.0260,-35.928,1564.0260,-34.117,1564.0260,-32.622,1564.0260,-31.729,1564.0260,-31.570
1564.0473,-38.099,1564.0473,-35.906,1564.0473,-34.103,1564.0473,-32.621,1564.0473,-31.744,1564.0473,-31.593
1564.0685,-38.082,1564.0685,-35.884,1564.0685,-34.088,1564.0685,-32.619,1564.0685,-31.756,1564.0685,-31.618
1564.0898,-38.062,1564.0898,-35.861,1564.0898,-34.071,1564.0898,-32.616,1564.0898,-31.771,1564.0898,-31.646
1564.1110,-38.045,1564.1110,-35.836,1564.1110,-34.056,1564.1110,-32.615,1564.1110,-31.782,1564.1110,-31.672
1564.1323,-38.029,1564.1323,-35.811,1564.1323,-34.038,1564.1323,-32.613,1564.1323,-31.795,1564.1323,-31.697
1564.1535,-38.011,1564.1535,-35.790,1564.1535,-34.023,1564.1535,-32.610,1564.1535,-31.808,1564.1535,-31.720
1564.1748,-37.992,1564.1748,-35.764,1564.1748,-34.003,1564.1748,-32.609,1564.1748,-31.819,1564.1748,-31.743
1564.1960,-37.972,1564.1960,-35.740,1564.1960,-33.990,1564.1960,-32.607,1564.1960,-31.834,1564.1960,-31.769
1564.2173,-37.954,1564.2173,-35.719,1564.2173,-33.973,1564.2173,-32.607,1564.2173,-31.844,1564.2173,-31.795
1564.2386,-37.939,1564.2386,-35.695,1564.2386,-33.953,1564.2386,-32.606,1564.2386,-31.860,1564.2386,-31.820
1564.2598,-37.922,1564.2598,-35.672,1564.2598,-33.933,1564.2598,-32.605,1564.2598,-31.870,1564.2598,-31.845
1564.2811,-37.905,1564.2811,-35.652,1564.2811,-33.922,1564.2811,-32.606,1564.2811,-31.889,1564.2811,-31.870
1564.3023,-37.888,1564.3023,-35.628,1564.3023,-33.911,1564.3023,-32.610,1564.3023,-31.902,1564.3023,-31.897
1564.3236,-37.868,1564.3236,-35.608,1564.3236,-33.898,1564.3236,-32.608,1564.3236,-31.917,1564.3236,-31.922
1564.3448,-37.851,1564.3448,-35.587,1564.3448,-33.887,1564.3448,-32.611,1564.3448,-31.933,1564.3448,-31.948
1564.3661,-37.834,1564.3661,-35.567,1564.3661,-33.873,1564.3661,-32.613,1564.3661,-31.950,1564.3661,-31.974
1564.3873,-37.816,1564.3873,-35.547,1564.3873,-33.862,1564.3873,-32.616,1564.3873,-31.965,1564.3873,-32.003
1564.4086,-37.800,1564.4086,-35.525,1564.4086,-33.851,1564.4086,-32.620,1564.4086,-31.985,1564.4086,-32.027
1564.4299,-37.782,1564.4299,-35.505,1564.4299,-33.842,1564.4299,-32.625,1564.4299,-32.002,1564.4299,-32.052
1564.4511,-37.765,1564.4511,-35.489,1564.4511,-33.834,1564.4511,-32.630,1564.4511,-32.018,1564.4511,-32.082
1564.4724,-37.747,1564.4724,-35.469,1564.4724,-33.825,1564.4724,-32.634,1564.4724,-32.038,1564.4724,-32.112
1564.4936,-37.728,1564.4936,-35.449,1564.4936,-33.816,1564.4936,-32.639,1564.4936,-32.058,1564.4936,-32.139
1564.5149,-37.713,1564.5149,-35.432,1564.5149,-33.809,1564.5149,-32.648,1564.5149,-32.074,1564.5149,-32.166
1564.5361,-37.696,1564.5361,-35.415,1564.5361,-33.805,1564.5361,-32.652,1564.5361,-32.092,1564.5361,-32.196
1564.5574,-37.675,1564.5574,-35.395,1564.5574,-33.795,1564.5574,-32.662,1564.5574,-32.115,1564.5574,-32.226
1564.5786,-37.659,1564.5786,-35.378,1564.5786,-33.788,1564.5786,-32.669,1564.5786,-32.134,1564.5786,-32.255
1564.5999,-37.641,1564.5999,-35.362,1564.5999,-33.781,1564.5999,-32.677,1564.5999,-32.157,1564.5999,-32.282
1564.6212,-37.621,1564.6212,-35.345,1564.6212,-33.774,1564.6212,-32.681,1564.6212,-32.175,1564.6212,-32.309
1564.6424,-37.602,1564.6424,-35.325,1564.6424,-33.767,1564.6424,-32.693,1564.6424,-32.193,1564.6424,-32.338
1564.6637,-37.582,1564.6637,-35.311,1564.6637,-33.763,1564.6637,-32.700,1564.6637,-32.213,1564.6637,-32.366
1564.6849,-37.563,1564.6849,-35.297,1564.6849,-33.758,1564.6849,-32.710,1564.6849,-32.235,1564.6849,-32.394
1564.7062,-37.543,1564.7062,-35.281,1564.7062,-33.751,1564.7062,-32.719,1564.7062,-32.257,1564.7062,-32.425
1564.7274,-37.528,1564.7274,-35.264,1564.7274,-33.749,1564.7274,-32.728,1564.7274,-32.277,1564.7274,-32.452
1564.7487,-37.509,1564.7487,-35.248,1564.7487,-33.744,1564.7487,-32.738,1564.7487,-32.299,1564.7487,-32.482
1564.7699,-37.488,1564.7699,-35.231,1564.7699,-33.740,1564.7699,-32.747,1564.7699,-32.322,1564.7699,-32.507
1564.7912,-37.469,1564.7912,-35.217,1564.7912,-33.737,1564.7912,-32.759,1564.7912,-32.344,1564.7912,-32.541
1564.8125,-37.451,1564.8125,-35.202,1564.8125,-33.735,1564.8125,-32.770,1564.8125,-32.366,1564.8125,-32.566
1564.8337,-37.431,1564.8337,-35.187,1564.8337,-33.732,1564.8337,-32.780,1564.8337,-32.390,1564.8337,-32.596
1564.8550,-37.410,1564.8550,-35.171,1564.8550,-33.727,1564.8550,-32.788,1564.8550,-32.412,1564.8550,-32.624
1564.8762,-37.391,1564.8762,-35.158,1564.8762,-33.726,1564.8762,-32.801,1564.8762,-32.434,1564.8762,-32.654
1564.8975,-37.373,1564.8975,-35.143,1564.8975,-33.722,1564.8975,-32.814,1564.8975,-32.456,1564.8975,-32.683
1564.9187,-37.349,1564.9187,-35.129,1564.9187,-33.720,1564.9187,-32.823,1564.9187,-32.481,1564.9187,-32.711
1564.9400,-37.330,1564.9400,-35.114,1564.9400,-33.720,1564.9400,-32.838,1564.9400,-32.506,1564.9400,-32.742
1564.9612,-37.311,1564.9612,-35.101,1564.9612,-33.719,1564.9612,-32.850,1564.9612,-32.530,1564.9612,-32.771
1564.9825,-37.292,1564.9825,-35.088,1564.9825,-33.716,1564.9825,-32.867,1564.9825,-32.555,1564.9825,-32.801
1565.0038,-37.269,1565.0038,-35.074,1565.0038,-33.717,1565.0038,-32.878,1565.0038,-32.581,1565.0038,-32.831
1565.0250,-37.248,1565.0250,-35.061,1565.0250,-33.718,1565.0250,-32.893,1565.0250,-32.605,1565.0250,-32.860
1565.0463,-37.230,1565.0463,-35.049,1565.0463,-33.717,1565.0463,-32.907,1565.0463,-32.630,1565.0463,-32.889
1565.0675,-37.206,1565.0675,-35.037,1565.0675,-33.720,1565.0675,-32.920,1565.0675,-32.657,1565.0675,-32.920
1565.0888,-37.186,1565.0888,-35.026,1565.0888,-33.718,1565.0888,-32.937,1565.0888,-32.679,1565.0888,-32.948
1565.1100,-37.165,1565.1100,-35.013,1565.1100,-33.721,1565.1100,-32.949,1565.1100,-32.704,1565.1100,-32.978
1565.1313,-37.143,1565.1313,-35.000,1565.1313,-33.721,1565.1313,-32.965,1565.1313,-32.731,1565.1313,-33.008
1565.1525,-37.123,1565.1525,-34.990,1565.1525,-33.724,1565.1525,-32.979,1565.1525,-32.756,1565.1525,-33.037
1565.1738,-37.102,1565.1738,-34.978,1565.1738,-33.727,1565.1738,-32.997,1565.1738,-32.781,1565.1738,-33.068
1565.1950,-37.086,1565.1950,-34.969,1565.1950,-33.732,1565.1950,-33.012,1565.1950,-32.809,1565.1950,-33.101
1565.2163,-37.066,1565.2163,-34.959,1565.2163,-33.731,1565.2163,-33.028,1565.2163,-32.837,1565.2163,-33.131
1565.2376,-37.045,1565.2376,-34.950,1565.2376,-33.736,1565.2376,-33.044,1565.2376,-32.861,1565.2376,-33.158
1565.2588,-37.023,1565.2588,-34.940,1565.2588,-33.740,1565.2588,-33.060,1565.2588,-32.887,1565.2588,-33.189
1565.2801,-37.006,1565.2801,-34.933,1565.2801,-33.745,1565.2801,-33.080,1565.2801,-32.916,1565.2801,-33.219
1565.3013,-36.984,1565.3013,-34.924,1565.3013,-33.751,1565.3013,-33.098,1565.3013,-32.942,1565.3013,-33.251
1565.3226,-36.961,1565.3226,-34.916,1565.3226,-33.752,1565.3226,-33.115,1565.3226,-32.969,1565.3226,-33.281
1565.3438,-36.945,1565.3438,-34.909,1565.3438,-33.761,1565.3438,-33.133,1565.3438,-32.998,1565.3438,-33.310
1565.3651,-36.924,1565.3651,-34.898,1565.3651,-33.766,1565.3651,-33.154,1565.3651,-33.024,1565.3651,-33.340
1565.3863,-36.903,1565.3863,-34.894,1565.3863,-33.774,1565.3863,-33.168,1565.3863,-33.053,1565.3863,-33.370
1565.4076,-36.883,1565.4076,-34.885,1565.4076,-33.781,1565.4076,-33.189,1565.4076,-33.080,1565.4076,-33.402
1565.4289,-36.861,1565.4289,-34.880,1565.4289,-33.785,1565.4289,-33.206,1565.4289,-33.109,1565.4289,-33.432
1565.4501,-36.842,1565.4501,-34.873,1565.4501,-33.792,1565.4501,-33.227,1565.4501,-33.139,1565.4501,-33.462
1565.4714,-36.819,1565.4714,-34.865,1565.4714,-33.800,1565.4714,-33.247,1565.4714,-33.165,1565.4714,-33.494
1565.4926,-36.801,1565.4926,-34.857,1565.4926,-33.807,1565.4926,-33.264,1565.4926,-33.195,1565.4926,-33.521
1565.5139,-36.780,1565.5139,-34.851,1565.5139,-33.810,1565.5139,-33.281,1565.5139,-33.222,1565.5139,-33.550
1565.5351,-36.760,1565.5351,-34.843,1565.5351,-33.818,1565.5351,-33.301,1565.5351,-33.249,1565.5351,-33.581
1565.5564,-36.740,1565.5564,-34.835,1565.5564,-33.822,1565.5564,-33.323,1565.5564,-33.277,1565.5564,-33.611
1565.5776,-36.720,1565.5776,-34.828,1565.5776,-33.830,1565.5776,-33.338,1565.5776,-33.303,1565.5776,-33.640
1565.5989,-36.699,1565.5989,-34.820,1565.5989,-33.834,1565.5989,-33.354,1565.5989,-33.328,1565.5989,-33.667
1565.6202,-36.677,1565.6202,-34.812,1565.6202,-33.843,1565.6202,-33.373,1565.6202,-33.354,1565.6202,-33.698
1565.6414,-36.663,1565.6414,-34.808,1565.6414,-33.848,1565.6414,-33.393,1565.6414,-33.381,1565.6414,-33.724
1565.6627,-36.639,1565.6627,-34.800,1565.6627,-33.853,1565.6627,-33.410,1565.6627,-33.407,1565.6627,-33.754
1565.6839,-36.622,1565.6839,-34.794,1565.6839,-33.863,1565.6839,-33.431,1565.6839,-33.432,1565.6839,-33.783
1565.7052,-36.603,1565.7052,-34.789,1565.7052,-33.868,1565.7052,-33.447,1565.7052,-33.459,1565.7052,-33.812
1565.7264,-36.583,1565.7264,-34.783,1565.7264,-33.878,1565.7264,-33.467,1565.7264,-33.484,1565.7264,-33.840
1565.7477,-36.567,1565.7477,-34.778,1565.7477,-33.886,1565.7477,-33.489,1565.7477,-33.515,1565.7477,-33.872
1565.7689,-36.551,1565.7689,-34.776,1565.7689,-33.895,1565.7689,-33.505,1565.7689,-33.539,1565.7689,-33.899
1565.7902,-36.532,1565.7902,-34.772,1565.7902,-33.901,1565.7902,-33.527,1565.7902,-33.567,1565.7902,-33.928
1565.8115,-36.517,1565.8115,-34.770,1565.8115,-33.916,1565.8115,-33.548,1565.8115,-33.594,1565.8115,-33.958
1565.8327,-36.500,1565.8327,-34.769,1565.8327,-33.926,1565.8327,-33.568,1565.8327,-33.621,1565.8327,-33.988
1565.8540,-36.483,1565.8540,-34.767,1565.8540,-33.935,1565.8540,-33.588,1565.8540,-33.649,1565.8540,-34.020
1565.8752,-36.467,1565.8752,-34.765,1565.8752,-33.949,1565.8752,-33.614,1565.8752,-33.678,1565.8752,-34.051
1565.8965,-36.453,1565.8965,-34.762,1565.8965,-33.955,1565.8965,-33.634,1565.8965,-33.706,1565.8965,-34.083
1565.9177,-36.438,1565.9177,-34.765,1565.9177,-33.971,1565.9177,-33.660,1565.9177,-33.737,1565.9177,-34.113
1565.9390,-36.422,1565.9390,-34.764,1565.9390,-33.982,1565.9390,-33.680,1565.9390,-33.766,1565.9390,-34.144
1565.9602,-36.409,1565.9602,-34.762,1565.9602,-33.996,1565.9602,-33.701,1565.9602,-33.796,1565.9602,-34.176
1565.9815,-36.394,1565.9815,-34.763,1565.9815,-34.008,1565.9815,-33.726,1565.9815,-33.821,1565.9815,-34.205
1566.0028,-36.380,1566.0028,-34.764,1566.0028,-34.020,1566.0028,-33.747,1566.0028,-33.849,1566.0028,-34.236
1566.0240,-36.364,1566.0240,-34.764,1566.0240,-34.035,1566.0240,-33.770,1566.0240,-33.880,1566.0240,-34.267
1566.0453,-36.352,1566.0453,-34.768,1566.0453,-34.047,1566.0453,-33.793,1566.0453,-33.910,1566.0453,-34.300
1566.0665,-36.338,1566.0665,-34.766,1566.0665,-34.062,1566.0665,-33.819,1566.0665,-33.937,1566.0665,-34.330
1566.0878,-36.330,1566.0878,-34.771,1566.0878,-34.076,1566.0878,-33.842,1566.0878,-33.964,1566.0878,-34.366
1566.1090,-36.315,1566.1090,-34.776,1566.1090,-34.093,1566.1090,-33.867,1566.1090,-33.993,1566.1090,-34.395
1566.1303,-36.300,1566.1303,-34.776,1566.1303,-34.104,1566.1303,-33.891,1566.1303,-34.019,1566.1303,-34.428
1566.1515,-36.291,1566.1515,-34.781,1566.1515,-34.120,1566.1515,-33.915,1566.1515,-34.051,1566.1515,-34.459
1566.1728,-36.277,1566.1728,-34.783,1566.1728,-34.136,1566.1728,-33.940,1566.1728,-34.077,1566.1728,-34.493
1566.1940,-36.267,1566.1940,-34.786,1566.1940,-34.151,1566.1940,-33.963,1566.1940,-34.106,1566.1940,-34.522
1566.2153,-36.257,1566.2153,-34.788,1566.2153,-34.167,1566.2153,-33.987,1566.2153,-34.135,1566.2153,-34.553
1566.2366,-36.245,1566.2366,-34.795,1566.2366,-34.179,1566.2366,-34.010,1566.2366,-34.160,1566.2366,-34.585
1566.2578,-36.233,1566.2578,-34.798,1566.2578,-34.198,1566.2578,-34.038,1566.2578,-34.192,1566.2578,-34.619
1566.2791,-36.222,1566.2791,-34.803,1566.2791,-34.212,1566.2791,-34.061,1566.2791,-34.216,1566.2791,-34.650
1566.3003,-36.213,1566.3003,-34.809,1566.3003,-34.230,1566.3003,-34.086,1566.3003,-34.247,1566.3003,-34.682
1566.3216,-36.204,1566.3216,-34.816,1566.3216,-34.245,1566.3216,-34.110,1566.3216,-34.275,1566.3216,-34.716
1566.3428,-36.194,1566.3428,-34.820,1566.3428,-34.263,1566.3428,-34.136,1566.3428,-34.304,1566.3428,-34.748
1566.3641,-36.182,1566.3641,-34.825,1566.3641,-34.281,1566.3641,-34.159,1566.3641,-34.334,1566.3641,-34.782
1566.3853,-36.175,1566.3853,-34.833,1566.3853,-34.300,1566.3853,-34.189,1566.3853,-34.361,1566.3853,-34.814
1566.4066,-36.164,1566.4066,-34.839,1566.4066,-34.313,1566.4066,-34.215,1566.4066,-34.391,1566.4066,-34.849
1566.4279,-36.155,1566.4279,-34.843,1566.4279,-34.331,1566.4279,-34.239,1566.4279,-34.419,1566.4279,-34.882
1566.4491,-36.148,1566.4491,-34.852,1566.4491,-34.354,1566.4491,-34.265,1566.4491,-34.449,1566.4491,-34.916
1566.4704,-36.139,1566.4704,-34.860,1566.4704,-34.370,1566.4704,-34.290,1566.4704,-34.479,1566.4704,-34.947
1566.4916,-36.128,1566.4916,-34.866,1566.4916,-34.390,1566.4916,-34.317,1566.4916,-34.508,1566.4916,-34.984
1566.5129,-36.121,1566.5129,-34.877,1566.5129,-34.405,1566.5129,-34.346,1566.5129,-34.539,1566.5129,-35.014
1566.5341,-36.115,1566.5341,-34.884,1566.5341,-34.426,1566.5341,-34.370,1566.5341,-34.567,1566.5341,-35.052
1566.5554,-36.110,1566.5554,-34.894,1566.5554,-34.445,1566.5554,-34.396,1566.5554,-34.597,1566.5554,-35.084
1566.5766,-36.102,1566.5766,-34.903,1566.5766,-34.467,1566.5766,-34.426,1566.5766,-34.628,1566.5766,-35.121
1566.5979,-36.096,1566.5979,-34.912,1566.5979,-34.486,1566.5979,-34.456,1566.5979,-34.660,1566.5979,-35.157
1566.6192,-36.092,1566.6192,-34.922,1566.6192,-34.506,1566.6192,-34.479,1566.6192,-34.686,1566.6192,-35.189
1566.6404,-36.085,1566.6404,-34.932,1566.6404,-34.530,1566.6404,-34.513,1566.6404,-34.719,1566.6404,-35.226
1566.6617,-36.078,1566.6617,-34.943,1566.6617,-34.550,1566.6617,-34.538,1566.6617,-34.745,1566.6617,-35.261
1566.6829,-36.076,1566.6829,-34.952,1566.6829,-34.573,1566.6829,-34.567,1566.6829,-34.778,1566.6829,-35.297
1566.7042,-36.071,1566.7042,-34.964,1566.7042,-34.591,1566.7042,-34.595,1566.7042,-34.804,1566.7042,-35.334
1566.7254,-36.066,1566.7254,-34.975,1566.7254,-34.614,1566.7254,-34.622,1566.7254,-34.838,1566.7254,-35.370
1566.7467,-36.061,1566.7467,-34.991,1566.7467,-34.635,1566.7467,-34.652,1566.7467,-34.866,1566.7467,-35.405
1566.7679,-36.061,1566.7679,-35.001,1566.7679,-34.656,1566.7679,-34.680,1566.7679,-34.897,1566.7679,-35.443
1566.7892,-36.056,1566.7892,-35.013,1566.7892,-34.680,1566.7892,-34.706,1566.7892,-34.924,1566.7892,-35.476
1566.8105,-36.054,1566.8105,-35.026,1566.8105,-34.703,1566.8105,-34.732,1566.8105,-34.959,1566.8105,-35.512
1566.8317,-36.049,1566.8317,-35.040,1566.8317,-34.726,1566.8317,-34.764,1566.8317,-34.987,1566.8317,-35.549
1566.8530,-36.051,1566.8530,-35.054,1566.8530,-34.748,1566.8530,-34.790,1566.8530,-35.022,1566.8530,-35.590
1566.8742,-36.046,1566.8742,-35.067,1566.8742,-34.772,1566.8742,-34.820,1566.8742,-35.046,1566.8742,-35.621
1566.8955,-36.042,1566.8955,-35.080,1566.8955,-34.792,1566.8955,-34.847,1566.8955,-35.080,1566.8955,-35.659
1566.9167,-36.041,1566.9167,-35.096,1566.9167,-34.818,1566.9167,-34.877,1566.9167,-35.109,1566.9167,-35.698
1566.9380,-36.038,1566.9380,-35.105,1566.9380,-34.839,1566.9380,-34.905,1566.9380,-35.139,1566.9380,-35.729
1566.9592,-36.036,1566.9592,-35.119,1566.9592,-34.861,1566.9592,-34.931,1566.9592,-35.169,1566.9592,-35.765
1566.9805,-36.033,1566.9805,-35.134,1566.9805,-34.884,1566.9805,-34.960,1566.9805,-35.195,1566.9805,-35.799
1567.0018,-36.034,1567.0018,-35.147,1567.0018,-34.910,1567.0018,-34.987,1567.0018,-35.229,1567.0018,-35.833
1567.0230,-36.033,1567.0230,-35.160,1567.0230,-34.929,1567.0230,-35.013,1567.0230,-35.256,1567.0230,-35.865
1567.0443,-36.030,1567.0443,-35.176,1567.0443,-34.950,1567.0443,-35.040,1567.0443,-35.287,1567.0443,-35.904
1567.0655,-36.032,1567.0655,-35.189,1567.0655,-34.975,1567.0655,-35.069,1567.0655,-35.316,1567.0655,-35.941
1567.0868,-36.033,1567.0868,-35.204,1567.0868,-34.994,1567.0868,-35.096,1567.0868,-35.344,1567.0868,-35.974
1567.1080,-36.032,1567.1080,-35.217,1567.1080,-35.018,1567.1080,-35.123,1567.1080,-35.374,1567.1080,-36.009
1567.1293,-36.033,1567.1293,-35.230,1567.1293,-35.041,1567.1293,-35.153,1567.1293,-35.405,1567.1293,-36.045
1567.1505,-36.034,1567.1505,-35.246,1567.1505,-35.064,1567.1505,-35.179,1567.1505,-35.432,1567.1505,-36.080
1567.1718,-36.038,1567.1718,-35.260,1567.1718,-35.087,1567.1718,-35.206,1567.1718,-35.461,1567.1718,-36.114
1567.1930,-36.041,1567.1930,-35.279,1567.1930,-35.114,1567.1930,-35.231,1567.1930,-35.494,1567.1930,-36.154
1567.2143,-36.044,1567.2143,-35.294,1567.2143,-35.136,1567.2143,-35.261,1567.2143,-35.520,1567.2143,-36.186
1567.2356,-36.047,1567.2356,-35.309,1567.2356,-35.162,1567.2356,-35.286,1567.2356,-35.552,1567.2356,-36.224
1567.2568,-36.050,1567.2568,-35.327,1567.2568,-35.185,1567.2568,-35.317,1567.2568,-35.580,1567.2568,-36.259
1567.2781,-36.054,1567.2781,-35.344,1567.2781,-35.212,1567.2781,-35.347,1567.2781,-35.613,1567.2781,-36.297
1567.2993,-36.061,1567.2993,-35.364,1567.2993,-35.236,1567.2993,-35.375,1567.2993,-35.641,1567.2993,-36.333
1567.3206,-36.066,1567.3206,-35.381,1567.3206,-35.263,1567.3206,-35.405,1567.3206,-35.676,1567.3206,-36.370
1567.3418,-36.069,1567.3418,-35.399,1567.3418,-35.290,1567.3418,-35.431,1567.3418,-35.703,1567.3418,-36.406
1567.3631,-36.075,1567.3631,-35.417,1567.3631,-35.312,1567.3631,-35.458,1567.3631,-35.733,1567.3631,-36.446
1567.3843,-36.082,1567.3843,-35.438,1567.3843,-35.341,1567.3843,-35.488,1567.3843,-35.767,1567.3843,-36.479
1567.4056,-36.087,1567.4056,-35.456,1567.4056,-35.366,1567.4056,-35.516,1567.4056,-35.799,1567.4056,-36.516
1567.4269,-36.095,1567.4269,-35.475,1567.4269,-35.393,1567.4269,-35.544,1567.4269,-35.828,1567.4269,-36.554
1567.4481,-36.101,1567.4481,-35.494,1567.4481,-35.418,1567.4481,-35.577,1567.4481,-35.860,1567.4481,-36.592
1567.4694,-36.109,1567.4694,-35.516,1567.4694,-35.443,1567.4694,-35.604,1567.4694,-35.893,1567.4694,-36.629
1567.4906,-36.117,1567.4906,-35.535,1567.4906,-35.474,1567.4906,-35.632,1567.4906,-35.925,1567.4906,-36.663
1567.5119,-36.122,1567.5119,-35.554,1567.5119,-35.498,1567.5119,-35.660,1567.5119,-35.960,1567.5119,-36.703
1567.5331,-36.130,1567.5331,-35.575,1567.5331,-35.526,1567.5331,-35.688,1567.5331,-35.987,1567.5331,-36.737
1567.5544,-36.138,1567.5544,-35.597,1567.5544,-35.551,1567.5544,-35.719,1567.5544,-36.023,1567.5544,-36.777
1567.5756,-36.147,1567.5756,-35.616,1567.5756,-35.576,1567.5756,-35.745,1567.5756,-36.051,1567.5756,-36.810
1567.5969,-36.155,1567.5969,-35.637,1567.5969,-35.605,1567.5969,-35.780,1567.5969,-36.085,1567.5969,-36.850
1567.6182,-36.164,1567.6182,-35.657,1567.6182,-35.630,1567.6182,-35.804,1567.6182,-36.119,1567.6182,-36.883
1567.6394,-36.174,1567.6394,-35.679,1567.6394,-35.658,1567.6394,-35.835,1567.6394,-36.150,1567.6394,-36.918
1567.6607,-36.186,1567.6607,-35.703,1567.6607,-35.685,1567.6607,-35.865,1567.6607,-36.184,1567.6607,-36.959
1567.6819,-36.195,1567.6819,-35.723,1567.6819,-35.717,1567.6819,-35.895,1567.6819,-36.213,1567.6819,-36.995
1567.7032,-36.201,1567.7032,-35.742,1567.7032,-35.738,1567.7032,-35.922,1567.7032,-36.249,1567.7032,-37.035
1567.7244,-36.213,1567.7244,-35.766,1567.7244,-35.770,1567.7244,-35.952,1567.7244,-36.280,1567.7244,-37.065
1567.7457,-36.225,1567.7457,-35.787,1567.7457,-35.795,1567.7457,-35.982,1567.7457,-36.317,1567.7457,-37.107
1567.7669,-36.233,1567.7669,-35.808,1567.7669,-35.823,1567.7669,-36.008,1567.7669,-36.344,1567.7669,-37.137
1567.7882,-36.245,1567.7882,-35.829,1567.7882,-35.847,1567.7882,-36.037,1567.7882,-36.378,1567.7882,-37.178
1567.8095,-36.256,1567.8095,-35.856,1567.8095,-35.881,1567.8095,-36.065,1567.8095,-36.412,1567.8095,-37.218
1567.8307,-36.269,1567.8307,-35.877,1567.8307,-35.907,1567.8307,-36.097,1567.8307,-36.447,1567.8307,-37.256
1567.8520,-36.281,1567.8520,-35.900,1567.8520,-35.931,1567.8520,-36.125,1567.8520,-36.479,1567.8520,-37.291
1567.8732,-36.292,1567.8732,-35.922,1567.8732,-35.963,1567.8732,-36.156,1567.8732,-36.511,1567.8732,-37.331
1567.8945,-36.303,1567.8945,-35.947,1567.8945,-35.989,1567.8945,-36.184,1567.8945,-36.547,1567.8945,-37.365
1567.9157,-36.316,1567.9157,-35.973,1567.9157,-36.021,1567.9157,-36.217,1567.9157,-36.580,1567.9157,-37.404
1567.9370,-36.327,1567.9370,-35.993,1567.9370,-36.043,1567.9370,-36.241,1567.9370,-36.614,1567.9370,-37.439
1567.9582,-36.343,1567.9582,-36.018,1567.9582,-36.078,1567.9582,-36.274,1567.9582,-36.647,1567.9582,-37.480
1567.9795,-36.356,1567.9795,-36.043,1567.9795,-36.101,1567.9795,-36.304,1567.9795,-36.687,1567.9795,-37.516
1568.0008,-36.368,1568.0008,-36.067,1568.0008,-36.129,1568.0008,-36.336,1568.0008,-36.722,1568.0008,-37.555
1568.0220,-36.384,1568.0220,-36.093,1568.0220,-36.160,1568.0220,-36.363,1568.0220,-36.756,1568.0220,-37.592
1568.0433,-36.397,1568.0433,-36.119,1568.0433,-36.185,1568.0433,-36.396,1568.0433,-36.794,1568.0433,-37.627
1568.0645,-36.413,1568.0645,-36.143,1568.0645,-36.221,1568.0645,-36.426,1568.0645,-36.829,1568.0645,-37.669
1568.0858,-36.428,1568.0858,-36.168,1568.0858,-36.247,1568.0858,-36.457,1568.0858,-36.866,1568.0858,-37.705
1568.1070,-36.444,1568.1070,-36.193,1568.1070,-36.276,1568.1070,-36.492,1568.1070,-36.904,1568.1070,-37.744
1568.1283,-36.460,1568.1283,-36.219,1568.1283,-36.304,1568.1283,-36.519,1568.1283,-36.935,1568.1283,-37.784
1568.1495,-36.476,1568.1495,-36.242,1568.1495,-36.335,1568.1495,-36.552,1568.1495,-36.973,1568.1495,-37.817
1568.1708,-36.495,1568.1708,-36.273,1568.1708,-36.365,1568.1708,-36.586,1568.1708,-37.012,1568.1708,-37.858
1568.1920,-36.510,1568.1920,-36.300,1568.1920,-36.392,1568.1920,-36.615,1568.1920,-37.047,1568.1920,-37.897
1568.2133,-36.531,1568.2133,-36.327,1568.2133,-36.426,1568.2133,-36.653,1568.2133,-37.087,1568.2133,-37.938
1568.2346,-36.546,1568.2346,-36.352,1568.2346,-36.450,1568.2346,-36.678,1568.2346,-37.119,1568.2346,-37.972
1568.2558,-36.564,1568.2558,-36.379,1568.2558,-36.485,1568.2558,-36.711,1568.2558,-37.157,1568.2558,-38.011
1568.2771,-36.581,1568.2771,-36.407,1568.2771,-36.513,1568.2771,-36.743,1568.2771,-37.194,1568.2771,-38.049
1568.2983,-36.602,1568.2983,-36.433,1568.2983,-36.543,1568.2983,-36.774,1568.2983,-37.225,1568.2983,-38.087
1568.3196,-36.614,1568.3196,-36.458,1568.3196,-36.570,1568.3196,-36.804,1568.3196,-37.270,1568.3196,-38.126
1568.3408,-36.633,1568.3408,-36.487,1568.3408,-36.601,1568.3408,-36.840,1568.3408,-37.306,1568.3408,-38.164
1568.3621,-36.651,1568.3621,-36.513,1568.3621,-36.631,1568.3621,-36.870,1568.3621,-37.342,1568.3621,-38.203
1568.3833,-36.667,1568.3833,-36.539,1568.3833,-36.660,1568.3833,-36.903,1568.3833,-37.375,1568.3833,-38.239
1568.4046,-36.688,1568.4046,-36.566,1568.4046,-36.688,1568.4046,-36.933,1568.4046,-37.415,1568.4046,-38.277
1568.4259,-36.707,1568.4259,-36.595,1568.4259,-36.719,1568.4259,-36.965,1568.4259,-37.448,1568.4259,-38.317
1568.4471,-36.723,1568.4471,-36.619,1568.4471,-36.746,1568.4471,-36.994,1568.4471,-37.484,1568.4471,-38.351
1568.4684,-36.740,1568.4684,-36.646,1568.4684,-36.775,1568.4684,-37.023,1568.4684,-37.523,1568.4684,-38.390
1568.4896,-36.757,1568.4896,-36.672,1568.4896,-36.804,1568.4896,-37.057,1568.4896,-37.559,1568.4896,-38.427
1568.5109,-36.778,1568.5109,-36.700,1568.5109,-36.831,1568.5109,-37.088,1568.5109,-37.593,1568.5109,-38.463
1568.5321,-36.799,1568.5321,-36.724,1568.5321,-36.860,1568.5321,-37.107,1568.5321,-37.632,1568.5321,-38.498
1568.5534,-36.817,1568.5534,-36.750,1568.5534,-36.889,1568.5534,-37.152,1568.5534,-37.666,1568.5534,-38.533
1568.5746,-36.835,1568.5746,-36.778,1568.5746,-36.914,1568.5746,-37.181,1568.5746,-37.701,1568.5746,-38.569
1568.5959,-36.856,1568.5959,-36.804,1568.5959,-36.941,1568.5959,-37.213,1568.5959,-37.735,1568.5959,-38.603
1568.6172,-36.874,1568.6172,-36.831,1568.6172,-36.967,1568.6172,-37.243,1568.6172,-37.772,1568.6172,-38.640
1568.6384,-36.896,1568.6384,-36.856,1568.6384,-37.001,1568.6384,-37.275,1568.6384,-37.808,1568.6384,-38.678
1568.6597,-36.915,1568.6597,-36.885,1568.6597,-37.023,1568.6597,-37.308,1568.6597,-37.845,1568.6597,-38.710
1568.6809,-36.933,1568.6809,-36.910,1568.6809,-37.055,1568.6809,-37.337,1568.6809,-37.881,1568.6809,-38.752
1568.7022,-36.954,1568.7022,-36.936,1568.7022,-37.082,1568.7022,-37.369,1568.7022,-37.915,1568.7022,-38.789
1568.7234,-36.978,1568.7234,-36.967,1568.7234,-37.116,1568.7234,-37.403,1568.7234,-37.952,1568.7234,-38.822
1568.7447,-37.002,1568.7447,-36.992,1568.7447,-37.141,1568.7447,-37.436,1568.7447,-37.992,1568.7447,-38.863
1568.7659,-37.023,1568.7659,-37.018,1568.7659,-37.171,1568.7659,-37.469,1568.7659,-38.025,1568.7659,-38.898
1568.7872,-37.047,1568.7872,-37.049,1568.7872,-37.204,1568.7872,-37.505,1568.7872,-38.063,1568.7872,-38.937
1568.8085,-37.068,1568.8085,-37.077,1568.8085,-37.236,1568.8085,-37.536,1568.8085,-38.100,1568.8085,-38.974
1568.8297,-37.092,1568.8297,-37.102,1568.8297,-37.261,1568.8297,-37.567,1568.8297,-38.136,1568.8297,-39.011
1568.8510,-37.114,1568.8510,-37.134,1568.8510,-37.291,1568.8510,-37.602,1568.8510,-38.171,1568.8510,-39.048
1568.8722,-37.139,1568.8722,-37.161,1568.8722,-37.320,1568.8722,-37.636,1568.8722,-38.208,1568.8722,-39.091
1568.8935,-37.161,1568.8935,-37.187,1568.8935,-37.349,1568.8935,-37.667,1568.8935,-38.244,1568.8935,-39.125
1568.9147,-37.183,1568.9147,-37.216,1568.9147,-37.383,1568.9147,-37.703,1568.9147,-38.282,1568.9147,-39.164
1568.9360,-37.206,1568.9360,-37.247,1568.9360,-37.411,1568.9360,-37.736,1568.9360,-38.318,1568.9360,-39.201
1568.9572,-37.230,1568.9572,-37.274,1568.9572,-37.440,1568.9572,-37.771,1568.9572,-38.356,1568.9572,-39.236
1568.9785,-37.255,1568.9785,-37.302,1568.9785,-37.466,1568.9785,-37.800,1568.9785,-38.391,1568.9785,-39.272
1568.9997,-37.279,1568.9997,-37.329,1568.9997,-37.497,1568.9997,-37.835,1568.9997,-38.427,1568.9997,-39.312
1569.0210,-37.302,1569.0210,-37.357,1569.0210,-37.527,1569.0210,-37.870,1569.0210,-38.465,1569.0210,-39.346
1569.0423,-37.324,1569.0423,-37.386,1569.0423,-37.558,1569.0423,-37.902,1569.0423,-38.502,1569.0423,-39.382
1569.0635,-37.350,1569.0635,-37.415,1569.0635,-37.586,1569.0635,-37.936,1569.0635,-38.539,1569.0635,-39.418
1569.0848,-37.370,1569.0848,-37.444,1569.0848,-37.618,1569.0848,-37.969,1569.0848,-38.576,1569.0848,-39.458
1569.1060,-37.397,1569.1060,-37.474,1569.1060,-37.644,1569.1060,-38.006,1569.1060,-38.612,1569.1060,-39.493
1569.1273,-37.418,1569.1273,-37.497,1569.1273,-37.673,1569.1273,-38.039,1569.1273,-38.649,1569.1273,-39.530
1569.1485,-37.443,1569.1485,-37.526,1569.1485,-37.706,1569.1485,-38.072,1569.1485,-38.684,1569.1485,-39.566
1569.1698,-37.470,1569.1698,-37.557,1569.1698,-37.737,1569.1698,-38.109,1569.1698,-38.720,1569.1698,-39.603
1569.1910,-37.492,1569.1910,-37.581,1569.1910,-37.761,1569.1910,-38.141,1569.1910,-38.757,1569.1910,-39.638
1569.2123,-37.516,1569.2123,-37.608,1569.2123,-37.788,1569.2123,-38.171,1569.2123,-38.791,1569.2123,-39.675
1569.2336,-37.541,1569.2336,-37.636,1569.2336,-37.821,1569.2336,-38.211,1569.2336,-38.832,1569.2336,-39.710
1569.2548,-37.563,1569.2548,-37.665,1569.2548,-37.852,1569.2548,-38.243,1569.2548,-38.868,1569.2548,-39.744
1569.2761,-37.588,1569.2761,-37.697,1569.2761,-37.883,1569.2761,-38.278,1569.2761,-38.901,1569.2761,-39.789
1569.2973,-37.615,1569.2973,-37.720,1569.2973,-37.912,1569.2973,-38.313,1569.2973,-38.938,1569.2973,-39.821
1569.3186,-37.637,1569.3186,-37.750,1569.3186,-37.943,1569.3186,-38.348,1569.3186,-38.975,1569.3186,-39.860
1569.3398,-37.661,1569.3398,-37.777,1569.3398,-37.971,1569.3398,-38.385,1569.3398,-39.010,1569.3398,-39.894
1569.3611,-37.687,1569.3611,-37.805,1569.3611,-38.003,1569.3611,-38.417,1569.3611,-39.046,1569.3611,-39.933
1569.3823,-37.712,1569.3823,-37.833,1569.3823,-38.033,1569.3823,-38.454,1569.3823,-39.085,1569.3823,-39.967
1569.4036,-37.738,1569.4036,-37.860,1569.4036,-38.065,1569.4036,-38.486,1569.4036,-39.119,1569.4036,-40.000
1569.4249,-37.767,1569.4249,-37.889,1569.4249,-38.092,1569.4249,-38.522,1569.4249,-39.152,1569.4249,-40.038
1569.4461,-37.790,1569.4461,-37.919,1569.4461,-38.127,1569.4461,-38.556,1569.4461,-39.191,1569.4461,-40.078
1569.4674,-37.818,1569.4674,-37.943,1569.4674,-38.155,1569.4674,-38.596,1569.4674,-39.228,1569.4674,-40.110
1569.4886,-37.843,1569.4886,-37.975,1569.4886,-38.189,1569.4886,-38.629,1569.4886,-39.262,1569.4886,-40.149
1569.5099,-37.870,1569.5099,-38.004,1569.5099,-38.219,1569.5099,-38.664,1569.5099,-39.300,1569.5099,-40.186
1569.5311,-37.895,1569.5311,-38.034,1569.5311,-38.251,1569.5311,-38.700,1569.5311,-39.337,1569.5311,-40.219
1569.5524,-37.924,1569.5524,-38.063,1569.5524,-38.282,1569.5524,-38.738,1569.5524,-39.376,1569.5524,-40.257
1569.5736,-37.952,1569.5736,-38.090,1569.5736,-38.311,1569.5736,-38.774,1569.5736,-39.408,1569.5736,-40.291
1569.5949,-37.980,1569.5949,-38.120,1569.5949,-38.345,1569.5949,-38.808,1569.5949,-39.448,1569.5949,-40.329
1569.6162,-38.009,1569.6162,-38.148,1569.6162,-38.375,1569.6162,-38.843,1569.6162,-39.486,1569.6162,-40.366
1569.6374,-38.037,1569.6374,-38.177,1569.6374,-38.410,1569.6374,-38.880,1569.6374,-39.522,1569.6374,-40.401
1569.6587,-38.062,1569.6587,-38.206,1569.6587,-38.440,1569.6587,-38.917,1569.6587,-39.560,1569.6587,-40.439
1569.6799,-38.095,1569.6799,-38.239,1569.6799,-38.475,1569.6799,-38.955,1569.6799,-39.598,1569.6799,-40.477
1569.7012,-38.121,1569.7012,-38.268,1569.7012,-38.506,1569.7012,-38.994,1569.7012,-39.635,1569.7012,-40.511
1569.7224,-38.146,1569.7224,-38.299,1569.7224,-38.540,1569.7224,-39.029,1569.7224,-39.673,1569.7224,-40.545
1569.7437,-38.174,1569.7437,-38.327,1569.7437,-38.574,1569.7437,-39.068,1569.7437,-39.715,1569.7437,-40.585
1569.7649,-38.204,1569.7649,-38.354,1569.7649,-38.610,1569.7649,-39.106,1569.7649,-39.748,1569.7649,-40.618
1569.7862,-38.230,1569.7862,-38.389,1569.7862,-38.638,1569.7862,-39.143,1569.7862,-39.785,1569.7862,-40.652
1569.8075,-38.258,1569.8075,-38.416,1569.8075,-38.674,1569.8075,-39.178,1569.8075,-39.823,1569.8075,-40.689
1569.8287,-38.287,1569.8287,-38.447,1569.8287,-38.706,1569.8287,-39.218,1569.8287,-39.859,1569.8287,-40.726
1569.8500,-38.312,1569.8500,-38.473,1569.8500,-38.740,1569.8500,-39.254,1569.8500,-39.897,1569.8500,-40.761
1569.8712,-38.339,1569.8712,-38.505,1569.8712,-38.774,1569.8712,-39.288,1569.8712,-39.934,1569.8712,-40.798
1569.8925,-38.366,1569.8925,-38.530,1569.8925,-38.806,1569.8925,-39.324,1569.8925,-39.968,1569.8925,-40.826
1569.9137,-38.390,1569.9137,-38.559,1569.9137,-38.840,1569.9137,-39.361,1569.9137,-40.002,1569.9137,-40.863
1569.9350,-38.419,1569.9350,-38.588,1569.9350,-38.870,1569.9350,-39.397,1569.9350,-40.042,1569.9350,-40.897
1569.9562,-38.443,1569.9562,-38.616,1569.9562,-38.904,1569.9562,-39.432,1569.9562,-40.074,1569.9562,-40.930
1569.9775,-38.472,1569.9775,-38.646,1569.9775,-38.935,1569.9775,-39.467,1569.9775,-40.110,1569.9775,-40.961
1569.9987,-38.498,1569.9987,-38.673,1569.9987,-38.968,1569.9987,-39.502,1569.9987,-40.146,1569.9987,-40.995
1570.0200,-38.523,1570.0200,-38.698,1570.0200,-39.000,1570.0200,-39.534,1570.0200,-40.182,1570.0200,-41.023
1570.0413,-38.553,1570.0413,-38.728,1570.0413,-39.032,1570.0413,-39.571,1570.0413,-40.218,1570.0413,-41.055
1570.0625,-38.580,1570.0625,-38.760,1570.0625,-39.066,1570.0625,-39.609,1570.0625,-40.253,1570.0625,-41.091
1570.0838,-38.606,1570.0838,-38.787,1570.0838,-39.098,1570.0838,-39.641,1570.0838,-40.284,1570.0838,-41.120
1570.1050,-38.633,1570.1050,-38.816,1570.1050,-39.132,1570.1050,-39.676,1570.1050,-40.323,1570.1050,-41.150
1570.1263,-38.663,1570.1263,-38.844,1570.1263,-39.160,1570.1263,-39.714,1570.1263,-40.355,1570.1263,-41.178
1570.1475,-38.686,1570.1475,-38.870,1570.1475,-39.197,1570.1475,-39.744,1570.1475,-40.391,1570.1475,-41.211
1570.1688,-38.712,1570.1688,-38.900,1570.1688,-39.228,1570.1688,-39.779,1570.1688,-40.429,1570.1688,-41.245
1570.1900,-38.744,1570.1900,-38.931,1570.1900,-39.261,1570.1900,-39.818,1570.1900,-40.466,1570.1900,-41.272
1570.2113,-38.770,1570.2113,-38.959,1570.2113,-39.291,1570.2113,-39.855,1570.2113,-40.499,1570.2113,-41.303
1570.2326,-38.796,1570.2326,-38.989,1570.2326,-39.328,1570.2326,-39.885,1570.2326,-40.534,1570.2326,-41.331
1570.2538,-38.825,1570.2538,-39.019,1570.2538,-39.361,1570.2538,-39.924,1570.2538,-40.574,1570.2538,-41.365
1570.2751,-38.851,1570.2751,-39.047,1570.2751,-39.395,1570.2751,-39.959,1570.2751,-40.607,1570.2751,-41.393
1570.2963,-38.876,1570.2963,-39.078,1570.2963,-39.427,1570.2963,-39.993,1570.2963,-40.643,1570.2963,-41.421
1570.3176,-38.904,1570.3176,-39.105,1570.3176,-39.463,1570.3176,-40.030,1570.3176,-40.677,1570.3176,-41.450
1570.3388,-38.936,1570.3388,-39.138,1570.3388,-39.499,1570.3388,-40.066,1570.3388,-40.716,1570.3388,-41.483
1570.3601,-38.962,1570.3601,-39.164,1570.3601,-39.531,1570.3601,-40.102,1570.3601,-40.748,1570.3601,-41.516
1570.3813,-38.989,1570.3813,-39.195,1570.3813,-39.566,1570.3813,-40.138,1570.3813,-40.785,1570.3813,-41.543
1570.4026,-39.020,1570.4026,-39.226,1570.4026,-39.603,1570.4026,-40.178,1570.4026,-40.822,1570.4026,-41.565
1570.4239,-39.047,1570.4239,-39.256,1570.4239,-39.637,1570.4239,-40.207,1570.4239,-40.856,1570.4239,-41.594
1570.4451,-39.073,1570.4451,-39.286,1570.4451,-39.669,1570.4451,-40.247,1570.4451,-40.891,1570.4451,-41.627
1570.4664,-39.102,1570.4664,-39.316,1570.4664,-39.705,1570.4664,-40.278,1570.4664,-40.929,1570.4664,-41.653
1570.4876,-39.128,1570.4876,-39.348,1570.4876,-39.739,1570.4876,-40.317,1570.4876,-40.965,1570.4876,-41.682
1570.5089,-39.155,1570.5089,-39.379,1570.5089,-39.773,1570.5089,-40.353,1570.5089,-41.000,1570.5089,-41.704
1570.5301,-39.179,1570.5301,-39.409,1570.5301,-39.807,1570.5301,-40.388,1570.5301,-41.034,1570.5301,-41.734
1570.5514,-39.212,1570.5514,-39.438,1570.5514,-39.846,1570.5514,-40.423,1570.5514,-41.072,1570.5514,-41.764
1570.5726,-39.239,1570.5726,-39.470,1570.5726,-39.880,1570.5726,-40.456,1570.5726,-41.108,1570.5726,-41.787
1570.5939,-39.267,1570.5939,-39.506,1570.5939,-39.913,1570.5939,-40.490,1570.5939,-41.141,1570.5939,-41.814
1570.6152,-39.295,1570.6152,-39.534,1570.6152,-39.949,1570.6152,-40.528,1570.6152,-41.181,1570.6152,-41.844
1570.6364,-39.321,1570.6364,-39.567,1570.6364,-39.986,1570.6364,-40.565,1570.6364,-41.216,1570.6364,-41.869
1570.6577,-39.346,1570.6577,-39.598,1570.6577,-40.018,1570.6577,-40.599,1570.6577,-41.254,1570.6577,-41.892
1570.6789,-39.375,1570.6789,-39.630,1570.6789,-40.054,1570.6789,-40.639,1570.6789,-41.287,1570.6789,-41.922
1570.7002,-39.400,1570.7002,-39.659,1570.7002,-40.090,1570.7002,-40.669,1570.7002,-41.327,1570.7002,-41.941
1570.7214,-39.423,1570.7214,-39.691,1570.7214,-40.122,1570.7214,-40.706,1570.7214,-41.360,1570.7214,-41.970
1570.7427,-39.454,1570.7427,-39.723,1570.7427,-40.156,1570.7427,-40.740,1570.7427,-41.393,1570.7427,-41.993
1570.7639,-39.481,1570.7639,-39.751,1570.7639,-40.193,1570.7639,-40.776,1570.7639,-41.430,1570.7639,-42.021
1570.7852,-39.508,1570.7852,-39.787,1570.7852,-40.228,1570.7852,-40.812,1570.7852,-41.467,1570.7852,-42.043
1570.8065,-39.531,1570.8065,-39.815,1570.8065,-40.259,1570.8065,-40.845,1570.8065,-41.501,1570.8065,-42.067
1570.8277,-39.562,1570.8277,-39.846,1570.8277,-40.295,1570.8277,-40.880,1570.8277,-41.532,1570.8277,-42.090
1570.8490,-39.584,1570.8490,-39.875,1570.8490,-40.329,1570.8490,-40.916,1570.8490,-41.572,1570.8490,-42.112
1570.8702,-39.619,1570.8702,-39.914,1570.8702,-40.369,1570.8702,-40.952,1570.8702,-41.608,1570.8702,-42.137
1570.8915,-39.644,1570.8915,-39.940,1570.8915,-40.402,1570.8915,-40.984,1570.8915,-41.639,1570.8915,-42.159
1570.9127,-39.671,1570.9127,-39.973,1570.9127,-40.436,1570.9127,-41.019,1570.9127,-41.676,1570.9127,-42.183
1570.9340,-39.701,1570.9340,-40.007,1570.9340,-40.473,1570.9340,-41.056,1570.9340,-41.707,1570.9340,-42.206
1570.9552,-39.731,1570.9552,-40.036,1570.9552,-40.508,1570.9552,-41.094,1570.9552,-41.740,1570.9552,-42.228
1570.9765,-39.759,1570.9765,-40.071,1570.9765,-40.543,1570.9765,-41.125,1570.9765,-41.779,1570.9765,-42.255
1570.9977,-39.787,1570.9977,-40.102,1570.9977,-40.579,1570.9977,-41.158,1570.9977,-41.814,1570.9977,-42.272
1571.0190,-39.817,1571.0190,-40.140,1571.0190,-40.615,1571.0190,-41.195,1571.0190,-41.849,1571.0190,-42.294
1571.0403,-39.848,1571.0403,-40.172,1571.0403,-40.650,1571.0403,-41.231,1571.0403,-41.886,1571.0403,-42.320
1571.0615,-39.875,1571.0615,-40.206,1571.0615,-40.684,1571.0615,-41.266,1571.0615,-41.920,1571.0615,-42.343
1571.0828,-39.905,1571.0828,-40.240,1571.0828,-40.719,1571.0828,-41.301,1571.0828,-41.954,1571.0828,-42.361
1571.1040,-39.937,1571.1040,-40.276,1571.1040,-40.755,1571.1040,-41.336,1571.1040,-41.988,1571.1040,-42.382
1571.1253,-39.960,1571.1253,-40.308,1571.1253,-40.794,1571.1253,-41.373,1571.1253,-42.026,1571.1253,-42.405
1571.1465,-39.997,1571.1465,-40.343,1571.1465,-40.831,1571.1465,-41.408,1571.1465,-42.059,1571.1465,-42.424
1571.1678,-40.023,1571.1678,-40.378,1571.1678,-40.864,1571.1678,-41.443,1571.1678,-42.096,1571.1678,-42.449
1571.1890,-40.050,1571.1890,-40.414,1571.1890,-40.897,1571.1890,-41.479,1571.1890,-42.127,1571.1890,-42.465
1571.2103,-40.079,1571.2103,-40.448,1571.2103,-40.936,1571.2103,-41.514,1571.2103,-42.166,1571.2103,-42.488
1571.2316,-40.109,1571.2316,-40.485,1571.2316,-40.975,1571.2316,-41.552,1571.2316,-42.199,1571.2316,-42.510
1571.2528,-40.136,1571.2528,-40.517,1571.2528,-41.008,1571.2528,-41.591,1571.2528,-42.240,1571.2528,-42.525
1571.2741,-40.166,1571.2741,-40.549,1571.2741,-41.046,1571.2741,-41.622,1571.2741,-42.265,1571.2741,-42.551
1571.2953,-40.192,1571.2953,-40.584,1571.2953,-41.079,1571.2953,-41.655,1571.2953,-42.296,1571.2953,-42.573
1571.3166,-40.221,1571.3166,-40.620,1571.3166,-41.116,1571.3166,-41.694,1571.3166,-42.333,1571.3166,-42.593
1571.3378,-40.251,1571.3378,-40.651,1571.3378,-41.155,1571.3378,-41.725,1571.3378,-42.363,1571.3378,-42.609
1571.3591,-40.275,1571.3591,-40.677,1571.3591,-41.184,1571.3591,-41.762,1571.3591,-42.399,1571.3591,-42.631
1571.3803,-40.304,1571.3803,-40.717,1571.3803,-41.221,1571.3803,-41.794,1571.3803,-42.427,1571.3803,-42.647
1571.4016,-40.334,1571.4016,-40.750,1571.4016,-41.255,1571.4016,-41.831,1571.4016,-42.458,1571.4016,-42.668
1571.4229,-40.358,1571.4229,-40.782,1571.4229,-41.288,1571.4229,-41.864,1571.4229,-42.492,1571.4229,-42.689
1571.4441,-40.393,1571.4441,-40.813,1571.4441,-41.319,1571.4441,-41.895,1571.4441,-42.523,1571.4441,-42.703
1571.4654,-40.417,1571.4654,-40.848,1571.4654,-41.358,1571.4654,-41.931,1571.4654,-42.550,1571.4654,-42.722
1571.4866,-40.446,1571.4866,-40.882,1571.4866,-41.387,1571.4866,-41.964,1571.4866,-42.583,1571.4866,-42.746
1571.5079,-40.472,1571.5079,-40.913,1571.5079,-41.426,1571.5079,-41.990,1571.5079,-42.608,1571.5079,-42.759
1571.5291,-40.505,1571.5291,-40.942,1571.5291,-41.454,1571.5291,-42.029,1571.5291,-42.636,1571.5291,-42.775
1571.5504,-40.530,1571.5504,-40.983,1571.5504,-41.487,1571.5504,-42.059,1571.5504,-42.670,1571.5504,-42.793
1571.5716,-40.559,1571.5716,-41.011,1571.5716,-41.523,1571.5716,-42.092,1571.5716,-42.696,1571.5716,-42.815
1571.5929,-40.589,1571.5929,-41.043,1571.5929,-41.551,1571.5929,-42.122,1571.5929,-42.725,1571.5929,-42.826
1571.6142,-40.618,1571.6142,-41.076,1571.6142,-41.589,1571.6142,-42.151,1571.6142,-42.755,1571.6142,-42.841
1571.6354,-40.644,1571.6354,-41.108,1571.6354,-41.616,1571.6354,-42.185,1571.6354,-42.782,1571.6354,-42.862
1571.6567,-40.678,1571.6567,-41.138,1571.6567,-41.651,1571.6567,-42.222,1571.6567,-42.809,1571.6567,-42.879
1571.6779,-40.700,1571.6779,-41.175,1571.6779,-41.684,1571.6779,-42.253,1571.6779,-42.841,1571.6779,-42.895
1571.6992,-40.732,1571.6992,-41.211,1571.6992,-41.717,1571.6992,-42.287,1571.6992,-42.869,1571.6992,-42.913
1571.7204,-40.763,1571.7204,-41.242,1571.7204,-41.748,1571.7204,-42.320,1571.7204,-42.893,1571.7204,-42.928
1571.7417,-40.789,1571.7417,-41.275,1571.7417,-41.785,1571.7417,-42.348,1571.7417,-42.923,1571.7417,-42.951
1571.7629,-40.820,1571.7629,-41.314,1571.7629,-41.814,1571.7629,-42.384,1571.7629,-42.956,1571.7629,-42.962
1571.7842,-40.852,1571.7842,-41.341,1571.7842,-41.847,1571.7842,-42.415,1571.7842,-42.975,1571.7842,-42.982
1571.8055,-40.882,1571.8055,-41.375,1571.8055,-41.884,1571.8055,-42.451,1571.8055,-43.002,1571.8055,-43.003
1571.8267,-40.910,1571.8267,-41.412,1571.8267,-41.918,1571.8267,-42.485,1571.8267,-43.034,1571.8267,-43.022
1571.8480,-40.944,1571.8480,-41.448,1571.8480,-41.952,1571.8480,-42.518,1571.8480,-43.060,1571.8480,-43.041
1571.8692,-40.970,1571.8692,-41.478,1571.8692,-41.989,1571.8692,-42.552,1571.8692,-43.085,1571.8692,-43.059
1571.8905,-41.003,1571.8905,-41.514,1571.8905,-42.021,1571.8905,-42.581,1571.8905,-43.114,1571.8905,-43.077
1571.9117,-41.036,1571.9117,-41.547,1571.9117,-42.058,1571.9117,-42.621,1571.9117,-43.137,1571.9117,-43.100
1571.9330,-41.061,1571.9330,-41.581,1571.9330,-42.090,1571.9330,-42.647,1571.9330,-43.164,1571.9330,-43.116
1571.9542,-41.098,1571.9542,-41.614,1571.9542,-42.124,1571.9542,-42.686,1571.9542,-43.191,1571.9542,-43.140
1571.9755,-41.126,1571.9755,-41.648,1571.9755,-42.158,1571.9755,-42.714,1571.9755,-43.214,1571.9755,-43.151
1571.9967,-41.159,1571.9967,-41.683,1571.9967,-42.193,1571.9967,-42.751,1571.9967,-43.239,1571.9967,-43.172
1572.0180,-41.186,1572.0180,-41.717,1572.0180,-42.228,1572.0180,-42.781,1572.0180,-43.260,1572.0180,-43.191
1572.0393,-41.225,1572.0393,-41.755,1572.0393,-42.261,1572.0393,-42.811,1572.0393,-43.293,1572.0393,-43.219
1572.0605,-41.253,1572.0605,-41.784,1572.0605,-42.291,1572.0605,-42.849,1572.0605,-43.312,1572.0605,-43.231
1572.0818,-41.282,1572.0818,-41.819,1572.0818,-42.324,1572.0818,-42.876,1572.0818,-43.334,1572.0818,-43.257
1572.1030,-41.315,1572.1030,-41.852,1572.1030,-42.358,1572.1030,-42.907,1572.1030,-43.358,1572.1030,-43.272
1572.1243,-41.343,1572.1243,-41.889,1572.1243,-42.393,1572.1243,-42.944,1572.1243,-43.383,1572.1243,-43.295
1572.1455,-41.373,1572.1455,-41.917,1572.1455,-42.418,1572.1455,-42.972,1572.1455,-43.407,1572.1455,-43.308
1572.1668,-41.410,1572.1668,-41.951,1572.1668,-42.456,1572.1668,-42.999,1572.1668,-43.433,1572.1668,-43.331
1572.1880,-41.437,1572.1880,-41.988,1572.1880,-42.490,1572.1880,-43.034,1572.1880,-43.457,1572.1880,-43.350
1572.2093,-41.470,1572.2093,-42.020,1572.2093,-42.519,1572.2093,-43.066,1572.2093,-43.481,1572.2093,-43.372
1572.2306,-41.498,1572.2306,-42.051,1572.2306,-42.552,1572.2306,-43.094,1572.2306,-43.497,1572.2306,-43.395
1572.2518,-41.526,1572.2518,-42.081,1572.2518,-42.583,1572.2518,-43.124,1572.2518,-43.519,1572.2518,-43.419
1572.2731,-41.561,1572.2731,-42.117,1572.2731,-42.615,1572.2731,-43.156,1572.2731,-43.537,1572.2731,-43.431
1572.2943,-41.591,1572.2943,-42.150,1572.2943,-42.648,1572.2943,-43.182,1572.2943,-43.558,1572.2943,-43.455
1572.3156,-41.621,1572.3156,-42.179,1572.3156,-42.682,1572.3156,-43.220,1572.3156,-43.583,1572.3156,-43.477
1572.3368,-41.650,1572.3368,-42.212,1572.3368,-42.714,1572.3368,-43.244,1572.3368,-43.603,1572.3368,-43.501
1572.3581,-41.685,1572.3581,-42.243,1572.3581,-42.743,1572.3581,-43.277,1572.3581,-43.625,1572.3581,-43.520
1572.3793,-41.714,1572.3793,-42.281,1572.3793,-42.776,1572.3793,-43.307,1572.3793,-43.646,1572.3793,-43.545
1572.4006,-41.750,1572.4006,-42.310,1572.4006,-42.808,1572.4006,-43.331,1572.4006,-43.665,1572.4006,-43.563
1572.4219,-41.779,1572.4219,-42.340,1572.4219,-42.846,1572.4219,-43.360,1572.4219,-43.689,1572.4219,-43.589
1572.4431,-41.813,1572.4431,-42.376,1572.4431,-42.876,1572.4431,-43.396,1572.4431,-43.705,1572.4431,-43.614
1572.4644,-41.842,1572.4644,-42.410,1572.4644,-42.909,1572.4644,-43.423,1572.4644,-43.717,1572.4644,-43.640
1572.4856,-41.879,1572.4856,-42.441,1572.4856,-42.941,1572.4856,-43.452,1572.4856,-43.740,1572.4856,-43.658
1572.5069,-41.913,1572.5069,-42.476,1572.5069,-42.975,1572.5069,-43.486,1572.5069,-43.763,1572.5069,-43.683
1572.5281,-41.942,1572.5281,-42.505,1572.5281,-43.007,1572.5281,-43.511,1572.5281,-43.777,1572.5281,-43.710
1572.5494,-41.978,1572.5494,-42.541,1572.5494,-43.045,1572.5494,-43.540,1572.5494,-43.798,1572.5494,-43.733
1572.5706,-42.009,1572.5706,-42.570,1572.5706,-43.072,1572.5706,-43.566,1572.5706,-43.818,1572.5706,-43.763
1572.5919,-42.044,1572.5919,-42.609,1572.5919,-43.102,1572.5919,-43.598,1572.5919,-43.837,1572.5919,-43.784
1572.6132,-42.076,1572.6132,-42.636,1572.6132,-43.138,1572.6132,-43.623,1572.6132,-43.855,1572.6132,-43.812
1572.6344,-42.108,1572.6344,-42.675,1572.6344,-43.168,1572.6344,-43.653,1572.6344,-43.874,1572.6344,-43.831
1572.6557,-42.142,1572.6557,-42.707,1572.6557,-43.206,1572.6557,-43.683,1572.6557,-43.898,1572.6557,-43.859
1572.6769,-42.174,1572.6769,-42.741,1572.6769,-43.236,1572.6769,-43.710,1572.6769,-43.909,1572.6769,-43.889
1572.6982,-42.212,1572.6982,-42.768,1572.6982,-43.265,1572.6982,-43.734,1572.6982,-43.928,1572.6982,-43.918
1572.7194,-42.240,1572.7194,-42.808,1572.7194,-43.298,1572.7194,-43.766,1572.7194,-43.945,1572.7194,-43.945
1572.7407,-42.272,1572.7407,-42.839,1572.7407,-43.330,1572.7407,-43.789,1572.7407,-43.967,1572.7407,-43.966
1572.7619,-42.303,1572.7619,-42.870,1572.7619,-43.368,1572.7619,-43.815,1572.7619,-43.981,1572.7619,-44.000
1572.7832,-42.334,1572.7832,-42.904,1572.7832,-43.395,1572.7832,-43.841,1572.7832,-43.996,1572.7832,-44.023
1572.8045,-42.370,1572.8045,-42.933,1572.8045,-43.422,1572.8045,-43.872,1572.8045,-44.019,1572.8045,-44.056
1572.8257,-42.400,1572.8257,-42.975,1572.8257,-43.457,1572.8257,-43.895,1572.8257,-44.032,1572.8257,-44.081
1572.8470,-42.428,1572.8470,-42.997,1572.8470,-43.490,1572.8470,-43.918,1572.8470,-44.048,1572.8470,-44.112
1572.8682,-42.463,1572.8682,-43.026,1572.8682,-43.521,1572.8682,-43.947,1572.8682,-44.066,1572.8682,-44.136
1572.8895,-42.497,1572.8895,-43.060,1572.8895,-43.551,1572.8895,-43.966,1572.8895,-44.088,1572.8895,-44.172
1572.9107,-42.523,1572.9107,-43.087,1572.9107,-43.585,1572.9107,-43.995,1572.9107,-44.095,1572.9107,-44.197
1572.9320,-42.555,1572.9320,-43.120,1572.9320,-43.614,1572.9320,-44.021,1572.9320,-44.117,1572.9320,-44.225
1572.9532,-42.587,1572.9532,-43.146,1572.9532,-43.636,1572.9532,-44.038,1572.9532,-44.131,1572.9532,-44.252
1572.9745,-42.618,1572.9745,-43.179,1572.9745,-43.674,1572.9745,-44.065,1572.9745,-44.150,1572.9745,-44.288
1572.9957,-42.647,1572.9957,-43.211,1572.9957,-43.705,1572.9957,-44.086,1572.9957,-44.156,1572.9957,-44.318
1573.0170,-42.681,1573.0170,-43.247,1573.0170,-43.730,1573.0170,-44.107,1573.0170,-44.174,1573.0170,-44.341
1573.0383,-42.708,1573.0383,-43.277,1573.0383,-43.760,1573.0383,-44.129,1573.0383,-44.185,1573.0383,-44.382
1573.0595,-42.743,1573.0595,-43.301,1573.0595,-43.788,1573.0595,-44.154,1573.0595,-44.206,1573.0595,-44.416
1573.0808,-42.778,1573.0808,-43.330,1573.0808,-43.815,1573.0808,-44.174,1573.0808,-44.214,1573.0808,-44.438
1573.1020,-42.806,1573.1020,-43.365,1573.1020,-43.849,1573.1020,-44.200,1573.1020,-44.236,1573.1020,-44.477
1573.1233,-42.836,1573.1233,-43.398,1573.1233,-43.878,1573.1233,-44.213,1573.1233,-44.255,1573.1233,-44.508
1573.1445,-42.865,1573.1445,-43.425,1573.1445,-43.904,1573.1445,-44.237,1573.1445,-44.266,1573.1445,-44.539
1573.1658,-42.897,1573.1658,-43.460,1573.1658,-43.930,1573.1658,-44.255,1573.1658,-44.284,1573.1658,-44.571
1573.1870,-42.932,1573.1870,-43.489,1573.1870,-43.968,1573.1870,-44.281,1573.1870,-44.302,1573.1870,-44.605
1573.2083,-42.961,1573.2083,-43.517,1573.2083,-43.990,1573.2083,-44.296,1573.2083,-44.317,1573.2083,-44.636
1573.2296,-42.993,1573.2296,-43.550,1573.2296,-44.027,1573.2296,-44.327,1573.2296,-44.337,1573.2296,-44.669
1573.2508,-43.027,1573.2508,-43.581,1573.2508,-44.053,1573.2508,-44.345,1573.2508,-44.351,1573.2508,-44.706
1573.2721,-43.054,1573.2721,-43.619,1573.2721,-44.081,1573.2721,-44.361,1573.2721,-44.368,1573.2721,-44.741
1573.2933,-43.094,1573.2933,-43.650,1573.2933,-44.108,1573.2933,-44.384,1573.2933,-44.388,1573.2933,-44.783
1573.3146,-43.123,1573.3146,-43.681,1573.3146,-44.142,1573.3146,-44.402,1573.3146,-44.401,1573.3146,-44.821
1573.3358,-43.155,1573.3358,-43.715,1573.3358,-44.173,1573.3358,-44.424,1573.3358,-44.421,1573.3358,-44.857
1573.3571,-43.181,1573.3571,-43.751,1573.3571,-44.201,1573.3571,-44.444,1573.3571,-44.436,1573.3571,-44.898
1573.3783,-43.218,1573.3783,-43.781,1573.3783,-44.224,1573.3783,-44.468,1573.3783,-44.455,1573.3783,-44.929
1573.3996,-43.251,1573.3996,-43.803,1573.3996,-44.258,1573.3996,-44.492,1573.3996,-44.471,1573.3996,-44.973
1573.4209,-43.275,1573.4209,-43.840,1573.4209,-44.286,1573.4209,-44.501,1573.4209,-44.492,1573.4209,-45.016
1573.4421,-43.315,1573.4421,-43.869,1573.4421,-44.313,1573.4421,-44.528,1573.4421,-44.513,1573.4421,-45.057
1573.4634,-43.348,1573.4634,-43.903,1573.4634,-44.345,1573.4634,-44.542,1573.4634,-44.522,1573.4634,-45.094
1573.4846,-43.374,1573.4846,-43.926,1573.4846,-44.379,1573.4846,-44.560,1573.4846,-44.545,1573.4846,-45.132
1573.5059,-43.404,1573.5059,-43.962,1573.5059,-44.398,1573.5059,-44.584,1573.5059,-44.562,1573.5059,-45.185
1573.5271,-43.438,1573.5271,-43.993,1573.5271,-44.432,1573.5271,-44.603,1573.5271,-44.581,1573.5271,-45.222
1573.5484,-43.470,1573.5484,-44.027,1573.5484,-44.455,1573.5484,-44.621,1573.5484,-44.596,1573.5484,-45.258
1573.5696,-43.501,1573.5696,-44.052,1573.5696,-44.485,1573.5696,-44.631,1573.5696,-44.617,1573.5696,-45.308
1573.5909,-43.529,1573.5909,-44.083,1573.5909,-44.514,1573.5909,-44.652,1573.5909,-44.643,1573.5909,-45.354
1573.6122,-43.567,1573.6122,-44.113,1573.6122,-44.533,1573.6122,-44.664,1573.6122,-44.653,1573.6122,-45.382
1573.6334,-43.596,1573.6334,-44.148,1573.6334,-44.560,1573.6334,-44.685,1573.6334,-44.672,1573.6334,-45.438
1573.6547,-43.625,1573.6547,-44.176,1573.6547,-44.586,1573.6547,-44.705,1573.6547,-44.691,1573.6547,-45.478
1573.6759,-43.656,1573.6759,-44.208,1573.6759,-44.618,1573.6759,-44.729,1573.6759,-44.718,1573.6759,-45.514
1573.6972,-43.693,1573.6972,-44.245,1573.6972,-44.638,1573.6972,-44.738,1573.6972,-44.732,1573.6972,-45.562
1573.7184,-43.718,1573.7184,-44.268,1573.7184,-44.666,1573.7184,-44.761,1573.7184,-44.753,1573.7184,-45.602
1573.7397,-43.751,1573.7397,-44.301,1573.7397,-44.684,1573.7397,-44.773,1573.7397,-44.773,1573.7397,-45.649
1573.7609,-43.783,1573.7609,-44.327,1573.7609,-44.712,1573.7609,-44.785,1573.7609,-44.792,1573.7609,-45.698
1573.7822,-43.814,1573.7822,-44.359,1573.7822,-44.731,1573.7822,-44.803,1573.7822,-44.813,1573.7822,-45.747
1573.8035,-43.838,1573.8035,-44.389,1573.8035,-44.773,1573.8035,-44.824,1573.8035,-44.833,1573.8035,-45.783
1573.8247,-43.874,1573.8247,-44.424,1573.8247,-44.781,1573.8247,-44.839,1573.8247,-44.862,1573.8247,-45.827
1573.8460,-43.903,1573.8460,-44.448,1573.8460,-44.802,1573.8460,-44.847,1573.8460,-44.872,1573.8460,-45.877
1573.8672,-43.936,1573.8672,-44.480,1573.8672,-44.830,1573.8672,-44.870,1573.8672,-44.901,1573.8672,-45.929
1573.8885,-43.967,1573.8885,-44.507,1573.8885,-44.859,1573.8885,-44.884,1573.8885,-44.922,1573.8885,-45.975
1573.9097,-43.999,1573.9097,-44.545,1573.9097,-44.888,1573.9097,-44.906,1573.9097,-44.947,1573.9097,-46.021
1573.9310,-44.022,1573.9310,-44.567,1573.9310,-44.911,1573.9310,-44.913,1573.9310,-44.959,1573.9310,-46.068
1573.9522,-44.056,1573.9522,-44.593,1573.9522,-44.925,1573.9522,-44.935,1573.9522,-44.991,1573.9522,-46.113
1573.9735,-44.092,1573.9735,-44.627,1573.9735,-44.952,1573.9735,-44.942,1573.9735,-45.006,1573.9735,-46.176
1573.9947,-44.121,1573.9947,-44.656,1573.9947,-44.973,1573.9947,-44.965,1573.9947,-45.034,1573.9947,-46.220
1574.0160,-44.152,1574.0160,-44.690,1574.0160,-44.992,1574.0160,-44.983,1574.0160,-45.052,1574.0160,-46.279
1574.0373,-44.186,1574.0373,-44.708,1574.0373,-45.021,1574.0373,-44.992,1574.0373,-45.085,1574.0373,-46.323
1574.0585,-44.215,1574.0585,-44.740,1574.0585,-45.044,1574.0585,-45.013,1574.0585,-45.094,1574.0585,-46.370
1574.0798,-44.246,1574.0798,-44.765,1574.0798,-45.063,1574.0798,-45.030,1574.0798,-45.125,1574.0798,-46.439
1574.1010,-44.274,1574.1010,-44.795,1574.1010,-45.076,1574.1010,-45.043,1574.1010,-45.147,1574.1010,-46.479
1574.1223,-44.310,1574.1223,-44.829,1574.1223,-45.110,1574.1223,-45.055,1574.1223,-45.179,1574.1223,-46.532
1574.1435,-44.337,1574.1435,-44.862,1574.1435,-45.121,1574.1435,-45.071,1574.1435,-45.205,1574.1435,-46.577
1574.1648,-44.374,1574.1648,-44.891,1574.1648,-45.147,1574.1648,-45.091,1574.1648,-45.227,1574.1648,-46.648
1574.1860,-44.396,1574.1860,-44.917,1574.1860,-45.168,1574.1860,-45.100,1574.1860,-45.263,1574.1860,-46.686
1574.2073,-44.435,1574.2073,-44.949,1574.2073,-45.186,1574.2073,-45.117,1574.2073,-45.287,1574.2073,-46.747
1574.2286,-44.464,1574.2286,-44.972,1574.2286,-45.200,1574.2286,-45.137,1574.2286,-45.310,1574.2286,-46.810
1574.2498,-44.490,1574.2498,-45.004,1574.2498,-45.230,1574.2498,-45.148,1574.2498,-45.341,1574.2498,-46.860
1574.2711,-44.522,1574.2711,-45.028,1574.2711,-45.253,1574.2711,-45.167,1574.2711,-45.373,1574.2711,-46.913
1574.2923,-44.552,1574.2923,-45.059,1574.2923,-45.265,1574.2923,-45.185,1574.2923,-45.385,1574.2923,-46.960
1574.3136,-44.584,1574.3136,-45.077,1574.3136,-45.279,1574.3136,-45.198,1574.3136,-45.429,1574.3136,-47.012
1574.3348,-44.616,1574.3348,-45.112,1574.3348,-45.303,1574.3348,-45.216,1574.3348,-45.457,1574.3348,-47.080
1574.3561,-44.646,1574.3561,-45.139,1574.3561,-45.323,1574.3561,-45.232,1574.3561,-45.479,1574.3561,-47.131
1574.3773,-44.660,1574.3773,-45.164,1574.3773,-45.336,1574.3773,-45.246,1574.3773,-45.512,1574.3773,-47.176
1574.3986,-44.706,1574.3986,-45.184,1574.3986,-45.366,1574.3986,-45.258,1574.3986,-45.544,1574.3986,-47.243
1574.4199,-44.727,1574.4199,-45.216,1574.4199,-45.376,1574.4199,-45.282,1574.4199,-45.570,1574.4199,-47.301
1574.4411,-44.754,1574.4411,-45.241,1574.4411,-45.394,1574.4411,-45.300,1574.4411,-45.602,1574.4411,-47.352
1574.4624,-44.783,1574.4624,-45.271,1574.4624,-45.415,1574.4624,-45.318,1574.4624,-45.633,1574.4624,-47.425
1574.4836,-44.816,1574.4836,-45.284,1574.4836,-45.424,1574.4836,-45.329,1574.4836,-45.664,1574.4836,-47.485
1574.5049,-44.853,1574.5049,-45.313,1574.5049,-45.454,1574.5049,-45.348,1574.5049,-45.692,1574.5049,-47.521
1574.5261,-44.877,1574.5261,-45.339,1574.5261,-45.460,1574.5261,-45.363,1574.5261,-45.724,1574.5261,-47.581
1574.5474,-44.904,1574.5474,-45.364,1574.5474,-45.485,1574.5474,-45.371,1574.5474,-45.761,1574.5474,-47.660
1574.5686,-44.936,1574.5686,-45.386,1574.5686,-45.506,1574.5686,-45.395,1574.5686,-45.795,1574.5686,-47.705
1574.5899,-44.965,1574.5899,-45.422,1574.5899,-45.518,1574.5899,-45.411,1574.5899,-45.823,1574.5899,-47.769
1574.6112,-44.995,1574.6112,-45.431,1574.6112,-45.534,1574.6112,-45.427,1574.6112,-45.852,1574.6112,-47.840
1574.6324,-45.026,1574.6324,-45.465,1574.6324,-45.550,1574.6324,-45.446,1574.6324,-45.889,1574.6324,-47.888
1574.6537,-45.063,1574.6537,-45.479,1574.6537,-45.566,1574.6537,-45.466,1574.6537,-45.929,1574.6537,-47.953
1574.6749,-45.082,1574.6749,-45.510,1574.6749,-45.576,1574.6749,-45.481,1574.6749,-45.957,1574.6749,-48.027
1574.6962,-45.112,1574.6962,-45.538,1574.6962,-45.593,1574.6962,-45.492,1574.6962,-45.994,1574.6962,-48.060
1574.7174,-45.150,1574.7174,-45.564,1574.7174,-45.610,1574.7174,-45.520,1574.7174,-46.019,1574.7174,-48.148
1574.7387,-45.174,1574.7387,-45.583,1574.7387,-45.622,1574.7387,-45.541,1574.7387,-46.065,1574.7387,-48.173
1574.7599,-45.203,1574.7599,-45.598,1574.7599,-45.634,1574.7599,-45.549,1574.7599,-46.109,1574.7599,-48.254
1574.7812,-45.230,1574.7812,-45.627,1574.7812,-45.658,1574.7812,-45.576,1574.7812,-46.142,1574.7812,-48.321
1574.8025,-45.264,1574.8025,-45.651,1574.8025,-45.673,1574.8025,-45.602,1574.8025,-46.180,1574.8025,-48.369
1574.8237,-45.287,1574.8237,-45.674,1574.8237,-45.678,1574.8237,-45.615,1574.8237,-46.207,1574.8237,-48.444
1574.8450,-45.317,1574.8450,-45.691,1574.8450,-45.697,1574.8450,-45.626,1574.8450,-46.256,1574.8450,-48.505
1574.8662,-45.354,1574.8662,-45.715,1574.8662,-45.715,1574.8662,-45.659,1574.8662,-46.293,1574.8662,-48.569
1574.8875,-45.368,1574.8875,-45.738,1574.8875,-45.724,1574.8875,-45.675,1574.8875,-46.331,1574.8875,-48.638
1574.9087,-45.399,1574.9087,-45.760,1574.9087,-45.751,1574.9087,-45.692,1574.9087,-46.373,1574.9087,-48.707
1574.9300,-45.435,1574.9300,-45.781,1574.9300,-45.760,1574.9300,-45.722,1574.9300,-46.416,1574.9300,-48.770
1574.9512,-45.450,1574.9512,-45.802,1574.9512,-45.776,1574.9512,-45.742,1574.9512,-46.454,1574.9512,-48.829
1574.9725,-45.489,1574.9725,-45.818,1574.9725,-45.789,1574.9725,-45.751,1574.9725,-46.487,1574.9725,-48.918
1574.9937,-45.513,1574.9937,-45.838,1574.9937,-45.812,1574.9937,-45.777,1574.9937,-46.540,1574.9937,-48.970
1575.0150,-45.549,1575.0150,-45.858,1575.0150,-45.819,1575.0150,-45.806,1575.0150,-46.573,1575.0150,-49.030
1575.0363,-45.574,1575.0363,-45.873,1575.0363,-45.830,1575.0363,-45.819,1575.0363,-46.613,1575.0363,-49.123
1575.0575,-45.604,1575.0575,-45.895,1575.0575,-45.849,1575.0575,-45.835,1575.0575,-46.652,1575.0575,-49.175
1575.0788,-45.626,1575.0788,-45.920,1575.0788,-45.871,1575.0788,-45.876,1575.0788,-46.699,1575.0788,-49.229
1575.1000,-45.655,1575.1000,-45.942,1575.1000,-45.871,1575.1000,-45.888,1575.1000,-46.731,1575.1000,-49.312
1575.1213,-45.681,1575.1213,-45.947,1575.1213,-45.899,1575.1213,-45.905,1575.1213,-46.782,1575.1213,-49.370
1575.1425,-45.707,1575.1425,-45.968,1575.1425,-45.899,1575.1425,-45.930,1575.1425,-46.815,1575.1425,-49.456
1575.1638,-45.735,1575.1638,-45.987,1575.1638,-45.914,1575.1638,-45.951,1575.1638,-46.865,1575.1638,-49.504
1575.1850,-45.759,1575.1850,-46.010,1575.1850,-45.932,1575.1850,-45.981,1575.1850,-46.905,1575.1850,-49.588
1575.2063,-45.785,1575.2063,-46.017,1575.2063,-45.943,1575.2063,-45.999,1575.2063,-46.952,1575.2063,-49.649
1575.2276,-45.829,1575.2276,-46.044,1575.2276,-45.961,1575.2276,-46.031,1575.2276,-47.001,1575.2276,-49.713
1575.2488,-45.847,1575.2488,-46.059,1575.2488,-45.963,1575.2488,-46.052,1575.2488,-47.040,1575.2488,-49.777
1575.2701,-45.867,1575.2701,-46.079,1575.2701,-45.982,1575.2701,-46.070,1575.2701,-47.081,1575.2701,-49.843
1575.2913,-45.894,1575.2913,-46.096,1575.2913,-46.001,1575.2913,-46.091,1575.2913,-47.130,1575.2913,-49.894
1575.3126,-45.921,1575.3126,-46.109,1575.3126,-46.016,1575.3126,-46.118,1575.3126,-47.182,1575.3126,-49.958
1575.3338,-45.944,1575.3338,-46.123,1575.3338,-46.025,1575.3338,-46.149,1575.3338,-47.212,1575.3338,-50.062
1575.3551,-45.966,1575.3551,-46.134,1575.3551,-46.038,1575.3551,-46.168,1575.3551,-47.265,1575.3551,-50.123
1575.3763,-45.998,1575.3763,-46.156,1575.3763,-46.047,1575.3763,-46.193,1575.3763,-47.316,1575.3763,-50.158
1575.3976,-46.014,1575.3976,-46.168,1575.3976,-46.068,1575.3976,-46.218,1575.3976,-47.343,1575.3976,-50.250
1575.4189,-46.047,1575.4189,-46.183,1575.4189,-46.080,1575.4189,-46.248,1575.4189,-47.407,1575.4189,-50.320
1575.4401,-46.065,1575.4401,-46.201,1575.4401,-46.100,1575.4401,-46.280,1575.4401,-47.458,1575.4401,-50.423
1575.4614,-46.078,1575.4614,-46.213,1575.4614,-46.111,1575.4614,-46.305,1575.4614,-47.500,1575.4614,-50.474
1575.4826,-46.111,1575.4826,-46.227,1575.4826,-46.124,1575.4826,-46.330,1575.4826,-47.541,1575.4826,-50.527
1575.5039,-46.147,1575.5039,-46.242,1575.5039,-46.148,1575.5039,-46.359,1575.5039,-47.599,1575.5039,-50.617
1575.5251,-46.161,1575.5251,-46.248,1575.5251,-46.154,1575.5251,-46.391,1575.5251,-47.656,1575.5251,-50.677
1575.5464,-46.185,1575.5464,-46.276,1575.5464,-46.172,1575.5464,-46.418,1575.5464,-47.692,1575.5464,-50.756
1575.5676,-46.214,1575.5676,-46.275,1575.5676,-46.185,1575.5676,-46.445,1575.5676,-47.737,1575.5676,-50.854
1575.5889,-46.235,1575.5889,-46.296,1575.5889,-46.198,1575.5889,-46.468,1575.5889,-47.798,1575.5889,-50.925
1575.6102,-46.265,1575.6102,-46.311,1575.6102,-46.221,1575.6102,-46.513,1575.6102,-47.840,1575.6102,-50.989
1575.6314,-46.285,1575.6314,-46.323,1575.6314,-46.227,1575.6314,-46.539,1575.6314,-47.892,1575.6314,-51.091
1575.6527,-46.293,1575.6527,-46.334,1575.6527,-46.245,1575.6527,-46.556,1575.6527,-47.929,1575.6527,-51.119
1575.6739,-46.335,1575.6739,-46.348,1575.6739,-46.266,1575.6739,-46.604,1575.6739,-48.001,1575.6739,-51.203
1575.6952,-46.352,1575.6952,-46.364,1575.6952,-46.276,1575.6952,-46.617,1575.6952,-48.043,1575.6952,-51.287
1575.7164,-46.363,1575.7164,-46.384,1575.7164,-46.290,1575.7164,-46.655,1575.7164,-48.098,1575.7164,-51.370
1575.7377,-46.387,1575.7377,-46.391,1575.7377,-46.311,1575.7377,-46.687,1575.7377,-48.157,1575.7377,-51.434
1575.7589,-46.412,1575.7589,-46.407,1575.7589,-46.323,1575.7589,-46.720,1575.7589,-48.202,1575.7589,-51.514
1575.7802,-46.428,1575.7802,-46.409,1575.7802,-46.350,1575.7802,-46.751,1575.7802,-48.256,1575.7802,-51.594
1575.8015,-46.451,1575.8015,-46.444,1575.8015,-46.355,1575.8015,-46.782,1575.8015,-48.314,1575.8015,-51.674
1575.8227,-46.471,1575.8227,-46.443,1575.8227,-46.381,1575.8227,-46.822,1575.8227,-48.367,1575.8227,-51.716
1575.8440,-46.495,1575.8440,-46.456,1575.8440,-46.389,1575.8440,-46.858,1575.8440,-48.427,1575.8440,-51.792
1575.8652,-46.510,1575.8652,-46.468,1575.8652,-46.409,1575.8652,-46.885,1575.8652,-48.469,1575.8652,-51.894
1575.8865,-46.530,1575.8865,-46.482,1575.8865,-46.428,1575.8865,-46.914,1575.8865,-48.528,1575.8865,-51.963
1575.9077,-46.550,1575.9077,-46.492,1575.9077,-46.455,1575.9077,-46.961,1575.9077,-48.598,1575.9077,-52.039
1575.9290,-46.556,1575.9290,-46.500,1575.9290,-46.464,1575.9290,-46.995,1575.9290,-48.636,1575.9290,-52.099
1575.9502,-46.587,1575.9502,-46.509,1575.9502,-46.480,1575.9502,-47.029,1575.9502,-48.714,1575.9502,-52.192
1575.9715,-46.603,1575.9715,-46.528,1575.9715,-46.509,1575.9715,-47.064,1575.9715,-48.761,1575.9715,-52.266
1575.9927,-46.618,1575.9927,-46.539,1575.9927,-46.519,1575.9927,-47.097,1575.9927,-48.795,1575.9927,-52.391
1576.0140,-46.631,1576.0140,-46.543,1576.0140,-46.542,1576.0140,-47.127,1576.0140,-48.864,1576.0140,-52.428
1576.0353,-46.658,1576.0353,-46.558,1576.0353,-46.566,1576.0353,-47.166,1576.0353,-48.929,1576.0353,-52.526
1576.0565,-46.675,1576.0565,-46.563,1576.0565,-46.573,1576.0565,-47.197,1576.0565,-48.966,1576.0565,-52.577
1576.0778,-46.699,1576.0778,-46.581,1576.0778,-46.588,1576.0778,-47.234,1576.0778,-49.037,1576.0778,-52.700
1576.0990,-46.695,1576.0990,-46.596,1576.0990,-46.610,1576.0990,-47.284,1576.0990,-49.072,1576.0990,-52.779
1576.1203,-46.732,1576.1203,-46.600,1576.1203,-46.641,1576.1203,-47.306,1576.1203,-49.159,1576.1203,-52.846
1576.1415,-46.742,1576.1415,-46.617,1576.1415,-46.655,1576.1415,-47.352,1576.1415,-49.191,1576.1415,-52.908
1576.1628,-46.753,1576.1628,-46.629,1576.1628,-46.669,1576.1628,-47.391,1576.1628,-49.258,1576.1628,-53.040
1576.1840,-46.778,1576.1840,-46.624,1576.1840,-46.700,1576.1840,-47.432,1576.1840,-49.291,1576.1840,-53.099
1576.2053,-46.792,1576.2053,-46.650,1576.2053,-46.714,1576.2053,-47.468,1576.2053,-49.368,1576.2053,-53.127
1576.2266,-46.793,1576.2266,-46.661,1576.2266,-46.737,1576.2266,-47.497,1576.2266,-49.434,1576.2266,-53.264
1576.2478,-46.808,1576.2478,-46.671,1576.2478,-46.773,1576.2478,-47.539,1576.2478,-49.495,1576.2478,-53.318
1576.2691,-46.841,1576.2691,-46.695,1576.2691,-46.784,1576.2691,-47.586,1576.2691,-49.542,1576.2691,-53.394
1576.2903,-46.845,1576.2903,-46.704,1576.2903,-46.805,1576.2903,-47.629,1576.2903,-49.612,1576.2903,-53.508
1576.3116,-46.864,1576.3116,-46.719,1576.3116,-46.820,1576.3116,-47.667,1576.3116,-49.680,1576.3116,-53.575
1576.3328,-46.885,1576.3328,-46.725,1576.3328,-46.855,1576.3328,-47.711,1576.3328,-49.757,1576.3328,-53.648
1576.3541,-46.885,1576.3541,-46.733,1576.3541,-46.882,1576.3541,-47.742,1576.3541,-49.782,1576.3541,-53.750
1576.3753,-46.887,1576.3753,-46.751,1576.3753,-46.894,1576.3753,-47.785,1576.3753,-49.846,1576.3753,-53.835
1576.3966,-46.914,1576.3966,-46.760,1576.3966,-46.926,1576.3966,-47.827,1576.3966,-49.931,1576.3966,-53.870
1576.4179,-46.929,1576.4179,-46.776,1576.4179,-46.945,1576.4179,-47.883,1576.4179,-49.988,1576.4179,-53.984
1576.4391,-46.937,1576.4391,-46.793,1576.4391,-46.975,1576.4391,-47.938,1576.4391,-50.048,1576.4391,-54.073
1576.4604,-46.955,1576.4604,-46.797,1576.4604,-46.996,1576.4604,-47.971,1576.4604,-50.115,1576.4604,-54.148
1576.4816,-46.964,1576.4816,-46.810,1576.4816,-47.039,1576.4816,-48.007,1576.4816,-50.202,1576.4816,-54.226
1576.5029,-46.966,1576.5029,-46.829,1576.5029,-47.057,1576.5029,-48.070,1576.5029,-50.238,1576.5029,-54.303
1576.5241,-46.986,1576.5241,-46.843,1576.5241,-47.074,1576.5241,-48.105,1576.5241,-50.329,1576.5241,-54.450
1576.5454,-46.999,1576.5454,-46.851,1576.5454,-47.096,1576.5454,-48.142,1576.5454,-50.389,1576.5454,-54.516
1576.5666,-47.007,1576.5666,-46.850,1576.5666,-47.129,1576.5666,-48.200,1576.5666,-50.419,1576.5666,-54.539
1576.5879,-47.023,1576.5879,-46.881,1576.5879,-47.157,1576.5879,-48.240,1576.5879,-50.516,1576.5879,-54.695
1576.6092,-47.041,1576.6092,-46.886,1576.6092,-47.193,1576.6092,-48.290,1576.6092,-50.553,1576.6092,-54.800
1576.6304,-47.045,1576.6304,-46.903,1576.6304,-47.222,1576.6304,-48.338,1576.6304,-50.608,1576.6304,-54.859
1576.6517,-47.059,1576.6517,-46.901,1576.6517,-47.233,1576.6517,-48.385,1576.6517,-50.670,1576.6517,-54.927
1576.6729,-47.072,1576.6729,-46.923,1576.6729,-47.267,1576.6729,-48.422,1576.6729,-50.760,1576.6729,-55.027
1576.6942,-47.082,1576.6942,-46.954,1576.6942,-47.306,1576.6942,-48.463,1576.6942,-50.797,1576.6942,-55.099
1576.7154,-47.087,1576.7154,-46.966,1576.7154,-47.314,1576.7154,-48.512,1576.7154,-50.885,1576.7154,-55.128
1576.7367,-47.101,1576.7367,-46.972,1576.7367,-47.351,1576.7367,-48.566,1576.7367,-50.949,1576.7367,-55.278
1576.7579,-47.105,1576.7579,-46.987,1576.7579,-47.375,1576.7579,-48.597,1576.7579,-51.028,1576.7579,-55.309
1576.7792,-47.119,1576.7792,-47.012,1576.7792,-47.416,1576.7792,-48.657,1576.7792,-51.074,1576.7792,-55.449
1576.8005,-47.146,1576.8005,-47.017,1576.8005,-47.432,1576.8005,-48.711,1576.8005,-51.136,1576.8005,-55.548
1576.8217,-47.133,1576.8217,-47.042,1576.8217,-47.470,1576.8217,-48.744,1576.8217,-51.227,1576.8217,-55.584
1576.8430,-47.153,1576.8430,-47.043,1576.8430,-47.507,1576.8430,-48.795,1576.8430,-51.285,1576.8430,-55.641
1576.8642,-47.161,1576.8642,-47.068,1576.8642,-47.528,1576.8642,-48.833,1576.8642,-51.347,1576.8642,-55.679
1576.8855,-47.159,1576.8855,-47.099,1576.8855,-47.559,1576.8855,-48.898,1576.8855,-51.430,1576.8855,-55.815
1576.9067,-47.168,1576.9067,-47.097,1576.9067,-47.590,1576.9067,-48.956,1576.9067,-51.508,1576.9067,-55.904
1576.9280,-47.185,1576.9280,-47.119,1576.9280,-47.621,1576.9280,-49.001,1576.9280,-51.594,1576.9280,-55.972
1576.9492,-47.198,1576.9492,-47.137,1576.9492,-47.649,1576.9492,-49.053,1576.9492,-51.607,1576.9492,-55.984
1576.9705,-47.201,1576.9705,-47.148,1576.9705,-47.691,1576.9705,-49.095,1576.9705,-51.694,1576.9705,-56.226
1576.9917,-47.223,1576.9917,-47.174,1576.9917,-47.721,1576.9917,-49.150,1576.9917,-51.763,1576.9917,-56.302
1577.0130,-47.223,1577.0130,-47.194,1577.0130,-47.755,1577.0130,-49.210,1577.0130,-51.840,1577.0130,-56.295
1577.0343,-47.233,1577.0343,-47.217,1577.0343,-47.805,1577.0343,-49.260,1577.0343,-51.896,1577.0343,-56.438
1577.0555,-47.252,1577.0555,-47.227,1577.0555,-47.844,1577.0555,-49.312,1577.0555,-52.036,1577.0555,-56.500
1577.0768,-47.265,1577.0768,-47.253,1577.0768,-47.874,1577.0768,-49.384,1577.0768,-52.046,1577.0768,-56.539
1577.0980,-47.261,1577.0980,-47.270,1577.0980,-47.895,1577.0980,-49.412,1577.0980,-52.111,1577.0980,-56.721
1577.1193,-47.269,1577.1193,-47.275,1577.1193,-47.950,1577.1193,-49.473,1577.1193,-52.218,1577.1193,-56.830
1577.1405,-47.294,1577.1405,-47.308,1577.1405,-47.977,1577.1405,-49.535,1577.1405,-52.268,1577.1405,-56.781
1577.1618,-47.294,1577.1618,-47.340,1577.1618,-48.017,1577.1618,-49.588,1577.1618,-52.314,1577.1618,-56.800
1577.1830,-47.313,1577.1830,-47.356,1577.1830,-48.059,1577.1830,-49.649,1577.1830,-52.413,1577.1830,-56.992
1577.2043,-47.321,1577.2043,-47.367,1577.2043,-48.098,1577.2043,-49.712,1577.2043,-52.499,1577.2043,-57.087
1577.2256,-47.330,1577.2256,-47.397,1577.2256,-48.127,1577.2256,-49.753,1577.2256,-52.588,1577.2256,-57.010
1577.2468,-47.349,1577.2468,-47.434,1577.2468,-48.174,1577.2468,-49.808,1577.2468,-52.627,1577.2468,-57.199
1577.2681,-47.343,1577.2681,-47.444,1577.2681,-48.204,1577.2681,-49.873,1577.2681,-52.724,1577.2681,-57.340
1577.2893,-47.373,1577.2893,-47.466,1577.2893,-48.262,1577.2893,-49.923,1577.2893,-52.834,1577.2893,-57.332
1577.3106,-47.381,1577.3106,-47.500,1577.3106,-48.287,1577.3106,-49.991,1577.3106,-52.908,1577.3106,-57.435
1577.3318,-47.381,1577.3318,-47.518,1577.3318,-48.323,1577.3318,-50.038,1577.3318,-52.959,1577.3318,-57.375
1577.3531,-47.395,1577.3531,-47.543,1577.3531,-48.372,1577.3531,-50.092,1577.3531,-53.067,1577.3531,-57.536
1577.3743,-47.421,1577.3743,-47.567,1577.3743,-48.427,1577.3743,-50.163,1577.3743,-53.087,1577.3743,-57.680
1577.3956,-47.398,1577.3956,-47.580,1577.3956,-48.441,1577.3956,-50.216,1577.3956,-53.200,1577.3956,-57.627
1577.4169,-47.415,1577.4169,-47.611,1577.4169,-48.496,1577.4169,-50.273,1577.4169,-53.275,1577.4169,-57.448
1577.4381,-47.442,1577.4381,-47.636,1577.4381,-48.538,1577.4381,-50.332,1577.4381,-53.323,1577.4381,-57.874
1577.4594,-47.456,1577.4594,-47.668,1577.4594,-48.572,1577.4594,-50.402,1577.4594,-53.406,1577.4594,-57.821
1577.4806,-47.441,1577.4806,-47.689,1577.4806,-48.612,1577.4806,-50.439,1577.4806,-53.500,1577.4806,-57.799
1577.5019,-47.478,1577.5019,-47.729,1577.5019,-48.667,1577.5019,-50.503,1577.5019,-53.594,1577.5019,-57.952
1577.5231,-47.490,1577.5231,-47.733,1577.5231,-48.698,1577.5231,-50.566,1577.5231,-53.647,1577.5231,-57.967
1577.5444,-47.485,1577.5444,-47.763,1577.5444,-48.751,1577.5444,-50.628,1577.5444,-53.711,1577.5444,-57.956
1577.5656,-47.507,1577.5656,-47.784,1577.5656,-48.793,1577.5656,-50.686,1577.5656,-53.813,1577.5656,-58.211
1577.5869,-47.521,1577.5869,-47.809,1577.5869,-48.827,1577.5869,-50.730,1577.5869,-53.894,1577.5869,-58.087
1577.6082,-47.518,1577.6082,-47.847,1577.6082,-48.865,1577.6082,-50.817,1577.6082,-53.980,1577.6082,-58.216
1577.6294,-47.547,1577.6294,-47.866,1577.6294,-48.947,1577.6294,-50.883,1577.6294,-54.061,1577.6294,-58.251
1577.6507,-47.544,1577.6507,-47.895,1577.6507,-48.972,1577.6507,-50.929,1577.6507,-54.147,1577.6507,-58.339
1577.6719,-47.570,1577.6719,-47.927,1577.6719,-49.007,1577.6719,-50.984,1577.6719,-54.161,1577.6719,-58.263
1577.6932,-47.588,1577.6932,-47.962,1577.6932,-49.051,1577.6932,-51.066,1577.6932,-54.330,1577.6932,-58.402
1577.7144,-47.585,1577.7144,-47.975,1577.7144,-49.104,1577.7144,-51.093,1577.7144,-54.363,1577.7144,-58.326
1577.7357,-47.612,1577.7357,-48.013,1577.7357,-49.152,1577.7357,-51.166,1577.7357,-54.430,1577.7357,-58.339
1577.7569,-47.616,1577.7569,-48.041,1577.7569,-49.204,1577.7569,-51.229,1577.7569,-54.446,1577.7569,-58.373
1577.7782,-47.624,1577.7782,-48.084,1577.7782,-49.244,1577.7782,-51.288,1577.7782,-54.631,1577.7782,-58.387
1577.7994,-47.635,1577.7994,-48.111,1577.7994,-49.284,1577.7994,-51.332,1577.7994,-54.738,1577.7994,-58.287
1577.8207,-47.671,1577.8207,-48.159,1577.8207,-49.349,1577.8207,-51.425,1577.8207,-54.766,1577.8207,-58.459
1577.8420,-47.667,1577.8420,-48.168,1577.8420,-49.357,1577.8420,-51.480,1577.8420,-54.852,1577.8420,-58.482
1577.8632,-47.667,1577.8632,-48.221,1577.8632,-49.430,1577.8632,-51.547,1577.8632,-54.980,1577.8632,-58.503
1577.8845,-47.696,1577.8845,-48.243,1577.8845,-49.498,1577.8845,-51.611,1577.8845,-55.048,1577.8845,-58.351
1577.9057,-47.718,1577.9057,-48.277,1577.9057,-49.526,1577.9057,-51.686,1577.9057,-55.038,1577.9057,-58.522
1577.9270,-47.730,1577.9270,-48.302,1577.9270,-49.574,1577.9270,-51.757,1577.9270,-55.219,1577.9270,-58.474
1577.9482,-47.753,1577.9482,-48.356,1577.9482,-49.642,1577.9482,-51.838,1577.9482,-55.266,1577.9482,-58.369
1577.9695,-47.757,1577.9695,-48.373,1577.9695,-49.690,1577.9695,-51.883,1577.9695,-55.395,1577.9695,-58.544
1577.9907,-47.774,1577.9907,-48.422,1577.9907,-49.728,1577.9907,-51.957,1577.9907,-55.426,1577.9907,-58.521
1578.0120,-47.800,1578.0120,-48.437,1578.0120,-49.805,1578.0120,-51.991,1578.0120,-55.534,1578.0120,-58.644
1578.0333,-47.823,1578.0333,-48.476,1578.0333,-49.839,1578.0333,-52.105,1578.0333,-55.671,1578.0333,-58.438
1578.0545,-47.825,1578.0545,-48.528,1578.0545,-49.880,1578.0545,-52.165,1578.0545,-55.701,1578.0545,-58.567
1578.0758,-47.833,1578.0758,-48.549,1578.0758,-49.933,1578.0758,-52.256,1578.0758,-55.802,1578.0758,-58.560
1578.0970,-47.880,1578.0970,-48.582,1578.0970,-49.992,1578.0970,-52.294,1578.0970,-55.913,1578.0970,-58.463
1578.1183,-47.885,1578.1183,-48.623,1578.1183,-50.047,1578.1183,-52.362,1578.1183,-55.842,1578.1183,-58.474
1578.1395,-47.887,1578.1395,-48.649,1578.1395,-50.100,1578.1395,-52.407,1578.1395,-56.049,1578.1395,-58.571
1578.1608,-47.920,1578.1608,-48.693,1578.1608,-50.158,1578.1608,-52.477,1578.1608,-56.101,1578.1608,-58.575
1578.1820,-47.939,1578.1820,-48.731,1578.1820,-50.204,1578.1820,-52.569,1578.1820,-56.098,1578.1820,-58.479
1578.2033,-47.953,1578.2033,-48.760,1578.2033,-50.253,1578.2033,-52.644,1578.2033,-56.239,1578.2033,-58.485
1578.2246,-47.973,1578.2246,-48.806,1578.2246,-50.301,1578.2246,-52.691,1578.2246,-56.281,1578.2246,-58.532
1578.2458,-47.997,1578.2458,-48.858,1578.2458,-50.371,1578.2458,-52.755,1578.2458,-56.524,1578.2458,-58.348
1578.2671,-48.027,1578.2671,-48.878,1578.2671,-50.415,1578.2671,-52.832,1578.2671,-56.468,1578.2671,-58.370
1578.2883,-48.032,1578.2883,-48.920,1578.2883,-50.451,1578.2883,-52.881,1578.2883,-56.470,1578.2883,-58.275
1578.3096,-48.057,1578.3096,-48.968,1578.3096,-50.536,1578.3096,-52.967,1578.3096,-56.634,1578.3096,-58.455
1578.3308,-48.071,1578.3308,-49.011,1578.3308,-50.577,1578.3308,-53.057,1578.3308,-56.689,1578.3308,-58.225
1578.3521,-48.094,1578.3521,-49.038,1578.3521,-50.637,1578.3521,-53.155,1578.3521,-56.908,1578.3521,-58.261
1578.3733,-48.094,1578.3733,-49.078,1578.3733,-50.696,1578.3733,-53.162,1578.3733,-56.889,1578.3733,-58.193
1578.3946,-48.149,1578.3946,-49.131,1578.3946,-50.742,1578.3946,-53.228,1578.3946,-57.021,1578.3946,-58.065
1578.4159,-48.163,1578.4159,-49.163,1578.4159,-50.796,1578.4159,-53.320,1578.4159,-57.050,1578.4159,-58.216
1578.4371,-48.182,1578.4371,-49.220,1578.4371,-50.841,1578.4371,-53.392,1578.4371,-57.196,1578.4371,-58.090
1578.4584,-48.214,1578.4584,-49.252,1578.4584,-50.927,1578.4584,-53.472,1578.4584,-57.221,1578.4584,-58.055
1578.4796,-48.232,1578.4796,-49.298,1578.4796,-50.975,1578.4796,-53.580,1578.4796,-57.288,1578.4796,-57.940
1578.5009,-48.244,1578.5009,-49.347,1578.5009,-51.024,1578.5009,-53.661,1578.5009,-57.374,1578.5009,-58.076
1578.5221,-48.274,1578.5221,-49.393,1578.5221,-51.079,1578.5221,-53.616,1578.5221,-57.483,1578.5221,-57.943
1578.5434,-48.301,1578.5434,-49.441,1578.5434,-51.130,1578.5434,-53.805,1578.5434,-57.607,1578.5434,-57.930
1578.5646,-48.333,1578.5646,-49.470,1578.5646,-51.184,1578.5646,-53.880,1578.5646,-57.546,1578.5646,-57.903
1578.5859,-48.363,1578.5859,-49.504,1578.5859,-51.294,1578.5859,-53.919,1578.5859,-57.644,1578.5859,-57.860
1578.6072,-48.377,1578.6072,-49.587,1578.6072,-51.341,1578.6072,-54.042,1578.6072,-57.677,1578.6072,-57.809
1578.6284,-48.409,1578.6284,-49.604,1578.6284,-51.380,1578.6284,-54.060,1578.6284,-57.821,1578.6284,-57.593
1578.6497,-48.427,1578.6497,-49.663,1578.6497,-51.438,1578.6497,-54.209,1578.6497,-57.846,1578.6497,-57.738
1578.6709,-48.470,1578.6709,-49.692,1578.6709,-51.512,1578.6709,-54.120,1578.6709,-58.004,1578.6709,-57.766
1578.6922,-48.482,1578.6922,-49.751,1578.6922,-51.581,1578.6922,-54.298,1578.6922,-57.989,1578.6922,-57.512
1578.7134,-48.524,1578.7134,-49.801,1578.7134,-51.650,1578.7134,-54.368,1578.7134,-57.999,1578.7134,-57.590
1578.7347,-48.550,1578.7347,-49.822,1578.7347,-51.660,1578.7347,-54.508,1578.7347,-58.071,1578.7347,-57.595
1578.7559,-48.574,1578.7559,-49.875,1578.7559,-51.766,1578.7559,-54.522,1578.7559,-58.220,1578.7559,-57.615
1578.7772,-48.587,1578.7772,-49.939,1578.7772,-51.821,1578.7772,-54.601,1578.7772,-58.256,1578.7772,-57.386
1578.7984,-48.639,1578.7984,-49.993,1578.7984,-51.895,1578.7984,-54.694,1578.7984,-58.287,1578.7984,-57.353
1578.8197,-48.685,1578.8197,-50.039,1578.8197,-51.960,1578.8197,-54.713,1578.8197,-58.373,1578.8197,-57.293
1578.8410,-48.688,1578.8410,-50.089,1578.8410,-51.999,1578.8410,-54.893,1578.8410,-58.388,1578.8410,-57.307
1578.8622,-48.728,1578.8622,-50.127,1578.8622,-52.035,1578.8622,-54.957,1578.8622,-58.568,1578.8622,-57.181
1578.8835,-48.762,1578.8835,-50.171,1578.8835,-52.104,1578.8835,-54.986,1578.8835,-58.596,1578.8835,-57.294
1578.9047,-48.786,1578.9047,-50.231,1578.9047,-52.202,1578.9047,-55.062,1578.9047,-58.507,1578.9047,-57.182
1578.9260,-48.814,1578.9260,-50.289,1578.9260,-52.284,1578.9260,-55.142,1578.9260,-58.658,1578.9260,-56.982
1578.9472,-48.841,1578.9472,-50.325,1578.9472,-52.316,1578.9472,-55.209,1578.9472,-58.792,1578.9472,-57.085
1578.9685,-48.868,1578.9685,-50.413,1578.9685,-52.396,1578.9685,-55.348,1578.9685,-58.828,1578.9685,-56.949
1578.9897,-48.911,1578.9897,-50.443,1578.9897,-52.469,1578.9897,-55.456,1578.9897,-58.786,1578.9897,-56.844
1579.0110,-48.937,1579.0110,-50.460,1579.0110,-52.514,1579.0110,-55.477,1579.0110,-58.922,1579.0110,-56.982
1579.0323,-48.955,1579.0323,-50.520,1579.0323,-52.572,1579.0323,-55.554,1579.0323,-58.947,1579.0323,-56.833
1579.0535,-48.997,1579.0535,-50.591,1579.0535,-52.624,1579.0535,-55.658,1579.0535,-59.146,1579.0535,-56.742
1579.0748,-49.030,1579.0748,-50.624,1579.0748,-52.709,1579.0748,-55.729,1579.0748,-58.810,1579.0748,-56.743
1579.0960,-49.059,1579.0960,-50.678,1579.0960,-52.786,1579.0960,-55.810,1579.0960,-59.107,1579.0960,-56.728
1579.1173,-49.108,1579.1173,-50.708,1579.1173,-52.805,1579.1173,-55.800,1579.1173,-59.049,1579.1173,-56.759
1579.1385,-49.142,1579.1385,-50.791,1579.1385,-52.918,1579.1385,-55.974,1579.1385,-59.108,1579.1385,-56.695
1579.1598,-49.145,1579.1598,-50.811,1579.1598,-53.001,1579.1598,-56.047,1579.1598,-59.031,1579.1598,-56.627
1579.1810,-49.191,1579.1810,-50.884,1579.1810,-53.036,1579.1810,-56.039,1579.1810,-59.160,1579.1810,-56.530
1579.2023,-49.251,1579.2023,-50.914,1579.2023,-53.087,1579.2023,-56.177,1579.2023,-59.152,1579.2023,-56.473
1579.2236,-49.253,1579.2236,-50.974,1579.2236,-53.126,1579.2236,-56.249,1579.2236,-59.024,1579.2236,-56.505
1579.2448,-49.309,1579.2448,-51.055,1579.2448,-53.206,1579.2448,-56.359,1579.2448,-59.218,1579.2448,-56.464
1579.2661,-49.326,1579.2661,-51.066,1579.2661,-53.317,1579.2661,-56.408,1579.2661,-59.107,1579.2661,-56.448
1579.2873,-49.387,1579.2873,-51.142,1579.2873,-53.405,1579.2873,-56.475,1579.2873,-59.043,1579.2873,-56.334
1579.3086,-49.428,1579.3086,-51.206,1579.3086,-53.414,1579.3086,-56.571,1579.3086,-59.213,1579.3086,-56.344
1579.3298,-49.470,1579.3298,-51.261,1579.3298,-53.464,1579.3298,-56.630,1579.3298,-59.136,1579.3298,-56.222
1579.3511,-49.486,1579.3511,-51.297,1579.3511,-53.562,1579.3511,-56.678,1579.3511,-59.377,1579.3511,-56.123
1579.3723,-49.517,1579.3723,-51.352,1579.3723,-53.661,1579.3723,-56.851,1579.3723,-59.194,1579.3723,-56.171
1579.3936,-49.573,1579.3936,-51.428,1579.3936,-53.722,1579.3936,-56.934,1579.3936,-59.248,1579.3936,-56.059
1579.4149,-49.603,1579.4149,-51.466,1579.4149,-53.773,1579.4149,-56.954,1579.4149,-59.265,1579.4149,-56.116
1579.4361,-49.648,1579.4361,-51.548,1579.4361,-53.837,1579.4361,-56.945,1579.4361,-59.402,1579.4361,-55.902
1579.4574,-49.679,1579.4574,-51.597,1579.4574,-53.852,1579.4574,-57.053,1579.4574,-59.273,1579.4574,-55.970
1579.4786,-49.720,1579.4786,-51.671,1579.4786,-54.009,1579.4786,-57.187,1579.4786,-59.327,1579.4786,-55.907
1579.4999,-49.768,1579.4999,-51.724,1579.4999,-54.026,1579.4999,-57.321,1579.4999,-59.258,1579.4999,-55.961
1579.5211,-49.790,1579.5211,-51.767,1579.5211,-54.164,1579.5211,-57.247,1579.5211,-59.039,1579.5211,-55.850
1579.5424,-49.839,1579.5424,-51.819,1579.5424,-54.212,1579.5424,-57.366,1579.5424,-59.257,1579.5424,-55.787
1579.5636,-49.875,1579.5636,-51.870,1579.5636,-54.276,1579.5636,-57.508,1579.5636,-59.201,1579.5636,-55.760
1579.5849,-49.936,1579.5849,-51.928,1579.5849,-54.339,1579.5849,-57.554,1579.5849,-59.152,1579.5849,-55.709
1579.6062,-49.958,1579.6062,-52.019,1579.6062,-54.411,1579.6062,-57.648,1579.6062,-59.123,1579.6062,-55.722
1579.6274,-49.997,1579.6274,-52.057,1579.6274,-54.528,1579.6274,-57.727,1579.6274,-59.089,1579.6274,-55.757
1579.6487,-50.062,1579.6487,-52.078,1579.6487,-54.537,1579.6487,-57.755,1579.6487,-59.130,1579.6487,-55.582
1579.6699,-50.092,1579.6699,-52.146,1579.6699,-54.621,1579.6699,-57.744,1579.6699,-59.085,1579.6699,-55.603
1579.6912,-50.123,1579.6912,-52.251,1579.6912,-54.736,1579.6912,-57.840,1579.6912,-59.100,1579.6912,-55.562
1579.7124,-50.167,1579.7124,-52.303,1579.7124,-54.794,1579.7124,-57.936,1579.7124,-58.979,1579.7124,-55.553
1579.7337,-50.224,1579.7337,-52.310,1579.7337,-54.853,1579.7337,-58.123,1579.7337,-59.127,1579.7337,-55.464
1579.7549,-50.260,1579.7549,-52.392,1579.7549,-54.925,1579.7549,-58.084,1579.7549,-58.967,1579.7549,-55.490
1579.7762,-50.329,1579.7762,-52.456,1579.7762,-55.033,1579.7762,-58.107,1579.7762,-58.887,1579.7762,-55.411
1579.7974,-50.349,1579.7974,-52.526,1579.7974,-55.060,1579.7974,-58.169,1579.7974,-58.873,1579.7974,-55.375
1579.8187,-50.388,1579.8187,-52.572,1579.8187,-55.096,1579.8187,-58.182,1579.8187,-58.967,1579.8187,-55.349
1579.8400,-50.438,1579.8400,-52.658,1579.8400,-55.254,1579.8400,-58.338,1579.8400,-58.844,1579.8400,-55.346
1579.8612,-50.501,1579.8612,-52.718,1579.8612,-55.296,1579.8612,-58.238,1579.8612,-58.856,1579.8612,-55.247
1579.8825,-50.512,1579.8825,-52.755,1579.8825,-55.377,1579.8825,-58.380,1579.8825,-58.894,1579.8825,-55.254
1579.9037,-50.581,1579.9037,-52.854,1579.9037,-55.437,1579.9037,-58.471,1579.9037,-58.755,1579.9037,-55.195
1579.9250,-50.649,1579.9250,-52.886,1579.9250,-55.472,1579.9250,-58.412,1579.9250,-58.750,1579.9250,-55.118
1579.9462,-50.671,1579.9462,-52.933,1579.9462,-55.617,1579.9462,-58.478,1579.9462,-58.707,1579.9462,-55.161
1579.9675,-50.715,1579.9675,-53.032,1579.9675,-55.679,1579.9675,-58.737,1579.9675,-58.698,1579.9675,-55.140
1579.9887,-50.763,1579.9887,-53.069,1579.9887,-55.763,1579.9887,-58.585,1579.9887,-58.561,1579.9887,-55.058
1580.0100,-50.789,1580.0100,-53.148,1580.0100,-55.815,1580.0100,-58.732,1580.0100,-58.529,1580.0100,-55.081
1580.0313,-50.867,1580.0313,-53.166,1580.0313,-55.917,1580.0313,-58.772,1580.0313,-58.549,1580.0313,-55.018
1580.0525,-50.896,1580.0525,-53.254,1580.0525,-55.923,1580.0525,-58.891,1580.0525,-58.491,1580.0525,-55.035
1580.0738,-50.931,1580.0738,-53.360,1580.0738,-56.094,1580.0738,-58.820,1580.0738,-58.487,1580.0738,-55.036
1580.0950,-51.016,1580.0950,-53.402,1580.0950,-56.204,1580.0950,-58.836,1580.0950,-58.287,1580.0950,-54.949
1580.1163,-51.060,1580.1163,-53.427,1580.1163,-56.265,1580.1163,-58.870,1580.1163,-58.291,1580.1163,-54.983
1580.1375,-51.078,1580.1375,-53.523,1580.1375,-56.278,1580.1375,-58.997,1580.1375,-58.275,1580.1375,-54.904
1580.1588,-51.157,1580.1588,-53.573,1580.1588,-56.391,1580.1588,-58.920,1580.1588,-58.093,1580.1588,-54.866
1580.1800,-51.205,1580.1800,-53.628,1580.1800,-56.504,1580.1800,-59.169,1580.1800,-58.164,1580.1800,-54.852
1580.2013,-51.230,1580.2013,-53.710,1580.2013,-56.590,1580.2013,-59.137,1580.2013,-58.200,1580.2013,-54.859
1580.2226,-51.318,1580.2226,-53.793,1580.2226,-56.689,1580.2226,-58.937,1580.2226,-57.967,1580.2226,-54.779
1580.2438,-51.357,1580.2438,-53.844,1580.2438,-56.616,1580.2438,-59.063,1580.2438,-57.873,1580.2438,-54.799
1580.2651,-51.409,1580.2651,-53.955,1580.2651,-56.761,1580.2651,-59.171,1580.2651,-57.892,1580.2651,-54.788
1580.2863,-51.460,1580.2863,-53.979,1580.2863,-56.838,1580.2863,-59.065,1580.2863,-57.865,1580.2863,-54.688
1580.3076,-51.532,1580.3076,-54.056,1580.3076,-56.956,1580.3076,-59.217,1580.3076,-57.847,1580.3076,-54.731
1580.3288,-51.550,1580.3288,-54.177,1580.3288,-56.952,1580.3288,-59.276,1580.3288,-57.872,1580.3288,-54.664
1580.3501,-51.600,1580.3501,-54.186,1580.3501,-57.025,1580.3501,-59.320,1580.3501,-57.845,1580.3501,-54.585
1580.3713,-51.667,1580.3713,-54.295,1580.3713,-57.191,1580.3713,-59.207,1580.3713,-57.697,1580.3713,-54.660
1580.3926,-51.754,1580.3926,-54.361,1580.3926,-57.117,1580.3926,-59.080,1580.3926,-57.688,1580.3926,-54.640
1580.4139,-51.734,1580.4139,-54.341,1580.4139,-57.319,1580.4139,-58.968,1580.4139,-57.775,1580.4139,-54.633
1580.4351,-51.834,1580.4351,-54.543,1580.4351,-57.336,1580.4351,-59.358,1580.4351,-57.542,1580.4351,-54.568
1580.4564,-51.870,1580.4564,-54.533,1580.4564,-57.430,1580.4564,-59.319,1580.4564,-57.580,1580.4564,-54.544
1580.4776,-51.890,1580.4776,-54.650,1580.4776,-57.501,1580.4776,-59.205,1580.4776,-57.468,1580.4776,-54.554
1580.4989,-51.985,1580.4989,-54.618,1580.4989,-57.623,1580.4989,-59.170,1580.4989,-57.552,1580.4989,-54.481
1580.5201,-52.054,1580.5201,-54.791,1580.5201,-57.554,1580.5201,-59.366,1580.5201,-57.282,1580.5201,-54.492
1580.5414,-52.064,1580.5414,-54.825,1580.5414,-57.595,1580.5414,-59.230,1580.5414,-57.347,1580.5414,-54.507
1580.5626,-52.137,1580.5626,-54.867,1580.5626,-57.830,1580.5626,-59.151,1580.5626,-57.403,1580.5626,-54.507
1580.5839,-52.188,1580.5839,-54.944,1580.5839,-57.945,1580.5839,-59.376,1580.5839,-57.254,1580.5839,-54.429
1580.6052,-52.247,1580.6052,-55.022,1580.6052,-57.969,1580.6052,-59.331,1580.6052,-57.097,1580.6052,-54.483
1580.6264,-52.269,1580.6264,-55.106,1580.6264,-57.932,1580.6264,-59.231,1580.6264,-57.150,1580.6264,-54.426
1580.6477,-52.372,1580.6477,-55.106,1580.6477,-58.018,1580.6477,-59.144,1580.6477,-57.129,1580.6477,-54.423
1580.6689,-52.419,1580.6689,-55.231,1580.6689,-58.149,1580.6689,-59.256,1580.6689,-57.040,1580.6689,-54.343
1580.6902,-52.442,1580.6902,-55.294,1580.6902,-58.196,1580.6902,-59.227,1580.6902,-57.008,1580.6902,-54.358
1580.7114,-52.526,1580.7114,-55.364,1580.7114,-58.258,1580.7114,-59.135,1580.7114,-57.008,1580.7114,-54.429
1580.7327,-52.567,1580.7327,-55.395,1580.7327,-58.457,1580.7327,-59.034,1580.7327,-56.925,1580.7327,-54.355
1580.7539,-52.672,1580.7539,-55.561,1580.7539,-58.359,1580.7539,-59.205,1580.7539,-56.816,1580.7539,-54.334
1580.7752,-52.645,1580.7752,-55.590,1580.7752,-58.434,1580.7752,-59.109,1580.7752,-56.839,1580.7752,-54.329
1580.7964,-52.732,1580.7964,-55.704,1580.7964,-58.544,1580.7964,-59.109,1580.7964,-56.817,1580.7964,-54.306
1580.8177,-52.838,1580.8177,-55.716,1580.8177,-58.597,1580.8177,-58.987,1580.8177,-56.665,1580.8177,-54.300
1580.8390,-52.821,1580.8390,-55.804,1580.8390,-58.556,1580.8390,-58.927,1580.8390,-56.682,1580.8390,-54.283
1580.8602,-52.920,1580.8602,-55.866,1580.8602,-58.612,1580.8602,-58.843,1580.8602,-56.657,1580.8602,-54.320
1580.8815,-53.013,1580.8815,-55.939,1580.8815,-58.707,1580.8815,-58.892,1580.8815,-56.590,1580.8815,-54.205
1580.9027,-53.054,1580.9027,-56.079,1580.9027,-58.870,1580.9027,-58.935,1580.9027,-56.550,1580.9027,-54.268
1580.9240,-53.053,1580.9240,-56.114,1580.9240,-58.724,1580.9240,-59.032,1580.9240,-56.531,1580.9240,-54.195
1580.9452,-53.148,1580.9452,-56.215,1580.9452,-58.835,1580.9452,-58.763,1580.9452,-56.474,1580.9452,-54.224
1580.9665,-53.236,1580.9665,-56.263,1580.9665,-58.814,1580.9665,-58.840,1580.9665,-56.478,1580.9665,-54.216
1580.9877,-53.221,1580.9877,-56.347,1580.9877,-58.922,1580.9877,-58.791,1580.9877,-56.365,1580.9877,-54.185
1581.0090,-53.369,1581.0090,-56.303,1581.0090,-59.004,1581.0090,-58.668,1581.0090,-56.383,1581.0090,-54.202
1581.0303,-53.406,1581.0303,-56.430,1581.0303,-59.237,1581.0303,-58.519,1581.0303,-56.279,1581.0303,-54.148
1581.0515,-53.407,1581.0515,-56.580,1581.0515,-59.045,1581.0515,-58.751,1581.0515,-56.360,1581.0515,-54.218
1581.0728,-53.498,1581.0728,-56.728,1581.0728,-59.073,1581.0728,-58.696,1581.0728,-56.328,1581.0728,-54.118
1581.0940,-53.565,1581.0940,-56.593,1581.0940,-59.172,1581.0940,-58.590,1581.0940,-56.251,1581.0940,-54.155
1581.1153,-53.616,1581.1153,-56.783,1581.1153,-59.272,1581.1153,-58.602,1581.1153,-56.056,1581.1153,-54.151
1581.1365,-53.658,1581.1365,-56.829,1581.1365,-59.286,1581.1365,-58.564,1581.1365,-56.110,1581.1365,-54.181
1581.1578,-53.782,1581.1578,-56.879,1581.1578,-59.238,1581.1578,-58.441,1581.1578,-56.119,1581.1578,-54.179
1581.1790,-53.802,1581.1790,-56.924,1581.1790,-59.288,1581.1790,-58.444,1581.1790,-56.027,1581.1790,-54.151
1581.2003,-53.872,1581.2003,-57.069,1581.2003,-59.549,1581.2003,-58.622,1581.2003,-55.981,1581.2003,-54.175
1581.2216,-53.954,1581.2216,-57.111,1581.2216,-59.473,1581.2216,-58.231,1581.2216,-56.030,1581.2216,-54.093
1581.2428,-53.951,1581.2428,-57.213,1581.2428,-59.379,1581.2428,-58.336,1581.2428,-55.970,1581.2428,-54.116
1581.2641,-54.070,1581.2641,-57.260,1581.2641,-59.436,1581.2641,-58.155,1581.2641,-55.878,1581.2641,-54.151
1581.2853,-54.144,1581.2853,-57.299,1581.2853,-59.328,1581.2853,-58.138,1581.2853,-55.879,1581.2853,-54.093
1581.3066,-54.196,1581.3066,-57.310,1581.3066,-59.438,1581.3066,-58.121,1581.3066,-55.900,1581.3066,-54.095
1581.3278,-54.242,1581.3278,-57.567,1581.3278,-59.476,1581.3278,-58.062,1581.3278,-55.815,1581.3278,-54.119
1581.3491,-54.305,1581.3491,-57.597,1581.3491,-59.509,1581.3491,-58.226,1581.3491,-55.800,1581.3491,-54.136
1581.3703,-54.388,1581.3703,-57.555,1581.3703,-59.613,1581.3703,-58.054,1581.3703,-55.768,1581.3703,-54.097
1581.3916,-54.482,1581.3916,-57.667,1581.3916,-59.745,1581.3916,-57.993,1581.3916,-55.686,1581.3916,-54.079
1581.4129,-54.532,1581.4129,-57.897,1581.4129,-59.340,1581.4129,-57.990,1581.4129,-55.716,1581.4129,-54.137
1581.4341,-54.605,1581.4341,-57.838,1581.4341,-59.451,1581.4341,-57.863,1581.4341,-55.661,1581.4341,-54.093
1581.4554,-54.710,1581.4554,-57.751,1581.4554,-59.433,1581.4554,-57.821,1581.4554,-55.627,1581.4554,-54.003
1581.4766,-54.769,1581.4766,-57.984,1581.4766,-59.537,1581.4766,-57.833,1581.4766,-55.597,1581.4766,-54.085
1581.4979,-54.745,1581.4979,-58.058,1581.4979,-59.469,1581.4979,-57.783,1581.4979,-55.553,1581.4979,-54.101
1581.5191,-54.802,1581.5191,-58.224,1581.5191,-59.618,1581.5191,-57.672,1581.5191,-55.589,1581.5191,-54.091
1581.5404,-54.938,1581.5404,-58.178,1581.5404,-59.507,1581.5404,-57.697,1581.5404,-55.580,1581.5404,-54.003
1581.5616,-54.932,1581.5616,-58.277,1581.5616,-59.528,1581.5616,-57.591,1581.5616,-55.497,1581.5616,-54.065
1581.5829,-55.000,1581.5829,-58.333,1581.5829,-59.611,1581.5829,-57.627,1581.5829,-55.478,1581.5829,-54.113
1581.6042,-55.090,1581.6042,-58.310,1581.6042,-59.701,1581.6042,-57.606,1581.6042,-55.436,1581.6042,-54.037
1581.6254,-55.197,1581.6254,-58.603,1581.6254,-59.586,1581.6254,-57.621,1581.6254,-55.463,1581.6254,-54.083
1581.6467,-55.221,1581.6467,-58.461,1581.6467,-59.410,1581.6467,-57.509,1581.6467,-55.403,1581.6467,-54.097
1581.6679,-55.332,1581.6679,-58.499,1581.6679,-59.528,1581.6679,-57.381,1581.6679,-55.456,1581.6679,-54.032
1581.6892,-55.413,1581.6892,-58.667,1581.6892,-59.637,1581.6892,-57.405,1581.6892,-55.283,1581.6892,-54.006
1581.7104,-55.432,1581.7104,-58.693,1581.7104,-59.349,1581.7104,-57.201,1581.7104,-55.310,1581.7104,-54.024
1581.7317,-55.575,1581.7317,-58.475,1581.7317,-59.667,1581.7317,-57.291,1581.7317,-55.357,1581.7317,-54.102
1581.7529,-55.624,1581.7529,-58.768,1581.7529,-59.472,1581.7529,-57.303,1581.7529,-55.288,1581.7529,-54.046
1581.7742,-55.637,1581.7742,-58.764,1581.7742,-59.336,1581.7742,-57.316,1581.7742,-55.139,1581.7742,-54.062
1581.7954,-55.754,1581.7954,-59.063,1581.7954,-59.209,1581.7954,-57.140,1581.7954,-55.208,1581.7954,-54.020
1581.8167,-55.833,1581.8167,-58.819,1581.8167,-59.485,1581.8167,-57.029,1581.8167,-55.205,1581.8167,-54.077
1581.8380,-55.907,1581.8380,-58.966,1581.8380,-59.421,1581.8380,-57.100,1581.8380,-55.147,1581.8380,-54.057
1581.8592,-55.939,1581.8592,-59.038,1581.8592,-59.431,1581.8592,-57.096,1581.8592,-55.170,1581.8592,-54.065
1581.8805,-56.062,1581.8805,-59.132,1581.8805,-59.212,1581.8805,-56.923,1581.8805,-55.114,1581.8805,-54.041
1581.9017,-56.107,1581.9017,-59.039,1581.9017,-59.170,1581.9017,-56.909,1581.9017,-55.108,1581.9017,-54.048
1581.9230,-56.161,1581.9230,-59.221,1581.9230,-59.257,1581.9230,-56.972,1581.9230,-55.088,1581.9230,-54.038
1581.9442,-56.347,1581.9442,-59.273,1581.9442,-59.308,1581.9442,-56.942,1581.9442,-55.129,1581.9442,-54.054
1581.9655,-56.274,1581.9655,-59.431,1581.9655,-59.056,1581.9655,-56.802,1581.9655,-55.064,1581.9655,-53.970
1581.9867,-56.420,1581.9867,-59.514,1581.9867,-59.098,1581.9867,-56.878,1581.9867,-55.087,1581.9867,-54.021
1582.0080,-56.498,1582.0080,-59.351,1582.0080,-59.004,1582.0080,-56.866,1582.0080,-55.040,1582.0080,-54.061
1582.0293,-56.492,1582.0293,-59.244,1582.0293,-59.051,1582.0293,-56.744,1582.0293,-54.995,1582.0293,-54.018
1582.0505,-56.545,1582.0505,-59.581,1582.0505,-59.026,1582.0505,-56.655,1582.0505,-55.056,1582.0505,-53.991
1582.0718,-56.658,1582.0718,-59.479,1582.0718,-58.972,1582.0718,-56.677,1582.0718,-55.002,1582.0718,-54.029
1582.0930,-56.607,1582.0930,-59.437,1582.0930,-59.006,1582.0930,-56.708,1582.0930,-55.026,1582.0930,-53.998
1582.1143,-56.687,1582.1143,-59.501,1582.1143,-58.873,1582.1143,-56.524,1582.1143,-54.959,1582.1143,-54.038
1582.1355,-56.843,1582.1355,-59.715,1582.1355,-58.837,1582.1355,-56.651,1582.1355,-54.910,1582.1355,-53.957
1582.1568,-56.875,1582.1568,-59.734,1582.1568,-58.756,1582.1568,-56.500,1582.1568,-54.954,1582.1568,-54.008
1582.1780,-57.005,1582.1780,-59.438,1582.1780,-58.913,1582.1780,-56.481,1582.1780,-54.909,1582.1780,-54.074
1582.1993,-57.205,1582.1993,-59.566,1582.1993,-58.771,1582.1993,-56.449,1582.1993,-54.848,1582.1993,-53.984
1582.2206,-57.114,1582.2206,-59.503,1582.2206,-58.523,1582.2206,-56.474,1582.2206,-54.864,1582.2206,-54.044
1582.2418,-57.202,1582.2418,-59.760,1582.2418,-58.699,1582.2418,-56.303,1582.2418,-54.804,1582.2418,-54.025
1582.2631,-57.312,1582.2631,-59.662,1582.2631,-58.685,1582.2631,-56.388,1582.2631,-54.861,1582.2631,-53.957
1582.2843,-57.334,1582.2843,-59.486,1582.2843,-58.467,1582.2843,-56.334,1582.2843,-54.804,1582.2843,-54.000
1582.3056,-57.359,1582.3056,-59.517,1582.3056,-58.535,1582.3056,-56.252,1582.3056,-54.871,1582.3056,-54.007
1582.3268,-57.511,1582.3268,-59.778,1582.3268,-58.533,1582.3268,-56.238,1582.3268,-54.820,1582.3268,-53.996
1582.3481,-57.625,1582.3481,-59.861,1582.3481,-58.406,1582.3481,-56.225,1582.3481,-54.771,1582.3481,-53.964
1582.3693,-57.531,1582.3693,-59.703,1582.3693,-58.485,1582.3693,-56.176,1582.3693,-54.759,1582.3693,-54.024
1582.3906,-57.830,1582.3906,-59.568,1582.3906,-58.320,1582.3906,-56.103,1582.3906,-54.752,1582.3906,-53.993
1582.4119,-57.770,1582.4119,-59.627,1582.4119,-58.431,1582.4119,-56.026,1582.4119,-54.758,1582.4119,-53.911
1582.4331,-57.824,1582.4331,-59.948,1582.4331,-58.264,1582.4331,-56.078,1582.4331,-54.717,1582.4331,-53.897
1582.4544,-57.958,1582.4544,-59.635,1582.4544,-58.082,1582.4544,-55.999,1582.4544,-54.754,1582.4544,-53.952
1582.4756,-57.963,1582.4756,-59.639,1582.4756,-58.224,1582.4756,-55.949,1582.4756,-54.746,1582.4756,-53.938
1582.4969,-58.008,1582.4969,-59.837,1582.4969,-58.141,1582.4969,-56.119,1582.4969,-54.721,1582.4969,-53.912
1582.5181,-58.078,1582.5181,-59.791,1582.5181,-58.061,1582.5181,-55.929,1582.5181,-54.699,1582.5181,-53.924
1582.5394,-58.285,1582.5394,-59.728,1582.5394,-58.146,1582.5394,-55.915,1582.5394,-54.690,1582.5394,-53.912
1582.5606,-58.255,1582.5606,-59.840,1582.5606,-58.031,1582.5606,-55.903,1582.5606,-54.715,1582.5606,-53.886
1582.5819,-58.231,1582.5819,-59.859,1582.5819,-57.953,1582.5819,-55.948,1582.5819,-54.661,1582.5819,-53.962
1582.6032,-58.504,1582.6032,-59.790,1582.6032,-57.900,1582.6032,-55.890,1582.6032,-54.626,1582.6032,-53.852
1582.6244,-58.280,1582.6244,-59.726,1582.6244,-57.831,1582.6244,-55.791,1582.6244,-54.716,1582.6244,-53.893
1582.6457,-58.571,1582.6457,-59.621,1582.6457,-57.895,1582.6457,-55.869,1582.6457,-54.665,1582.6457,-53.905
1582.6669,-58.592,1582.6669,-59.752,1582.6669,-57.680,1582.6669,-55.705,1582.6669,-54.642,1582.6669,-53.899
1582.6882,-58.590,1582.6882,-59.627,1582.6882,-57.696,1582.6882,-55.761,1582.6882,-54.718,1582.6882,-53.818
1582.7094,-58.692,1582.7094,-59.622,1582.7094,-57.768,1582.7094,-55.765,1582.7094,-54.641,1582.7094,-53.901
1582.7307,-58.663,1582.7307,-59.461,1582.7307,-57.583,1582.7307,-55.700,1582.7307,-54.595,1582.7307,-53.873
1582.7519,-58.908,1582.7519,-59.574,1582.7519,-57.613,1582.7519,-55.709,1582.7519,-54.711,1582.7519,-53.860
1582.7732,-58.889,1582.7732,-59.382,1582.7732,-57.666,1582.7732,-55.656,1582.7732,-54.594,1582.7732,-53.859
1582.7944,-59.108,1582.7944,-59.636,1582.7944,-57.496,1582.7944,-55.649,1582.7944,-54.609,1582.7944,-53.803
1582.8157,-58.852,1582.8157,-59.264,1582.8157,-57.575,1582.8157,-55.576,1582.8157,-54.612,1582.8157,-53.832
1582.8370,-59.079,1582.8370,-59.543,1582.8370,-57.358,1582.8370,-55.522,1582.8370,-54.631,1582.8370,-53.777
1582.8582,-59.054,1582.8582,-59.501,1582.8582,-57.370,1582.8582,-55.547,1582.8582,-54.640,1582.8582,-53.773
1582.8795,-59.116,1582.8795,-59.407,1582.8795,-57.447,1582.8795,-55.486,1582.8795,-54.602,1582.8795,-53.788
1582.9007,-59.241,1582.9007,-59.446,1582.9007,-57.397,1582.9007,-55.503,1582.9007,-54.589,1582.9007,-53.772
1582.9220,-59.491,1582.9220,-59.177,1582.9220,-57.124,1582.9220,-55.471,1582.9220,-54.564,1582.9220,-53.735
1582.9432,-59.429,1582.9432,-59.311,1582.9432,-57.296,1582.9432,-55.498,1582.9432,-54.531,1582.9432,-53.743
1582.9645,-59.276,1582.9645,-59.324,1582.9645,-57.239,1582.9645,-55.406,1582.9645,-54.588,1582.9645,-53.761
1582.9857,-59.550,1582.9857,-59.320,1582.9857,-57.098,1582.9857,-55.427,1582.9857,-54.617,1582.9857,-53.663
1583.0070,-59.464,1583.0070,-59.143,1583.0070,-57.073,1583.0070,-55.436,1583.0070,-54.559,1583.0070,-53.663
1583.0283,-59.362,1583.0283,-59.118,1583.0283,-57.107,1583.0283,-55.422,1583.0283,-54.583,1583.0283,-53.706
1583.0495,-59.649,1583.0495,-59.276,1583.0495,-57.022,1583.0495,-55.375,1583.0495,-54.594,1583.0495,-53.652
1583.0708,-59.486,1583.0708,-59.230,1583.0708,-57.128,1583.0708,-55.382,1583.0708,-54.578,1583.0708,-53.653
1583.0920,-59.480,1583.0920,-58.972,1583.0920,-56.901,1583.0920,-55.325,1583.0920,-54.549,1583.0920,-53.601
1583.1133,-59.657,1583.1133,-58.892,1583.1133,-57.029,1583.1133,-55.273,1583.1133,-54.506,1583.1133,-53.612
1583.1345,-59.712,1583.1345,-59.026,1583.1345,-56.927,1583.1345,-55.254,1583.1345,-54.581,1583.1345,-53.618
1583.1558,-59.674,1583.1558,-58.918,1583.1558,-56.785,1583.1558,-55.368,1583.1558,-54.537,1583.1558,-53.590
1583.1770,-59.855,1583.1770,-58.936,1583.1770,-56.837,1583.1770,-55.244,1583.1770,-54.608,1583.1770,-53.623
1583.1983,-59.672,1583.1983,-58.844,1583.1983,-56.771,1583.1983,-55.310,1583.1983,-54.565,1583.1983,-53.546
1583.2196,-59.728,1583.2196,-58.837,1583.2196,-56.774,1583.2196,-55.277,1583.2196,-54.580,1583.2196,-53.529
1583.2408,-59.834,1583.2408,-58.723,1583.2408,-56.740,1583.2408,-55.188,1583.2408,-54.548,1583.2408,-53.559
1583.2621,-59.827,1583.2621,-58.632,1583.2621,-56.675,1583.2621,-55.192,1583.2621,-54.599,1583.2621,-53.519
1583.2833,-60.093,1583.2833,-58.559,1583.2833,-56.753,1583.2833,-55.210,1583.2833,-54.536,1583.2833,-53.495
1583.3046,-59.912,1583.3046,-58.669,1583.3046,-56.577,1583.3046,-55.132,1583.3046,-54.462,1583.3046,-53.467
1583.3258,-59.880,1583.3258,-58.740,1583.3258,-56.636,1583.3258,-55.087,1583.3258,-54.517,1583.3258,-53.497
1583.3471,-59.785,1583.3471,-58.341,1583.3471,-56.543,1583.3471,-55.079,1583.3471,-54.527,1583.3471,-53.435
1583.3683,-60.185,1583.3683,-58.299,1583.3683,-56.507,1583.3683,-55.164,1583.3683,-54.474,1583.3683,-53.459
1583.3896,-59.958,1583.3896,-58.503,1583.3896,-56.455,1583.3896,-55.097,1583.3896,-54.504,1583.3896,-53.453
1583.4109,-59.927,1583.4109,-58.301,1583.4109,-56.441,1583.4109,-55.074,1583.4109,-54.516,1583.4109,-53.452
1583.4321,-59.978,1583.4321,-58.323,1583.4321,-56.563,1583.4321,-55.132,1583.4321,-54.472,1583.4321,-53.361
1583.4534,-60.133,1583.4534,-58.320,1583.4534,-56.378,1583.4534,-55.092,1583.4534,-54.529,1583.4534,-53.376
1583.4746,-59.996,1583.4746,-58.312,1583.4746,-56.368,1583.4746,-55.073,1583.4746,-54.525,1583.4746,-53.386
1583.4959,-60.045,1583.4959,-58.130,1583.4959,-56.393,1583.4959,-55.076,1583.4959,-54.408,1583.4959,-53.358
1583.5171,-60.155,1583.5171,-58.521,1583.5171,-56.312,1583.5171,-55.040,1583.5171,-54.471,1583.5171,-53.323
1583.5384,-59.970,1583.5384,-58.144,1583.5384,-56.307,1583.5384,-55.025,1583.5384,-54.552,1583.5384,-53.319
1583.5596,-59.891,1583.5596,-58.092,1583.5596,-56.216,1583.5596,-55.021,1583.5596,-54.488,1583.5596,-53.293
1583.5809,-60.108,1583.5809,-58.002,1583.5809,-56.296,1583.5809,-55.021,1583.5809,-54.497,1583.5809,-53.264
1583.6022,-59.887,1583.6022,-58.175,1583.6022,-56.214,1583.6022,-55.007,1583.6022,-54.487,1583.6022,-53.269
1583.6234,-59.833,1583.6234,-57.964,1583.6234,-56.127,1583.6234,-55.031,1583.6234,-54.489,1583.6234,-53.304
1583.6447,-60.182,1583.6447,-57.878,1583.6447,-56.127,1583.6447,-54.988,1583.6447,-54.528,1583.6447,-53.212
1583.6659,-59.954,1583.6659,-57.902,1583.6659,-56.180,1583.6659,-54.990,1583.6659,-54.457,1583.6659,-53.242
1583.6872,-59.980,1583.6872,-57.878,1583.6872,-56.119,1583.6872,-54.945,1583.6872,-54.418,1583.6872,-53.219
1583.7084,-60.121,1583.7084,-57.820,1583.7084,-56.092,1583.7084,-54.976,1583.7084,-54.452,1583.7084,-53.183
1583.7297,-59.927,1583.7297,-57.639,1583.7297,-56.086,1583.7297,-55.005,1583.7297,-54.432,1583.7297,-53.191
1583.7509,-59.931,1583.7509,-57.760,1583.7509,-55.975,1583.7509,-54.955,1583.7509,-54.458,1583.7509,-53.200
1583.7722,-60.044,1583.7722,-57.582,1583.7722,-56.000,1583.7722,-55.013,1583.7722,-54.479,1583.7722,-53.166
1583.7934,-59.940,1583.7934,-57.733,1583.7934,-56.065,1583.7934,-54.933,1583.7934,-54.378,1583.7934,-53.130
1583.8147,-59.690,1583.8147,-57.598,1583.8147,-55.899,1583.8147,-54.939,1583.8147,-54.404,1583.8147,-53.140
1583.8360,-59.847,1583.8360,-57.529,1583.8360,-55.895,1583.8360,-54.913,1583.8360,-54.476,1583.8360,-53.158
1583.8572,-59.874,1583.8572,-57.469,1583.8572,-55.894,1583.8572,-54.887,1583.8572,-54.397,1583.8572,-53.049
1583.8785,-59.821,1583.8785,-57.605,1583.8785,-55.896,1583.8785,-54.955,1583.8785,-54.331,1583.8785,-53.075
1583.8997,-59.896,1583.8997,-57.483,1583.8997,-55.887,1583.8997,-54.924,1583.8997,-54.400,1583.8997,-53.094
1583.9210,-59.691,1583.9210,-57.393,1583.9210,-55.824,1583.9210,-54.886,1583.9210,-54.419,1583.9210,-53.011
1583.9422,-59.847,1583.9422,-57.409,1583.9422,-55.818,1583.9422,-54.877,1583.9422,-54.408,1583.9422,-53.020
1583.9635,-59.743,1583.9635,-57.374,1583.9635,-55.722,1583.9635,-54.942,1583.9635,-54.409,1583.9635,-53.020
1583.9847,-59.662,1583.9847,-57.361,1583.9847,-55.689,1583.9847,-54.832,1583.9847,-54.373,1583.9847,-53.004
1584.0060,-59.829,1584.0060,-57.210,1584.0060,-55.794,1584.0060,-54.843,1584.0060,-54.370,1584.0060,-52.947
1584.0273,-59.607,1584.0273,-57.321,1584.0273,-55.759,1584.0273,-54.846,1584.0273,-54.376,1584.0273,-52.941
1584.0485,-59.434,1584.0485,-57.188,1584.0485,-55.728,1584.0485,-54.876,1584.0485,-54.365,1584.0485,-52.943
1584.0698,-59.435,1584.0698,-57.129,1584.0698,-55.655,1584.0698,-54.810,1584.0698,-54.312,1584.0698,-52.936
1584.0910,-59.431,1584.0910,-57.110,1584.0910,-55.730,1584.0910,-54.888,1584.0910,-54.379,1584.0910,-52.938
1584.1123,-59.522,1584.1123,-57.173,1584.1123,-55.616,1584.1123,-54.844,1584.1123,-54.381,1584.1123,-52.921
1584.1335,-59.375,1584.1335,-56.983,1584.1335,-55.626,1584.1335,-54.790,1584.1335,-54.307,1584.1335,-52.929
1584.1548,-59.378,1584.1548,-57.062,1584.1548,-55.727,1584.1548,-54.864,1584.1548,-54.275,1584.1548,-52.863
1584.1760,-59.320,1584.1760,-57.045,1584.1760,-55.641,1584.1760,-54.892,1584.1760,-54.302,1584.1760,-52.889
1584.1973,-59.304,1584.1973,-56.948,1584.1973,-55.611,1584.1973,-54.856,1584.1973,-54.309,1584.1973,-52.865
1584.2186,-59.268,1584.2186,-56.869,1584.2186,-55.561,1584.2186,-54.822,1584.2186,-54.342,1584.2186,-52.833
1584.2398,-59.346,1584.2398,-57.082,1584.2398,-55.513,1584.2398,-54.792,1584.2398,-54.253,1584.2398,-52.844
1584.2611,-59.214,1584.2611,-56.801,1584.2611,-55.532,1584.2611,-54.842,1584.2611,-54.191,1584.2611,-52.874
1584.2823,-59.162,1584.2823,-56.784,1584.2823,-55.524,1584.2823,-54.814,1584.2823,-54.270,1584.2823,-52.848
1584.3036,-59.412,1584.3036,-56.793,1584.3036,-55.601,1584.3036,-54.845,1584.3036,-54.211,1584.3036,-52.805
1584.3248,-59.033,1584.3248,-56.808,1584.3248,-55.517,1584.3248,-54.833,1584.3248,-54.186,1584.3248,-52.800
1584.3461,-58.956,1584.3461,-56.701,1584.3461,-55.523,1584.3461,-54.840,1584.3461,-54.215,1584.3461,-52.792
1584.3673,-59.163,1584.3673,-56.670,1584.3673,-55.483,1584.3673,-54.760,1584.3673,-54.173,1584.3673,-52.744
1584.3886,-58.971,1584.3886,-56.633,1584.3886,-55.408,1584.3886,-54.774,1584.3886,-54.189,1584.3886,-52.759
1584.4099,-58.911,1584.4099,-56.676,1584.4099,-55.439,1584.4099,-54.783,1584.4099,-54.157,1584.4099,-52.761
1584.4311,-59.172,1584.4311,-56.615,1584.4311,-55.375,1584.4311,-54.807,1584.4311,-54.126,1584.4311,-52.726
1584.4524,-58.906,1584.4524,-56.630,1584.4524,-55.485,1584.4524,-54.731,1584.4524,-54.114,1584.4524,-52.732
1584.4736,-58.669,1584.4736,-56.526,1584.4736,-55.369,1584.4736,-54.785,1584.4736,-54.129,1584.4736,-52.745
1584.4949,-58.869,1584.4949,-56.472,1584.4949,-55.449,1584.4949,-54.757,1584.4949,-54.086,1584.4949,-52.742
1584.5161,-58.758,1584.5161,-56.617,1584.5161,-55.404,1584.5161,-54.741,1584.5161,-54.126,1584.5161,-52.651
1584.5374,-58.602,1584.5374,-56.518,1584.5374,-55.358,1584.5374,-54.758,1584.5374,-54.098,1584.5374,-52.697
1584.5586,-58.590,1584.5586,-56.415,1584.5586,-55.317,1584.5586,-54.754,1584.5586,-54.032,1584.5586,-52.697
1584.5799,-58.714,1584.5799,-56.430,1584.5799,-55.418,1584.5799,-54.766,1584.5799,-54.052,1584.5799,-52.667
1584.6012,-58.511,1584.6012,-56.523,1584.6012,-55.380,1584.6012,-54.753,1584.6012,-54.024,1584.6012,-52.689
1584.6224,-58.419,1584.6224,-56.374,1584.6224,-55.361,1584.6224,-54.702,1584.6224,-54.058,1584.6224,-52.677
1584.6437,-58.618,1584.6437,-56.338,1584.6437,-55.416,1584.6437,-54.776,1584.6437,-53.967,1584.6437,-52.644
1584.6649,-58.376,1584.6649,-56.300,1584.6649,-55.330,1584.6649,-54.777,1584.6649,-53.992,1584.6649,-52.660
1584.6862,-58.249,1584.6862,-56.436,1584.6862,-55.297,1584.6862,-54.749,1584.6862,-53.975,1584.6862,-52.659
1584.7074,-58.469,1584.7074,-56.320,1584.7074,-55.301,1584.7074,-54.683,1584.7074,-53.982,1584.7074,-52.674
1584.7287,-58.400,1584.7287,-56.155,1584.7287,-55.319,1584.7287,-54.731,1584.7287,-53.938,1584.7287,-52.606
1584.7499,-58.137,1584.7499,-56.203,1584.7499,-55.334,1584.7499,-54.818,1584.7499,-53.930,1584.7499,-52.644
1584.7712,-58.249,1584.7712,-56.253,1584.7712,-55.334,1584.7712,-54.706,1584.7712,-53.967,1584.7712,-52.633
1584.7924,-58.256,1584.7924,-56.163,1584.7924,-55.272,1584.7924,-54.660,1584.7924,-53.885,1584.7924,-52.617
1584.8137,-58.035,1584.8137,-56.117,1584.8137,-55.259,1584.8137,-54.712,1584.8137,-53.883,1584.8137,-52.595
1584.8350,-58.198,1584.8350,-56.108,1584.8350,-55.243,1584.8350,-54.763,1584.8350,-53.850,1584.8350,-52.585
1584.8562,-58.119,1584.8562,-56.115,1584.8562,-55.306,1584.8562,-54.684,1584.8562,-53.862,1584.8562,-52.610
1584.8775,-58.099,1584.8775,-56.155,1584.8775,-55.240,1584.8775,-54.702,1584.8775,-53.816,1584.8775,-52.579
1584.8987,-58.036,1584.8987,-56.142,1584.8987,-55.230,1584.8987,-54.711,1584.8987,-53.869,1584.8987,-52.618
1584.9200,-57.993,1584.9200,-56.023,1584.9200,-55.259,1584.9200,-54.659,1584.9200,-53.786,1584.9200,-52.581
1584.9412,-57.898,1584.9412,-56.042,1584.9412,-55.250,1584.9412,-54.622,1584.9412,-53.817,1584.9412,-52.575
1584.9625,-57.952,1584.9625,-56.078,1584.9625,-55.222,1584.9625,-54.605,1584.9625,-53.753,1584.9625,-52.560
1584.9837,-57.858,1584.9837,-56.105,1584.9837,-55.215,1584.9837,-54.641,1584.9837,-53.792,1584.9837,-52.599
1585.0050,-57.764,1585.0050,-55.946,1585.0050,-55.146,1585.0050,-54.572,1585.0050,-53.788,1585.0050,-52.560
1585.0263,-57.932,1585.0263,-55.916,1585.0263,-55.222,1585.0263,-54.666,1585.0263,-53.694,1585.0263,-52.557
1585.0475,-57.646,1585.0475,-56.062,1585.0475,-55.171,1585.0475,-54.632,1585.0475,-53.720,1585.0475,-52.562
1585.0688,-57.725,1585.0688,-56.012,1585.0688,-55.192,1585.0688,-54.607,1585.0688,-53.742,1585.0688,-52.577
1585.0900,-57.637,1585.0900,-55.918,1585.0900,-55.245,1585.0900,-54.591,1585.0900,-53.663,1585.0900,-52.529
1585.1113,-57.609,1585.1113,-55.947,1585.1113,-55.178,1585.1113,-54.574,1585.1113,-53.695,1585.1113,-52.546
1585.1325,-57.729,1585.1325,-55.921,1585.1325,-55.159,1585.1325,-54.642,1585.1325,-53.689,1585.1325,-52.550
1585.1538,-57.498,1585.1538,-55.982,1585.1538,-55.119,1585.1538,-54.541,1585.1538,-53.679,1585.1538,-52.539
1585.1750,-57.541,1585.1750,-55.920,1585.1750,-55.200,1585.1750,-54.566,1585.1750,-53.624,1585.1750,-52.537
1585.1963,-57.529,1585.1963,-55.840,1585.1963,-55.172,1585.1963,-54.569,1585.1963,-53.626,1585.1963,-52.539
1585.2176,-57.441,1585.2176,-55.827,1585.2176,-55.171,1585.2176,-54.588,1585.2176,-53.591,1585.2176,-52.557
1585.2388,-57.522,1585.2388,-55.860,1585.2388,-55.205,1585.2388,-54.557,1585.2388,-53.624,1585.2388,-52.532
1585.2601,-57.328,1585.2601,-55.810,1585.2601,-55.128,1585.2601,-54.554,1585.2601,-53.570,1585.2601,-52.563
1585.2813,-57.323,1585.2813,-55.727,1585.2813,-55.127,1585.2813,-54.486,1585.2813,-53.529,1585.2813,-52.525
1585.3026,-57.420,1585.3026,-55.741,1585.3026,-55.190,1585.3026,-54.527,1585.3026,-53.539,1585.3026,-52.535
1585.3238,-57.260,1585.3238,-55.668,1585.3238,-55.197,1585.3238,-54.500,1585.3238,-53.488,1585.3238,-52.535
1585.3451,-57.296,1585.3451,-55.745,1585.3451,-55.115,1585.3451,-54.497,1585.3451,-53.479,1585.3451,-52.539
1585.3663,-57.209,1585.3663,-55.753,1585.3663,-55.110,1585.3663,-54.416,1585.3663,-53.475,1585.3663,-52.567
1585.3876,-57.217,1585.3876,-55.676,1585.3876,-55.096,1585.3876,-54.462,1585.3876,-53.446,1585.3876,-52.539
1585.4089,-57.173,1585.4089,-55.649,1585.4089,-55.096,1585.4089,-54.451,1585.4089,-53.397,1585.4089,-52.528
1585.4301,-57.190,1585.4301,-55.752,1585.4301,-55.108,1585.4301,-54.421,1585.4301,-53.436,1585.4301,-52.552
1585.4514,-57.015,1585.4514,-55.648,1585.4514,-55.059,1585.4514,-54.388,1585.4514,-53.412,1585.4514,-52.544
1585.4726,-57.115,1585.4726,-55.670,1585.4726,-55.135,1585.4726,-54.396,1585.4726,-53.396,1585.4726,-52.536
1585.4939,-56.950,1585.4939,-55.657,1585.4939,-55.063,1585.4939,-54.352,1585.4939,-53.404,1585.4939,-52.547
1585.5151,-56.988,1585.5151,-55.633,1585.5151,-55.086,1585.5151,-54.360,1585.5151,-53.366,1585.5151,-52.539
1585.5364,-56.925,1585.5364,-55.672,1585.5364,-55.066,1585.5364,-54.292,1585.5364,-53.367,1585.5364,-52.541
1585.5576,-56.981,1585.5576,-55.659,1585.5576,-55.158,1585.5576,-54.297,1585.5576,-53.317,1585.5576,-52.541
1585.5789,-56.841,1585.5789,-55.600,1585.5789,-55.111,1585.5789,-54.318,1585.5789,-53.330,1585.5789,-52.541
1585.6002,-57.010,1585.6002,-55.586,1585.6002,-55.031,1585.6002,-54.295,1585.6002,-53.320,1585.6002,-52.543
1585.6214,-56.893,1585.6214,-55.638,1585.6214,-55.041,1585.6214,-54.311,1585.6214,-53.259,1585.6214,-52.555
1585.6427,-56.861,1585.6427,-55.580,1585.6427,-55.030,1585.6427,-54.265,1585.6427,-53.282,1585.6427,-52.596
1585.6639,-56.739,1585.6639,-55.537,1585.6639,-55.006,1585.6639,-54.287,1585.6639,-53.258,1585.6639,-52.553
1585.6852,-56.772,1585.6852,-55.527,1585.6852,-55.122,1585.6852,-54.237,1585.6852,-53.262,1585.6852,-52.572
1585.7064,-56.703,1585.7064,-55.610,1585.7064,-54.989,1585.7064,-54.274,1585.7064,-53.211,1585.7064,-52.603
1585.7277,-56.704,1585.7277,-55.551,1585.7277,-55.000,1585.7277,-54.174,1585.7277,-53.293,1585.7277,-52.562
1585.7489,-56.732,1585.7489,-55.463,1585.7489,-55.084,1585.7489,-54.232,1585.7489,-53.175,1585.7489,-52.606
1585.7702,-56.825,1585.7702,-55.534,1585.7702,-55.048,1585.7702,-54.205,1585.7702,-53.269,1585.7702,-52.567
1585.7914,-56.577,1585.7914,-55.545,1585.7914,-55.015,1585.7914,-54.148,1585.7914,-53.171,1585.7914,-52.626
1585.8127,-56.733,1585.8127,-55.521,1585.8127,-55.006,1585.8127,-54.135,1585.8127,-53.198,1585.8127,-52.583
1585.8340,-56.632,1585.8340,-55.494,1585.8340,-54.954,1585.8340,-54.174,1585.8340,-53.109,1585.8340,-52.668
1585.8552,-56.557,1585.8552,-55.436,1585.8552,-54.966,1585.8552,-54.132,1585.8552,-53.149,1585.8552,-52.593
1585.8765,-56.579,1585.8765,-55.530,1585.8765,-54.961,1585.8765,-54.093,1585.8765,-53.193,1585.8765,-52.587
1585.8977,-56.572,1585.8977,-55.442,1585.8977,-55.026,1585.8977,-54.040,1585.8977,-53.100,1585.8977,-52.644
1585.9190,-56.566,1585.9190,-55.532,1585.9190,-54.932,1585.9190,-54.090,1585.9190,-53.094,1585.9190,-52.621
1585.9402,-56.396,1585.9402,-55.429,1585.9402,-54.931,1585.9402,-54.012,1585.9402,-53.130,1585.9402,-52.644
1585.9615,-56.494,1585.9615,-55.422,1585.9615,-54.903,1585.9615,-53.968,1585.9615,-53.066,1585.9615,-52.583
1585.9827,-56.450,1585.9827,-55.463,1585.9827,-54.981,1585.9827,-54.005,1585.9827,-53.053,1585.9827,-52.663
1586.0040,-56.404,1586.0040,-55.472,1586.0040,-54.872,1586.0040,-54.011,1586.0040,-53.078,1586.0040,-52.653
1586.0253,-56.538,1586.0253,-55.441,1586.0253,-55.017,1586.0253,-53.941,1586.0253,-53.076,1586.0253,-52.662
1586.0465,-56.382,1586.0465,-55.388,1586.0465,-54.897,1586.0465,-53.909,1586.0465,-53.100,1586.0465,-52.637
1586.0678,-56.281,1586.0678,-55.449,1586.0678,-54.828,1586.0678,-53.941,1586.0678,-53.036,1586.0678,-52.661
1586.0890,-56.353,1586.0890,-55.372,1586.0890,-54.840,1586.0890,-53.915,1586.0890,-53.056,1586.0890,-52.656
1586.1103,-56.316,1586.1103,-55.367,1586.1103,-54.880,1586.1103,-53.856,1586.1103,-53.034,1586.1103,-52.678
1586.1315,-56.286,1586.1315,-55.482,1586.1315,-54.818,1586.1315,-53.897,1586.1315,-53.027,1586.1315,-52.731
1586.1528,-56.345,1586.1528,-55.377,1586.1528,-54.865,1586.1528,-53.857,1586.1528,-53.025,1586.1528,-52.756
1586.1740,-56.228,1586.1740,-55.437,1586.1740,-54.844,1586.1740,-53.819,1586.1740,-53.033,1586.1740,-52.719
1586.1953,-56.221,1586.1953,-55.340,1586.1953,-54.808,1586.1953,-53.813,1586.1953,-52.978,1586.1953,-52.684
1586.2166,-56.209,1586.2166,-55.434,1586.2166,-54.834,1586.2166,-53.813,1586.2166,-52.996,1586.2166,-52.816
1586.2378,-56.189,1586.2378,-55.386,1586.2378,-54.823,1586.2378,-53.770,1586.2378,-52.992,1586.2378,-52.755
1586.2591,-56.211,1586.2591,-55.320,1586.2591,-54.807,1586.2591,-53.754,1586.2591,-53.025,1586.2591,-52.725
1586.2803,-56.202,1586.2803,-55.378,1586.2803,-54.777,1586.2803,-53.794,1586.2803,-52.917,1586.2803,-52.774
1586.3016,-56.195,1586.3016,-55.259,1586.3016,-54.724,1586.3016,-53.712,1586.3016,-52.940,1586.3016,-52.803
1586.3228,-56.198,1586.3228,-55.366,1586.3228,-54.780,1586.3228,-53.731,1586.3228,-52.964,1586.3228,-52.817
1586.3441,-56.199,1586.3441,-55.358,1586.3441,-54.645,1586.3441,-53.731,1586.3441,-52.956,1586.3441,-52.768
1586.3653,-56.161,1586.3653,-55.278,1586.3653,-54.722,1586.3653,-53.672,1586.3653,-52.931,1586.3653,-52.862
1586.3866,-56.113,1586.3866,-55.309,1586.3866,-54.727,1586.3866,-53.625,1586.3866,-52.926,1586.3866,-52.864
1586.4079,-56.112,1586.4079,-55.297,1586.4079,-54.660,1586.4079,-53.656,1586.4079,-52.907,1586.4079,-52.860
1586.4291,-56.076,1586.4291,-55.312,1586.4291,-54.638,1586.4291,-53.653,1586.4291,-52.905,1586.4291,-52.889
1586.4504,-56.042,1586.4504,-55.353,1586.4504,-54.684,1586.4504,-53.601,1586.4504,-52.912,1586.4504,-52.859
1586.4716,-56.117,1586.4716,-55.324,1586.4716,-54.633,1586.4716,-53.628,1586.4716,-52.905,1586.4716,-52.910
1586.4929,-56.144,1586.4929,-55.322,1586.4929,-54.668,1586.4929,-53.563,1586.4929,-52.936,1586.4929,-52.870
1586.5141,-55.951,1586.5141,-55.304,1586.5141,-54.627,1586.5141,-53.553,1586.5141,-52.908,1586.5141,-52.908
1586.5354,-56.047,1586.5354,-55.345,1586.5354,-54.576,1586.5354,-53.523,1586.5354,-52.907,1586.5354,-52.939
1586.5566,-56.081,1586.5566,-55.295,1586.5566,-54.584,1586.5566,-53.520,1586.5566,-52.913,1586.5566,-52.958
1586.5779,-55.967,1586.5779,-55.183,1586.5779,-54.527,1586.5779,-53.522,1586.5779,-52.868,1586.5779,-52.917
1586.5991,-55.971,1586.5991,-55.272,1586.5991,-54.567,1586.5991,-53.468,1586.5991,-52.941,1586.5991,-52.975
1586.6204,-55.992,1586.6204,-55.301,1586.6204,-54.536,1586.6204,-53.478,1586.6204,-52.882,1586.6204,-52.965
1586.6417,-55.940,1586.6417,-55.241,1586.6417,-54.477,1586.6417,-53.511,1586.6417,-52.848,1586.6417,-52.995
1586.6629,-55.905,1586.6629,-55.262,1586.6629,-54.447,1586.6629,-53.425,1586.6629,-52.908,1586.6629,-52.998
1586.6842,-55.944,1586.6842,-55.243,1586.6842,-54.469,1586.6842,-53.436,1586.6842,-52.861,1586.6842,-53.040
1586.7054,-55.878,1586.7054,-55.281,1586.7054,-54.461,1586.7054,-53.426,1586.7054,-52.852,1586.7054,-53.025
1586.7267,-55.868,1586.7267,-55.220,1586.7267,-54.512,1586.7267,-53.415,1586.7267,-52.878,1586.7267,-53.042
1586.7479,-55.833,1586.7479,-55.247,1586.7479,-54.361,1586.7479,-53.399,1586.7479,-52.834,1586.7479,-53.062
1586.7692,-55.885,1586.7692,-55.196,1586.7692,-54.467,1586.7692,-53.353,1586.7692,-52.857,1586.7692,-53.052
1586.7904,-55.762,1586.7904,-55.155,1586.7904,-54.329,1586.7904,-53.393,1586.7904,-52.884,1586.7904,-53.150
1586.8117,-55.876,1586.8117,-55.198,1586.8117,-54.389,1586.8117,-53.320,1586.8117,-52.883,1586.8117,-53.129
1586.8330,-55.857,1586.8330,-55.133,1586.8330,-54.290,1586.8330,-53.349,1586.8330,-52.873,1586.8330,-53.144
1586.8542,-55.841,1586.8542,-55.127,1586.8542,-54.358,1586.8542,-53.268,1586.8542,-52.862,1586.8542,-53.189
1586.8755,-55.799,1586.8755,-55.179,1586.8755,-54.333,1586.8755,-53.314,1586.8755,-52.785,1586.8755,-53.162
1586.8967,-55.856,1586.8967,-55.079,1586.8967,-54.280,1586.8967,-53.264,1586.8967,-52.867,1586.8967,-53.206
1586.9180,-55.839,1586.9180,-55.129,1586.9180,-54.306,1586.9180,-53.322,1586.9180,-52.852,1586.9180,-53.212
1586.9392,-55.728,1586.9392,-55.080,1586.9392,-54.192,1586.9392,-53.250,1586.9392,-52.839,1586.9392,-53.273
1586.9605,-55.841,1586.9605,-55.086,1586.9605,-54.259,1586.9605,-53.228,1586.9605,-52.854,1586.9605,-53.233
1586.9817,-55.767,1586.9817,-55.065,1586.9817,-54.182,1586.9817,-53.259,1586.9817,-52.857,1586.9817,-53.290
1587.0030,-55.740,1587.0030,-55.118,1587.0030,-54.147,1587.0030,-53.240,1587.0030,-52.862,1587.0030,-53.289
1587.0243,-55.813,1587.0243,-55.054,1587.0243,-54.222,1587.0243,-53.164,1587.0243,-52.844,1587.0243,-53.305
1587.0455,-55.755,1587.0455,-55.048,1587.0455,-54.172,1587.0455,-53.178,1587.0455,-52.884,1587.0455,-53.345
1587.0668,-55.687,1587.0668,-55.112,1587.0668,-54.097,1587.0668,-53.213,1587.0668,-52.860,1587.0668,-53.332
1587.0880,-55.789,1587.0880,-55.079,1587.0880,-54.129,1587.0880,-53.147,1587.0880,-52.835,1587.0880,-53.377
1587.1093,-55.734,1587.1093,-54.948,1587.1093,-54.115,1587.1093,-53.112,1587.1093,-52.899,1587.1093,-53.396
1587.1305,-55.766,1587.1305,-54.993,1587.1305,-54.073,1587.1305,-53.129,1587.1305,-52.886,1587.1305,-53.428
1587.1518,-55.673,1587.1518,-54.964,1587.1518,-54.019,1587.1518,-53.186,1587.1518,-52.826,1587.1518,-53.455
1587.1730,-55.655,1587.1730,-55.050,1587.1730,-54.059,1587.1730,-53.116,1587.1730,-52.891,1587.1730,-53.498
1587.1943,-55.650,1587.1943,-54.910,1587.1943,-54.047,1587.1943,-53.123,1587.1943,-52.880,1587.1943,-53.433
1587.2156,-55.659,1587.2156,-54.974,1587.2156,-54.020,1587.2156,-53.136,1587.2156,-52.891,1587.2156,-53.553
1587.2368,-55.735,1587.2368,-54.883,1587.2368,-53.950,1587.2368,-53.091,1587.2368,-52.896,1587.2368,-53.573
1587.2581,-55.647,1587.2581,-54.890,1587.2581,-53.972,1587.2581,-53.116,1587.2581,-52.927,1587.2581,-53.511
1587.2793,-55.745,1587.2793,-54.897,1587.2793,-53.943,1587.2793,-53.040,1587.2793,-52.880,1587.2793,-53.597
1587.3006,-55.661,1587.3006,-54.886,1587.3006,-53.966,1587.3006,-53.075,1587.3006,-52.894,1587.3006,-53.642
1587.3218,-55.607,1587.3218,-54.827,1587.3218,-53.877,1587.3218,-53.069,1587.3218,-52.957,1587.3218,-53.664
1587.3431,-55.739,1587.3431,-54.915,1587.3431,-53.940,1587.3431,-53.087,1587.3431,-52.907,1587.3431,-53.710
1587.3643,-55.659,1587.3643,-54.784,1587.3643,-53.860,1587.3643,-53.085,1587.3643,-52.912,1587.3643,-53.690
1587.3856,-55.582,1587.3856,-54.779,1587.3856,-53.863,1587.3856,-53.012,1587.3856,-52.940,1587.3856,-53.738
1587.4069,-55.665,1587.4069,-54.729,1587.4069,-53.843,1587.4069,-53.061,1587.4069,-52.952,1587.4069,-53.785
1587.4281,-55.680,1587.4281,-54.762,1587.4281,-53.873,1587.4281,-53.046,1587.4281,-52.932,1587.4281,-53.835
1587.4494,-55.582,1587.4494,-54.870,1587.4494,-53.757,1587.4494,-53.031,1587.4494,-52.890,1587.4494,-53.838
1587.4706,-55.651,1587.4706,-54.677,1587.4706,-53.779,1587.4706,-52.976,1587.4706,-52.938,1587.4706,-53.848
1587.4919,-55.584,1587.4919,-54.785,1587.4919,-53.717,1587.4919,-53.032,1587.4919,-52.960,1587.4919,-53.877
1587.5131,-55.530,1587.5131,-54.785,1587.5131,-53.747,1587.5131,-53.015,1587.5131,-52.972,1587.5131,-53.906
1587.5344,-55.614,1587.5344,-54.718,1587.5344,-53.681,1587.5344,-53.000,1587.5344,-52.956,1587.5344,-53.937
1587.5556,-55.607,1587.5556,-54.700,1587.5556,-53.748,1587.5556,-52.936,1587.5556,-53.043,1587.5556,-53.940
1587.5769,-55.567,1587.5769,-54.608,1587.5769,-53.678,1587.5769,-52.983,1587.5769,-52.989,1587.5769,-54.046
1587.5981,-55.574,1587.5981,-54.656,1587.5981,-53.626,1587.5981,-52.975,1587.5981,-53.031,1587.5981,-53.925
1587.6194,-55.572,1587.6194,-54.636,1587.6194,-53.664,1587.6194,-52.986,1587.6194,-53.038,1587.6194,-54.058
1587.6407,-55.567,1587.6407,-54.643,1587.6407,-53.661,1587.6407,-52.976,1587.6407,-52.973,1587.6407,-54.128
1587.6619,-55.496,1587.6619,-54.613,1587.6619,-53.660,1587.6619,-52.997,1587.6619,-53.056,1587.6619,-54.121
1587.6832,-55.546,1587.6832,-54.593,1587.6832,-53.633,1587.6832,-52.989,1587.6832,-53.106,1587.6832,-54.142
1587.7044,-55.588,1587.7044,-54.620,1587.7044,-53.595,1587.7044,-52.975,1587.7044,-53.087,1587.7044,-54.221
1587.7257,-55.502,1587.7257,-54.591,1587.7257,-53.612,1587.7257,-52.966,1587.7257,-53.059,1587.7257,-54.241
1587.7469,-55.573,1587.7469,-54.489,1587.7469,-53.616,1587.7469,-52.992,1587.7469,-53.094,1587.7469,-54.320
1587.7682,-55.483,1587.7682,-54.525,1587.7682,-53.622,1587.7682,-52.991,1587.7682,-53.107,1587.7682,-54.310
1587.7894,-55.553,1587.7894,-54.433,1587.7894,-53.539,1587.7894,-52.964,1587.7894,-53.111,1587.7894,-54.303
1587.8107,-55.526,1587.8107,-54.454,1587.8107,-53.580,1587.8107,-53.014,1587.8107,-53.095,1587.8107,-54.427
1587.8320,-55.590,1587.8320,-54.460,1587.8320,-53.519,1587.8320,-52.974,1587.8320,-53.139,1587.8320,-54.367
1587.8532,-55.519,1587.8532,-54.374,1587.8532,-53.519,1587.8532,-52.957,1587.8532,-53.136,1587.8532,-54.441
1587.8745,-55.535,1587.8745,-54.438,1587.8745,-53.527,1587.8745,-52.989,1587.8745,-53.182,1587.8745,-54.522
1587.8957,-55.431,1587.8957,-54.419,1587.8957,-53.489,1587.8957,-52.984,1587.8957,-53.149,1587.8957,-54.489
1587.9170,-55.551,1587.9170,-54.356,1587.9170,-53.517,1587.9170,-52.974,1587.9170,-53.175,1587.9170,-54.540
1587.9382,-55.482,1587.9382,-54.376,1587.9382,-53.472,1587.9382,-52.993,1587.9382,-53.209,1587.9382,-54.602
1587.9595,-55.500,1587.9595,-54.343,1587.9595,-53.421,1587.9595,-52.996,1587.9595,-53.241,1587.9595,-54.630
1587.9807,-55.407,1587.9807,-54.367,1587.9807,-53.449,1587.9807,-52.896,1587.9807,-53.231,1587.9807,-54.626
1588.0020,-55.424,1588.0020,-54.282,1588.0020,-53.409,1588.0020,-53.002,1588.0020,-53.261,1588.0020,-54.694
1588.0233,-55.479,1588.0233,-54.306,1588.0233,-53.442,1588.0233,-52.937,1588.0233,-53.239,1588.0233,-54.728
1588.0445,-55.400,1588.0445,-54.293,1588.0445,-53.445,1588.0445,-52.958,1588.0445,-53.315,1588.0445,-54.728
1588.0658,-55.391,1588.0658,-54.254,1588.0658,-53.424,1588.0658,-53.002,1588.0658,-53.345,1588.0658,-54.748
1588.0870,-55.391,1588.0870,-54.293,1588.0870,-53.394,1588.0870,-52.986,1588.0870,-53.326,1588.0870,-54.900
1588.1083,-55.367,1588.1083,-54.200,1588.1083,-53.392,1588.1083,-52.993,1588.1083,-53.279,1588.1083,-54.881
1588.1295,-55.329,1588.1295,-54.215,1588.1295,-53.324,1588.1295,-52.946,1588.1295,-53.391,1588.1295,-54.868
1588.1508,-55.305,1588.1508,-54.196,1588.1508,-53.344,1588.1508,-52.971,1588.1508,-53.344,1588.1508,-55.029
1588.1720,-55.280,1588.1720,-54.197,1588.1720,-53.356,1588.1720,-52.986,1588.1720,-53.390,1588.1720,-54.944
1588.1933,-55.262,1588.1933,-54.175,1588.1933,-53.349,1588.1933,-53.046,1588.1933,-53.448,1588.1933,-55.035
1588.2146,-55.401,1588.2146,-54.088,1588.2146,-53.324,1588.2146,-52.985,1588.2146,-53.439,1588.2146,-55.052
1588.2358,-55.277,1588.2358,-54.135,1588.2358,-53.321,1588.2358,-53.062,1588.2358,-53.474,1588.2358,-55.126
1588.2571,-55.190,1588.2571,-54.096,1588.2571,-53.348,1588.2571,-52.984,1588.2571,-53.450,1588.2571,-55.116
1588.2783,-55.306,1588.2783,-54.075,1588.2783,-53.308,1588.2783,-52.996,1588.2783,-53.488,1588.2783,-55.260
1588.2996,-55.251,1588.2996,-54.032,1588.2996,-53.284,1588.2996,-53.035,1588.2996,-53.483,1588.2996,-55.275
1588.3208,-55.116,1588.3208,-54.025,1588.3208,-53.284,1588.3208,-53.034,1588.3208,-53.517,1588.3208,-55.302
1588.3421,-55.299,1588.3421,-54.043,1588.3421,-53.358,1588.3421,-53.073,1588.3421,-53.516,1588.3421,-55.396
1588.3633,-55.264,1588.3633,-54.013,1588.3633,-53.274,1588.3633,-53.025,1588.3633,-53.508,1588.3633,-55.410
1588.3846,-55.110,1588.3846,-54.021,1588.3846,-53.311,1588.3846,-53.007,1588.3846,-53.542,1588.3846,-55.512
1588.4059,-55.205,1588.4059,-53.958,1588.4059,-53.242,1588.4059,-53.074,1588.4059,-53.599,1588.4059,-55.469
1588.4271,-55.173,1588.4271,-53.940,1588.4271,-53.285,1588.4271,-53.042,1588.4271,-53.643,1588.4271,-55.575
1588.4484,-55.099,1588.4484,-53.980,1588.4484,-53.246,1588.4484,-53.044,1588.4484,-53.629,1588.4484,-55.669
1588.4696,-55.170,1588.4696,-53.905,1588.4696,-53.261,1588.4696,-53.017,1588.4696,-53.631,1588.4696,-55.698
1588.4909,-55.215,1588.4909,-53.821,1588.4909,-53.317,1588.4909,-53.095,1588.4909,-53.675,1588.4909,-55.663
1588.5121,-55.059,1588.5121,-53.912,1588.5121,-53.236,1588.5121,-53.095,1588.5121,-53.720,1588.5121,-55.782
1588.5334,-55.073,1588.5334,-53.904,1588.5334,-53.234,1588.5334,-53.046,1588.5334,-53.741,1588.5334,-55.672
1588.5546,-55.053,1588.5546,-53.879,1588.5546,-53.233,1588.5546,-53.085,1588.5546,-53.794,1588.5546,-55.718
1588.5759,-55.070,1588.5759,-53.863,1588.5759,-53.245,1588.5759,-53.129,1588.5759,-53.786,1588.5759,-55.817
1588.5971,-55.032,1588.5971,-53.836,1588.5971,-53.180,1588.5971,-53.123,1588.5971,-53.803,1588.5971,-55.898
1588.6184,-55.003,1588.6184,-53.782,1588.6184,-53.206,1588.6184,-53.109,1588.6184,-53.819,1588.6184,-55.934
1588.6397,-55.018,1588.6397,-53.832,1588.6397,-53.239,1588.6397,-53.144,1588.6397,-53.848,1588.6397,-55.923
1588.6609,-54.945,1588.6609,-53.831,1588.6609,-53.165,1588.6609,-53.172,1588.6609,-53.877,1588.6609,-56.054
1588.6822,-54.921,1588.6822,-53.744,1588.6822,-53.217,1588.6822,-53.149,1588.6822,-53.870,1588.6822,-56.050
1588.7034,-54.957,1588.7034,-53.755,1588.7034,-53.259,1588.7034,-53.215,1588.7034,-53.902,1588.7034,-56.100
1588.7247,-54.858,1588.7247,-53.785,1588.7247,-53.225,1588.7247,-53.157,1588.7247,-53.962,1588.7247,-56.254
1588.7459,-54.985,1588.7459,-53.751,1588.7459,-53.201,1588.7459,-53.193,1588.7459,-54.021,1588.7459,-56.292
1588.7672,-54.888,1588.7672,-53.660,1588.7672,-53.221,1588.7672,-53.188,1588.7672,-53.994,1588.7672,-56.275
1588.7884,-54.865,1588.7884,-53.743,1588.7884,-53.191,1588.7884,-53.234,1588.7884,-54.019,1588.7884,-56.190
1588.8097,-54.851,1588.8097,-53.714,1588.8097,-53.207,1588.8097,-53.217,1588.8097,-54.058,1588.8097,-56.497
1588.8310,-54.831,1588.8310,-53.677,1588.8310,-53.206,1588.8310,-53.219,1588.8310,-54.139,1588.8310,-56.410
1588.8522,-54.763,1588.8522,-53.661,1588.8522,-53.244,1588.8522,-53.238,1588.8522,-54.175,1588.8522,-56.435
1588.8735,-54.787,1588.8735,-53.630,1588.8735,-53.200,1588.8735,-53.318,1588.8735,-54.083,1588.8735,-56.553
1588.8947,-54.779,1588.8947,-53.645,1588.8947,-53.204,1588.8947,-53.261,1588.8947,-54.195,1588.8947,-56.615
1588.9160,-54.708,1588.9160,-53.593,1588.9160,-53.193,1588.9160,-53.303,1588.9160,-54.239,1588.9160,-56.670
1588.9372,-54.779,1588.9372,-53.646,1588.9372,-53.222,1588.9372,-53.348,1588.9372,-54.197,1588.9372,-56.677
1588.9585,-54.711,1588.9585,-53.610,1588.9585,-53.234,1588.9585,-53.319,1588.9585,-54.258,1588.9585,-56.699
1588.9797,-54.721,1588.9797,-53.584,1588.9797,-53.211,1588.9797,-53.311,1588.9797,-54.327,1588.9797,-56.753
1589.0010,-54.665,1589.0010,-53.640,1589.0010,-53.233,1589.0010,-53.391,1589.0010,-54.341,1589.0010,-56.794
1589.0223,-54.714,1589.0223,-53.599,1589.0223,-53.181,1589.0223,-53.372,1589.0223,-54.381,1589.0223,-56.882
1589.0435,-54.603,1589.0435,-53.552,1589.0435,-53.244,1589.0435,-53.382,1589.0435,-54.390,1589.0435,-56.927
1589.0648,-54.649,1589.0648,-53.552,1589.0648,-53.182,1589.0648,-53.369,1589.0648,-54.443,1589.0648,-56.982
1589.0860,-54.664,1589.0860,-53.584,1589.0860,-53.230,1589.0860,-53.404,1589.0860,-54.467,1589.0860,-57.063
1589.1073,-54.478,1589.1073,-53.567,1589.1073,-53.227,1589.1073,-53.465,1589.1073,-54.485,1589.1073,-57.090
1589.1285,-54.547,1589.1285,-53.529,1589.1285,-53.196,1589.1285,-53.435,1589.1285,-54.560,1589.1285,-57.032
1589.1498,-54.671,1589.1498,-53.547,1589.1498,-53.234,1589.1498,-53.453,1589.1498,-54.605,1589.1498,-57.101
1589.1710,-54.456,1589.1710,-53.543,1589.1710,-53.185,1589.1710,-53.510,1589.1710,-54.559,1589.1710,-57.263
1589.1923,-54.463,1589.1923,-53.534,1589.1923,-53.235,1589.1923,-53.502,1589.1923,-54.700,1589.1923,-57.296
1589.2136,-54.495,1589.2136,-53.507,1589.2136,-53.285,1589.2136,-53.516,1589.2136,-54.702,1589.2136,-57.366
1589.2348,-54.532,1589.2348,-53.510,1589.2348,-53.227,1589.2348,-53.538,1589.2348,-54.694,1589.2348,-57.420
1589.2561,-54.351,1589.2561,-53.517,1589.2561,-53.226,1589.2561,-53.572,1589.2561,-54.708,1589.2561,-57.425
1589.2773,-54.493,1589.2773,-53.468,1589.2773,-53.255,1589.2773,-53.585,1589.2773,-54.777,1589.2773,-57.442
1589.2986,-54.390,1589.2986,-53.527,1589.2986,-53.268,1589.2986,-53.615,1589.2986,-54.769,1589.2986,-57.569
1589.3198,-54.425,1589.3198,-53.427,1589.3198,-53.231,1589.3198,-53.614,1589.3198,-54.846,1589.3198,-57.668
1589.3411,-54.388,1589.3411,-53.468,1589.3411,-53.260,1589.3411,-53.611,1589.3411,-54.890,1589.3411,-57.536
1589.3623,-54.395,1589.3623,-53.422,1589.3623,-53.288,1589.3623,-53.674,1589.3623,-54.910,1589.3623,-57.725
1589.3836,-54.316,1589.3836,-53.452,1589.3836,-53.263,1589.3836,-53.695,1589.3836,-54.907,1589.3836,-57.800
1589.4049,-54.323,1589.4049,-53.414,1589.4049,-53.286,1589.4049,-53.678,1589.4049,-54.984,1589.4049,-57.773
1589.4261,-54.342,1589.4261,-53.433,1589.4261,-53.320,1589.4261,-53.689,1589.4261,-55.044,1589.4261,-57.764
1589.4474,-54.274,1589.4474,-53.432,1589.4474,-53.316,1589.4474,-53.714,1589.4474,-55.043,1589.4474,-57.958
1589.4686,-54.326,1589.4686,-53.457,1589.4686,-53.279,1589.4686,-53.782,1589.4686,-55.075,1589.4686,-57.949
1589.4899,-54.298,1589.4899,-53.410,1589.4899,-53.313,1589.4899,-53.760,1589.4899,-55.139,1589.4899,-58.012
1589.5111,-54.227,1589.5111,-53.398,1589.5111,-53.307,1589.5111,-53.783,1589.5111,-55.182,1589.5111,-57.976
1589.5324,-54.205,1589.5324,-53.451,1589.5324,-53.337,1589.5324,-53.785,1589.5324,-55.168,1589.5324,-57.988
1589.5536,-54.246,1589.5536,-53.383,1589.5536,-53.308,1589.5536,-53.817,1589.5536,-55.262,1589.5536,-58.074
1589.5749,-54.165,1589.5749,-53.436,1589.5749,-53.361,1589.5749,-53.882,1589.5749,-55.266,1589.5749,-58.119
1589.5961,-54.162,1589.5961,-53.451,1589.5961,-53.299,1589.5961,-53.894,1589.5961,-55.367,1589.5961,-58.202
1589.6174,-54.204,1589.6174,-53.413,1589.6174,-53.299,1589.6174,-53.954,1589.6174,-55.441,1589.6174,-58.008
1589.6387,-54.106,1589.6387,-53.405,1589.6387,-53.390,1589.6387,-53.898,1589.6387,-55.417,1589.6387,-58.326
1589.6599,-54.111,1589.6599,-53.406,1589.6599,-53.326,1589.6599,-53.954,1589.6599,-55.439,1589.6599,-58.238
1589.6812,-54.074,1589.6812,-53.408,1589.6812,-53.373,1589.6812,-54.001,1589.6812,-55.497,1589.6812,-58.302
1589.7024,-54.084,1589.7024,-53.365,1589.7024,-53.363,1589.7024,-54.046,1589.7024,-55.648,1589.7024,-58.548
1589.7237,-54.025,1589.7237,-53.421,1589.7237,-53.405,1589.7237,-53.991,1589.7237,-55.617,1589.7237,-58.443
1589.7449,-54.067,1589.7449,-53.469,1589.7449,-53.363,1589.7449,-54.092,1589.7449,-55.622,1589.7449,-58.707
1589.7662,-54.063,1589.7662,-53.349,1589.7662,-53.422,1589.7662,-54.091,1589.7662,-55.679,1589.7662,-58.491
1589.7874,-53.984,1589.7874,-53.350,1589.7874,-53.440,1589.7874,-54.104,1589.7874,-55.790,1589.7874,-58.768
1589.8087,-54.030,1589.8087,-53.380,1589.8087,-53.427,1589.8087,-54.127,1589.8087,-55.733,1589.8087,-58.700
1589.8300,-53.993,1589.8300,-53.401,1589.8300,-53.437,1589.8300,-54.152,1589.8300,-55.772,1589.8300,-58.695
1589.8512,-53.929,1589.8512,-53.325,1589.8512,-53.465,1589.8512,-54.182,1589.8512,-55.815,1589.8512,-58.654
1589.8725,-54.010,1589.8725,-53.348,1589.8725,-53.468,1589.8725,-54.201,1589.8725,-55.795,1589.8725,-58.945
1589.8937,-53.933,1589.8937,-53.401,1589.8937,-53.447,1589.8937,-54.242,1589.8937,-55.878,1589.8937,-58.921
1589.9150,-53.940,1589.9150,-53.402,1589.9150,-53.541,1589.9150,-54.268,1589.9150,-55.855,1589.9150,-58.830
1589.9362,-53.920,1589.9362,-53.354,1589.9362,-53.529,1589.9362,-54.258,1589.9362,-55.987,1589.9362,-59.045
1589.9575,-53.963,1589.9575,-53.378,1589.9575,-53.512,1589.9575,-54.357,1589.9575,-55.976,1589.9575,-59.000
1589.9787,-53.842,1589.9787,-53.388,1589.9787,-53.546,1589.9787,-54.313,1589.9787,-56.107,1589.9787,-59.142
1590.0000,-53.877,1590.0000,-53.336,1590.0000,-53.573,1590.0000,-54.314,1590.0000,-56.087,1590.0000,-59.179
