1505.0000, -60.968, 1505.0000, -64.263, 1505.0000, -62.779, 1505.0000, -63.210, 1505.0000, -62.170, 1505.0000, -61.537,  , 
1505.0213, -60.856, 1505.0213, -64.851, 1505.0213, -63.700, 1505.0213, -63.260, 1505.0213, -62.152, 1505.0213, -61.285,  , 
1505.0425, -60.923, 1505.0425, -64.542, 1505.0425, -63.139, 1505.0425, -63.500, 1505.0425, -62.237, 1505.0425, -61.400,  , 
1505.0638, -61.082, 1505.0638, -63.958, 1505.0638, -63.415, 1505.0638, -63.358, 1505.0638, -62.325, 1505.0638, -61.357,  , 
1505.0850, -60.807, 1505.0850, -64.952, 1505.0850, -63.556, 1505.0850, -63.649, 1505.0850, -62.187, 1505.0850, -61.278,  , 
1505.1063, -61.147, 1505.1063, -64.482, 1505.1063, -62.917, 1505.1063, -63.265, 1505.1063, -62.218, 1505.1063, -61.133,  , 
1505.1275, -61.107, 1505.1275, -64.227, 1505.1275, -63.237, 1505.1275, -63.067, 1505.1275, -62.232, 1505.1275, -61.337,  , 
1505.1488, -61.173, 1505.1488, -64.719, 1505.1488, -63.495, 1505.1488, -63.902, 1505.1488, -62.086, 1505.1488, -61.367,  , 
1505.1700, -61.227, 1505.1700, -64.477, 1505.1700, -63.158, 1505.1700, -63.002, 1505.1700, -62.166, 1505.1700, -61.058,  , 
1505.1913, -60.704, 1505.1913, -64.328, 1505.1913, -63.402, 1505.1913, -63.794, 1505.1913, -62.137, 1505.1913, -61.210,  , 
1505.2126, -61.261, 1505.2126, -64.624, 1505.2126, -63.339, 1505.2126, -63.273, 1505.2126, -61.836, 1505.2126, -61.083,  , 
1505.2338, -60.997, 1505.2338, -63.696, 1505.2338, -63.701, 1505.2338, -63.448, 1505.2338, -62.267, 1505.2338, -61.060,  , 
1505.2551, -61.256, 1505.2551, -64.379, 1505.2551, -63.560, 1505.2551, -63.537, 1505.2551, -62.158, 1505.2551, -61.028,  , 
1505.2763, -61.132, 1505.2763, -64.423, 1505.2763, -63.690, 1505.2763, -63.209, 1505.2763, -61.948, 1505.2763, -61.139,  , 
1505.2976, -61.460, 1505.2976, -64.180, 1505.2976, -63.579, 1505.2976, -63.294, 1505.2976, -62.258, 1505.2976, -60.986,  , 
1505.3188, -61.398, 1505.3188, -64.046, 1505.3188, -63.335, 1505.3188, -63.464, 1505.3188, -62.273, 1505.3188, -61.099,  , 
1505.3401, -61.402, 1505.3401, -64.218, 1505.3401, -63.126, 1505.3401, -62.987, 1505.3401, -61.798, 1505.3401, -61.184,  , 
1505.3613, -61.470, 1505.3613, -64.171, 1505.3613, -63.589, 1505.3613, -63.224, 1505.3613, -62.091, 1505.3613, -60.922,  , 
1505.3826, -61.802, 1505.3826, -63.845, 1505.3826, -63.155, 1505.3826, -63.174, 1505.3826, -62.358, 1505.3826, -61.013,  , 
1505.4039, -61.302, 1505.4039, -63.543, 1505.4039, -63.383, 1505.4039, -63.141, 1505.4039, -61.895, 1505.4039, -60.846,  , 
1505.4251, -61.795, 1505.4251, -63.953, 1505.4251, -63.497, 1505.4251, -62.747, 1505.4251, -62.221, 1505.4251, -61.252,  , 
1505.4464, -61.627, 1505.4464, -64.307, 1505.4464, -63.627, 1505.4464, -62.883, 1505.4464, -61.632, 1505.4464, -61.196,  , 
1505.4676, -61.799, 1505.4676, -63.671, 1505.4676, -63.024, 1505.4676, -62.690, 1505.4676, -61.965, 1505.4676, -60.786,  , 
1505.4889, -61.665, 1505.4889, -63.342, 1505.4889, -63.209, 1505.4889, -62.895, 1505.4889, -61.996, 1505.4889, -60.819,  , 
1505.5101, -61.863, 1505.5101, -63.672, 1505.5101, -63.293, 1505.5101, -62.765, 1505.5101, -61.720, 1505.5101, -60.849,  , 
1505.5314, -61.966, 1505.5314, -63.141, 1505.5314, -62.797, 1505.5314, -62.484, 1505.5314, -62.130, 1505.5314, -60.702,  , 
1505.5526, -62.103, 1505.5526, -63.618, 1505.5526, -63.165, 1505.5526, -62.777, 1505.5526, -61.763, 1505.5526, -60.963,  , 
1505.5739, -61.779, 1505.5739, -63.208, 1505.5739, -62.922, 1505.5739, -62.537, 1505.5739, -61.409, 1505.5739, -60.752,  , 
1505.5951, -61.957, 1505.5951, -62.965, 1505.5951, -63.207, 1505.5951, -62.758, 1505.5951, -61.529, 1505.5951, -60.814,  , 
1505.6164, -62.340, 1505.6164, -63.165, 1505.6164, -62.821, 1505.6164, -62.472, 1505.6164, -61.583, 1505.6164, -60.868,  , 
1505.6377, -62.286, 1505.6377, -63.327, 1505.6377, -63.320, 1505.6377, -62.516, 1505.6377, -61.647, 1505.6377, -60.581,  , 
1505.6589, -62.084, 1505.6589, -62.806, 1505.6589, -63.203, 1505.6589, -62.474, 1505.6589, -61.506, 1505.6589, -60.978,  , 
1505.6802, -62.284, 1505.6802, -62.946, 1505.6802, -63.118, 1505.6802, -62.504, 1505.6802, -61.318, 1505.6802, -60.477,  , 
1505.7014, -62.335, 1505.7014, -63.023, 1505.7014, -62.872, 1505.7014, -62.371, 1505.7014, -61.532, 1505.7014, -60.511,  , 
1505.7227, -62.377, 1505.7227, -63.325, 1505.7227, -63.600, 1505.7227, -62.476, 1505.7227, -61.661, 1505.7227, -60.790,  , 
1505.7439, -62.404, 1505.7439, -63.044, 1505.7439, -62.948, 1505.7439, -62.681, 1505.7439, -61.436, 1505.7439, -60.832,  , 
1505.7652, -62.796, 1505.7652, -63.052, 1505.7652, -63.039, 1505.7652, -62.230, 1505.7652, -61.244, 1505.7652, -60.770,  , 
1505.7864, -62.717, 1505.7864, -62.969, 1505.7864, -63.118, 1505.7864, -62.364, 1505.7864, -61.484, 1505.7864, -60.679,  , 
1505.8077, -63.261, 1505.8077, -62.810, 1505.8077, -62.920, 1505.8077, -62.259, 1505.8077, -61.627, 1505.8077, -60.616,  , 
1505.8290, -63.213, 1505.8290, -62.996, 1505.8290, -63.136, 1505.8290, -62.116, 1505.8290, -61.187, 1505.8290, -60.748,  , 
1505.8502, -62.945, 1505.8502, -63.175, 1505.8502, -63.098, 1505.8502, -62.245, 1505.8502, -61.207, 1505.8502, -60.685,  , 
1505.8715, -62.917, 1505.8715, -63.171, 1505.8715, -62.828, 1505.8715, -62.447, 1505.8715, -61.181, 1505.8715, -60.546,  , 
1505.8927, -63.462, 1505.8927, -63.018, 1505.8927, -63.280, 1505.8927, -62.197, 1505.8927, -61.590, 1505.8927, -60.770,  , 
1505.9140, -63.099, 1505.9140, -63.033, 1505.9140, -63.037, 1505.9140, -62.104, 1505.9140, -61.024, 1505.9140, -60.547,  , 
1505.9352, -63.532, 1505.9352, -62.942, 1505.9352, -63.111, 1505.9352, -62.251, 1505.9352, -61.106, 1505.9352, -60.679,  , 
1505.9565, -63.525, 1505.9565, -62.783, 1505.9565, -62.380, 1505.9565, -61.898, 1505.9565, -61.122, 1505.9565, -60.524,  , 
1505.9777, -63.857, 1505.9777, -62.992, 1505.9777, -63.114, 1505.9777, -62.059, 1505.9777, -61.396, 1505.9777, -60.795,  , 
1505.9990, -63.694, 1505.9990, -62.957, 1505.9990, -62.641, 1505.9990, -62.083, 1505.9990, -60.882, 1505.9990, -60.866,  , 
1506.0203, -64.107, 1506.0203, -63.198, 1506.0203, -62.670, 1506.0203, -61.739, 1506.0203, -60.915, 1506.0203, -60.847,  , 
1506.0415, -64.235, 1506.0415, -63.219, 1506.0415, -62.375, 1506.0415, -61.616, 1506.0415, -61.064, 1506.0415, -60.628,  , 
1506.0628, -64.404, 1506.0628, -62.648, 1506.0628, -62.269, 1506.0628, -61.614, 1506.0628, -61.002, 1506.0628, -60.729,  , 
1506.0840, -64.259, 1506.0840, -62.740, 1506.0840, -62.962, 1506.0840, -62.023, 1506.0840, -61.010, 1506.0840, -60.642,  , 
1506.1053, -64.194, 1506.1053, -62.755, 1506.1053, -62.333, 1506.1053, -61.723, 1506.1053, -60.895, 1506.1053, -60.504,  , 
1506.1265, -64.050, 1506.1265, -63.282, 1506.1265, -62.034, 1506.1265, -61.664, 1506.1265, -60.664, 1506.1265, -60.750,  , 
1506.1478, -64.234, 1506.1478, -62.699, 1506.1478, -62.530, 1506.1478, -62.070, 1506.1478, -60.670, 1506.1478, -60.584,  , 
1506.1690, -64.140, 1506.1690, -62.700, 1506.1690, -62.007, 1506.1690, -61.664, 1506.1690, -60.676, 1506.1690, -60.638,  , 
1506.1903, -64.244, 1506.1903, -62.846, 1506.1903, -62.357, 1506.1903, -61.556, 1506.1903, -60.522, 1506.1903, -60.751,  , 
1506.2116, -64.619, 1506.2116, -62.698, 1506.2116, -62.373, 1506.2116, -61.804, 1506.2116, -60.824, 1506.2116, -60.255,  , 
1506.2328, -64.070, 1506.2328, -62.560, 1506.2328, -61.974, 1506.2328, -61.720, 1506.2328, -60.547, 1506.2328, -60.691,  , 
1506.2541, -64.507, 1506.2541, -62.978, 1506.2541, -62.708, 1506.2541, -61.785, 1506.2541, -60.600, 1506.2541, -60.662,  , 
1506.2753, -63.811, 1506.2753, -63.053, 1506.2753, -62.219, 1506.2753, -61.605, 1506.2753, -60.599, 1506.2753, -60.698,  , 
1506.2966, -63.609, 1506.2966, -63.318, 1506.2966, -61.992, 1506.2966, -61.521, 1506.2966, -60.450, 1506.2966, -60.577,  , 
1506.3178, -64.219, 1506.3178, -62.881, 1506.3178, -62.183, 1506.3178, -61.785, 1506.3178, -60.559, 1506.3178, -60.723,  , 
1506.3391, -64.207, 1506.3391, -63.118, 1506.3391, -62.020, 1506.3391, -61.756, 1506.3391, -60.472, 1506.3391, -60.518,  , 
1506.3603, -64.138, 1506.3603, -63.138, 1506.3603, -62.291, 1506.3603, -61.389, 1506.3603, -60.515, 1506.3603, -60.604,  , 
1506.3816, -64.358, 1506.3816, -63.127, 1506.3816, -62.006, 1506.3816, -61.625, 1506.3816, -60.530, 1506.3816, -60.452,  , 
1506.4029, -63.815, 1506.4029, -63.123, 1506.4029, -62.276, 1506.4029, -61.748, 1506.4029, -60.355, 1506.4029, -60.689,  , 
1506.4241, -63.944, 1506.4241, -63.255, 1506.4241, -61.928, 1506.4241, -61.364, 1506.4241, -60.366, 1506.4241, -60.615,  , 
1506.4454, -64.429, 1506.4454, -63.197, 1506.4454, -62.009, 1506.4454, -61.852, 1506.4454, -60.792, 1506.4454, -60.454,  , 
1506.4666, -64.169, 1506.4666, -62.817, 1506.4666, -61.880, 1506.4666, -61.545, 1506.4666, -60.543, 1506.4666, -60.661,  , 
1506.4879, -64.272, 1506.4879, -62.881, 1506.4879, -61.681, 1506.4879, -61.470, 1506.4879, -60.348, 1506.4879, -61.009,  , 
1506.5091, -63.602, 1506.5091, -62.947, 1506.5091, -61.878, 1506.5091, -61.300, 1506.5091, -60.418, 1506.5091, -60.665,  , 
1506.5304, -63.819, 1506.5304, -63.059, 1506.5304, -62.054, 1506.5304, -61.327, 1506.5304, -60.650, 1506.5304, -60.612,  , 
1506.5516, -63.489, 1506.5516, -62.886, 1506.5516, -61.724, 1506.5516, -61.349, 1506.5516, -60.573, 1506.5516, -60.788,  , 
1506.5729, -63.653, 1506.5729, -62.887, 1506.5729, -61.750, 1506.5729, -61.297, 1506.5729, -60.231, 1506.5729, -60.768,  , 
1506.5941, -63.761, 1506.5941, -62.964, 1506.5941, -61.882, 1506.5941, -61.347, 1506.5941, -60.396, 1506.5941, -60.704,  , 
1506.6154, -63.538, 1506.6154, -62.756, 1506.6154, -61.820, 1506.6154, -61.313, 1506.6154, -60.329, 1506.6154, -60.731,  , 
1506.6367, -63.721, 1506.6367, -62.645, 1506.6367, -61.489, 1506.6367, -61.217, 1506.6367, -60.449, 1506.6367, -60.593,  , 
1506.6579, -64.047, 1506.6579, -62.822, 1506.6579, -61.523, 1506.6579, -61.203, 1506.6579, -60.237, 1506.6579, -61.001,  , 
1506.6792, -63.347, 1506.6792, -62.873, 1506.6792, -61.502, 1506.6792, -61.225, 1506.6792, -60.455, 1506.6792, -60.642,  , 
1506.7004, -63.299, 1506.7004, -62.877, 1506.7004, -61.964, 1506.7004, -61.218, 1506.7004, -60.280, 1506.7004, -60.678,  , 
1506.7217, -63.201, 1506.7217, -62.522, 1506.7217, -61.758, 1506.7217, -60.882, 1506.7217, -60.246, 1506.7217, -61.165,  , 
1506.7429, -63.190, 1506.7429, -62.661, 1506.7429, -61.262, 1506.7429, -61.253, 1506.7429, -60.180, 1506.7429, -60.791,  , 
1506.7642, -63.486, 1506.7642, -62.552, 1506.7642, -61.927, 1506.7642, -60.939, 1506.7642, -60.365, 1506.7642, -60.815,  , 
1506.7854, -62.901, 1506.7854, -62.364, 1506.7854, -61.499, 1506.7854, -61.218, 1506.7854, -60.514, 1506.7854, -60.782,  , 
1506.8067, -63.107, 1506.8067, -62.649, 1506.8067, -61.359, 1506.8067, -60.946, 1506.8067, -60.271, 1506.8067, -60.815,  , 
1506.8280, -62.975, 1506.8280, -62.538, 1506.8280, -61.485, 1506.8280, -60.849, 1506.8280, -60.237, 1506.8280, -60.853,  , 
1506.8492, -63.170, 1506.8492, -62.425, 1506.8492, -61.421, 1506.8492, -60.859, 1506.8492, -60.327, 1506.8492, -60.718,  , 
1506.8705, -62.562, 1506.8705, -62.447, 1506.8705, -61.173, 1506.8705, -60.932, 1506.8705, -60.280, 1506.8705, -60.919,  , 
1506.8917, -62.759, 1506.8917, -62.446, 1506.8917, -61.465, 1506.8917, -60.753, 1506.8917, -60.287, 1506.8917, -61.012,  , 
1506.9130, -63.059, 1506.9130, -62.325, 1506.9130, -61.284, 1506.9130, -60.928, 1506.9130, -60.174, 1506.9130, -60.932,  , 
1506.9342, -62.972, 1506.9342, -62.430, 1506.9342, -61.589, 1506.9342, -60.650, 1506.9342, -60.353, 1506.9342, -61.005,  , 
1506.9555, -62.866, 1506.9555, -62.290, 1506.9555, -61.256, 1506.9555, -60.724, 1506.9555, -60.445, 1506.9555, -60.709,  , 
1506.9767, -62.523, 1506.9767, -62.537, 1506.9767, -61.128, 1506.9767, -60.705, 1506.9767, -60.406, 1506.9767, -60.933,  , 
1506.9980, -62.699, 1506.9980, -62.265, 1506.9980, -61.494, 1506.9980, -60.678, 1506.9980, -60.338, 1506.9980, -61.061,  , 
1507.0193, -62.843, 1507.0193, -62.209, 1507.0193, -61.252, 1507.0193, -60.577, 1507.0193, -60.300, 1507.0193, -60.997,  , 
1507.0405, -62.905, 1507.0405, -62.250, 1507.0405, -61.261, 1507.0405, -60.524, 1507.0405, -60.360, 1507.0405, -61.105,  , 
1507.0618, -62.498, 1507.0618, -62.098, 1507.0618, -61.208, 1507.0618, -60.476, 1507.0618, -60.221, 1507.0618, -61.139,  , 
1507.0830, -63.038, 1507.0830, -62.122, 1507.0830, -61.306, 1507.0830, -60.269, 1507.0830, -60.394, 1507.0830, -61.090,  , 
1507.1043, -62.751, 1507.1043, -61.904, 1507.1043, -61.243, 1507.1043, -60.543, 1507.1043, -60.432, 1507.1043, -61.210,  , 
1507.1255, -63.028, 1507.1255, -62.254, 1507.1255, -60.995, 1507.1255, -60.346, 1507.1255, -60.288, 1507.1255, -61.248,  , 
1507.1468, -62.567, 1507.1468, -61.933, 1507.1468, -61.098, 1507.1468, -60.323, 1507.1468, -60.416, 1507.1468, -61.348,  , 
1507.1680, -63.163, 1507.1680, -61.825, 1507.1680, -60.961, 1507.1680, -60.172, 1507.1680, -60.282, 1507.1680, -60.890,  , 
1507.1893, -63.144, 1507.1893, -61.902, 1507.1893, -61.135, 1507.1893, -60.250, 1507.1893, -60.475, 1507.1893, -61.243,  , 
1507.2106, -62.675, 1507.2106, -61.683, 1507.2106, -61.052, 1507.2106, -60.224, 1507.2106, -60.261, 1507.2106, -61.353,  , 
1507.2318, -62.573, 1507.2318, -61.715, 1507.2318, -60.921, 1507.2318, -60.206, 1507.2318, -60.249, 1507.2318, -61.093,  , 
1507.2531, -62.910, 1507.2531, -61.673, 1507.2531, -60.941, 1507.2531, -60.074, 1507.2531, -60.324, 1507.2531, -61.092,  , 
1507.2743, -63.383, 1507.2743, -61.782, 1507.2743, -60.833, 1507.2743, -60.173, 1507.2743, -60.262, 1507.2743, -61.086,  , 
1507.2956, -62.461, 1507.2956, -61.715, 1507.2956, -60.892, 1507.2956, -60.094, 1507.2956, -60.161, 1507.2956, -61.196,  , 
1507.3168, -63.222, 1507.3168, -61.704, 1507.3168, -60.598, 1507.3168, -60.172, 1507.3168, -60.135, 1507.3168, -60.975,  , 
1507.3381, -62.773, 1507.3381, -61.234, 1507.3381, -60.637, 1507.3381, -59.964, 1507.3381, -60.454, 1507.3381, -60.996,  , 
1507.3593, -62.845, 1507.3593, -61.730, 1507.3593, -60.634, 1507.3593, -60.223, 1507.3593, -60.124, 1507.3593, -60.975,  , 
1507.3806, -62.964, 1507.3806, -61.656, 1507.3806, -60.710, 1507.3806, -60.013, 1507.3806, -60.171, 1507.3806, -60.809,  , 
1507.4019, -62.773, 1507.4019, -61.585, 1507.4019, -60.837, 1507.4019, -59.997, 1507.4019, -60.168, 1507.4019, -60.760,  , 
1507.4231, -62.705, 1507.4231, -61.762, 1507.4231, -60.404, 1507.4231, -60.019, 1507.4231, -60.031, 1507.4231, -60.567,  , 
1507.4444, -62.787, 1507.4444, -61.511, 1507.4444, -60.510, 1507.4444, -59.985, 1507.4444, -60.231, 1507.4444, -60.663,  , 
1507.4656, -62.851, 1507.4656, -61.345, 1507.4656, -60.492, 1507.4656, -59.902, 1507.4656, -60.128, 1507.4656, -60.731,  , 
1507.4869, -62.836, 1507.4869, -61.675, 1507.4869, -60.348, 1507.4869, -60.201, 1507.4869, -60.235, 1507.4869, -60.613,  , 
1507.5081, -63.055, 1507.5081, -61.156, 1507.5081, -60.456, 1507.5081, -59.963, 1507.5081, -60.688, 1507.5081, -60.303,  , 
1507.5294, -62.849, 1507.5294, -61.561, 1507.5294, -60.622, 1507.5294, -60.257, 1507.5294, -60.274, 1507.5294, -60.297,  , 
1507.5506, -63.024, 1507.5506, -61.316, 1507.5506, -60.324, 1507.5506, -59.793, 1507.5506, -60.243, 1507.5506, -60.330,  , 
1507.5719, -62.752, 1507.5719, -61.621, 1507.5719, -60.443, 1507.5719, -59.998, 1507.5719, -60.501, 1507.5719, -60.188,  , 
1507.5931, -62.962, 1507.5931, -61.211, 1507.5931, -60.260, 1507.5931, -59.903, 1507.5931, -60.243, 1507.5931, -59.823,  , 
1507.6144, -63.091, 1507.6144, -61.184, 1507.6144, -60.191, 1507.6144, -60.170, 1507.6144, -60.439, 1507.6144, -60.038,  , 
1507.6357, -63.025, 1507.6357, -61.430, 1507.6357, -60.179, 1507.6357, -59.862, 1507.6357, -60.412, 1507.6357, -59.963,  , 
1507.6569, -62.626, 1507.6569, -61.640, 1507.6569, -60.329, 1507.6569, -59.928, 1507.6569, -60.726, 1507.6569, -59.757,  , 
1507.6782, -63.336, 1507.6782, -61.116, 1507.6782, -60.374, 1507.6782, -60.155, 1507.6782, -60.288, 1507.6782, -59.764,  , 
1507.6994, -63.003, 1507.6994, -61.327, 1507.6994, -60.036, 1507.6994, -59.964, 1507.6994, -60.480, 1507.6994, -59.616,  , 
1507.7207, -63.138, 1507.7207, -61.066, 1507.7207, -60.198, 1507.7207, -59.975, 1507.7207, -60.534, 1507.7207, -59.378,  , 
1507.7419, -62.941, 1507.7419, -61.387, 1507.7419, -60.048, 1507.7419, -59.957, 1507.7419, -60.565, 1507.7419, -59.439,  , 
1507.7632, -63.070, 1507.7632, -61.120, 1507.7632, -59.971, 1507.7632, -59.821, 1507.7632, -60.644, 1507.7632, -59.217,  , 
1507.7844, -62.689, 1507.7844, -61.210, 1507.7844, -59.801, 1507.7844, -60.043, 1507.7844, -60.625, 1507.7844, -59.223,  , 
1507.8057, -62.956, 1507.8057, -61.164, 1507.8057, -59.951, 1507.8057, -59.797, 1507.8057, -60.459, 1507.8057, -59.035,  , 
1507.8270, -62.983, 1507.8270, -61.212, 1507.8270, -60.206, 1507.8270, -60.045, 1507.8270, -60.717, 1507.8270, -58.773,  , 
1507.8482, -63.099, 1507.8482, -60.847, 1507.8482, -59.924, 1507.8482, -60.118, 1507.8482, -60.447, 1507.8482, -58.721,  , 
1507.8695, -63.016, 1507.8695, -60.914, 1507.8695, -60.092, 1507.8695, -59.956, 1507.8695, -60.897, 1507.8695, -58.746,  , 
1507.8907, -62.808, 1507.8907, -60.997, 1507.8907, -59.847, 1507.8907, -59.975, 1507.8907, -60.417, 1507.8907, -58.737,  , 
1507.9120, -63.183, 1507.9120, -60.884, 1507.9120, -59.904, 1507.9120, -59.788, 1507.9120, -60.867, 1507.9120, -58.354,  , 
1507.9332, -62.492, 1507.9332, -60.915, 1507.9332, -59.911, 1507.9332, -59.845, 1507.9332, -60.566, 1507.9332, -58.291,  , 
1507.9545, -62.373, 1507.9545, -60.970, 1507.9545, -59.735, 1507.9545, -59.995, 1507.9545, -60.544, 1507.9545, -58.356,  , 
1507.9757, -62.598, 1507.9757, -60.971, 1507.9757, -60.000, 1507.9757, -60.029, 1507.9757, -60.755, 1507.9757, -57.993,  , 
1507.9970, -63.120, 1507.9970, -61.006, 1507.9970, -59.789, 1507.9970, -59.794, 1507.9970, -60.577, 1507.9970, -58.000,  , 
1508.0183, -62.699, 1508.0183, -60.722, 1508.0183, -59.920, 1508.0183, -59.980, 1508.0183, -60.712, 1508.0183, -57.927,  , 
1508.0395, -61.937, 1508.0395, -61.010, 1508.0395, -59.874, 1508.0395, -59.947, 1508.0395, -60.499, 1508.0395, -57.770,  , 
1508.0608, -62.542, 1508.0608, -60.632, 1508.0608, -59.986, 1508.0608, -59.735, 1508.0608, -60.893, 1508.0608, -57.668,  , 
1508.0820, -62.389, 1508.0820, -60.833, 1508.0820, -59.807, 1508.0820, -60.103, 1508.0820, -60.723, 1508.0820, -57.623,  , 
1508.1033, -62.396, 1508.1033, -60.867, 1508.1033, -59.765, 1508.1033, -60.240, 1508.1033, -60.719, 1508.1033, -57.548,  , 
1508.1245, -62.462, 1508.1245, -60.707, 1508.1245, -59.866, 1508.1245, -59.830, 1508.1245, -60.785, 1508.1245, -57.476,  , 
1508.1458, -62.372, 1508.1458, -60.855, 1508.1458, -59.829, 1508.1458, -59.949, 1508.1458, -60.671, 1508.1458, -57.308,  , 
1508.1670, -62.168, 1508.1670, -60.460, 1508.1670, -59.855, 1508.1670, -59.767, 1508.1670, -60.875, 1508.1670, -57.303,  , 
1508.1883, -62.662, 1508.1883, -60.647, 1508.1883, -59.540, 1508.1883, -60.157, 1508.1883, -60.650, 1508.1883, -57.116,  , 
1508.2096, -62.185, 1508.2096, -60.665, 1508.2096, -59.803, 1508.2096, -59.748, 1508.2096, -60.561, 1508.2096, -57.221,  , 
1508.2308, -62.356, 1508.2308, -60.571, 1508.2308, -59.832, 1508.2308, -59.725, 1508.2308, -60.696, 1508.2308, -56.973,  , 
1508.2521, -62.211, 1508.2521, -60.270, 1508.2521, -59.825, 1508.2521, -59.977, 1508.2521, -60.656, 1508.2521, -56.985,  , 
1508.2733, -62.058, 1508.2733, -60.408, 1508.2733, -59.728, 1508.2733, -59.886, 1508.2733, -60.484, 1508.2733, -56.899,  , 
1508.2946, -62.378, 1508.2946, -60.529, 1508.2946, -59.649, 1508.2946, -59.916, 1508.2946, -60.204, 1508.2946, -56.868,  , 
1508.3158, -62.379, 1508.3158, -60.298, 1508.3158, -59.739, 1508.3158, -59.908, 1508.3158, -60.543, 1508.3158, -56.819,  , 
1508.3371, -62.296, 1508.3371, -60.141, 1508.3371, -59.651, 1508.3371, -59.763, 1508.3371, -60.212, 1508.3371, -56.751,  , 
1508.3583, -61.704, 1508.3583, -60.096, 1508.3583, -59.682, 1508.3583, -59.974, 1508.3583, -60.317, 1508.3583, -56.677,  , 
1508.3796, -62.268, 1508.3796, -60.191, 1508.3796, -59.797, 1508.3796, -59.792, 1508.3796, -60.170, 1508.3796, -56.568,  , 
1508.4009, -62.215, 1508.4009, -60.078, 1508.4009, -59.647, 1508.4009, -59.682, 1508.4009, -60.016, 1508.4009, -56.487,  , 
1508.4221, -62.083, 1508.4221, -60.086, 1508.4221, -59.600, 1508.4221, -59.971, 1508.4221, -60.021, 1508.4221, -56.490,  , 
1508.4434, -61.537, 1508.4434, -60.042, 1508.4434, -59.902, 1508.4434, -59.766, 1508.4434, -59.857, 1508.4434, -56.433,  , 
1508.4646, -61.727, 1508.4646, -60.064, 1508.4646, -59.513, 1508.4646, -59.901, 1508.4646, -59.699, 1508.4646, -56.422,  , 
1508.4859, -62.050, 1508.4859, -59.793, 1508.4859, -59.731, 1508.4859, -59.733, 1508.4859, -59.724, 1508.4859, -56.318,  , 
1508.5071, -61.634, 1508.5071, -59.714, 1508.5071, -59.781, 1508.5071, -59.892, 1508.5071, -59.558, 1508.5071, -56.386,  , 
1508.5284, -61.685, 1508.5284, -59.761, 1508.5284, -59.664, 1508.5284, -60.080, 1508.5284, -59.282, 1508.5284, -56.419,  , 
1508.5496, -61.495, 1508.5496, -59.833, 1508.5496, -59.764, 1508.5496, -59.670, 1508.5496, -59.401, 1508.5496, -56.254,  , 
1508.5709, -61.703, 1508.5709, -59.833, 1508.5709, -59.661, 1508.5709, -59.995, 1508.5709, -59.261, 1508.5709, -56.301,  , 
1508.5921, -61.460, 1508.5921, -59.808, 1508.5921, -59.684, 1508.5921, -60.106, 1508.5921, -59.154, 1508.5921, -56.332,  , 
1508.6134, -61.610, 1508.6134, -59.836, 1508.6134, -59.705, 1508.6134, -59.836, 1508.6134, -59.003, 1508.6134, -56.272,  , 
1508.6347, -61.536, 1508.6347, -59.689, 1508.6347, -59.692, 1508.6347, -60.033, 1508.6347, -58.887, 1508.6347, -56.297,  , 
1508.6559, -61.493, 1508.6559, -59.796, 1508.6559, -59.621, 1508.6559, -60.018, 1508.6559, -58.821, 1508.6559, -56.265,  , 
1508.6772, -61.243, 1508.6772, -59.688, 1508.6772, -59.569, 1508.6772, -60.079, 1508.6772, -58.721, 1508.6772, -56.334,  , 
1508.6984, -61.476, 1508.6984, -59.688, 1508.6984, -59.599, 1508.6984, -60.117, 1508.6984, -58.425, 1508.6984, -56.300,  , 
1508.7197, -61.447, 1508.7197, -59.677, 1508.7197, -59.718, 1508.7197, -59.869, 1508.7197, -58.441, 1508.7197, -56.376,  , 
1508.7409, -61.471, 1508.7409, -59.654, 1508.7409, -59.856, 1508.7409, -60.274, 1508.7409, -58.387, 1508.7409, -56.331,  , 
1508.7622, -61.216, 1508.7622, -59.682, 1508.7622, -59.742, 1508.7622, -60.115, 1508.7622, -58.113, 1508.7622, -56.379,  , 
1508.7834, -61.266, 1508.7834, -59.553, 1508.7834, -59.571, 1508.7834, -60.146, 1508.7834, -58.135, 1508.7834, -56.393,  , 
1508.8047, -61.310, 1508.8047, -59.752, 1508.8047, -59.611, 1508.8047, -60.248, 1508.8047, -58.099, 1508.8047, -56.515,  , 
1508.8260, -61.533, 1508.8260, -59.628, 1508.8260, -59.539, 1508.8260, -60.083, 1508.8260, -57.970, 1508.8260, -56.496,  , 
1508.8472, -61.453, 1508.8472, -59.464, 1508.8472, -59.777, 1508.8472, -60.277, 1508.8472, -57.632, 1508.8472, -56.709,  , 
1508.8685, -61.397, 1508.8685, -59.639, 1508.8685, -59.465, 1508.8685, -60.273, 1508.8685, -57.688, 1508.8685, -56.682,  , 
1508.8897, -61.463, 1508.8897, -59.511, 1508.8897, -59.689, 1508.8897, -60.261, 1508.8897, -57.474, 1508.8897, -56.700,  , 
1508.9110, -61.240, 1508.9110, -59.563, 1508.9110, -59.496, 1508.9110, -60.240, 1508.9110, -57.496, 1508.9110, -56.777,  , 
1508.9322, -61.231, 1508.9322, -59.438, 1508.9322, -59.486, 1508.9322, -60.215, 1508.9322, -57.234, 1508.9322, -56.870,  , 
1508.9535, -61.187, 1508.9535, -59.453, 1508.9535, -59.648, 1508.9535, -60.241, 1508.9535, -57.266, 1508.9535, -56.867,  , 
1508.9747, -61.258, 1508.9747, -59.193, 1508.9747, -59.594, 1508.9747, -60.317, 1508.9747, -57.186, 1508.9747, -57.040,  , 
1508.9960, -61.501, 1508.9960, -59.393, 1508.9960, -59.604, 1508.9960, -60.198, 1508.9960, -56.957, 1508.9960, -57.177,  , 
1509.0173, -61.111, 1509.0173, -59.460, 1509.0173, -59.591, 1509.0173, -60.202, 1509.0173, -56.933, 1509.0173, -57.181,  , 
1509.0385, -61.100, 1509.0385, -59.498, 1509.0385, -59.744, 1509.0385, -60.227, 1509.0385, -56.873, 1509.0385, -57.296,  , 
1509.0598, -61.110, 1509.0598, -59.299, 1509.0598, -59.561, 1509.0598, -60.021, 1509.0598, -56.800, 1509.0598, -57.411,  , 
1509.0810, -60.989, 1509.0810, -59.353, 1509.0810, -59.558, 1509.0810, -60.317, 1509.0810, -56.617, 1509.0810, -57.549,  , 
1509.1023, -60.988, 1509.1023, -59.405, 1509.1023, -59.717, 1509.1023, -60.193, 1509.1023, -56.525, 1509.1023, -57.753,  , 
1509.1235, -61.013, 1509.1235, -59.464, 1509.1235, -59.651, 1509.1235, -60.218, 1509.1235, -56.463, 1509.1235, -57.809,  , 
1509.1448, -60.868, 1509.1448, -59.526, 1509.1448, -59.682, 1509.1448, -60.318, 1509.1448, -56.460, 1509.1448, -57.994,  , 
1509.1660, -61.056, 1509.1660, -59.564, 1509.1660, -59.920, 1509.1660, -60.420, 1509.1660, -56.371, 1509.1660, -58.137,  , 
1509.1873, -60.827, 1509.1873, -59.447, 1509.1873, -59.484, 1509.1873, -60.222, 1509.1873, -56.271, 1509.1873, -58.187,  , 
1509.2086, -60.822, 1509.2086, -59.244, 1509.2086, -60.101, 1509.2086, -60.046, 1509.2086, -56.161, 1509.2086, -58.540,  , 
1509.2298, -60.821, 1509.2298, -59.439, 1509.2298, -60.000, 1509.2298, -60.086, 1509.2298, -56.188, 1509.2298, -58.596,  , 
1509.2511, -60.829, 1509.2511, -59.430, 1509.2511, -59.537, 1509.2511, -60.012, 1509.2511, -56.161, 1509.2511, -58.791,  , 
1509.2723, -60.611, 1509.2723, -59.690, 1509.2723, -59.990, 1509.2723, -59.940, 1509.2723, -56.071, 1509.2723, -59.110,  , 
1509.2936, -60.633, 1509.2936, -59.461, 1509.2936, -59.918, 1509.2936, -59.959, 1509.2936, -56.031, 1509.2936, -59.136,  , 
1509.3148, -60.925, 1509.3148, -59.305, 1509.3148, -60.055, 1509.3148, -59.733, 1509.3148, -56.061, 1509.3148, -59.695,  , 
1509.3361, -60.602, 1509.3361, -59.466, 1509.3361, -59.631, 1509.3361, -59.791, 1509.3361, -55.922, 1509.3361, -59.675,  , 
1509.3573, -60.540, 1509.3573, -59.290, 1509.3573, -59.882, 1509.3573, -59.676, 1509.3573, -55.978, 1509.3573, -60.011,  , 
1509.3786, -60.803, 1509.3786, -59.296, 1509.3786, -60.065, 1509.3786, -59.636, 1509.3786, -55.993, 1509.3786, -60.282,  , 
1509.3998, -60.654, 1509.3998, -59.363, 1509.3998, -59.990, 1509.3998, -59.517, 1509.3998, -55.884, 1509.3998, -60.342,  , 
1509.4211, -60.483, 1509.4211, -59.403, 1509.4211, -60.156, 1509.4211, -59.654, 1509.4211, -55.865, 1509.4211, -60.827,  , 
1509.4424, -60.503, 1509.4424, -59.346, 1509.4424, -59.927, 1509.4424, -59.105, 1509.4424, -55.901, 1509.4424, -61.026,  , 
1509.4636, -60.377, 1509.4636, -59.182, 1509.4636, -60.018, 1509.4636, -59.106, 1509.4636, -55.844, 1509.4636, -61.190,  , 
1509.4849, -60.418, 1509.4849, -59.474, 1509.4849, -59.959, 1509.4849, -59.079, 1509.4849, -55.792, 1509.4849, -61.958,  , 
1509.5061, -60.421, 1509.5061, -59.212, 1509.5061, -59.925, 1509.5061, -58.943, 1509.5061, -55.775, 1509.5061, -61.639,  , 
1509.5274, -60.368, 1509.5274, -59.278, 1509.5274, -60.077, 1509.5274, -58.593, 1509.5274, -55.813, 1509.5274, -62.108,  , 
1509.5486, -60.420, 1509.5486, -59.236, 1509.5486, -60.074, 1509.5486, -58.692, 1509.5486, -55.825, 1509.5486, -62.335,  , 
1509.5699, -60.195, 1509.5699, -59.256, 1509.5699, -59.786, 1509.5699, -58.526, 1509.5699, -55.785, 1509.5699, -62.527,  , 
1509.5911, -60.171, 1509.5911, -59.204, 1509.5911, -59.879, 1509.5911, -58.533, 1509.5911, -55.826, 1509.5911, -62.910,  , 
1509.6124, -60.029, 1509.6124, -59.396, 1509.6124, -60.136, 1509.6124, -58.447, 1509.6124, -55.810, 1509.6124, -63.284,  , 
1509.6337, -60.131, 1509.6337, -59.392, 1509.6337, -60.028, 1509.6337, -58.229, 1509.6337, -55.819, 1509.6337, -62.939,  , 
1509.6549, -60.107, 1509.6549, -59.243, 1509.6549, -60.026, 1509.6549, -58.259, 1509.6549, -55.923, 1509.6549, -63.743,  , 
1509.6762, -59.899, 1509.6762, -59.262, 1509.6762, -59.964, 1509.6762, -58.275, 1509.6762, -55.881, 1509.6762, -63.654,  , 
1509.6974, -60.118, 1509.6974, -59.411, 1509.6974, -59.959, 1509.6974, -57.942, 1509.6974, -55.912, 1509.6974, -63.907,  , 
1509.7187, -59.850, 1509.7187, -59.231, 1509.7187, -60.023, 1509.7187, -57.808, 1509.7187, -55.972, 1509.7187, -63.564,  , 
1509.7399, -59.670, 1509.7399, -59.297, 1509.7399, -59.950, 1509.7399, -57.747, 1509.7399, -56.070, 1509.7399, -64.250,  , 
1509.7612, -59.694, 1509.7612, -59.337, 1509.7612, -59.768, 1509.7612, -57.509, 1509.7612, -56.032, 1509.7612, -63.746,  , 
1509.7824, -59.823, 1509.7824, -59.450, 1509.7824, -59.887, 1509.7824, -57.244, 1509.7824, -56.200, 1509.7824, -64.309,  , 
1509.8037, -59.668, 1509.8037, -59.096, 1509.8037, -59.682, 1509.8037, -57.377, 1509.8037, -56.221, 1509.8037, -64.213,  , 
1509.8250, -59.665, 1509.8250, -59.293, 1509.8250, -59.735, 1509.8250, -57.284, 1509.8250, -56.267, 1509.8250, -64.265,  , 
1509.8462, -59.708, 1509.8462, -59.398, 1509.8462, -59.738, 1509.8462, -56.978, 1509.8462, -56.418, 1509.8462, -64.259,  , 
1509.8675, -59.682, 1509.8675, -59.306, 1509.8675, -59.475, 1509.8675, -56.975, 1509.8675, -56.567, 1509.8675, -64.148,  , 
1509.8887, -59.578, 1509.8887, -59.385, 1509.8887, -59.756, 1509.8887, -56.866, 1509.8887, -56.515, 1509.8887, -63.578,  , 
1509.9100, -59.577, 1509.9100, -59.320, 1509.9100, -59.262, 1509.9100, -56.709, 1509.9100, -56.659, 1509.9100, -64.147,  , 
1509.9312, -59.555, 1509.9312, -59.479, 1509.9312, -59.340, 1509.9312, -56.755, 1509.9312, -56.813, 1509.9312, -63.352,  , 
1509.9525, -59.463, 1509.9525, -59.271, 1509.9525, -59.323, 1509.9525, -56.535, 1509.9525, -56.943, 1509.9525, -62.980,  , 
1509.9737, -59.668, 1509.9737, -59.314, 1509.9737, -59.030, 1509.9737, -56.426, 1509.9737, -56.978, 1509.9737, -63.120,  , 
1509.9950, -59.337, 1509.9950, -59.449, 1509.9950, -59.088, 1509.9950, -56.472, 1509.9950, -57.098, 1509.9950, -62.890,  , 
1510.0163, -59.636, 1510.0163, -59.138, 1510.0163, -58.855, 1510.0163, -56.250, 1510.0163, -57.308, 1510.0163, -62.681,  , 
1510.0375, -59.323, 1510.0375, -59.460, 1510.0375, -58.816, 1510.0375, -56.227, 1510.0375, -57.421, 1510.0375, -62.051,  , 
1510.0588, -59.451, 1510.0588, -59.199, 1510.0588, -58.520, 1510.0588, -56.135, 1510.0588, -57.524, 1510.0588, -61.985,  , 
1510.0800, -59.377, 1510.0800, -59.522, 1510.0800, -58.473, 1510.0800, -56.033, 1510.0800, -57.653, 1510.0800, -61.561,  , 
1510.1013, -59.320, 1510.1013, -59.428, 1510.1013, -58.428, 1510.1013, -55.971, 1510.1013, -57.773, 1510.1013, -61.287,  , 
1510.1225, -59.451, 1510.1225, -59.359, 1510.1225, -58.290, 1510.1225, -55.889, 1510.1225, -58.073, 1510.1225, -61.168,  , 
1510.1438, -59.280, 1510.1438, -59.409, 1510.1438, -58.102, 1510.1438, -55.873, 1510.1438, -58.241, 1510.1438, -61.009,  , 
1510.1650, -59.408, 1510.1650, -59.516, 1510.1650, -58.023, 1510.1650, -55.817, 1510.1650, -58.384, 1510.1650, -60.159,  , 
1510.1863, -59.216, 1510.1863, -59.622, 1510.1863, -57.942, 1510.1863, -55.651, 1510.1863, -58.667, 1510.1863, -60.054,  , 
1510.2076, -59.453, 1510.2076, -59.436, 1510.2076, -57.614, 1510.2076, -55.656, 1510.2076, -58.628, 1510.2076, -59.892,  , 
1510.2288, -59.156, 1510.2288, -59.487, 1510.2288, -57.673, 1510.2288, -55.570, 1510.2288, -59.078, 1510.2288, -59.658,  , 
1510.2501, -59.253, 1510.2501, -59.495, 1510.2501, -57.477, 1510.2501, -55.535, 1510.2501, -59.139, 1510.2501, -59.425,  , 
1510.2713, -59.330, 1510.2713, -59.711, 1510.2713, -57.434, 1510.2713, -55.366, 1510.2713, -59.499, 1510.2713, -59.028,  , 
1510.2926, -59.314, 1510.2926, -59.575, 1510.2926, -57.371, 1510.2926, -55.417, 1510.2926, -59.697, 1510.2926, -58.687,  , 
1510.3138, -59.069, 1510.3138, -59.850, 1510.3138, -57.085, 1510.3138, -55.352, 1510.3138, -60.010, 1510.3138, -58.823,  , 
1510.3351, -59.224, 1510.3351, -59.635, 1510.3351, -57.130, 1510.3351, -55.313, 1510.3351, -60.155, 1510.3351, -58.455,  , 
1510.3563, -59.439, 1510.3563, -59.693, 1510.3563, -57.001, 1510.3563, -55.248, 1510.3563, -60.489, 1510.3563, -58.128,  , 
1510.3776, -59.205, 1510.3776, -59.764, 1510.3776, -56.850, 1510.3776, -55.324, 1510.3776, -60.595, 1510.3776, -57.934,  , 
1510.3988, -59.173, 1510.3988, -59.612, 1510.3988, -56.846, 1510.3988, -55.242, 1510.3988, -61.184, 1510.3988, -57.894,  , 
1510.4201, -59.287, 1510.4201, -59.615, 1510.4201, -56.733, 1510.4201, -55.281, 1510.4201, -61.204, 1510.4201, -57.597,  , 
1510.4414, -59.325, 1510.4414, -59.603, 1510.4414, -56.471, 1510.4414, -55.282, 1510.4414, -61.809, 1510.4414, -57.325,  , 
1510.4626, -59.098, 1510.4626, -59.811, 1510.4626, -56.368, 1510.4626, -55.306, 1510.4626, -62.018, 1510.4626, -57.266,  , 
1510.4839, -59.187, 1510.4839, -59.747, 1510.4839, -56.386, 1510.4839, -55.304, 1510.4839, -62.334, 1510.4839, -57.130,  , 
1510.5051, -59.323, 1510.5051, -59.833, 1510.5051, -56.184, 1510.5051, -55.278, 1510.5051, -62.674, 1510.5051, -56.963,  , 
1510.5264, -59.347, 1510.5264, -59.512, 1510.5264, -56.182, 1510.5264, -55.232, 1510.5264, -62.774, 1510.5264, -56.704,  , 
1510.5476, -59.159, 1510.5476, -59.556, 1510.5476, -56.029, 1510.5476, -55.333, 1510.5476, -62.881, 1510.5476, -56.538,  , 
1510.5689, -59.183, 1510.5689, -59.523, 1510.5689, -56.002, 1510.5689, -55.204, 1510.5689, -63.588, 1510.5689, -56.461,  , 
1510.5901, -59.284, 1510.5901, -59.608, 1510.5901, -55.836, 1510.5901, -55.230, 1510.5901, -63.599, 1510.5901, -56.220,  , 
1510.6114, -59.198, 1510.6114, -59.497, 1510.6114, -55.751, 1510.6114, -55.362, 1510.6114, -63.720, 1510.6114, -55.942,  , 
1510.6327, -59.158, 1510.6327, -59.444, 1510.6327, -55.673, 1510.6327, -55.327, 1510.6327, -64.154, 1510.6327, -55.950,  , 
1510.6539, -59.202, 1510.6539, -59.406, 1510.6539, -55.612, 1510.6539, -55.323, 1510.6539, -63.775, 1510.6539, -55.729,  , 
1510.6752, -59.306, 1510.6752, -59.451, 1510.6752, -55.554, 1510.6752, -55.321, 1510.6752, -64.513, 1510.6752, -55.616,  , 
1510.6964, -59.215, 1510.6964, -59.324, 1510.6964, -55.416, 1510.6964, -55.388, 1510.6964, -64.083, 1510.6964, -55.457,  , 
1510.7177, -59.193, 1510.7177, -59.183, 1510.7177, -55.430, 1510.7177, -55.485, 1510.7177, -63.902, 1510.7177, -55.300,  , 
1510.7389, -59.208, 1510.7389, -59.043, 1510.7389, -55.358, 1510.7389, -55.552, 1510.7389, -63.952, 1510.7389, -55.149,  , 
1510.7602, -59.158, 1510.7602, -59.167, 1510.7602, -55.368, 1510.7602, -55.617, 1510.7602, -63.373, 1510.7602, -54.981,  , 
1510.7814, -59.036, 1510.7814, -58.869, 1510.7814, -55.192, 1510.7814, -55.700, 1510.7814, -63.638, 1510.7814, -54.873,  , 
1510.8027, -59.084, 1510.8027, -58.984, 1510.8027, -55.183, 1510.8027, -55.777, 1510.8027, -63.078, 1510.8027, -54.681,  , 
1510.8240, -59.245, 1510.8240, -58.723, 1510.8240, -55.098, 1510.8240, -55.870, 1510.8240, -63.127, 1510.8240, -54.568,  , 
1510.8452, -59.098, 1510.8452, -58.673, 1510.8452, -55.107, 1510.8452, -55.994, 1510.8452, -62.853, 1510.8452, -54.466,  , 
1510.8665, -59.032, 1510.8665, -58.535, 1510.8665, -55.048, 1510.8665, -56.026, 1510.8665, -62.912, 1510.8665, -54.357,  , 
1510.8877, -59.014, 1510.8877, -58.370, 1510.8877, -55.011, 1510.8877, -56.177, 1510.8877, -62.583, 1510.8877, -54.232,  , 
1510.9090, -59.048, 1510.9090, -58.398, 1510.9090, -55.046, 1510.9090, -56.257, 1510.9090, -62.019, 1510.9090, -54.087,  , 
1510.9302, -59.057, 1510.9302, -58.318, 1510.9302, -54.976, 1510.9302, -56.421, 1510.9302, -61.917, 1510.9302, -53.979,  , 
1510.9515, -58.848, 1510.9515, -58.251, 1510.9515, -54.941, 1510.9515, -56.565, 1510.9515, -61.457, 1510.9515, -53.857,  , 
1510.9727, -59.140, 1510.9727, -57.883, 1510.9727, -54.911, 1510.9727, -56.655, 1510.9727, -61.095, 1510.9727, -53.773,  , 
1510.9940, -58.940, 1510.9940, -57.950, 1510.9940, -54.953, 1510.9940, -56.840, 1510.9940, -61.071, 1510.9940, -53.636,  , 
1511.0153, -58.982, 1511.0153, -57.820, 1511.0153, -54.943, 1511.0153, -56.926, 1511.0153, -60.936, 1511.0153, -53.500,  , 
1511.0365, -59.037, 1511.0365, -57.652, 1511.0365, -54.890, 1511.0365, -57.105, 1511.0365, -60.252, 1511.0365, -53.414,  , 
1511.0578, -59.046, 1511.0578, -57.568, 1511.0578, -54.956, 1511.0578, -57.216, 1511.0578, -59.905, 1511.0578, -53.285,  , 
1511.0790, -59.042, 1511.0790, -57.408, 1511.0790, -54.915, 1511.0790, -57.382, 1511.0790, -59.589, 1511.0790, -53.211,  , 
1511.1003, -59.064, 1511.1003, -57.266, 1511.1003, -54.948, 1511.1003, -57.732, 1511.1003, -59.566, 1511.1003, -53.097,  , 
1511.1215, -59.071, 1511.1215, -57.154, 1511.1215, -54.893, 1511.1215, -57.957, 1511.1215, -59.336, 1511.1215, -53.027,  , 
1511.1428, -59.221, 1511.1428, -57.116, 1511.1428, -54.968, 1511.1428, -58.094, 1511.1428, -58.718, 1511.1428, -52.918,  , 
1511.1640, -59.134, 1511.1640, -56.866, 1511.1640, -54.987, 1511.1640, -58.137, 1511.1640, -58.688, 1511.1640, -52.844,  , 
1511.1853, -59.182, 1511.1853, -56.744, 1511.1853, -54.972, 1511.1853, -58.497, 1511.1853, -58.477, 1511.1853, -52.703,  , 
1511.2066, -58.951, 1511.2066, -56.668, 1511.2066, -55.056, 1511.2066, -58.709, 1511.2066, -58.190, 1511.2066, -52.665,  , 
1511.2278, -59.237, 1511.2278, -56.558, 1511.2278, -55.007, 1511.2278, -58.809, 1511.2278, -57.936, 1511.2278, -52.516,  , 
1511.2491, -59.105, 1511.2491, -56.401, 1511.2491, -55.099, 1511.2491, -59.268, 1511.2491, -57.638, 1511.2491, -52.437,  , 
1511.2703, -59.133, 1511.2703, -56.242, 1511.2703, -55.194, 1511.2703, -59.586, 1511.2703, -57.458, 1511.2703, -52.345,  , 
1511.2916, -59.020, 1511.2916, -56.225, 1511.2916, -55.129, 1511.2916, -59.755, 1511.2916, -57.284, 1511.2916, -52.275,  , 
1511.3128, -59.268, 1511.3128, -56.046, 1511.3128, -55.326, 1511.3128, -59.953, 1511.3128, -56.999, 1511.3128, -52.169,  , 
1511.3341, -59.117, 1511.3341, -55.971, 1511.3341, -55.322, 1511.3341, -60.544, 1511.3341, -56.899, 1511.3341, -52.069,  , 
1511.3553, -59.239, 1511.3553, -55.880, 1511.3553, -55.399, 1511.3553, -60.589, 1511.3553, -56.565, 1511.3553, -52.006,  , 
1511.3766, -59.032, 1511.3766, -55.722, 1511.3766, -55.512, 1511.3766, -60.995, 1511.3766, -56.400, 1511.3766, -51.935,  , 
1511.3978, -59.318, 1511.3978, -55.746, 1511.3978, -55.569, 1511.3978, -61.112, 1511.3978, -56.283, 1511.3978, -51.833,  , 
1511.4191, -59.254, 1511.4191, -55.528, 1511.4191, -55.754, 1511.4191, -61.639, 1511.4191, -56.135, 1511.4191, -51.750,  , 
1511.4404, -59.052, 1511.4404, -55.467, 1511.4404, -55.837, 1511.4404, -61.988, 1511.4404, -55.821, 1511.4404, -51.678,  , 
1511.4616, -59.158, 1511.4616, -55.399, 1511.4616, -55.935, 1511.4616, -61.841, 1511.4616, -55.786, 1511.4616, -51.609,  , 
1511.4829, -59.342, 1511.4829, -55.350, 1511.4829, -56.071, 1511.4829, -62.517, 1511.4829, -55.599, 1511.4829, -51.536,  , 
1511.5041, -59.325, 1511.5041, -55.293, 1511.5041, -56.265, 1511.5041, -63.012, 1511.5041, -55.472, 1511.5041, -51.484,  , 
1511.5254, -59.432, 1511.5254, -55.130, 1511.5254, -56.333, 1511.5254, -62.817, 1511.5254, -55.299, 1511.5254, -51.406,  , 
1511.5466, -59.315, 1511.5466, -55.112, 1511.5466, -56.504, 1511.5466, -63.848, 1511.5466, -55.124, 1511.5466, -51.316,  , 
1511.5679, -59.378, 1511.5679, -55.001, 1511.5679, -56.689, 1511.5679, -62.758, 1511.5679, -54.907, 1511.5679, -51.293,  , 
1511.5891, -59.365, 1511.5891, -54.921, 1511.5891, -56.871, 1511.5891, -64.040, 1511.5891, -54.824, 1511.5891, -51.222,  , 
1511.6104, -59.239, 1511.6104, -54.860, 1511.6104, -57.075, 1511.6104, -63.841, 1511.6104, -54.663, 1511.6104, -51.153,  , 
1511.6317, -59.400, 1511.6317, -54.852, 1511.6317, -57.175, 1511.6317, -63.848, 1511.6317, -54.505, 1511.6317, -51.101,  , 
1511.6529, -59.599, 1511.6529, -54.786, 1511.6529, -57.401, 1511.6529, -63.788, 1511.6529, -54.382, 1511.6529, -51.067,  , 
1511.6742, -59.534, 1511.6742, -54.633, 1511.6742, -57.636, 1511.6742, -63.714, 1511.6742, -54.239, 1511.6742, -50.963,  , 
1511.6954, -59.433, 1511.6954, -54.692, 1511.6954, -57.670, 1511.6954, -63.643, 1511.6954, -54.099, 1511.6954, -50.937,  , 
1511.7167, -59.526, 1511.7167, -54.621, 1511.7167, -58.137, 1511.7167, -63.372, 1511.7167, -53.962, 1511.7167, -50.875,  , 
1511.7379, -59.471, 1511.7379, -54.545, 1511.7379, -58.360, 1511.7379, -62.850, 1511.7379, -53.830, 1511.7379, -50.841,  , 
1511.7592, -59.372, 1511.7592, -54.503, 1511.7592, -58.500, 1511.7592, -63.494, 1511.7592, -53.727, 1511.7592, -50.786,  , 
1511.7804, -59.553, 1511.7804, -54.516, 1511.7804, -58.774, 1511.7804, -62.511, 1511.7804, -53.521, 1511.7804, -50.746,  , 
1511.8017, -59.427, 1511.8017, -54.480, 1511.8017, -59.019, 1511.8017, -62.613, 1511.8017, -53.461, 1511.8017, -50.706,  , 
1511.8230, -59.373, 1511.8230, -54.439, 1511.8230, -59.295, 1511.8230, -62.154, 1511.8230, -53.352, 1511.8230, -50.645,  , 
1511.8442, -59.323, 1511.8442, -54.409, 1511.8442, -59.539, 1511.8442, -61.997, 1511.8442, -53.217, 1511.8442, -50.626,  , 
1511.8655, -59.205, 1511.8655, -54.382, 1511.8655, -59.685, 1511.8655, -61.381, 1511.8655, -53.073, 1511.8655, -50.591,  , 
1511.8867, -59.262, 1511.8867, -54.381, 1511.8867, -60.169, 1511.8867, -61.508, 1511.8867, -52.954, 1511.8867, -50.565,  , 
1511.9080, -59.233, 1511.9080, -54.382, 1511.9080, -60.518, 1511.9080, -60.928, 1511.9080, -52.943, 1511.9080, -50.496,  , 
1511.9292, -59.053, 1511.9292, -54.382, 1511.9292, -60.912, 1511.9292, -60.699, 1511.9292, -52.698, 1511.9292, -50.505,  , 
1511.9505, -58.866, 1511.9505, -54.402, 1511.9505, -61.125, 1511.9505, -60.479, 1511.9505, -52.689, 1511.9505, -50.453,  , 
1511.9717, -58.991, 1511.9717, -54.388, 1511.9717, -61.320, 1511.9717, -60.072, 1511.9717, -52.512, 1511.9717, -50.431,  , 
1511.9930, -58.819, 1511.9930, -54.425, 1511.9930, -61.944, 1511.9930, -59.768, 1511.9930, -52.467, 1511.9930, -50.399,  , 
1512.0143, -58.620, 1512.0143, -54.423, 1512.0143, -61.893, 1512.0143, -59.459, 1512.0143, -52.357, 1512.0143, -50.409,  , 
1512.0355, -58.681, 1512.0355, -54.413, 1512.0355, -62.367, 1512.0355, -59.183, 1512.0355, -52.208, 1512.0355, -50.340,  , 
1512.0568, -58.599, 1512.0568, -54.478, 1512.0568, -62.846, 1512.0568, -58.754, 1512.0568, -52.178, 1512.0568, -50.319,  , 
1512.0780, -58.584, 1512.0780, -54.452, 1512.0780, -63.261, 1512.0780, -58.556, 1512.0780, -52.050, 1512.0780, -50.296,  , 
1512.0993, -58.354, 1512.0993, -54.565, 1512.0993, -62.952, 1512.0993, -58.377, 1512.0993, -51.954, 1512.0993, -50.276,  , 
1512.1205, -58.329, 1512.1205, -54.585, 1512.1205, -63.372, 1512.1205, -58.153, 1512.1205, -51.835, 1512.1205, -50.284,  , 
1512.1418, -58.197, 1512.1418, -54.638, 1512.1418, -63.879, 1512.1418, -57.895, 1512.1418, -51.817, 1512.1418, -50.246,  , 
1512.1630, -58.161, 1512.1630, -54.627, 1512.1630, -63.572, 1512.1630, -57.666, 1512.1630, -51.689, 1512.1630, -50.249,  , 
1512.1843, -57.953, 1512.1843, -54.696, 1512.1843, -63.503, 1512.1843, -57.359, 1512.1843, -51.592, 1512.1843, -50.230,  , 
1512.2056, -57.896, 1512.2056, -54.834, 1512.2056, -63.245, 1512.2056, -57.211, 1512.2056, -51.502, 1512.2056, -50.212,  , 
1512.2268, -57.700, 1512.2268, -54.863, 1512.2268, -64.061, 1512.2268, -56.938, 1512.2268, -51.438, 1512.2268, -50.214,  , 
1512.2481, -57.602, 1512.2481, -54.914, 1512.2481, -63.048, 1512.2481, -56.842, 1512.2481, -51.328, 1512.2481, -50.193,  , 
1512.2693, -57.332, 1512.2693, -54.989, 1512.2693, -62.980, 1512.2693, -56.463, 1512.2693, -51.273, 1512.2693, -50.173,  , 
1512.2906, -57.356, 1512.2906, -55.202, 1512.2906, -63.125, 1512.2906, -56.272, 1512.2906, -51.177, 1512.2906, -50.170,  , 
1512.3118, -57.199, 1512.3118, -55.221, 1512.3118, -63.027, 1512.3118, -56.129, 1512.3118, -51.095, 1512.3118, -50.162,  , 
1512.3331, -57.012, 1512.3331, -55.322, 1512.3331, -62.330, 1512.3331, -55.907, 1512.3331, -51.063, 1512.3331, -50.179,  , 
1512.3543, -56.870, 1512.3543, -55.439, 1512.3543, -62.072, 1512.3543, -55.706, 1512.3543, -50.950, 1512.3543, -50.173,  , 
1512.3756, -56.875, 1512.3756, -55.532, 1512.3756, -61.860, 1512.3756, -55.564, 1512.3756, -50.903, 1512.3756, -50.159,  , 
1512.3968, -56.618, 1512.3968, -55.707, 1512.3968, -61.641, 1512.3968, -55.346, 1512.3968, -50.798, 1512.3968, -50.171,  , 
1512.4181, -56.580, 1512.4181, -55.876, 1512.4181, -61.277, 1512.4181, -55.158, 1512.4181, -50.754, 1512.4181, -50.159,  , 
1512.4394, -56.353, 1512.4394, -56.120, 1512.4394, -60.920, 1512.4394, -55.060, 1512.4394, -50.687, 1512.4394, -50.150,  , 
1512.4606, -56.212, 1512.4606, -56.176, 1512.4606, -60.547, 1512.4606, -54.816, 1512.4606, -50.594, 1512.4606, -50.163,  , 
1512.4819, -56.096, 1512.4819, -56.377, 1512.4819, -60.320, 1512.4819, -54.685, 1512.4819, -50.543, 1512.4819, -50.183,  , 
1512.5031, -55.963, 1512.5031, -56.511, 1512.5031, -59.773, 1512.5031, -54.576, 1512.5031, -50.477, 1512.5031, -50.169,  , 
1512.5244, -55.846, 1512.5244, -56.687, 1512.5244, -59.747, 1512.5244, -54.333, 1512.5244, -50.423, 1512.5244, -50.153,  , 
1512.5456, -55.776, 1512.5456, -56.987, 1512.5456, -59.198, 1512.5456, -54.175, 1512.5456, -50.341, 1512.5456, -50.190,  , 
1512.5669, -55.597, 1512.5669, -57.192, 1512.5669, -58.984, 1512.5669, -54.082, 1512.5669, -50.315, 1512.5669, -50.162,  , 
1512.5881, -55.538, 1512.5881, -57.528, 1512.5881, -58.672, 1512.5881, -53.932, 1512.5881, -50.249, 1512.5881, -50.189,  , 
1512.6094, -55.415, 1512.6094, -57.683, 1512.6094, -58.517, 1512.6094, -53.787, 1512.6094, -50.225, 1512.6094, -50.199,  , 
1512.6307, -55.260, 1512.6307, -57.992, 1512.6307, -58.202, 1512.6307, -53.658, 1512.6307, -50.150, 1512.6307, -50.231,  , 
1512.6519, -55.213, 1512.6519, -58.122, 1512.6519, -57.922, 1512.6519, -53.529, 1512.6519, -50.109, 1512.6519, -50.236,  , 
1512.6732, -55.115, 1512.6732, -58.532, 1512.6732, -57.756, 1512.6732, -53.381, 1512.6732, -50.073, 1512.6732, -50.243,  , 
1512.6944, -54.996, 1512.6944, -58.806, 1512.6944, -57.427, 1512.6944, -53.248, 1512.6944, -50.019, 1512.6944, -50.260,  , 
1512.7157, -54.919, 1512.7157, -58.950, 1512.7157, -57.215, 1512.7157, -53.131, 1512.7157, -49.991, 1512.7157, -50.282,  , 
1512.7369, -54.784, 1512.7369, -59.231, 1512.7369, -56.872, 1512.7369, -53.006, 1512.7369, -49.964, 1512.7369, -50.297,  , 
1512.7582, -54.729, 1512.7582, -59.589, 1512.7582, -56.691, 1512.7582, -52.889, 1512.7582, -49.907, 1512.7582, -50.308,  , 
1512.7794, -54.609, 1512.7794, -60.090, 1512.7794, -56.580, 1512.7794, -52.717, 1512.7794, -49.882, 1512.7794, -50.344,  , 
1512.8007, -54.569, 1512.8007, -60.140, 1512.8007, -56.227, 1512.8007, -52.628, 1512.8007, -49.825, 1512.8007, -50.358,  , 
1512.8220, -54.513, 1512.8220, -60.697, 1512.8220, -56.129, 1512.8220, -52.498, 1512.8220, -49.811, 1512.8220, -50.367,  , 
1512.8432, -54.463, 1512.8432, -61.109, 1512.8432, -55.795, 1512.8432, -52.391, 1512.8432, -49.777, 1512.8432, -50.406,  , 
1512.8645, -54.349, 1512.8645, -61.240, 1512.8645, -55.621, 1512.8645, -52.223, 1512.8645, -49.742, 1512.8645, -50.453,  , 
1512.8857, -54.327, 1512.8857, -61.548, 1512.8857, -55.513, 1512.8857, -52.135, 1512.8857, -49.725, 1512.8857, -50.448,  , 
1512.9070, -54.229, 1512.9070, -61.778, 1512.9070, -55.332, 1512.9070, -52.033, 1512.9070, -49.669, 1512.9070, -50.489,  , 
1512.9282, -54.138, 1512.9282, -62.083, 1512.9282, -55.049, 1512.9282, -51.960, 1512.9282, -49.668, 1512.9282, -50.488,  , 
1512.9495, -54.191, 1512.9495, -62.329, 1512.9495, -54.974, 1512.9495, -51.816, 1512.9495, -49.632, 1512.9495, -50.535,  , 
1512.9707, -54.084, 1512.9707, -62.278, 1512.9707, -54.726, 1512.9707, -51.725, 1512.9707, -49.623, 1512.9707, -50.573,  , 
1512.9920, -54.035, 1512.9920, -62.998, 1512.9920, -54.601, 1512.9920, -51.606, 1512.9920, -49.600, 1512.9920, -50.607,  , 
1513.0133, -54.015, 1513.0133, -63.470, 1513.0133, -54.383, 1513.0133, -51.515, 1513.0133, -49.569, 1513.0133, -50.634,  , 
1513.0345, -53.952, 1513.0345, -62.722, 1513.0345, -54.280, 1513.0345, -51.402, 1513.0345, -49.562, 1513.0345, -50.665,  , 
1513.0558, -53.880, 1513.0558, -62.735, 1513.0558, -54.135, 1513.0558, -51.322, 1513.0558, -49.541, 1513.0558, -50.693,  , 
1513.0770, -53.911, 1513.0770, -63.334, 1513.0770, -53.974, 1513.0770, -51.228, 1513.0770, -49.522, 1513.0770, -50.724,  , 
1513.0983, -53.859, 1513.0983, -63.077, 1513.0983, -53.798, 1513.0983, -51.118, 1513.0983, -49.513, 1513.0983, -50.790,  , 
1513.1195, -53.812, 1513.1195, -62.831, 1513.1195, -53.676, 1513.1195, -51.030, 1513.1195, -49.500, 1513.1195, -50.820,  , 
1513.1408, -53.838, 1513.1408, -63.054, 1513.1408, -53.522, 1513.1408, -50.943, 1513.1408, -49.486, 1513.1408, -50.836,  , 
1513.1620, -53.767, 1513.1620, -63.039, 1513.1620, -53.369, 1513.1620, -50.853, 1513.1620, -49.489, 1513.1620, -50.904,  , 
1513.1833, -53.806, 1513.1833, -62.718, 1513.1833, -53.236, 1513.1833, -50.760, 1513.1833, -49.468, 1513.1833, -50.969,  , 
1513.2046, -53.811, 1513.2046, -62.432, 1513.2046, -53.079, 1513.2046, -50.677, 1513.2046, -49.459, 1513.2046, -51.006,  , 
1513.2258, -53.830, 1513.2258, -61.829, 1513.2258, -52.950, 1513.2258, -50.587, 1513.2258, -49.468, 1513.2258, -51.056,  , 
1513.2471, -53.811, 1513.2471, -61.719, 1513.2471, -52.822, 1513.2471, -50.486, 1513.2471, -49.443, 1513.2471, -51.099,  , 
1513.2683, -53.842, 1513.2683, -61.430, 1513.2683, -52.680, 1513.2683, -50.418, 1513.2683, -49.463, 1513.2683, -51.156,  , 
1513.2896, -53.833, 1513.2896, -61.202, 1513.2896, -52.610, 1513.2896, -50.325, 1513.2896, -49.457, 1513.2896, -51.248,  , 
1513.3108, -53.855, 1513.3108, -60.604, 1513.3108, -52.396, 1513.3108, -50.278, 1513.3108, -49.447, 1513.3108, -51.335,  , 
1513.3321, -53.896, 1513.3321, -60.226, 1513.3321, -52.315, 1513.3321, -50.180, 1513.3321, -49.459, 1513.3321, -51.352,  , 
1513.3533, -53.965, 1513.3533, -59.855, 1513.3533, -52.187, 1513.3533, -50.101, 1513.3533, -49.459, 1513.3533, -51.450,  , 
1513.3746, -53.951, 1513.3746, -59.586, 1513.3746, -52.030, 1513.3746, -50.033, 1513.3746, -49.456, 1513.3746, -51.486,  , 
1513.3958, -54.025, 1513.3958, -59.039, 1513.3958, -51.922, 1513.3958, -49.984, 1513.3958, -49.456, 1513.3958, -51.567,  , 
1513.4171, -54.105, 1513.4171, -58.915, 1513.4171, -51.790, 1513.4171, -49.871, 1513.4171, -49.462, 1513.4171, -51.606,  , 
1513.4384, -54.130, 1513.4384, -58.512, 1513.4384, -51.707, 1513.4384, -49.818, 1513.4384, -49.457, 1513.4384, -51.700,  , 
1513.4596, -54.228, 1513.4596, -58.252, 1513.4596, -51.574, 1513.4596, -49.768, 1513.4596, -49.473, 1513.4596, -51.800,  , 
1513.4809, -54.235, 1513.4809, -58.090, 1513.4809, -51.450, 1513.4809, -49.694, 1513.4809, -49.483, 1513.4809, -51.871,  , 
1513.5021, -54.329, 1513.5021, -57.627, 1513.5021, -51.367, 1513.5021, -49.646, 1513.5021, -49.489, 1513.5021, -51.931,  , 
1513.5234, -54.482, 1513.5234, -57.412, 1513.5234, -51.220, 1513.5234, -49.574, 1513.5234, -49.487, 1513.5234, -52.048,  , 
1513.5446, -54.565, 1513.5446, -57.101, 1513.5446, -51.112, 1513.5446, -49.530, 1513.5446, -49.503, 1513.5446, -52.101,  , 
1513.5659, -54.647, 1513.5659, -56.895, 1513.5659, -51.050, 1513.5659, -49.452, 1513.5659, -49.498, 1513.5659, -52.201,  , 
1513.5871, -54.715, 1513.5871, -56.565, 1513.5871, -50.951, 1513.5871, -49.428, 1513.5871, -49.511, 1513.5871, -52.266,  , 
1513.6084, -54.888, 1513.6084, -56.518, 1513.6084, -50.834, 1513.6084, -49.358, 1513.6084, -49.535, 1513.6084, -52.387,  , 
1513.6297, -54.944, 1513.6297, -56.226, 1513.6297, -50.759, 1513.6297, -49.319, 1513.6297, -49.542, 1513.6297, -52.466,  , 
1513.6509, -55.122, 1513.6509, -55.950, 1513.6509, -50.651, 1513.6509, -49.284, 1513.6509, -49.551, 1513.6509, -52.588,  , 
1513.6722, -55.258, 1513.6722, -55.759, 1513.6722, -50.573, 1513.6722, -49.218, 1513.6722, -49.595, 1513.6722, -52.697,  , 
1513.6934, -55.458, 1513.6934, -55.493, 1513.6934, -50.460, 1513.6934, -49.197, 1513.6934, -49.589, 1513.6934, -52.787,  , 
1513.7147, -55.468, 1513.7147, -55.375, 1513.7147, -50.381, 1513.7147, -49.134, 1513.7147, -49.619, 1513.7147, -52.869,  , 
1513.7359, -55.726, 1513.7359, -55.132, 1513.7359, -50.297, 1513.7359, -49.088, 1513.7359, -49.621, 1513.7359, -53.045,  , 
1513.7572, -55.857, 1513.7572, -54.965, 1513.7572, -50.205, 1513.7572, -49.087, 1513.7572, -49.637, 1513.7572, -53.093,  , 
1513.7784, -56.182, 1513.7784, -54.744, 1513.7784, -50.132, 1513.7784, -49.039, 1513.7784, -49.692, 1513.7784, -53.236,  , 
1513.7997, -56.253, 1513.7997, -54.563, 1513.7997, -50.024, 1513.7997, -49.006, 1513.7997, -49.704, 1513.7997, -53.380,  , 
1513.8210, -56.412, 1513.8210, -54.416, 1513.8210, -49.951, 1513.8210, -48.976, 1513.8210, -49.732, 1513.8210, -53.469,  , 
1513.8422, -56.765, 1513.8422, -54.198, 1513.8422, -49.879, 1513.8422, -48.949, 1513.8422, -49.764, 1513.8422, -53.622,  , 
1513.8635, -56.949, 1513.8635, -54.063, 1513.8635, -49.794, 1513.8635, -48.912, 1513.8635, -49.789, 1513.8635, -53.712,  , 
1513.8847, -57.294, 1513.8847, -53.861, 1513.8847, -49.732, 1513.8847, -48.887, 1513.8847, -49.832, 1513.8847, -53.913,  , 
1513.9060, -57.605, 1513.9060, -53.745, 1513.9060, -49.656, 1513.9060, -48.855, 1513.9060, -49.830, 1513.9060, -54.014,  , 
1513.9272, -57.686, 1513.9272, -53.546, 1513.9272, -49.580, 1513.9272, -48.853, 1513.9272, -49.887, 1513.9272, -54.170,  , 
1513.9485, -58.216, 1513.9485, -53.321, 1513.9485, -49.508, 1513.9485, -48.820, 1513.9485, -49.941, 1513.9485, -54.305,  , 
1513.9697, -58.378, 1513.9697, -53.210, 1513.9697, -49.422, 1513.9697, -48.793, 1513.9697, -49.935, 1513.9697, -54.433,  , 
1513.9910, -58.867, 1513.9910, -53.085, 1513.9910, -49.408, 1513.9910, -48.773, 1513.9910, -50.002, 1513.9910, -54.566,  , 
1514.0123, -58.997, 1514.0123, -52.880, 1514.0123, -49.293, 1514.0123, -48.758, 1514.0123, -50.060, 1514.0123, -54.732,  , 
1514.0335, -59.487, 1514.0335, -52.746, 1514.0335, -49.238, 1514.0335, -48.734, 1514.0335, -50.074, 1514.0335, -54.885,  , 
1514.0548, -59.748, 1514.0548, -52.638, 1514.0548, -49.175, 1514.0548, -48.727, 1514.0548, -50.125, 1514.0548, -55.012,  , 
1514.0760, -60.150, 1514.0760, -52.468, 1514.0760, -49.121, 1514.0760, -48.703, 1514.0760, -50.164, 1514.0760, -55.231,  , 
1514.0973, -60.622, 1514.0973, -52.326, 1514.0973, -49.078, 1514.0973, -48.697, 1514.0973, -50.206, 1514.0973, -55.412,  , 
1514.1185, -60.804, 1514.1185, -52.189, 1514.1185, -49.007, 1514.1185, -48.702, 1514.1185, -50.263, 1514.1185, -55.519,  , 
1514.1398, -61.154, 1514.1398, -52.064, 1514.1398, -48.945, 1514.1398, -48.690, 1514.1398, -50.318, 1514.1398, -55.745,  , 
1514.1610, -61.574, 1514.1610, -51.956, 1514.1610, -48.916, 1514.1610, -48.672, 1514.1610, -50.382, 1514.1610, -55.823,  , 
1514.1823, -62.350, 1514.1823, -51.798, 1514.1823, -48.849, 1514.1823, -48.675, 1514.1823, -50.451, 1514.1823, -56.025,  , 
1514.2036, -62.351, 1514.2036, -51.670, 1514.2036, -48.810, 1514.2036, -48.663, 1514.2036, -50.488, 1514.2036, -56.243,  , 
1514.2248, -62.287, 1514.2248, -51.540, 1514.2248, -48.776, 1514.2248, -48.654, 1514.2248, -50.568, 1514.2248, -56.394,  , 
1514.2461, -62.907, 1514.2461, -51.472, 1514.2461, -48.728, 1514.2461, -48.668, 1514.2461, -50.628, 1514.2461, -56.501,  , 
1514.2673, -63.119, 1514.2673, -51.293, 1514.2673, -48.705, 1514.2673, -48.672, 1514.2673, -50.712, 1514.2673, -56.714,  , 
1514.2886, -63.385, 1514.2886, -51.206, 1514.2886, -48.648, 1514.2886, -48.668, 1514.2886, -50.750, 1514.2886, -56.911,  , 
1514.3098, -63.129, 1514.3098, -51.089, 1514.3098, -48.614, 1514.3098, -48.670, 1514.3098, -50.821, 1514.3098, -57.045,  , 
1514.3311, -63.502, 1514.3311, -50.942, 1514.3311, -48.594, 1514.3311, -48.669, 1514.3311, -50.914, 1514.3311, -57.315,  , 
1514.3523, -63.463, 1514.3523, -50.854, 1514.3523, -48.552, 1514.3523, -48.674, 1514.3523, -51.006, 1514.3523, -57.602,  , 
1514.3736, -63.163, 1514.3736, -50.752, 1514.3736, -48.515, 1514.3736, -48.684, 1514.3736, -51.086, 1514.3736, -57.740,  , 
1514.3948, -63.040, 1514.3948, -50.623, 1514.3948, -48.512, 1514.3948, -48.681, 1514.3948, -51.163, 1514.3948, -57.956,  , 
1514.4161, -62.893, 1514.4161, -50.526, 1514.4161, -48.474, 1514.4161, -48.690, 1514.4161, -51.270, 1514.4161, -58.006,  , 
1514.4374, -62.638, 1514.4374, -50.409, 1514.4374, -48.433, 1514.4374, -48.697, 1514.4374, -51.366, 1514.4374, -58.452,  , 
1514.4586, -62.367, 1514.4586, -50.310, 1514.4586, -48.413, 1514.4586, -48.698, 1514.4586, -51.430, 1514.4586, -58.525,  , 
1514.4799, -62.230, 1514.4799, -50.245, 1514.4799, -48.396, 1514.4799, -48.700, 1514.4799, -51.533, 1514.4799, -58.879,  , 
1514.5011, -61.686, 1514.5011, -50.113, 1514.5011, -48.382, 1514.5011, -48.723, 1514.5011, -51.656, 1514.5011, -59.078,  , 
1514.5224, -61.573, 1514.5224, -50.008, 1514.5224, -48.341, 1514.5224, -48.730, 1514.5224, -51.723, 1514.5224, -59.528,  , 
1514.5436, -60.875, 1514.5436, -49.935, 1514.5436, -48.322, 1514.5436, -48.729, 1514.5436, -51.835, 1514.5436, -59.655,  , 
1514.5649, -60.440, 1514.5649, -49.847, 1514.5649, -48.326, 1514.5649, -48.748, 1514.5649, -51.938, 1514.5649, -59.816,  , 
1514.5861, -60.388, 1514.5861, -49.772, 1514.5861, -48.306, 1514.5861, -48.754, 1514.5861, -52.060, 1514.5861, -60.138,  , 
1514.6074, -59.691, 1514.6074, -49.627, 1514.6074, -48.271, 1514.6074, -48.783, 1514.6074, -52.186, 1514.6074, -60.510,  , 
1514.6287, -59.429, 1514.6287, -49.556, 1514.6287, -48.274, 1514.6287, -48.775, 1514.6287, -52.276, 1514.6287, -60.921,  , 
1514.6499, -59.080, 1514.6499, -49.482, 1514.6499, -48.248, 1514.6499, -48.790, 1514.6499, -52.388, 1514.6499, -60.989,  , 
1514.6712, -58.714, 1514.6712, -49.374, 1514.6712, -48.235, 1514.6712, -48.824, 1514.6712, -52.486, 1514.6712, -61.090,  , 
1514.6924, -58.470, 1514.6924, -49.298, 1514.6924, -48.222, 1514.6924, -48.825, 1514.6924, -52.603, 1514.6924, -62.143,  , 
1514.7137, -57.975, 1514.7137, -49.232, 1514.7137, -48.229, 1514.7137, -48.852, 1514.7137, -52.764, 1514.7137, -61.819,  , 
1514.7349, -57.742, 1514.7349, -49.121, 1514.7349, -48.194, 1514.7349, -48.862, 1514.7349, -52.908, 1514.7349, -62.216,  , 
1514.7562, -57.294, 1514.7562, -49.058, 1514.7562, -48.208, 1514.7562, -48.914, 1514.7562, -52.985, 1514.7562, -62.356,  , 
1514.7774, -56.920, 1514.7774, -48.974, 1514.7774, -48.212, 1514.7774, -48.903, 1514.7774, -53.151, 1514.7774, -63.130,  , 
1514.7987, -56.759, 1514.7987, -48.921, 1514.7987, -48.191, 1514.7987, -48.928, 1514.7987, -53.270, 1514.7987, -63.389,  , 
1514.8200, -56.468, 1514.8200, -48.837, 1514.8200, -48.197, 1514.8200, -48.943, 1514.8200, -53.401, 1514.8200, -63.540,  , 
1514.8412, -56.159, 1514.8412, -48.758, 1514.8412, -48.195, 1514.8412, -48.977, 1514.8412, -53.561, 1514.8412, -64.802,  , 
1514.8625, -55.868, 1514.8625, -48.699, 1514.8625, -48.199, 1514.8625, -49.027, 1514.8625, -53.714, 1514.8625, -64.730,  , 
1514.8837, -55.659, 1514.8837, -48.631, 1514.8837, -48.201, 1514.8837, -49.035, 1514.8837, -53.813, 1514.8837, -64.882,  , 
1514.9050, -55.467, 1514.9050, -48.566, 1514.9050, -48.185, 1514.9050, -49.077, 1514.9050, -54.018, 1514.9050, -64.654,  , 
1514.9262, -55.132, 1514.9262, -48.504, 1514.9262, -48.182, 1514.9262, -49.108, 1514.9262, -54.129, 1514.9262, -66.687,  , 
1514.9475, -54.941, 1514.9475, -48.440, 1514.9475, -48.214, 1514.9475, -49.153, 1514.9475, -54.294, 1514.9475, -65.914,  , 
1514.9687, -54.670, 1514.9687, -48.364, 1514.9687, -48.209, 1514.9687, -49.167, 1514.9687, -54.512, 1514.9687, -67.268,  , 
1514.9900, -54.561, 1514.9900, -48.310, 1514.9900, -48.208, 1514.9900, -49.235, 1514.9900, -54.621, 1514.9900, -67.865,  , 
1515.0113, -54.252, 1515.0113, -48.269, 1515.0113, -48.199, 1515.0113, -49.253, 1515.0113, -54.743, 1515.0113, -68.162,  , 
1515.0325, -54.047, 1515.0325, -48.197, 1515.0325, -48.215, 1515.0325, -49.311, 1515.0325, -54.960, 1515.0325, -66.416,  , 
1515.0538, -53.883, 1515.0538, -48.139, 1515.0538, -48.236, 1515.0538, -49.332, 1515.0538, -55.151, 1515.0538, -66.605,  , 
1515.0750, -53.709, 1515.0750, -48.093, 1515.0750, -48.236, 1515.0750, -49.374, 1515.0750, -55.286, 1515.0750, -68.292,  , 
1515.0963, -53.465, 1515.0963, -48.059, 1515.0963, -48.250, 1515.0963, -49.456, 1515.0963, -55.477, 1515.0963, -66.611,  , 
1515.1175, -53.343, 1515.1175, -48.006, 1515.1175, -48.265, 1515.1175, -49.455, 1515.1175, -55.592, 1515.1175, -66.027,  , 
1515.1388, -53.177, 1515.1388, -47.956, 1515.1388, -48.258, 1515.1388, -49.531, 1515.1388, -55.842, 1515.1388, -65.841,  , 
1515.1600, -52.977, 1515.1600, -47.922, 1515.1600, -48.278, 1515.1600, -49.599, 1515.1600, -56.034, 1515.1600, -66.099,  , 
1515.1813, -52.831, 1515.1813, -47.874, 1515.1813, -48.295, 1515.1813, -49.642, 1515.1813, -56.092, 1515.1813, -65.417,  , 
1515.2026, -52.673, 1515.2026, -47.853, 1515.2026, -48.305, 1515.2026, -49.688, 1515.2026, -56.244, 1515.2026, -64.646,  , 
1515.2238, -52.486, 1515.2238, -47.811, 1515.2238, -48.329, 1515.2238, -49.748, 1515.2238, -56.546, 1515.2238, -64.398,  , 
1515.2451, -52.311, 1515.2451, -47.783, 1515.2451, -48.337, 1515.2451, -49.840, 1515.2451, -56.651, 1515.2451, -64.003,  , 
1515.2663, -52.176, 1515.2663, -47.759, 1515.2663, -48.333, 1515.2663, -49.878, 1515.2663, -56.872, 1515.2663, -63.252,  , 
1515.2876, -51.984, 1515.2876, -47.717, 1515.2876, -48.378, 1515.2876, -49.961, 1515.2876, -57.128, 1515.2876, -62.857,  , 
1515.3088, -51.883, 1515.3088, -47.706, 1515.3088, -48.397, 1515.3088, -50.027, 1515.3088, -57.314, 1515.3088, -62.335,  , 
1515.3301, -51.691, 1515.3301, -47.660, 1515.3301, -48.406, 1515.3301, -50.135, 1515.3301, -57.418, 1515.3301, -61.949,  , 
1515.3513, -51.570, 1515.3513, -47.625, 1515.3513, -48.450, 1515.3513, -50.182, 1515.3513, -57.717, 1515.3513, -61.703,  , 
1515.3726, -51.450, 1515.3726, -47.624, 1515.3726, -48.457, 1515.3726, -50.256, 1515.3726, -57.892, 1515.3726, -61.147,  , 
1515.3938, -51.289, 1515.3938, -47.585, 1515.3938, -48.483, 1515.3938, -50.341, 1515.3938, -58.075, 1515.3938, -60.914,  , 
1515.4151, -51.133, 1515.4151, -47.565, 1515.4151, -48.513, 1515.4151, -50.434, 1515.4151, -58.322, 1515.4151, -60.586,  , 
1515.4364, -51.004, 1515.4364, -47.552, 1515.4364, -48.543, 1515.4364, -50.506, 1515.4364, -58.511, 1515.4364, -59.981,  , 
1515.4576, -50.888, 1515.4576, -47.522, 1515.4576, -48.566, 1515.4576, -50.605, 1515.4576, -58.837, 1515.4576, -59.574,  , 
1515.4789, -50.768, 1515.4789, -47.511, 1515.4789, -48.609, 1515.4789, -50.724, 1515.4789, -59.160, 1515.4789, -59.377,  , 
1515.5001, -50.640, 1515.5001, -47.496, 1515.5001, -48.652, 1515.5001, -50.805, 1515.5001, -59.498, 1515.5001, -59.144,  , 
1515.5214, -50.515, 1515.5214, -47.471, 1515.5214, -48.664, 1515.5214, -50.909, 1515.5214, -59.428, 1515.5214, -58.703,  , 
1515.5426, -50.366, 1515.5426, -47.465, 1515.5426, -48.717, 1515.5426, -51.005, 1515.5426, -60.003, 1515.5426, -58.339,  , 
1515.5639, -50.280, 1515.5639, -47.456, 1515.5639, -48.752, 1515.5639, -51.113, 1515.5639, -60.251, 1515.5639, -58.207,  , 
1515.5851, -50.117, 1515.5851, -47.436, 1515.5851, -48.770, 1515.5851, -51.250, 1515.5851, -60.416, 1515.5851, -57.900,  , 
1515.6064, -50.027, 1515.6064, -47.441, 1515.6064, -48.836, 1515.6064, -51.324, 1515.6064, -60.945, 1515.6064, -57.512,  , 
1515.6277, -49.930, 1515.6277, -47.426, 1515.6277, -48.885, 1515.6277, -51.467, 1515.6277, -61.408, 1515.6277, -57.247,  , 
1515.6489, -49.785, 1515.6489, -47.426, 1515.6489, -48.911, 1515.6489, -51.618, 1515.6489, -61.723, 1515.6489, -56.942,  , 
1515.6702, -49.660, 1515.6702, -47.422, 1515.6702, -48.966, 1515.6702, -51.687, 1515.6702, -62.061, 1515.6702, -56.763,  , 
1515.6914, -49.549, 1515.6914, -47.408, 1515.6914, -49.025, 1515.6914, -51.799, 1515.6914, -62.385, 1515.6914, -56.471,  , 
1515.7127, -49.475, 1515.7127, -47.407, 1515.7127, -49.077, 1515.7127, -51.941, 1515.7127, -62.960, 1515.7127, -56.204,  , 
1515.7339, -49.336, 1515.7339, -47.407, 1515.7339, -49.136, 1515.7339, -52.115, 1515.7339, -63.419, 1515.7339, -55.974,  , 
1515.7552, -49.226, 1515.7552, -47.403, 1515.7552, -49.181, 1515.7552, -52.184, 1515.7552, -63.206, 1515.7552, -55.774,  , 
1515.7764, -49.118, 1515.7764, -47.414, 1515.7764, -49.253, 1515.7764, -52.345, 1515.7764, -64.286, 1515.7764, -55.477,  , 
1515.7977, -49.040, 1515.7977, -47.402, 1515.7977, -49.324, 1515.7977, -52.473, 1515.7977, -64.877, 1515.7977, -55.356,  , 
1515.8190, -48.927, 1515.8190, -47.407, 1515.8190, -49.397, 1515.8190, -52.664, 1515.8190, -64.739, 1515.8190, -55.067,  , 
1515.8402, -48.845, 1515.8402, -47.416, 1515.8402, -49.450, 1515.8402, -52.779, 1515.8402, -65.690, 1515.8402, -54.883,  , 
1515.8615, -48.730, 1515.8615, -47.425, 1515.8615, -49.524, 1515.8615, -52.921, 1515.8615, -65.379, 1515.8615, -54.707,  , 
1515.8827, -48.643, 1515.8827, -47.415, 1515.8827, -49.608, 1515.8827, -53.057, 1515.8827, -66.404, 1515.8827, -54.418,  , 
1515.9040, -48.538, 1515.9040, -47.420, 1515.9040, -49.666, 1515.9040, -53.216, 1515.9040, -66.027, 1515.9040, -54.263,  , 
1515.9252, -48.433, 1515.9252, -47.418, 1515.9252, -49.764, 1515.9252, -53.366, 1515.9252, -65.458, 1515.9252, -54.048,  , 
1515.9465, -48.362, 1515.9465, -47.434, 1515.9465, -49.848, 1515.9465, -53.501, 1515.9465, -66.094, 1515.9465, -53.860,  , 
1515.9677, -48.266, 1515.9677, -47.434, 1515.9677, -49.935, 1515.9677, -53.673, 1515.9677, -65.798, 1515.9677, -53.648,  , 
1515.9890, -48.188, 1515.9890, -47.426, 1515.9890, -50.014, 1515.9890, -53.828, 1515.9890, -65.964, 1515.9890, -53.541,  , 
1516.0103, -48.099, 1516.0103, -47.442, 1516.0103, -50.115, 1516.0103, -54.035, 1516.0103, -66.136, 1516.0103, -53.336,  , 
1516.0315, -48.016, 1516.0315, -47.445, 1516.0315, -50.193, 1516.0315, -54.161, 1516.0315, -66.324, 1516.0315, -53.152,  , 
1516.0528, -47.941, 1516.0528, -47.462, 1516.0528, -50.309, 1516.0528, -54.348, 1516.0528, -65.541, 1516.0528, -53.037,  , 
1516.0740, -47.866, 1516.0740, -47.475, 1516.0740, -50.410, 1516.0740, -54.517, 1516.0740, -64.860, 1516.0740, -52.804,  , 
1516.0953, -47.789, 1516.0953, -47.483, 1516.0953, -50.494, 1516.0953, -54.608, 1516.0953, -65.473, 1516.0953, -52.656,  , 
1516.1165, -47.721, 1516.1165, -47.498, 1516.1165, -50.606, 1516.1165, -54.768, 1516.1165, -63.962, 1516.1165, -52.513,  , 
1516.1378, -47.649, 1516.1378, -47.501, 1516.1378, -50.695, 1516.1378, -55.001, 1516.1378, -64.054, 1516.1378, -52.361,  , 
1516.1590, -47.570, 1516.1590, -47.514, 1516.1590, -50.834, 1516.1590, -55.101, 1516.1590, -63.308, 1516.1590, -52.179,  , 
1516.1803, -47.516, 1516.1803, -47.556, 1516.1803, -50.940, 1516.1803, -55.353, 1516.1803, -62.942, 1516.1803, -52.008,  , 
1516.2016, -47.451, 1516.2016, -47.550, 1516.2016, -51.039, 1516.2016, -55.512, 1516.2016, -62.491, 1516.2016, -51.858,  , 
1516.2228, -47.379, 1516.2228, -47.574, 1516.2228, -51.184, 1516.2228, -55.771, 1516.2228, -62.044, 1516.2228, -51.733,  , 
1516.2441, -47.307, 1516.2441, -47.591, 1516.2441, -51.265, 1516.2441, -55.873, 1516.2441, -61.325, 1516.2441, -51.575,  , 
1516.2653, -47.269, 1516.2653, -47.620, 1516.2653, -51.443, 1516.2653, -56.160, 1516.2653, -61.501, 1516.2653, -51.440,  , 
1516.2866, -47.214, 1516.2866, -47.638, 1516.2866, -51.537, 1516.2866, -56.372, 1516.2866, -60.513, 1516.2866, -51.279,  , 
1516.3078, -47.141, 1516.3078, -47.650, 1516.3078, -51.671, 1516.3078, -56.483, 1516.3078, -60.020, 1516.3078, -51.135,  , 
1516.3291, -47.103, 1516.3291, -47.693, 1516.3291, -51.765, 1516.3291, -56.658, 1516.3291, -59.787, 1516.3291, -50.991,  , 
1516.3503, -47.047, 1516.3503, -47.702, 1516.3503, -51.926, 1516.3503, -56.945, 1516.3503, -59.331, 1516.3503, -50.862,  , 
1516.3716, -46.995, 1516.3716, -47.729, 1516.3716, -52.070, 1516.3716, -57.192, 1516.3716, -58.903, 1516.3716, -50.690,  , 
1516.3928, -46.943, 1516.3928, -47.756, 1516.3928, -52.163, 1516.3928, -57.413, 1516.3928, -58.496, 1516.3928, -50.547,  , 
1516.4141, -46.889, 1516.4141, -47.802, 1516.4141, -52.328, 1516.4141, -57.596, 1516.4141, -58.160, 1516.4141, -50.394,  , 
1516.4354, -46.847, 1516.4354, -47.831, 1516.4354, -52.502, 1516.4354, -57.904, 1516.4354, -57.891, 1516.4354, -50.293,  , 
1516.4566, -46.807, 1516.4566, -47.852, 1516.4566, -52.597, 1516.4566, -58.155, 1516.4566, -57.470, 1516.4566, -50.143,  , 
1516.4779, -46.757, 1516.4779, -47.886, 1516.4779, -52.793, 1516.4779, -58.664, 1516.4779, -57.050, 1516.4779, -50.019,  , 
1516.4991, -46.717, 1516.4991, -47.934, 1516.4991, -52.913, 1516.4991, -58.688, 1516.4991, -56.900, 1516.4991, -49.838,  , 
1516.5204, -46.684, 1516.5204, -47.981, 1516.5204, -53.128, 1516.5204, -59.027, 1516.5204, -56.669, 1516.5204, -49.719,  , 
1516.5416, -46.650, 1516.5416, -48.011, 1516.5416, -53.225, 1516.5416, -59.455, 1516.5416, -56.213, 1516.5416, -49.613,  , 
1516.5629, -46.598, 1516.5629, -48.070, 1516.5629, -53.390, 1516.5629, -59.709, 1516.5629, -55.988, 1516.5629, -49.458,  , 
1516.5841, -46.568, 1516.5841, -48.121, 1516.5841, -53.587, 1516.5841, -60.153, 1516.5841, -55.719, 1516.5841, -49.336,  , 
1516.6054, -46.539, 1516.6054, -48.170, 1516.6054, -53.780, 1516.6054, -60.467, 1516.6054, -55.479, 1516.6054, -49.198,  , 
1516.6267, -46.503, 1516.6267, -48.219, 1516.6267, -53.899, 1516.6267, -61.062, 1516.6267, -55.266, 1516.6267, -49.068,  , 
1516.6479, -46.479, 1516.6479, -48.281, 1516.6479, -54.068, 1516.6479, -61.138, 1516.6479, -54.949, 1516.6479, -48.945,  , 
1516.6692, -46.461, 1516.6692, -48.348, 1516.6692, -54.170, 1516.6692, -61.438, 1516.6692, -54.760, 1516.6692, -48.801,  , 
1516.6904, -46.422, 1516.6904, -48.404, 1516.6904, -54.437, 1516.6904, -62.654, 1516.6904, -54.499, 1516.6904, -48.682,  , 
1516.7117, -46.401, 1516.7117, -48.469, 1516.7117, -54.575, 1516.7117, -62.267, 1516.7117, -54.216, 1516.7117, -48.549,  , 
1516.7329, -46.378, 1516.7329, -48.540, 1516.7329, -54.699, 1516.7329, -62.934, 1516.7329, -54.030, 1516.7329, -48.429,  , 
1516.7542, -46.360, 1516.7542, -48.618, 1516.7542, -54.905, 1516.7542, -63.690, 1516.7542, -53.824, 1516.7542, -48.305,  , 
1516.7754, -46.346, 1516.7754, -48.686, 1516.7754, -55.108, 1516.7754, -64.161, 1516.7754, -53.572, 1516.7754, -48.173,  , 
1516.7967, -46.325, 1516.7967, -48.761, 1516.7967, -55.273, 1516.7967, -64.643, 1516.7967, -53.403, 1516.7967, -48.052,  , 
1516.8180, -46.311, 1516.8180, -48.853, 1516.8180, -55.499, 1516.8180, -64.743, 1516.8180, -53.184, 1516.8180, -47.912,  , 
1516.8392, -46.300, 1516.8392, -48.919, 1516.8392, -55.731, 1516.8392, -65.171, 1516.8392, -53.027, 1516.8392, -47.793,  , 
1516.8605, -46.277, 1516.8605, -48.980, 1516.8605, -56.014, 1516.8605, -65.623, 1516.8605, -52.779, 1516.8605, -47.680,  , 
1516.8817, -46.258, 1516.8817, -49.065, 1516.8817, -56.129, 1516.8817, -65.737, 1516.8817, -52.613, 1516.8817, -47.544,  , 
1516.9030, -46.252, 1516.9030, -49.188, 1516.9030, -56.479, 1516.9030, -66.061, 1516.9030, -52.412, 1516.9030, -47.438,  , 
1516.9242, -46.237, 1516.9242, -49.257, 1516.9242, -56.707, 1516.9242, -65.230, 1516.9242, -52.248, 1516.9242, -47.313,  , 
1516.9455, -46.232, 1516.9455, -49.336, 1516.9455, -57.005, 1516.9455, -65.959, 1516.9455, -52.068, 1516.9455, -47.202,  , 
1516.9667, -46.222, 1516.9667, -49.453, 1516.9667, -57.278, 1516.9667, -65.268, 1516.9667, -51.875, 1516.9667, -47.083,  , 
1516.9880, -46.216, 1516.9880, -49.529, 1516.9880, -57.481, 1516.9880, -65.105, 1516.9880, -51.742, 1516.9880, -46.955,  , 
1517.0093, -46.215, 1517.0093, -49.659, 1517.0093, -57.752, 1517.0093, -64.995, 1517.0093, -51.535, 1517.0093, -46.848,  , 
1517.0305, -46.203, 1517.0305, -49.739, 1517.0305, -57.995, 1517.0305, -64.501, 1517.0305, -51.381, 1517.0305, -46.724,  , 
1517.0518, -46.196, 1517.0518, -49.841, 1517.0518, -58.205, 1517.0518, -64.143, 1517.0518, -51.218, 1517.0518, -46.608,  , 
1517.0730, -46.187, 1517.0730, -49.997, 1517.0730, -58.510, 1517.0730, -63.688, 1517.0730, -51.069, 1517.0730, -46.490,  , 
1517.0943, -46.188, 1517.0943, -50.106, 1517.0943, -58.948, 1517.0943, -63.355, 1517.0943, -50.904, 1517.0943, -46.376,  , 
1517.1155, -46.193, 1517.1155, -50.216, 1517.1155, -59.166, 1517.1155, -62.994, 1517.1155, -50.737, 1517.1155, -46.262,  , 
1517.1368, -46.190, 1517.1368, -50.370, 1517.1368, -59.480, 1517.1368, -61.749, 1517.1368, -50.585, 1517.1368, -46.146,  , 
1517.1580, -46.203, 1517.1580, -50.461, 1517.1580, -59.823, 1517.1580, -61.761, 1517.1580, -50.440, 1517.1580, -46.048,  , 
1517.1793, -46.190, 1517.1793, -50.600, 1517.1793, -60.311, 1517.1793, -61.234, 1517.1793, -50.297, 1517.1793, -45.927,  , 
1517.2006, -46.187, 1517.2006, -50.740, 1517.2006, -60.540, 1517.2006, -60.910, 1517.2006, -50.127, 1517.2006, -45.816,  , 
1517.2218, -46.195, 1517.2218, -50.840, 1517.2218, -61.107, 1517.2218, -60.014, 1517.2218, -49.961, 1517.2218, -45.693,  , 
1517.2431, -46.189, 1517.2431, -50.991, 1517.2431, -61.775, 1517.2431, -59.716, 1517.2431, -49.816, 1517.2431, -45.583,  , 
1517.2643, -46.197, 1517.2643, -51.121, 1517.2643, -61.799, 1517.2643, -59.071, 1517.2643, -49.668, 1517.2643, -45.466,  , 
1517.2856, -46.188, 1517.2856, -51.259, 1517.2856, -62.289, 1517.2856, -59.028, 1517.2856, -49.526, 1517.2856, -45.352,  , 
1517.3068, -46.210, 1517.3068, -51.419, 1517.3068, -62.951, 1517.3068, -58.208, 1517.3068, -49.376, 1517.3068, -45.250,  , 
1517.3281, -46.212, 1517.3281, -51.516, 1517.3281, -63.386, 1517.3281, -58.034, 1517.3281, -49.218, 1517.3281, -45.143,  , 
1517.3493, -46.209, 1517.3493, -51.683, 1517.3493, -63.744, 1517.3493, -57.501, 1517.3493, -49.084, 1517.3493, -45.025,  , 
1517.3706, -46.217, 1517.3706, -51.803, 1517.3706, -64.376, 1517.3706, -57.246, 1517.3706, -48.935, 1517.3706, -44.916,  , 
1517.3918, -46.224, 1517.3918, -51.953, 1517.3918, -64.868, 1517.3918, -56.851, 1517.3918, -48.779, 1517.3918, -44.814,  , 
1517.4131, -46.235, 1517.4131, -52.098, 1517.4131, -65.673, 1517.4131, -56.490, 1517.4131, -48.642, 1517.4131, -44.712,  , 
1517.4344, -46.240, 1517.4344, -52.272, 1517.4344, -65.033, 1517.4344, -56.161, 1517.4344, -48.501, 1517.4344, -44.602,  , 
1517.4556, -46.244, 1517.4556, -52.441, 1517.4556, -65.332, 1517.4556, -55.919, 1517.4556, -48.348, 1517.4556, -44.508,  , 
1517.4769, -46.258, 1517.4769, -52.586, 1517.4769, -66.461, 1517.4769, -55.530, 1517.4769, -48.218, 1517.4769, -44.408,  , 
1517.4981, -46.271, 1517.4981, -52.748, 1517.4981, -65.549, 1517.4981, -55.250, 1517.4981, -48.087, 1517.4981, -44.312,  , 
1517.5194, -46.273, 1517.5194, -52.847, 1517.5194, -65.366, 1517.5194, -54.954, 1517.5194, -47.946, 1517.5194, -44.214,  , 
1517.5406, -46.301, 1517.5406, -53.062, 1517.5406, -65.403, 1517.5406, -54.672, 1517.5406, -47.831, 1517.5406, -44.125,  , 
1517.5619, -46.310, 1517.5619, -53.240, 1517.5619, -64.741, 1517.5619, -54.443, 1517.5619, -47.677, 1517.5619, -44.035,  , 
1517.5831, -46.327, 1517.5831, -53.427, 1517.5831, -64.345, 1517.5831, -54.245, 1517.5831, -47.541, 1517.5831, -43.960,  , 
1517.6044, -46.340, 1517.6044, -53.571, 1517.6044, -63.530, 1517.6044, -53.943, 1517.6044, -47.435, 1517.6044, -43.869,  , 
1517.6257, -46.363, 1517.6257, -53.725, 1517.6257, -62.947, 1517.6257, -53.708, 1517.6257, -47.285, 1517.6257, -43.785,  , 
1517.6469, -46.383, 1517.6469, -53.969, 1517.6469, -62.642, 1517.6469, -53.483, 1517.6469, -47.172, 1517.6469, -43.715,  , 
1517.6682, -46.404, 1517.6682, -54.096, 1517.6682, -62.126, 1517.6682, -53.268, 1517.6682, -47.032, 1517.6682, -43.635,  , 
1517.6894, -46.429, 1517.6894, -54.318, 1517.6894, -61.164, 1517.6894, -53.006, 1517.6894, -46.912, 1517.6894, -43.564,  , 
1517.7107, -46.441, 1517.7107, -54.535, 1517.7107, -61.104, 1517.7107, -52.767, 1517.7107, -46.787, 1517.7107, -43.494,  , 
1517.7319, -46.491, 1517.7319, -54.771, 1517.7319, -60.384, 1517.7319, -52.585, 1517.7319, -46.665, 1517.7319, -43.430,  , 
1517.7532, -46.518, 1517.7532, -54.909, 1517.7532, -59.798, 1517.7532, -52.388, 1517.7532, -46.548, 1517.7532, -43.354,  , 
1517.7744, -46.549, 1517.7744, -55.170, 1517.7744, -59.215, 1517.7744, -52.177, 1517.7744, -46.420, 1517.7744, -43.302,  , 
1517.7957, -46.592, 1517.7957, -55.423, 1517.7957, -58.929, 1517.7957, -52.012, 1517.7957, -46.292, 1517.7957, -43.240,  , 
1517.8170, -46.622, 1517.8170, -55.596, 1517.8170, -58.563, 1517.8170, -51.783, 1517.8170, -46.181, 1517.8170, -43.182,  , 
1517.8382, -46.671, 1517.8382, -55.786, 1517.8382, -58.038, 1517.8382, -51.610, 1517.8382, -46.050, 1517.8382, -43.134,  , 
1517.8595, -46.722, 1517.8595, -56.072, 1517.8595, -57.649, 1517.8595, -51.405, 1517.8595, -45.927, 1517.8595, -43.076,  , 
1517.8807, -46.768, 1517.8807, -56.253, 1517.8807, -57.364, 1517.8807, -51.200, 1517.8807, -45.813, 1517.8807, -43.028,  , 
1517.9020, -46.807, 1517.9020, -56.571, 1517.9020, -57.000, 1517.9020, -51.049, 1517.9020, -45.688, 1517.9020, -42.992,  , 
1517.9232, -46.859, 1517.9232, -56.795, 1517.9232, -56.583, 1517.9232, -50.863, 1517.9232, -45.569, 1517.9232, -42.946,  , 
1517.9445, -46.921, 1517.9445, -57.186, 1517.9445, -56.158, 1517.9445, -50.665, 1517.9445, -45.442, 1517.9445, -42.898,  , 
1517.9657, -46.973, 1517.9657, -57.474, 1517.9657, -55.840, 1517.9657, -50.491, 1517.9657, -45.323, 1517.9657, -42.864,  , 
1517.9870, -47.016, 1517.9870, -57.873, 1517.9870, -55.482, 1517.9870, -50.298, 1517.9870, -45.200, 1517.9870, -42.826,  , 
1518.0083, -47.085, 1518.0083, -58.119, 1518.0083, -55.166, 1518.0083, -50.148, 1518.0083, -45.069, 1518.0083, -42.789,  , 
1518.0295, -47.142, 1518.0295, -58.471, 1518.0295, -54.880, 1518.0295, -49.930, 1518.0295, -44.960, 1518.0295, -42.756,  , 
1518.0508, -47.200, 1518.0508, -58.877, 1518.0508, -54.598, 1518.0508, -49.798, 1518.0508, -44.843, 1518.0508, -42.731,  , 
1518.0720, -47.283, 1518.0720, -59.227, 1518.0720, -54.249, 1518.0720, -49.640, 1518.0720, -44.715, 1518.0720, -42.701,  , 
1518.0933, -47.353, 1518.0933, -59.509, 1518.0933, -54.020, 1518.0933, -49.463, 1518.0933, -44.603, 1518.0933, -42.675,  , 
1518.1145, -47.421, 1518.1145, -60.143, 1518.1145, -53.644, 1518.1145, -49.298, 1518.1145, -44.485, 1518.1145, -42.658,  , 
1518.1358, -47.505, 1518.1358, -60.909, 1518.1358, -53.460, 1518.1358, -49.146, 1518.1358, -44.365, 1518.1358, -42.641,  , 
1518.1570, -47.582, 1518.1570, -60.852, 1518.1570, -53.178, 1518.1570, -48.966, 1518.1570, -44.248, 1518.1570, -42.621,  , 
1518.1783, -47.660, 1518.1783, -61.617, 1518.1783, -52.960, 1518.1783, -48.815, 1518.1783, -44.140, 1518.1783, -42.602,  , 
1518.1995, -47.759, 1518.1995, -62.170, 1518.1995, -52.710, 1518.1995, -48.650, 1518.1995, -44.025, 1518.1995, -42.582,  , 
1518.2208, -47.840, 1518.2208, -62.475, 1518.2208, -52.461, 1518.2208, -48.495, 1518.2208, -43.913, 1518.2208, -42.574,  , 
1518.2421, -47.941, 1518.2421, -63.384, 1518.2421, -52.253, 1518.2421, -48.345, 1518.2421, -43.798, 1518.2421, -42.562,  , 
1518.2633, -48.032, 1518.2633, -63.235, 1518.2633, -52.048, 1518.2633, -48.186, 1518.2633, -43.695, 1518.2633, -42.551,  , 
1518.2846, -48.135, 1518.2846, -64.620, 1518.2846, -51.784, 1518.2846, -48.027, 1518.2846, -43.587, 1518.2846, -42.544,  , 
1518.3058, -48.240, 1518.3058, -65.066, 1518.3058, -51.612, 1518.3058, -47.879, 1518.3058, -43.474, 1518.3058, -42.539,  , 
1518.3271, -48.350, 1518.3271, -64.819, 1518.3271, -51.372, 1518.3271, -47.726, 1518.3271, -43.371, 1518.3271, -42.526,  , 
1518.3483, -48.445, 1518.3483, -65.358, 1518.3483, -51.199, 1518.3483, -47.575, 1518.3483, -43.265, 1518.3483, -42.520,  , 
1518.3696, -48.563, 1518.3696, -64.202, 1518.3696, -50.974, 1518.3696, -47.423, 1518.3696, -43.172, 1518.3696, -42.517,  , 
1518.3908, -48.681, 1518.3908, -65.109, 1518.3908, -50.810, 1518.3908, -47.285, 1518.3908, -43.070, 1518.3908, -42.507,  , 
1518.4121, -48.802, 1518.4121, -65.115, 1518.4121, -50.575, 1518.4121, -47.145, 1518.4121, -42.980, 1518.4121, -42.503,  , 
1518.4334, -48.936, 1518.4334, -64.823, 1518.4334, -50.429, 1518.4334, -46.996, 1518.4334, -42.888, 1518.4334, -42.505,  , 
1518.4546, -49.051, 1518.4546, -64.310, 1518.4546, -50.236, 1518.4546, -46.873, 1518.4546, -42.797, 1518.4546, -42.496,  , 
1518.4759, -49.161, 1518.4759, -63.377, 1518.4759, -50.031, 1518.4759, -46.734, 1518.4759, -42.700, 1518.4759, -42.489,  , 
1518.4971, -49.311, 1518.4971, -62.987, 1518.4971, -49.862, 1518.4971, -46.596, 1518.4971, -42.614, 1518.4971, -42.474,  , 
1518.5184, -49.421, 1518.5184, -62.301, 1518.5184, -49.683, 1518.5184, -46.451, 1518.5184, -42.532, 1518.5184, -42.465,  , 
1518.5396, -49.547, 1518.5396, -61.623, 1518.5396, -49.510, 1518.5396, -46.321, 1518.5396, -42.448, 1518.5396, -42.453,  , 
1518.5609, -49.655, 1518.5609, -61.097, 1518.5609, -49.326, 1518.5609, -46.191, 1518.5609, -42.369, 1518.5609, -42.442,  , 
1518.5821, -49.797, 1518.5821, -60.277, 1518.5821, -49.156, 1518.5821, -46.050, 1518.5821, -42.294, 1518.5821, -42.429,  , 
1518.6034, -49.940, 1518.6034, -59.859, 1518.6034, -48.989, 1518.6034, -45.929, 1518.6034, -42.220, 1518.6034, -42.413,  , 
1518.6247, -50.068, 1518.6247, -59.214, 1518.6247, -48.816, 1518.6247, -45.795, 1518.6247, -42.146, 1518.6247, -42.391,  , 
1518.6459, -50.214, 1518.6459, -58.953, 1518.6459, -48.667, 1518.6459, -45.661, 1518.6459, -42.077, 1518.6459, -42.367,  , 
1518.6672, -50.346, 1518.6672, -58.284, 1518.6672, -48.488, 1518.6672, -45.527, 1518.6672, -42.006, 1518.6672, -42.345,  , 
1518.6884, -50.496, 1518.6884, -57.921, 1518.6884, -48.337, 1518.6884, -45.406, 1518.6884, -41.942, 1518.6884, -42.324,  , 
1518.7097, -50.639, 1518.7097, -57.456, 1518.7097, -48.172, 1518.7097, -45.265, 1518.7097, -41.879, 1518.7097, -42.293,  , 
1518.7309, -50.762, 1518.7309, -56.902, 1518.7309, -48.000, 1518.7309, -45.135, 1518.7309, -41.819, 1518.7309, -42.258,  , 
1518.7522, -50.924, 1518.7522, -56.479, 1518.7522, -47.843, 1518.7522, -44.998, 1518.7522, -41.762, 1518.7522, -42.220,  , 
1518.7734, -51.084, 1518.7734, -56.142, 1518.7734, -47.673, 1518.7734, -44.873, 1518.7734, -41.703, 1518.7734, -42.177,  , 
1518.7947, -51.235, 1518.7947, -55.747, 1518.7947, -47.518, 1518.7947, -44.743, 1518.7947, -41.643, 1518.7947, -42.134,  , 
1518.8160, -51.363, 1518.8160, -55.251, 1518.8160, -47.355, 1518.8160, -44.607, 1518.8160, -41.591, 1518.8160, -42.086,  , 
1518.8372, -51.569, 1518.8372, -54.970, 1518.8372, -47.202, 1518.8372, -44.469, 1518.8372, -41.544, 1518.8372, -42.036,  , 
1518.8585, -51.722, 1518.8585, -54.585, 1518.8585, -47.052, 1518.8585, -44.346, 1518.8585, -41.495, 1518.8585, -41.980,  , 
1518.8797, -51.899, 1518.8797, -54.227, 1518.8797, -46.885, 1518.8797, -44.207, 1518.8797, -41.447, 1518.8797, -41.920,  , 
1518.9010, -52.013, 1518.9010, -53.943, 1518.9010, -46.732, 1518.9010, -44.076, 1518.9010, -41.405, 1518.9010, -41.855,  , 
1518.9222, -52.219, 1518.9222, -53.595, 1518.9222, -46.583, 1518.9222, -43.944, 1518.9222, -41.366, 1518.9222, -41.791,  , 
1518.9435, -52.444, 1518.9435, -53.302, 1518.9435, -46.416, 1518.9435, -43.812, 1518.9435, -41.324, 1518.9435, -41.723,  , 
1518.9647, -52.557, 1518.9647, -52.980, 1518.9647, -46.269, 1518.9647, -43.681, 1518.9647, -41.286, 1518.9647, -41.655,  , 
1518.9860, -52.786, 1518.9860, -52.707, 1518.9860, -46.117, 1518.9860, -43.547, 1518.9860, -41.257, 1518.9860, -41.577,  , 
1519.0073, -52.971, 1519.0073, -52.399, 1519.0073, -45.961, 1519.0073, -43.416, 1519.0073, -41.229, 1519.0073, -41.499,  , 
1519.0285, -53.172, 1519.0285, -52.123, 1519.0285, -45.823, 1519.0285, -43.291, 1519.0285, -41.195, 1519.0285, -41.421,  , 
1519.0498, -53.355, 1519.0498, -51.885, 1519.0498, -45.668, 1519.0498, -43.160, 1519.0498, -41.172, 1519.0498, -41.333,  , 
1519.0710, -53.593, 1519.0710, -51.632, 1519.0710, -45.529, 1519.0710, -43.029, 1519.0710, -41.146, 1519.0710, -41.249,  , 
1519.0923, -53.839, 1519.0923, -51.366, 1519.0923, -45.386, 1519.0923, -42.903, 1519.0923, -41.122, 1519.0923, -41.163,  , 
1519.1135, -54.055, 1519.1135, -51.115, 1519.1135, -45.241, 1519.1135, -42.778, 1519.1135, -41.100, 1519.1135, -41.071,  , 
1519.1348, -54.289, 1519.1348, -50.881, 1519.1348, -45.100, 1519.1348, -42.647, 1519.1348, -41.081, 1519.1348, -40.976,  , 
1519.1560, -54.545, 1519.1560, -50.642, 1519.1560, -44.956, 1519.1560, -42.530, 1519.1560, -41.068, 1519.1560, -40.886,  , 
1519.1773, -54.859, 1519.1773, -50.431, 1519.1773, -44.819, 1519.1773, -42.407, 1519.1773, -41.050, 1519.1773, -40.791,  , 
1519.1985, -55.131, 1519.1985, -50.215, 1519.1985, -44.681, 1519.1985, -42.290, 1519.1985, -41.036, 1519.1985, -40.698,  , 
1519.2198, -55.383, 1519.2198, -50.006, 1519.2198, -44.550, 1519.2198, -42.168, 1519.2198, -41.021, 1519.2198, -40.603,  , 
1519.2411, -55.793, 1519.2411, -49.792, 1519.2411, -44.413, 1519.2411, -42.049, 1519.2411, -41.010, 1519.2411, -40.502,  , 
1519.2623, -56.074, 1519.2623, -49.585, 1519.2623, -44.280, 1519.2623, -41.930, 1519.2623, -40.991, 1519.2623, -40.407,  , 
1519.2836, -56.535, 1519.2836, -49.386, 1519.2836, -44.143, 1519.2836, -41.824, 1519.2836, -40.979, 1519.2836, -40.308,  , 
1519.3048, -56.835, 1519.3048, -49.197, 1519.3048, -43.999, 1519.3048, -41.701, 1519.3048, -40.968, 1519.3048, -40.211,  , 
1519.3261, -57.166, 1519.3261, -48.988, 1519.3261, -43.874, 1519.3261, -41.594, 1519.3261, -40.956, 1519.3261, -40.111,  , 
1519.3473, -57.597, 1519.3473, -48.782, 1519.3473, -43.737, 1519.3473, -41.489, 1519.3473, -40.945, 1519.3473, -40.018,  , 
1519.3686, -57.978, 1519.3686, -48.599, 1519.3686, -43.607, 1519.3686, -41.380, 1519.3686, -40.932, 1519.3686, -39.919,  , 
1519.3898, -58.666, 1519.3898, -48.425, 1519.3898, -43.477, 1519.3898, -41.277, 1519.3898, -40.913, 1519.3898, -39.822,  , 
1519.4111, -59.001, 1519.4111, -48.224, 1519.4111, -43.339, 1519.4111, -41.177, 1519.4111, -40.903, 1519.4111, -39.726,  , 
1519.4324, -59.452, 1519.4324, -48.041, 1519.4324, -43.210, 1519.4324, -41.082, 1519.4324, -40.886, 1519.4324, -39.631,  , 
1519.4536, -60.102, 1519.4536, -47.866, 1519.4536, -43.079, 1519.4536, -40.980, 1519.4536, -40.868, 1519.4536, -39.531,  , 
1519.4749, -60.607, 1519.4749, -47.688, 1519.4749, -42.943, 1519.4749, -40.883, 1519.4749, -40.850, 1519.4749, -39.433,  , 
1519.4961, -61.317, 1519.4961, -47.496, 1519.4961, -42.818, 1519.4961, -40.795, 1519.4961, -40.826, 1519.4961, -39.341,  , 
1519.5174, -62.470, 1519.5174, -47.318, 1519.5174, -42.685, 1519.5174, -40.709, 1519.5174, -40.805, 1519.5174, -39.242,  , 
1519.5386, -62.568, 1519.5386, -47.141, 1519.5386, -42.558, 1519.5386, -40.619, 1519.5386, -40.782, 1519.5386, -39.149,  , 
1519.5599, -63.564, 1519.5599, -46.974, 1519.5599, -42.431, 1519.5599, -40.541, 1519.5599, -40.753, 1519.5599, -39.055,  , 
1519.5811, -64.487, 1519.5811, -46.798, 1519.5811, -42.300, 1519.5811, -40.458, 1519.5811, -40.724, 1519.5811, -38.969,  , 
1519.6024, -64.897, 1519.6024, -46.625, 1519.6024, -42.167, 1519.6024, -40.375, 1519.6024, -40.690, 1519.6024, -38.872,  , 
1519.6237, -65.922, 1519.6237, -46.448, 1519.6237, -42.046, 1519.6237, -40.300, 1519.6237, -40.652, 1519.6237, -38.779,  , 
1519.6449, -65.203, 1519.6449, -46.292, 1519.6449, -41.917, 1519.6449, -40.226, 1519.6449, -40.618, 1519.6449, -38.692,  , 
1519.6662, -66.461, 1519.6662, -46.118, 1519.6662, -41.792, 1519.6662, -40.157, 1519.6662, -40.567, 1519.6662, -38.602,  , 
1519.6874, -66.556, 1519.6874, -45.949, 1519.6874, -41.665, 1519.6874, -40.089, 1519.6874, -40.520, 1519.6874, -38.513,  , 
1519.7087, -66.795, 1519.7087, -45.785, 1519.7087, -41.540, 1519.7087, -40.024, 1519.7087, -40.472, 1519.7087, -38.421,  , 
1519.7299, -64.577, 1519.7299, -45.627, 1519.7299, -41.419, 1519.7299, -39.965, 1519.7299, -40.419, 1519.7299, -38.338,  , 
1519.7512, -64.244, 1519.7512, -45.464, 1519.7512, -41.300, 1519.7512, -39.905, 1519.7512, -40.362, 1519.7512, -38.257,  , 
1519.7724, -63.455, 1519.7724, -45.304, 1519.7724, -41.176, 1519.7724, -39.852, 1519.7724, -40.300, 1519.7724, -38.174,  , 
1519.7937, -62.442, 1519.7937, -45.147, 1519.7937, -41.057, 1519.7937, -39.797, 1519.7937, -40.240, 1519.7937, -38.095,  , 
1519.8150, -61.645, 1519.8150, -44.988, 1519.8150, -40.941, 1519.8150, -39.749, 1519.8150, -40.175, 1519.8150, -38.009,  , 
1519.8362, -60.632, 1519.8362, -44.836, 1519.8362, -40.820, 1519.8362, -39.701, 1519.8362, -40.102, 1519.8362, -37.933,  , 
1519.8575, -60.188, 1519.8575, -44.676, 1519.8575, -40.708, 1519.8575, -39.657, 1519.8575, -40.028, 1519.8575, -37.856,  , 
1519.8787, -59.117, 1519.8787, -44.524, 1519.8787, -40.599, 1519.8787, -39.615, 1519.8787, -39.951, 1519.8787, -37.780,  , 
1519.9000, -58.416, 1519.9000, -44.374, 1519.9000, -40.489, 1519.9000, -39.574, 1519.9000, -39.872, 1519.9000, -37.707,  , 
1519.9212, -57.898, 1519.9212, -44.216, 1519.9212, -40.373, 1519.9212, -39.542, 1519.9212, -39.792, 1519.9212, -37.636,  , 
1519.9425, -57.193, 1519.9425, -44.074, 1519.9425, -40.268, 1519.9425, -39.508, 1519.9425, -39.705, 1519.9425, -37.568,  , 
1519.9637, -56.675, 1519.9637, -43.933, 1519.9637, -40.165, 1519.9637, -39.477, 1519.9637, -39.617, 1519.9637, -37.499,  , 
1519.9850, -56.132, 1519.9850, -43.767, 1519.9850, -40.061, 1519.9850, -39.445, 1519.9850, -39.531, 1519.9850, -37.429,  , 
1520.0063, -55.644, 1520.0063, -43.620, 1520.0063, -39.955, 1520.0063, -39.417, 1520.0063, -39.431, 1520.0063, -37.360,  , 
1520.0275, -55.029, 1520.0275, -43.468, 1520.0275, -39.856, 1520.0275, -39.383, 1520.0275, -39.332, 1520.0275, -37.289,  , 
1520.0488, -54.626, 1520.0488, -43.320, 1520.0488, -39.757, 1520.0488, -39.352, 1520.0488, -39.232, 1520.0488, -37.221,  , 
1520.0700, -54.162, 1520.0700, -43.173, 1520.0700, -39.658, 1520.0700, -39.328, 1520.0700, -39.130, 1520.0700, -37.155,  , 
1520.0913, -53.738, 1520.0913, -43.019, 1520.0913, -39.561, 1520.0913, -39.303, 1520.0913, -39.027, 1520.0913, -37.091,  , 
1520.1125, -53.362, 1520.1125, -42.878, 1520.1125, -39.470, 1520.1125, -39.276, 1520.1125, -38.921, 1520.1125, -37.021,  , 
1520.1338, -52.959, 1520.1338, -42.735, 1520.1338, -39.381, 1520.1338, -39.251, 1520.1338, -38.816, 1520.1338, -36.956,  , 
1520.1550, -52.586, 1520.1550, -42.588, 1520.1550, -39.299, 1520.1550, -39.227, 1520.1550, -38.706, 1520.1550, -36.893,  , 
1520.1763, -52.158, 1520.1763, -42.450, 1520.1763, -39.212, 1520.1763, -39.204, 1520.1763, -38.596, 1520.1763, -36.827,  , 
1520.1975, -51.871, 1520.1975, -42.300, 1520.1975, -39.129, 1520.1975, -39.182, 1520.1975, -38.483, 1520.1975, -36.759,  , 
1520.2188, -51.558, 1520.2188, -42.159, 1520.2188, -39.053, 1520.2188, -39.159, 1520.2188, -38.371, 1520.2188, -36.698,  , 
1520.2401, -51.149, 1520.2401, -42.015, 1520.2401, -38.976, 1520.2401, -39.132, 1520.2401, -38.260, 1520.2401, -36.634,  , 
1520.2613, -50.886, 1520.2613, -41.879, 1520.2613, -38.900, 1520.2613, -39.109, 1520.2613, -38.147, 1520.2613, -36.570,  , 
1520.2826, -50.592, 1520.2826, -41.732, 1520.2826, -38.833, 1520.2826, -39.088, 1520.2826, -38.044, 1520.2826, -36.515,  , 
1520.3038, -50.285, 1520.3038, -41.589, 1520.3038, -38.768, 1520.3038, -39.070, 1520.3038, -37.934, 1520.3038, -36.456,  , 
1520.3251, -50.014, 1520.3251, -41.453, 1520.3251, -38.707, 1520.3251, -39.048, 1520.3251, -37.827, 1520.3251, -36.401,  , 
1520.3463, -49.722, 1520.3463, -41.315, 1520.3463, -38.644, 1520.3463, -39.023, 1520.3463, -37.718, 1520.3463, -36.343,  , 
1520.3676, -49.452, 1520.3676, -41.177, 1520.3676, -38.589, 1520.3676, -38.997, 1520.3676, -37.612, 1520.3676, -36.291,  , 
1520.3888, -49.173, 1520.3888, -41.036, 1520.3888, -38.530, 1520.3888, -38.970, 1520.3888, -37.503, 1520.3888, -36.236,  , 
1520.4101, -48.920, 1520.4101, -40.894, 1520.4101, -38.478, 1520.4101, -38.945, 1520.4101, -37.397, 1520.4101, -36.183,  , 
1520.4314, -48.672, 1520.4314, -40.758, 1520.4314, -38.425, 1520.4314, -38.914, 1520.4314, -37.290, 1520.4314, -36.129,  , 
1520.4526, -48.438, 1520.4526, -40.618, 1520.4526, -38.379, 1520.4526, -38.886, 1520.4526, -37.188, 1520.4526, -36.078,  , 
1520.4739, -48.201, 1520.4739, -40.476, 1520.4739, -38.331, 1520.4739, -38.852, 1520.4739, -37.084, 1520.4739, -36.031,  , 
1520.4951, -47.946, 1520.4951, -40.337, 1520.4951, -38.290, 1520.4951, -38.817, 1520.4951, -36.976, 1520.4951, -35.984,  , 
1520.5164, -47.727, 1520.5164, -40.200, 1520.5164, -38.246, 1520.5164, -38.780, 1520.5164, -36.879, 1520.5164, -35.937,  , 
1520.5376, -47.499, 1520.5376, -40.062, 1520.5376, -38.213, 1520.5376, -38.744, 1520.5376, -36.780, 1520.5376, -35.891,  , 
1520.5589, -47.278, 1520.5589, -39.922, 1520.5589, -38.179, 1520.5589, -38.700, 1520.5589, -36.680, 1520.5589, -35.846,  , 
1520.5801, -47.054, 1520.5801, -39.781, 1520.5801, -38.142, 1520.5801, -38.654, 1520.5801, -36.577, 1520.5801, -35.799,  , 
1520.6014, -46.819, 1520.6014, -39.645, 1520.6014, -38.108, 1520.6014, -38.600, 1520.6014, -36.477, 1520.6014, -35.757,  , 
1520.6227, -46.612, 1520.6227, -39.508, 1520.6227, -38.076, 1520.6227, -38.550, 1520.6227, -36.382, 1520.6227, -35.712,  , 
1520.6439, -46.408, 1520.6439, -39.371, 1520.6439, -38.046, 1520.6439, -38.494, 1520.6439, -36.285, 1520.6439, -35.668,  , 
1520.6652, -46.176, 1520.6652, -39.241, 1520.6652, -38.019, 1520.6652, -38.434, 1520.6652, -36.194, 1520.6652, -35.632,  , 
1520.6864, -45.978, 1520.6864, -39.112, 1520.6864, -37.994, 1520.6864, -38.372, 1520.6864, -36.100, 1520.6864, -35.591,  , 
1520.7077, -45.772, 1520.7077, -38.982, 1520.7077, -37.969, 1520.7077, -38.308, 1520.7077, -36.010, 1520.7077, -35.558,  , 
1520.7289, -45.561, 1520.7289, -38.853, 1520.7289, -37.945, 1520.7289, -38.237, 1520.7289, -35.921, 1520.7289, -35.523,  , 
1520.7502, -45.355, 1520.7502, -38.734, 1520.7502, -37.921, 1520.7502, -38.167, 1520.7502, -35.834, 1520.7502, -35.487,  , 
1520.7714, -45.161, 1520.7714, -38.606, 1520.7714, -37.900, 1520.7714, -38.091, 1520.7714, -35.751, 1520.7714, -35.452,  , 
1520.7927, -44.955, 1520.7927, -38.482, 1520.7927, -37.875, 1520.7927, -38.007, 1520.7927, -35.661, 1520.7927, -35.418,  , 
1520.8140, -44.748, 1520.8140, -38.364, 1520.8140, -37.854, 1520.8140, -37.929, 1520.8140, -35.582, 1520.8140, -35.390,  , 
1520.8352, -44.564, 1520.8352, -38.254, 1520.8352, -37.833, 1520.8352, -37.847, 1520.8352, -35.503, 1520.8352, -35.359,  , 
1520.8565, -44.378, 1520.8565, -38.144, 1520.8565, -37.812, 1520.8565, -37.762, 1520.8565, -35.430, 1520.8565, -35.335,  , 
1520.8777, -44.194, 1520.8777, -38.036, 1520.8777, -37.793, 1520.8777, -37.676, 1520.8777, -35.353, 1520.8777, -35.309,  , 
1520.8990, -43.998, 1520.8990, -37.930, 1520.8990, -37.769, 1520.8990, -37.583, 1520.8990, -35.277, 1520.8990, -35.284,  , 
1520.9202, -43.810, 1520.9202, -37.829, 1520.9202, -37.744, 1520.9202, -37.487, 1520.9202, -35.204, 1520.9202, -35.262,  , 
1520.9415, -43.632, 1520.9415, -37.726, 1520.9415, -37.716, 1520.9415, -37.392, 1520.9415, -35.131, 1520.9415, -35.239,  , 
1520.9627, -43.458, 1520.9627, -37.628, 1520.9627, -37.693, 1520.9627, -37.292, 1520.9627, -35.061, 1520.9627, -35.218,  , 
1520.9840, -43.275, 1520.9840, -37.535, 1520.9840, -37.664, 1520.9840, -37.195, 1520.9840, -34.991, 1520.9840, -35.197,  , 
1521.0053, -43.103, 1521.0053, -37.445, 1521.0053, -37.637, 1521.0053, -37.090, 1521.0053, -34.924, 1521.0053, -35.182,  , 
1521.0265, -42.931, 1521.0265, -37.357, 1521.0265, -37.605, 1521.0265, -36.989, 1521.0265, -34.859, 1521.0265, -35.165,  , 
1521.0478, -42.766, 1521.0478, -37.273, 1521.0478, -37.573, 1521.0478, -36.887, 1521.0478, -34.794, 1521.0478, -35.152,  , 
1521.0690, -42.597, 1521.0690, -37.192, 1521.0690, -37.538, 1521.0690, -36.781, 1521.0690, -34.735, 1521.0690, -35.136,  , 
1521.0903, -42.429, 1521.0903, -37.115, 1521.0903, -37.499, 1521.0903, -36.674, 1521.0903, -34.671, 1521.0903, -35.124,  , 
1521.1115, -42.263, 1521.1115, -37.036, 1521.1115, -37.461, 1521.1115, -36.564, 1521.1115, -34.610, 1521.1115, -35.111,  , 
1521.1328, -42.099, 1521.1328, -36.966, 1521.1328, -37.419, 1521.1328, -36.456, 1521.1328, -34.549, 1521.1328, -35.101,  , 
1521.1540, -41.937, 1521.1540, -36.896, 1521.1540, -37.372, 1521.1540, -36.348, 1521.1540, -34.492, 1521.1540, -35.090,  , 
1521.1753, -41.786, 1521.1753, -36.833, 1521.1753, -37.324, 1521.1753, -36.242, 1521.1753, -34.435, 1521.1753, -35.082,  , 
1521.1965, -41.625, 1521.1965, -36.771, 1521.1965, -37.273, 1521.1965, -36.136, 1521.1965, -34.379, 1521.1965, -35.076,  , 
1521.2178, -41.462, 1521.2178, -36.708, 1521.2178, -37.217, 1521.2178, -36.026, 1521.2178, -34.323, 1521.2178, -35.071,  , 
1521.2391, -41.307, 1521.2391, -36.653, 1521.2391, -37.159, 1521.2391, -35.917, 1521.2391, -34.271, 1521.2391, -35.065,  , 
1521.2603, -41.150, 1521.2603, -36.597, 1521.2603, -37.096, 1521.2603, -35.807, 1521.2603, -34.217, 1521.2603, -35.061,  , 
1521.2816, -40.996, 1521.2816, -36.545, 1521.2816, -37.030, 1521.2816, -35.699, 1521.2816, -34.165, 1521.2816, -35.059,  , 
1521.3028, -40.840, 1521.3028, -36.492, 1521.3028, -36.956, 1521.3028, -35.590, 1521.3028, -34.114, 1521.3028, -35.050,  , 
1521.3241, -40.687, 1521.3241, -36.442, 1521.3241, -36.886, 1521.3241, -35.481, 1521.3241, -34.054, 1521.3241, -35.050,  , 
1521.3453, -40.528, 1521.3453, -36.397, 1521.3453, -36.807, 1521.3453, -35.368, 1521.3453, -34.003, 1521.3453, -35.046,  , 
1521.3666, -40.366, 1521.3666, -36.346, 1521.3666, -36.720, 1521.3666, -35.257, 1521.3666, -33.948, 1521.3666, -35.042,  , 
1521.3878, -40.204, 1521.3878, -36.301, 1521.3878, -36.630, 1521.3878, -35.147, 1521.3878, -33.901, 1521.3878, -35.038,  , 
1521.4091, -40.042, 1521.4091, -36.253, 1521.4091, -36.536, 1521.4091, -35.033, 1521.4091, -33.848, 1521.4091, -35.033,  , 
1521.4304, -39.890, 1521.4304, -36.207, 1521.4304, -36.440, 1521.4304, -34.924, 1521.4304, -33.796, 1521.4304, -35.026,  , 
1521.4516, -39.727, 1521.4516, -36.163, 1521.4516, -36.337, 1521.4516, -34.810, 1521.4516, -33.745, 1521.4516, -35.018,  , 
1521.4729, -39.562, 1521.4729, -36.118, 1521.4729, -36.229, 1521.4729, -34.693, 1521.4729, -33.689, 1521.4729, -35.007,  , 
1521.4941, -39.399, 1521.4941, -36.076, 1521.4941, -36.117, 1521.4941, -34.579, 1521.4941, -33.632, 1521.4941, -34.994,  , 
1521.5154, -39.238, 1521.5154, -36.028, 1521.5154, -36.000, 1521.5154, -34.461, 1521.5154, -33.578, 1521.5154, -34.980,  , 
1521.5366, -39.073, 1521.5366, -35.985, 1521.5366, -35.885, 1521.5366, -34.345, 1521.5366, -33.521, 1521.5366, -34.964,  , 
1521.5579, -38.905, 1521.5579, -35.942, 1521.5579, -35.762, 1521.5579, -34.232, 1521.5579, -33.464, 1521.5579, -34.946,  , 
1521.5791, -38.748, 1521.5791, -35.902, 1521.5791, -35.636, 1521.5791, -34.119, 1521.5791, -33.410, 1521.5791, -34.928,  , 
1521.6004, -38.589, 1521.6004, -35.862, 1521.6004, -35.513, 1521.6004, -33.993, 1521.6004, -33.355, 1521.6004, -34.910,  , 
1521.6217, -38.432, 1521.6217, -35.827, 1521.6217, -35.388, 1521.6217, -33.888, 1521.6217, -33.304, 1521.6217, -34.895,  , 
1521.6429, -38.277, 1521.6429, -35.793, 1521.6429, -35.262, 1521.6429, -33.782, 1521.6429, -33.257, 1521.6429, -34.877,  , 
1521.6642, -38.124, 1521.6642, -35.759, 1521.6642, -35.140, 1521.6642, -33.680, 1521.6642, -33.206, 1521.6642, -34.860,  , 
1521.6854, -37.974, 1521.6854, -35.721, 1521.6854, -35.014, 1521.6854, -33.577, 1521.6854, -33.156, 1521.6854, -34.841,  , 
1521.7067, -37.816, 1521.7067, -35.687, 1521.7067, -34.888, 1521.7067, -33.473, 1521.7067, -33.110, 1521.7067, -34.819,  , 
1521.7279, -37.666, 1521.7279, -35.648, 1521.7279, -34.761, 1521.7279, -33.372, 1521.7279, -33.061, 1521.7279, -34.799,  , 
1521.7492, -37.510, 1521.7492, -35.607, 1521.7492, -34.631, 1521.7492, -33.271, 1521.7492, -33.020, 1521.7492, -34.777,  , 
1521.7704, -37.362, 1521.7704, -35.574, 1521.7704, -34.511, 1521.7704, -33.177, 1521.7704, -32.977, 1521.7704, -34.758,  , 
1521.7917, -37.210, 1521.7917, -35.536, 1521.7917, -34.383, 1521.7917, -33.081, 1521.7917, -32.934, 1521.7917, -34.737,  , 
1521.8130, -37.062, 1521.8130, -35.503, 1521.8130, -34.261, 1521.8130, -32.994, 1521.8130, -32.898, 1521.8130, -34.720,  , 
1521.8342, -36.924, 1521.8342, -35.466, 1521.8342, -34.146, 1521.8342, -32.905, 1521.8342, -32.864, 1521.8342, -34.701,  , 
1521.8555, -36.776, 1521.8555, -35.429, 1521.8555, -34.018, 1521.8555, -32.819, 1521.8555, -32.827, 1521.8555, -34.680,  , 
1521.8767, -36.631, 1521.8767, -35.389, 1521.8767, -33.890, 1521.8767, -32.733, 1521.8767, -32.793, 1521.8767, -34.658,  , 
1521.8980, -36.491, 1521.8980, -35.346, 1521.8980, -33.776, 1521.8980, -32.647, 1521.8980, -32.759, 1521.8980, -34.632,  , 
1521.9192, -36.348, 1521.9192, -35.299, 1521.9192, -33.653, 1521.9192, -32.564, 1521.9192, -32.728, 1521.9192, -34.608,  , 
1521.9405, -36.205, 1521.9405, -35.249, 1521.9405, -33.533, 1521.9405, -32.478, 1521.9405, -32.694, 1521.9405, -34.582,  , 
1521.9617, -36.063, 1521.9617, -35.198, 1521.9617, -33.417, 1521.9617, -32.398, 1521.9617, -32.665, 1521.9617, -34.556,  , 
1521.9830, -35.931, 1521.9830, -35.149, 1521.9830, -33.304, 1521.9830, -32.318, 1521.9830, -32.642, 1521.9830, -34.531,  , 
1522.0043, -35.798, 1522.0043, -35.098, 1522.0043, -33.195, 1522.0043, -32.245, 1522.0043, -32.622, 1522.0043, -34.509,  , 
1522.0255, -35.670, 1522.0255, -35.046, 1522.0255, -33.085, 1522.0255, -32.172, 1522.0255, -32.599, 1522.0255, -34.485,  , 
1522.0468, -35.539, 1522.0468, -34.986, 1522.0468, -32.972, 1522.0468, -32.096, 1522.0468, -32.577, 1522.0468, -34.452,  , 
1522.0680, -35.413, 1522.0680, -34.923, 1522.0680, -32.864, 1522.0680, -32.017, 1522.0680, -32.554, 1522.0680, -34.422,  , 
1522.0893, -35.283, 1522.0893, -34.855, 1522.0893, -32.753, 1522.0893, -31.944, 1522.0893, -32.532, 1522.0893, -34.390,  , 
1522.1105, -35.155, 1522.1105, -34.784, 1522.1105, -32.640, 1522.1105, -31.870, 1522.1105, -32.510, 1522.1105, -34.353,  , 
1522.1318, -35.036, 1522.1318, -34.709, 1522.1318, -32.534, 1522.1318, -31.798, 1522.1318, -32.491, 1522.1318, -34.325,  , 
1522.1530, -34.919, 1522.1530, -34.635, 1522.1530, -32.435, 1522.1530, -31.729, 1522.1530, -32.476, 1522.1530, -34.286,  , 
1522.1743, -34.804, 1522.1743, -34.560, 1522.1743, -32.330, 1522.1743, -31.663, 1522.1743, -32.466, 1522.1743, -34.255,  , 
1522.1955, -34.692, 1522.1955, -34.477, 1522.1955, -32.233, 1522.1955, -31.595, 1522.1955, -32.452, 1522.1955, -34.222,  , 
1522.2168, -34.586, 1522.2168, -34.390, 1522.2168, -32.132, 1522.2168, -31.532, 1522.2168, -32.437, 1522.2168, -34.184,  , 
1522.2381, -34.483, 1522.2381, -34.305, 1522.2381, -32.035, 1522.2381, -31.467, 1522.2381, -32.427, 1522.2381, -34.147,  , 
1522.2593, -34.376, 1522.2593, -34.212, 1522.2593, -31.938, 1522.2593, -31.403, 1522.2593, -32.412, 1522.2593, -34.107,  , 
1522.2806, -34.273, 1522.2806, -34.108, 1522.2806, -31.841, 1522.2806, -31.338, 1522.2806, -32.402, 1522.2806, -34.049,  , 
1522.3018, -34.175, 1522.3018, -34.007, 1522.3018, -31.752, 1522.3018, -31.278, 1522.3018, -32.392, 1522.3018, -34.013,  , 
1522.3231, -34.067, 1522.3231, -33.903, 1522.3231, -31.658, 1522.3231, -31.221, 1522.3231, -32.384, 1522.3231, -33.969,  , 
1522.3443, -33.985, 1522.3443, -33.804, 1522.3443, -31.571, 1522.3443, -31.167, 1522.3443, -32.377, 1522.3443, -33.926,  , 
1522.3656, -33.901, 1522.3656, -33.703, 1522.3656, -31.487, 1522.3656, -31.111, 1522.3656, -32.374, 1522.3656, -33.887,  , 
1522.3868, -33.815, 1522.3868, -33.596, 1522.3868, -31.403, 1522.3868, -31.058, 1522.3868, -32.369, 1522.3868, -33.840,  , 
1522.4081, -33.736, 1522.4081, -33.486, 1522.4081, -31.317, 1522.4081, -31.007, 1522.4081, -32.362, 1522.4081, -33.792,  , 
1522.4294, -33.657, 1522.4294, -33.377, 1522.4294, -31.236, 1522.4294, -30.950, 1522.4294, -32.353, 1522.4294, -33.743,  , 
1522.4506, -33.586, 1522.4506, -33.265, 1522.4506, -31.155, 1522.4506, -30.902, 1522.4506, -32.347, 1522.4506, -33.689,  , 
1522.4719, -33.517, 1522.4719, -33.155, 1522.4719, -31.080, 1522.4719, -30.852, 1522.4719, -32.342, 1522.4719, -33.641,  , 
1522.4931, -33.451, 1522.4931, -33.042, 1522.4931, -31.004, 1522.4931, -30.809, 1522.4931, -32.339, 1522.4931, -33.587,  , 
1522.5144, -33.391, 1522.5144, -32.933, 1522.5144, -30.930, 1522.5144, -30.767, 1522.5144, -32.333, 1522.5144, -33.537,  , 
1522.5356, -33.334, 1522.5356, -32.823, 1522.5356, -30.864, 1522.5356, -30.726, 1522.5356, -32.334, 1522.5356, -33.487,  , 
1522.5569, -33.284, 1522.5569, -32.712, 1522.5569, -30.796, 1522.5569, -30.689, 1522.5569, -32.331, 1522.5569, -33.436,  , 
1522.5781, -33.228, 1522.5781, -32.598, 1522.5781, -30.729, 1522.5781, -30.650, 1522.5781, -32.328, 1522.5781, -33.382,  , 
1522.5994, -33.184, 1522.5994, -32.490, 1522.5994, -30.665, 1522.5994, -30.614, 1522.5994, -32.323, 1522.5994, -33.328,  , 
1522.6207, -33.140, 1522.6207, -32.375, 1522.6207, -30.603, 1522.6207, -30.579, 1522.6207, -32.318, 1522.6207, -33.271,  , 
1522.6419, -33.094, 1522.6419, -32.261, 1522.6419, -30.539, 1522.6419, -30.541, 1522.6419, -32.316, 1522.6419, -33.213,  , 
1522.6632, -33.050, 1522.6632, -32.150, 1522.6632, -30.473, 1522.6632, -30.510, 1522.6632, -32.307, 1522.6632, -33.157,  , 
1522.6844, -33.011, 1522.6844, -32.035, 1522.6844, -30.412, 1522.6844, -30.478, 1522.6844, -32.302, 1522.6844, -33.096,  , 
1522.7057, -32.965, 1522.7057, -31.914, 1522.7057, -30.347, 1522.7057, -30.442, 1522.7057, -32.295, 1522.7057, -33.034,  , 
1522.7269, -32.923, 1522.7269, -31.794, 1522.7269, -30.283, 1522.7269, -30.410, 1522.7269, -32.283, 1522.7269, -32.968,  , 
1522.7482, -32.881, 1522.7482, -31.676, 1522.7482, -30.215, 1522.7482, -30.376, 1522.7482, -32.272, 1522.7482, -32.906,  , 
1522.7694, -32.838, 1522.7694, -31.550, 1522.7694, -30.147, 1522.7694, -30.335, 1522.7694, -32.259, 1522.7694, -32.835,  , 
1522.7907, -32.792, 1522.7907, -31.424, 1522.7907, -30.079, 1522.7907, -30.301, 1522.7907, -32.236, 1522.7907, -32.757,  , 
1522.8120, -32.741, 1522.8120, -31.293, 1522.8120, -30.003, 1522.8120, -30.256, 1522.8120, -32.208, 1522.8120, -32.678,  , 
1522.8332, -32.690, 1522.8332, -31.157, 1522.8332, -29.924, 1522.8332, -30.210, 1522.8332, -32.179, 1522.8332, -32.591,  , 
1522.8545, -32.635, 1522.8545, -31.018, 1522.8545, -29.844, 1522.8545, -30.161, 1522.8545, -32.140, 1522.8545, -32.497,  , 
1522.8757, -32.576, 1522.8757, -30.881, 1522.8757, -29.762, 1522.8757, -30.112, 1522.8757, -32.099, 1522.8757, -32.399,  , 
1522.8970, -32.520, 1522.8970, -30.742, 1522.8970, -29.677, 1522.8970, -30.060, 1522.8970, -32.049, 1522.8970, -32.298,  , 
1522.9182, -32.469, 1522.9182, -30.605, 1522.9182, -29.594, 1522.9182, -30.010, 1522.9182, -32.002, 1522.9182, -32.191,  , 
1522.9395, -32.418, 1522.9395, -30.472, 1522.9395, -29.516, 1522.9395, -29.963, 1522.9395, -31.952, 1522.9395, -32.087,  , 
1522.9607, -32.367, 1522.9607, -30.340, 1522.9607, -29.440, 1522.9607, -29.918, 1522.9607, -31.902, 1522.9607, -31.979,  , 
1522.9820, -32.315, 1522.9820, -30.212, 1522.9820, -29.364, 1522.9820, -29.872, 1522.9820, -31.846, 1522.9820, -31.868,  , 
1523.0033, -32.259, 1523.0033, -30.080, 1523.0033, -29.286, 1523.0033, -29.822, 1523.0033, -31.791, 1523.0033, -31.756,  , 
1523.0245, -32.201, 1523.0245, -29.946, 1523.0245, -29.206, 1523.0245, -29.772, 1523.0245, -31.724, 1523.0245, -31.633,  , 
1523.0458, -32.142, 1523.0458, -29.815, 1523.0458, -29.126, 1523.0458, -29.722, 1523.0458, -31.662, 1523.0458, -31.510,  , 
1523.0670, -32.083, 1523.0670, -29.686, 1523.0670, -29.049, 1523.0670, -29.676, 1523.0670, -31.597, 1523.0670, -31.391,  , 
1523.0883, -32.030, 1523.0883, -29.562, 1523.0883, -28.978, 1523.0883, -29.638, 1523.0883, -31.535, 1523.0883, -31.278,  , 
1523.1095, -31.977, 1523.1095, -29.443, 1523.1095, -28.912, 1523.1095, -29.604, 1523.1095, -31.480, 1523.1095, -31.166,  , 
1523.1308, -31.924, 1523.1308, -29.331, 1523.1308, -28.847, 1523.1308, -29.572, 1523.1308, -31.418, 1523.1308, -31.053,  , 
1523.1520, -31.872, 1523.1520, -29.221, 1523.1520, -28.789, 1523.1520, -29.541, 1523.1520, -31.363, 1523.1520, -30.943,  , 
1523.1733, -31.817, 1523.1733, -29.114, 1523.1733, -28.730, 1523.1733, -29.508, 1523.1733, -31.302, 1523.1733, -30.834,  , 
1523.1945, -31.755, 1523.1945, -28.999, 1523.1945, -28.671, 1523.1945, -29.474, 1523.1945, -31.237, 1523.1945, -30.721,  , 
1523.2158, -31.690, 1523.2158, -28.887, 1523.2158, -28.608, 1523.2158, -29.441, 1523.2158, -31.169, 1523.2158, -30.601,  , 
1523.2371, -31.624, 1523.2371, -28.781, 1523.2371, -28.548, 1523.2371, -29.408, 1523.2371, -31.104, 1523.2371, -30.490,  , 
1523.2583, -31.558, 1523.2583, -28.673, 1523.2583, -28.493, 1523.2583, -29.379, 1523.2583, -31.038, 1523.2583, -30.381,  , 
1523.2796, -31.491, 1523.2796, -28.570, 1523.2796, -28.440, 1523.2796, -29.354, 1523.2796, -30.976, 1523.2796, -30.274,  , 
1523.3008, -31.421, 1523.3008, -28.475, 1523.3008, -28.393, 1523.3008, -29.334, 1523.3008, -30.918, 1523.3008, -30.173,  , 
1523.3221, -31.353, 1523.3221, -28.380, 1523.3221, -28.348, 1523.3221, -29.314, 1523.3221, -30.857, 1523.3221, -30.069,  , 
1523.3433, -31.284, 1523.3433, -28.287, 1523.3433, -28.306, 1523.3433, -29.296, 1523.3433, -30.794, 1523.3433, -29.967,  , 
1523.3646, -31.207, 1523.3646, -28.200, 1523.3646, -28.266, 1523.3646, -29.276, 1523.3646, -30.730, 1523.3646, -29.864,  , 
1523.3858, -31.126, 1523.3858, -28.106, 1523.3858, -28.222, 1523.3858, -29.249, 1523.3858, -30.660, 1523.3858, -29.757,  , 
1523.4071, -31.036, 1523.4071, -28.012, 1523.4071, -28.178, 1523.4071, -29.223, 1523.4071, -30.588, 1523.4071, -29.651,  , 
1523.4284, -30.949, 1523.4284, -27.925, 1523.4284, -28.137, 1523.4284, -29.202, 1523.4284, -30.517, 1523.4284, -29.552,  , 
1523.4496, -30.861, 1523.4496, -27.837, 1523.4496, -28.099, 1523.4496, -29.181, 1523.4496, -30.449, 1523.4496, -29.452,  , 
1523.4709, -30.769, 1523.4709, -27.757, 1523.4709, -28.064, 1523.4709, -29.168, 1523.4709, -30.380, 1523.4709, -29.355,  , 
1523.4921, -30.680, 1523.4921, -27.681, 1523.4921, -28.034, 1523.4921, -29.152, 1523.4921, -30.314, 1523.4921, -29.263,  , 
1523.5134, -30.585, 1523.5134, -27.608, 1523.5134, -28.007, 1523.5134, -29.137, 1523.5134, -30.246, 1523.5134, -29.170,  , 
1523.5346, -30.488, 1523.5346, -27.531, 1523.5346, -27.979, 1523.5346, -29.121, 1523.5346, -30.174, 1523.5346, -29.076,  , 
1523.5559, -30.389, 1523.5559, -27.458, 1523.5559, -27.955, 1523.5559, -29.102, 1523.5559, -30.105, 1523.5559, -28.986,  , 
1523.5771, -30.285, 1523.5771, -27.384, 1523.5771, -27.926, 1523.5771, -29.082, 1523.5771, -30.030, 1523.5771, -28.892,  , 
1523.5984, -30.173, 1523.5984, -27.308, 1523.5984, -27.898, 1523.5984, -29.060, 1523.5984, -29.952, 1523.5984, -28.798,  , 
1523.6197, -30.064, 1523.6197, -27.235, 1523.6197, -27.875, 1523.6197, -29.041, 1523.6197, -29.872, 1523.6197, -28.706,  , 
1523.6409, -29.953, 1523.6409, -27.166, 1523.6409, -27.851, 1523.6409, -29.022, 1523.6409, -29.800, 1523.6409, -28.618,  , 
1523.6622, -29.844, 1523.6622, -27.100, 1523.6622, -27.835, 1523.6622, -29.007, 1523.6622, -29.723, 1523.6622, -28.536,  , 
1523.6834, -29.735, 1523.6834, -27.040, 1523.6834, -27.819, 1523.6834, -28.992, 1523.6834, -29.652, 1523.6834, -28.458,  , 
1523.7047, -29.622, 1523.7047, -26.980, 1523.7047, -27.807, 1523.7047, -28.976, 1523.7047, -29.578, 1523.7047, -28.379,  , 
1523.7259, -29.509, 1523.7259, -26.919, 1523.7259, -27.791, 1523.7259, -28.958, 1523.7259, -29.499, 1523.7259, -28.297,  , 
1523.7472, -29.387, 1523.7472, -26.856, 1523.7472, -27.775, 1523.7472, -28.934, 1523.7472, -29.415, 1523.7472, -28.213,  , 
1523.7684, -29.268, 1523.7684, -26.795, 1523.7684, -27.759, 1523.7684, -28.911, 1523.7684, -29.328, 1523.7684, -28.130,  , 
1523.7897, -29.146, 1523.7897, -26.733, 1523.7897, -27.744, 1523.7897, -28.886, 1523.7897, -29.243, 1523.7897, -28.051,  , 
1523.8110, -29.027, 1523.8110, -26.675, 1523.8110, -27.736, 1523.8110, -28.866, 1523.8110, -29.158, 1523.8110, -27.977,  , 
1523.8322, -28.910, 1523.8322, -26.627, 1523.8322, -27.728, 1523.8322, -28.847, 1523.8322, -29.078, 1523.8322, -27.902,  , 
1523.8535, -28.797, 1523.8535, -26.580, 1523.8535, -27.728, 1523.8535, -28.831, 1523.8535, -28.997, 1523.8535, -27.838,  , 
1523.8747, -28.687, 1523.8747, -26.536, 1523.8747, -27.725, 1523.8747, -28.814, 1523.8747, -28.919, 1523.8747, -27.773,  , 
1523.8960, -28.570, 1523.8960, -26.494, 1523.8960, -27.730, 1523.8960, -28.798, 1523.8960, -28.838, 1523.8960, -27.707,  , 
1523.9172, -28.462, 1523.9172, -26.452, 1523.9172, -27.730, 1523.9172, -28.778, 1523.9172, -28.757, 1523.9172, -27.648,  , 
1523.9385, -28.348, 1523.9385, -26.414, 1523.9385, -27.734, 1523.9385, -28.757, 1523.9385, -28.675, 1523.9385, -27.585,  , 
1523.9597, -28.235, 1523.9597, -26.375, 1523.9597, -27.734, 1523.9597, -28.734, 1523.9597, -28.589, 1523.9597, -27.523,  , 
1523.9810, -28.124, 1523.9810, -26.340, 1523.9810, -27.736, 1523.9810, -28.715, 1523.9810, -28.507, 1523.9810, -27.465,  , 
1524.0023, -28.015, 1524.0023, -26.308, 1524.0023, -27.744, 1524.0023, -28.700, 1524.0023, -28.429, 1524.0023, -27.417,  , 
1524.0235, -27.908, 1524.0235, -26.278, 1524.0235, -27.750, 1524.0235, -28.680, 1524.0235, -28.353, 1524.0235, -27.371,  , 
1524.0448, -27.795, 1524.0448, -26.246, 1524.0448, -27.754, 1524.0448, -28.661, 1524.0448, -28.280, 1524.0448, -27.325,  , 
1524.0660, -27.685, 1524.0660, -26.211, 1524.0660, -27.757, 1524.0660, -28.638, 1524.0660, -28.201, 1524.0660, -27.284,  , 
1524.0873, -27.570, 1524.0873, -26.176, 1524.0873, -27.753, 1524.0873, -28.613, 1524.0873, -28.124, 1524.0873, -27.240,  , 
1524.1085, -27.450, 1524.1085, -26.137, 1524.1085, -27.746, 1524.1085, -28.580, 1524.1085, -28.042, 1524.1085, -27.195,  , 
1524.1298, -27.318, 1524.1298, -26.090, 1524.1298, -27.733, 1524.1298, -28.540, 1524.1298, -27.956, 1524.1298, -27.147,  , 
1524.1510, -27.184, 1524.1510, -26.034, 1524.1510, -27.707, 1524.1510, -28.490, 1524.1510, -27.860, 1524.1510, -27.095,  , 
1524.1723, -27.037, 1524.1723, -25.972, 1524.1723, -27.670, 1524.1723, -28.430, 1524.1723, -27.762, 1524.1723, -27.033,  , 
1524.1935, -26.885, 1524.1935, -25.902, 1524.1935, -27.624, 1524.1935, -28.359, 1524.1935, -27.649, 1524.1935, -26.969,  , 
1524.2148, -26.729, 1524.2148, -25.824, 1524.2148, -27.568, 1524.2148, -28.279, 1524.2148, -27.535, 1524.2148, -26.897,  , 
1524.2361, -26.573, 1524.2361, -25.750, 1524.2361, -27.513, 1524.2361, -28.198, 1524.2361, -27.414, 1524.2361, -26.818,  , 
1524.2573, -26.423, 1524.2573, -25.677, 1524.2573, -27.453, 1524.2573, -28.111, 1524.2573, -27.290, 1524.2573, -26.743,  , 
1524.2786, -26.272, 1524.2786, -25.604, 1524.2786, -27.392, 1524.2786, -28.021, 1524.2786, -27.164, 1524.2786, -26.658,  , 
1524.2998, -26.129, 1524.2998, -25.532, 1524.2998, -27.333, 1524.2998, -27.931, 1524.2998, -27.034, 1524.2998, -26.573,  , 
1524.3211, -25.975, 1524.3211, -25.455, 1524.3211, -27.265, 1524.3211, -27.827, 1524.3211, -26.898, 1524.3211, -26.480,  , 
1524.3423, -25.818, 1524.3423, -25.379, 1524.3423, -27.192, 1524.3423, -27.722, 1524.3423, -26.753, 1524.3423, -26.380,  , 
1524.3636, -25.665, 1524.3636, -25.296, 1524.3636, -27.114, 1524.3636, -27.607, 1524.3636, -26.609, 1524.3636, -26.281,  , 
1524.3848, -25.518, 1524.3848, -25.222, 1524.3848, -27.039, 1524.3848, -27.502, 1524.3848, -26.470, 1524.3848, -26.183,  , 
1524.4061, -25.381, 1524.4061, -25.149, 1524.4061, -26.966, 1524.4061, -27.399, 1524.4061, -26.333, 1524.4061, -26.092,  , 
1524.4274, -25.243, 1524.4274, -25.086, 1524.4274, -26.896, 1524.4274, -27.296, 1524.4274, -26.200, 1524.4274, -26.004,  , 
1524.4486, -25.119, 1524.4486, -25.033, 1524.4486, -26.838, 1524.4486, -27.204, 1524.4486, -26.076, 1524.4486, -25.926,  , 
1524.4699, -25.000, 1524.4699, -24.986, 1524.4699, -26.780, 1524.4699, -27.110, 1524.4699, -25.959, 1524.4699, -25.852,  , 
1524.4911, -24.881, 1524.4911, -24.941, 1524.4911, -26.722, 1524.4911, -27.016, 1524.4911, -25.840, 1524.4911, -25.780,  , 
1524.5124, -24.760, 1524.5124, -24.889, 1524.5124, -26.656, 1524.5124, -26.914, 1524.5124, -25.719, 1524.5124, -25.707,  , 
1524.5336, -24.634, 1524.5336, -24.837, 1524.5336, -26.588, 1524.5336, -26.812, 1524.5336, -25.595, 1524.5336, -25.627,  , 
1524.5549, -24.518, 1524.5549, -24.789, 1524.5549, -26.520, 1524.5549, -26.709, 1524.5549, -25.473, 1524.5549, -25.557,  , 
1524.5761, -24.401, 1524.5761, -24.743, 1524.5761, -26.457, 1524.5761, -26.608, 1524.5761, -25.360, 1524.5761, -25.489,  , 
1524.5974, -24.293, 1524.5974, -24.706, 1524.5974, -26.392, 1524.5974, -26.516, 1524.5974, -25.252, 1524.5974, -25.432,  , 
1524.6187, -24.191, 1524.6187, -24.674, 1524.6187, -26.339, 1524.6187, -26.428, 1524.6187, -25.154, 1524.6187, -25.383,  , 
1524.6399, -24.105, 1524.6399, -24.647, 1524.6399, -26.285, 1524.6399, -26.339, 1524.6399, -25.060, 1524.6399, -25.336,  , 
1524.6612, -24.007, 1524.6612, -24.624, 1524.6612, -26.232, 1524.6612, -26.250, 1524.6612, -24.965, 1524.6612, -25.292,  , 
1524.6824, -23.898, 1524.6824, -24.598, 1524.6824, -26.177, 1524.6824, -26.154, 1524.6824, -24.869, 1524.6824, -25.247,  , 
1524.7037, -23.806, 1524.7037, -24.568, 1524.7037, -26.116, 1524.7037, -26.055, 1524.7037, -24.772, 1524.7037, -25.200,  , 
1524.7249, -23.711, 1524.7249, -24.543, 1524.7249, -26.055, 1524.7249, -25.957, 1524.7249, -24.675, 1524.7249, -25.153,  , 
1524.7462, -23.619, 1524.7462, -24.516, 1524.7462, -25.990, 1524.7462, -25.856, 1524.7462, -24.582, 1524.7462, -25.110,  , 
1524.7674, -23.532, 1524.7674, -24.493, 1524.7674, -25.929, 1524.7674, -25.762, 1524.7674, -24.498, 1524.7674, -25.076,  , 
1524.7887, -23.453, 1524.7887, -24.474, 1524.7887, -25.874, 1524.7887, -25.675, 1524.7887, -24.420, 1524.7887, -25.049,  , 
1524.8100, -23.376, 1524.8100, -24.463, 1524.8100, -25.820, 1524.8100, -25.586, 1524.8100, -24.348, 1524.8100, -25.026,  , 
1524.8312, -23.305, 1524.8312, -24.450, 1524.8312, -25.766, 1524.8312, -25.495, 1524.8312, -24.274, 1524.8312, -25.003,  , 
1524.8525, -23.229, 1524.8525, -24.438, 1524.8525, -25.711, 1524.8525, -25.398, 1524.8525, -24.197, 1524.8525, -24.977,  , 
1524.8737, -23.155, 1524.8737, -24.422, 1524.8737, -25.652, 1524.8737, -25.300, 1524.8737, -24.119, 1524.8737, -24.949,  , 
1524.8950, -23.082, 1524.8950, -24.402, 1524.8950, -25.591, 1524.8950, -25.199, 1524.8950, -24.055, 1524.8950, -24.920,  , 
1524.9162, -23.006, 1524.9162, -24.387, 1524.9162, -25.527, 1524.9162, -25.101, 1524.9162, -23.966, 1524.9162, -24.896,  , 
1524.9375, -22.937, 1524.9375, -24.369, 1524.9375, -25.461, 1524.9375, -25.004, 1524.9375, -23.896, 1524.9375, -24.872,  , 
1524.9587, -22.872, 1524.9587, -24.358, 1524.9587, -25.400, 1524.9587, -24.912, 1524.9587, -23.833, 1524.9587, -24.857,  , 
1524.9800, -22.816, 1524.9800, -24.352, 1524.9800, -25.345, 1524.9800, -24.826, 1524.9800, -23.776, 1524.9800, -24.847,  , 
1525.0013, -22.763, 1525.0013, -24.348, 1525.0013, -25.292, 1525.0013, -24.737, 1525.0013, -23.722, 1525.0013, -24.840,  , 
1525.0225, -22.714, 1525.0225, -24.345, 1525.0225, -25.238, 1525.0225, -24.649, 1525.0225, -23.669, 1525.0225, -24.836,  , 
1525.0438, -22.658, 1525.0438, -24.336, 1525.0438, -25.176, 1525.0438, -24.554, 1525.0438, -23.610, 1525.0438, -24.823,  , 
1525.0650, -22.602, 1525.0650, -24.327, 1525.0650, -25.115, 1525.0650, -24.460, 1525.0650, -23.550, 1525.0650, -24.810,  , 
1525.0863, -22.552, 1525.0863, -24.311, 1525.0863, -25.052, 1525.0863, -24.366, 1525.0863, -23.495, 1525.0863, -24.799,  , 
1525.1075, -22.501, 1525.1075, -24.304, 1525.1075, -24.988, 1525.1075, -24.272, 1525.1075, -23.442, 1525.1075, -24.791,  , 
1525.1288, -22.458, 1525.1288, -24.296, 1525.1288, -24.928, 1525.1288, -24.189, 1525.1288, -23.399, 1525.1288, -24.789,  , 
1525.1500, -22.420, 1525.1500, -24.294, 1525.1500, -24.872, 1525.1500, -24.112, 1525.1500, -23.359, 1525.1500, -24.793,  , 
1525.1713, -22.390, 1525.1713, -24.297, 1525.1713, -24.819, 1525.1713, -24.048, 1525.1713, -23.326, 1525.1713, -24.803,  , 
1525.1925, -22.366, 1525.1925, -24.306, 1525.1925, -24.771, 1525.1925, -23.966, 1525.1925, -23.299, 1525.1925, -24.819,  , 
1525.2138, -22.345, 1525.2138, -24.313, 1525.2138, -24.724, 1525.2138, -23.898, 1525.2138, -23.272, 1525.2138, -24.836,  , 
1525.2351, -22.323, 1525.2351, -24.317, 1525.2351, -24.671, 1525.2351, -23.822, 1525.2351, -23.243, 1525.2351, -24.847,  , 
1525.2563, -22.300, 1525.2563, -24.319, 1525.2563, -24.620, 1525.2563, -23.752, 1525.2563, -23.213, 1525.2563, -24.862,  , 
1525.2776, -22.280, 1525.2776, -24.320, 1525.2776, -24.562, 1525.2776, -23.683, 1525.2776, -23.189, 1525.2776, -24.876,  , 
1525.2988, -22.265, 1525.2988, -24.324, 1525.2988, -24.513, 1525.2988, -23.619, 1525.2988, -23.171, 1525.2988, -24.899,  , 
1525.3201, -22.262, 1525.3201, -24.338, 1525.3201, -24.465, 1525.3201, -23.566, 1525.3201, -23.161, 1525.3201, -24.929,  , 
1525.3413, -22.262, 1525.3413, -24.354, 1525.3413, -24.424, 1525.3413, -23.516, 1525.3413, -23.161, 1525.3413, -24.967,  , 
1525.3626, -22.270, 1525.3626, -24.374, 1525.3626, -24.392, 1525.3626, -23.478, 1525.3626, -23.170, 1525.3626, -25.016,  , 
1525.3838, -22.283, 1525.3838, -24.398, 1525.3838, -24.361, 1525.3838, -23.445, 1525.3838, -23.185, 1525.3838, -25.070,  , 
1525.4051, -22.293, 1525.4051, -24.420, 1525.4051, -24.326, 1525.4051, -23.410, 1525.4051, -23.202, 1525.4051, -25.129,  , 
1525.4264, -22.296, 1525.4264, -24.432, 1525.4264, -24.279, 1525.4264, -23.372, 1525.4264, -23.219, 1525.4264, -25.188,  , 
1525.4476, -22.293, 1525.4476, -24.433, 1525.4476, -24.229, 1525.4476, -23.330, 1525.4476, -23.232, 1525.4476, -25.243,  , 
1525.4689, -22.281, 1525.4689, -24.429, 1525.4689, -24.174, 1525.4689, -23.285, 1525.4689, -23.247, 1525.4689, -25.298,  , 
1525.4901, -22.257, 1525.4901, -24.411, 1525.4901, -24.107, 1525.4901, -23.231, 1525.4901, -23.259, 1525.4901, -25.356,  , 
1525.5114, -22.220, 1525.5114, -24.377, 1525.5114, -24.033, 1525.5114, -23.167, 1525.5114, -23.265, 1525.5114, -25.409,  , 
1525.5326, -22.170, 1525.5326, -24.327, 1525.5326, -23.927, 1525.5326, -23.093, 1525.5326, -23.264, 1525.5326, -25.456,  , 
1525.5539, -22.108, 1525.5539, -24.266, 1525.5539, -23.819, 1525.5539, -23.011, 1525.5539, -23.256, 1525.5539, -25.496,  , 
1525.5751, -22.045, 1525.5751, -24.189, 1525.5751, -23.695, 1525.5751, -22.915, 1525.5751, -23.233, 1525.5751, -25.529,  , 
1525.5964, -21.968, 1525.5964, -24.104, 1525.5964, -23.561, 1525.5964, -22.808, 1525.5964, -23.198, 1525.5964, -25.543,  , 
1525.6177, -21.889, 1525.6177, -24.013, 1525.6177, -23.417, 1525.6177, -22.688, 1525.6177, -23.146, 1525.6177, -25.544,  , 
1525.6389, -21.799, 1525.6389, -23.898, 1525.6389, -23.262, 1525.6389, -22.554, 1525.6389, -23.079, 1525.6389, -25.529,  , 
1525.6602, -21.707, 1525.6602, -23.781, 1525.6602, -23.099, 1525.6602, -22.412, 1525.6602, -23.000, 1525.6602, -25.501,  , 
1525.6814, -21.606, 1525.6814, -23.653, 1525.6814, -22.933, 1525.6814, -22.262, 1525.6814, -22.911, 1525.6814, -25.465,  , 
1525.7027, -21.506, 1525.7027, -23.527, 1525.7027, -22.753, 1525.7027, -22.111, 1525.7027, -22.814, 1525.7027, -25.420,  , 
1525.7239, -21.417, 1525.7239, -23.406, 1525.7239, -22.587, 1525.7239, -21.972, 1525.7239, -22.726, 1525.7239, -25.382,  , 
1525.7452, -21.339, 1525.7452, -23.295, 1525.7452, -22.434, 1525.7452, -21.841, 1525.7452, -22.643, 1525.7452, -25.349,  , 
1525.7664, -21.275, 1525.7664, -23.193, 1525.7664, -22.283, 1525.7664, -21.716, 1525.7664, -22.566, 1525.7664, -25.327,  , 
1525.7877, -21.222, 1525.7877, -23.102, 1525.7877, -22.154, 1525.7877, -21.604, 1525.7877, -22.499, 1525.7877, -25.313,  , 
1525.8090, -21.173, 1525.8090, -23.014, 1525.8090, -22.024, 1525.8090, -21.496, 1525.8090, -22.437, 1525.8090, -25.310,  , 
1525.8302, -21.124, 1525.8302, -22.926, 1525.8302, -21.905, 1525.8302, -21.393, 1525.8302, -22.377, 1525.8302, -25.311,  , 
1525.8515, -21.076, 1525.8515, -22.833, 1525.8515, -21.779, 1525.8515, -21.290, 1525.8515, -22.319, 1525.8515, -25.314,  , 
1525.8727, -21.022, 1525.8727, -22.736, 1525.8727, -21.644, 1525.8727, -21.181, 1525.8727, -22.262, 1525.8727, -25.320,  , 
1525.8940, -20.975, 1525.8940, -22.640, 1525.8940, -21.518, 1525.8940, -21.084, 1525.8940, -22.207, 1525.8940, -25.329,  , 
1525.9152, -20.937, 1525.9152, -22.547, 1525.9152, -21.398, 1525.9152, -20.990, 1525.9152, -22.165, 1525.9152, -25.355,  , 
1525.9365, -20.916, 1525.9365, -22.476, 1525.9365, -21.300, 1525.9365, -20.921, 1525.9365, -22.136, 1525.9365, -25.400,  , 
1525.9577, -20.907, 1525.9577, -22.411, 1525.9577, -21.213, 1525.9577, -20.858, 1525.9577, -22.120, 1525.9577, -25.457,  , 
1525.9790, -20.898, 1525.9790, -22.350, 1525.9790, -21.131, 1525.9790, -20.799, 1525.9790, -22.109, 1525.9790, -25.526,  , 
1526.0003, -20.894, 1526.0003, -22.289, 1526.0003, -21.050, 1526.0003, -20.738, 1526.0003, -22.097, 1526.0003, -25.595,  , 
1526.0215, -20.879, 1526.0215, -22.214, 1526.0215, -20.964, 1526.0215, -20.674, 1526.0215, -22.082, 1526.0215, -25.670,  , 
1526.0428, -20.864, 1526.0428, -22.142, 1526.0428, -20.876, 1526.0428, -20.612, 1526.0428, -22.064, 1526.0428, -25.742,  , 
1526.0640, -20.848, 1526.0640, -22.062, 1526.0640, -20.790, 1526.0640, -20.550, 1526.0640, -22.049, 1526.0640, -25.820,  , 
1526.0853, -20.842, 1526.0853, -21.987, 1526.0853, -20.704, 1526.0853, -20.495, 1526.0853, -22.039, 1526.0853, -25.912,  , 
1526.1065, -20.841, 1526.1065, -21.920, 1526.1065, -20.630, 1526.1065, -20.452, 1526.1065, -22.043, 1526.1065, -26.017,  , 
1526.1278, -20.849, 1526.1278, -21.861, 1526.1278, -20.570, 1526.1278, -20.420, 1526.1278, -22.054, 1526.1278, -26.136,  , 
1526.1490, -20.858, 1526.1490, -21.801, 1526.1490, -20.508, 1526.1490, -20.385, 1526.1490, -22.068, 1526.1490, -26.258,  , 
1526.1703, -20.863, 1526.1703, -21.736, 1526.1703, -20.444, 1526.1703, -20.349, 1526.1703, -22.076, 1526.1703, -26.390,  , 
1526.1915, -20.862, 1526.1915, -21.662, 1526.1915, -20.380, 1526.1915, -20.303, 1526.1915, -22.079, 1526.1915, -26.516,  , 
1526.2128, -20.856, 1526.2128, -21.585, 1526.2128, -20.311, 1526.2128, -20.255, 1526.2128, -22.079, 1526.2128, -26.644,  , 
1526.2341, -20.854, 1526.2341, -21.508, 1526.2341, -20.242, 1526.2341, -20.214, 1526.2341, -22.082, 1526.2341, -26.777,  , 
1526.2553, -20.854, 1526.2553, -21.433, 1526.2553, -20.180, 1526.2553, -20.181, 1526.2553, -22.089, 1526.2553, -26.918,  , 
1526.2766, -20.861, 1526.2766, -21.362, 1526.2766, -20.123, 1526.2766, -20.154, 1526.2766, -22.106, 1526.2766, -27.078,  , 
1526.2978, -20.873, 1526.2978, -21.294, 1526.2978, -20.074, 1526.2978, -20.139, 1526.2978, -22.132, 1526.2978, -27.248,  , 
1526.3191, -20.888, 1526.3191, -21.230, 1526.3191, -20.027, 1526.3191, -20.124, 1526.3191, -22.164, 1526.3191, -27.431,  , 
1526.3403, -20.898, 1526.3403, -21.165, 1526.3403, -19.982, 1526.3403, -20.104, 1526.3403, -22.187, 1526.3403, -27.608,  , 
1526.3616, -20.906, 1526.3616, -21.098, 1526.3616, -19.936, 1526.3616, -20.081, 1526.3616, -22.207, 1526.3616, -27.782,  , 
1526.3828, -20.909, 1526.3828, -21.018, 1526.3828, -19.887, 1526.3828, -20.058, 1526.3828, -22.226, 1526.3828, -27.961,  , 
1526.4041, -20.910, 1526.4041, -20.945, 1526.4041, -19.838, 1526.4041, -20.037, 1526.4041, -22.249, 1526.4041, -28.146,  , 
1526.4254, -20.917, 1526.4254, -20.873, 1526.4254, -19.794, 1526.4254, -20.022, 1526.4254, -22.272, 1526.4254, -28.330,  , 
1526.4466, -20.928, 1526.4466, -20.807, 1526.4466, -19.758, 1526.4466, -20.019, 1526.4466, -22.310, 1526.4466, -28.522,  , 
1526.4679, -20.948, 1526.4679, -20.750, 1526.4679, -19.730, 1526.4679, -20.022, 1526.4679, -22.354, 1526.4679, -28.730,  , 
1526.4891, -20.974, 1526.4891, -20.696, 1526.4891, -19.711, 1526.4891, -20.034, 1526.4891, -22.411, 1526.4891, -28.944,  , 
1526.5104, -21.000, 1526.5104, -20.646, 1526.5104, -19.695, 1526.5104, -20.047, 1526.5104, -22.472, 1526.5104, -29.164,  , 
1526.5316, -21.023, 1526.5316, -20.596, 1526.5316, -19.680, 1526.5316, -20.060, 1526.5316, -22.526, 1526.5316, -29.374,  , 
1526.5529, -21.043, 1526.5529, -20.544, 1526.5529, -19.666, 1526.5529, -20.075, 1526.5529, -22.580, 1526.5529, -29.577,  , 
1526.5741, -21.065, 1526.5741, -20.496, 1526.5741, -19.652, 1526.5741, -20.085, 1526.5741, -22.639, 1526.5741, -29.782,  , 
1526.5954, -21.090, 1526.5954, -20.448, 1526.5954, -19.643, 1526.5954, -20.105, 1526.5954, -22.702, 1526.5954, -29.982,  , 
1526.6167, -21.116, 1526.6167, -20.404, 1526.6167, -19.637, 1526.6167, -20.131, 1526.6167, -22.774, 1526.6167, -30.179,  , 
1526.6379, -21.154, 1526.6379, -20.372, 1526.6379, -19.643, 1526.6379, -20.168, 1526.6379, -22.858, 1526.6379, -30.377,  , 
1526.6592, -21.197, 1526.6592, -20.350, 1526.6592, -19.660, 1526.6592, -20.217, 1526.6592, -22.951, 1526.6592, -30.576,  , 
1526.6804, -21.252, 1526.6804, -20.341, 1526.6804, -19.689, 1526.6804, -20.278, 1526.6804, -23.059, 1526.6804, -30.777,  , 
1526.7017, -21.320, 1526.7017, -20.344, 1526.7017, -19.731, 1526.7017, -20.351, 1526.7017, -23.187, 1526.7017, -30.979,  , 
1526.7229, -21.386, 1526.7229, -20.350, 1526.7229, -19.781, 1526.7229, -20.426, 1526.7229, -23.317, 1526.7229, -31.173,  , 
1526.7442, -21.453, 1526.7442, -20.359, 1526.7442, -19.832, 1526.7442, -20.508, 1526.7442, -23.455, 1526.7442, -31.353,  , 
1526.7654, -21.508, 1526.7654, -20.362, 1526.7654, -19.878, 1526.7654, -20.586, 1526.7654, -23.595, 1526.7654, -31.509,  , 
1526.7867, -21.559, 1526.7867, -20.361, 1526.7867, -19.925, 1526.7867, -20.666, 1526.7867, -23.737, 1526.7867, -31.651,  , 
1526.8080, -21.605, 1526.8080, -20.358, 1526.8080, -19.966, 1526.8080, -20.744, 1526.8080, -23.890, 1526.8080, -31.781,  , 
1526.8292, -21.644, 1526.8292, -20.356, 1526.8292, -20.012, 1526.8292, -20.826, 1526.8292, -24.049, 1526.8292, -31.891,  , 
1526.8505, -21.681, 1526.8505, -20.352, 1526.8505, -20.062, 1526.8505, -20.914, 1526.8505, -24.230, 1526.8505, -31.998,  , 
1526.8717, -21.702, 1526.8717, -20.340, 1526.8717, -20.103, 1526.8717, -20.998, 1526.8717, -24.409, 1526.8717, -32.083,  , 
1526.8930, -21.710, 1526.8930, -20.313, 1526.8930, -20.132, 1526.8930, -21.070, 1526.8930, -24.583, 1526.8930, -32.145,  , 
1526.9142, -21.689, 1526.9142, -20.262, 1526.9142, -20.138, 1526.9142, -21.119, 1526.9142, -24.750, 1526.9142, -32.174,  , 
1526.9355, -21.643, 1526.9355, -20.188, 1526.9355, -20.121, 1526.9355, -21.145, 1526.9355, -24.892, 1526.9355, -32.167,  , 
1526.9567, -21.569, 1526.9567, -20.089, 1526.9567, -20.079, 1526.9567, -21.146, 1526.9567, -25.016, 1526.9567, -32.115,  , 
1526.9780, -21.472, 1526.9780, -19.967, 1526.9780, -20.012, 1526.9780, -21.118, 1526.9780, -25.111, 1526.9780, -32.025,  , 
1526.9992, -21.353, 1526.9992, -19.830, 1526.9992, -19.931, 1526.9992, -21.069, 1526.9992, -25.187, 1526.9992, -31.901,  , 
1527.0205, -21.229, 1527.0205, -19.681, 1527.0205, -19.834, 1527.0205, -21.007, 1527.0205, -25.246, 1527.0205, -31.747,  , 
1527.0418, -21.102, 1527.0418, -19.534, 1527.0418, -19.738, 1527.0418, -20.938, 1527.0418, -25.302, 1527.0418, -31.571,  , 
1527.0630, -20.982, 1527.0630, -19.388, 1527.0630, -19.642, 1527.0630, -20.869, 1527.0630, -25.356, 1527.0630, -31.378,  , 
1527.0843, -20.867, 1527.0843, -19.254, 1527.0843, -19.554, 1527.0843, -20.806, 1527.0843, -25.410, 1527.0843, -31.182,  , 
1527.1055, -20.761, 1527.1055, -19.129, 1527.1055, -19.475, 1527.1055, -20.748, 1527.1055, -25.470, 1527.1055, -30.980,  , 
1527.1268, -20.663, 1527.1268, -19.014, 1527.1268, -19.407, 1527.1268, -20.692, 1527.1268, -25.535, 1527.1268, -30.774,  , 
1527.1480, -20.563, 1527.1480, -18.902, 1527.1480, -19.340, 1527.1480, -20.643, 1527.1480, -25.605, 1527.1480, -30.564,  , 
1527.1693, -20.466, 1527.1693, -18.790, 1527.1693, -19.277, 1527.1693, -20.589, 1527.1693, -25.686, 1527.1693, -30.352,  , 
1527.1905, -20.366, 1527.1905, -18.681, 1527.1905, -19.217, 1527.1905, -20.545, 1527.1905, -25.771, 1527.1905, -30.136,  , 
1527.2118, -20.271, 1527.2118, -18.579, 1527.2118, -19.160, 1527.2118, -20.506, 1527.2118, -25.865, 1527.2118, -29.938,  , 
1527.2331, -20.184, 1527.2331, -18.488, 1527.2331, -19.115, 1527.2331, -20.479, 1527.2331, -25.984, 1527.2331, -29.748,  , 
1527.2543, -20.110, 1527.2543, -18.408, 1527.2543, -19.083, 1527.2543, -20.469, 1527.2543, -26.117, 1527.2543, -29.568,  , 
1527.2756, -20.049, 1527.2756, -18.347, 1527.2756, -19.070, 1527.2756, -20.471, 1527.2756, -26.267, 1527.2756, -29.408,  , 
1527.2968, -20.001, 1527.2968, -18.306, 1527.2968, -19.074, 1527.2968, -20.490, 1527.2968, -26.444, 1527.2968, -29.258,  , 
1527.3181, -19.957, 1527.3181, -18.270, 1527.3181, -19.083, 1527.3181, -20.515, 1527.3181, -26.624, 1527.3181, -29.126,  , 
1527.3393, -19.907, 1527.3393, -18.228, 1527.3393, -19.094, 1527.3393, -20.537, 1527.3393, -26.806, 1527.3393, -28.998,  , 
1527.3606, -19.849, 1527.3606, -18.184, 1527.3606, -19.097, 1527.3606, -20.556, 1527.3606, -26.990, 1527.3606, -28.868,  , 
1527.3818, -19.783, 1527.3818, -18.137, 1527.3818, -19.097, 1527.3818, -20.575, 1527.3818, -27.170, 1527.3818, -28.739,  , 
1527.4031, -19.723, 1527.4031, -18.091, 1527.4031, -19.101, 1527.4031, -20.601, 1527.4031, -27.363, 1527.4031, -28.623,  , 
1527.4244, -19.667, 1527.4244, -18.058, 1527.4244, -19.113, 1527.4244, -20.638, 1527.4244, -27.557, 1527.4244, -28.516,  , 
1527.4456, -19.622, 1527.4456, -18.032, 1527.4456, -19.132, 1527.4456, -20.681, 1527.4456, -27.764, 1527.4456, -28.425,  , 
1527.4669, -19.579, 1527.4669, -18.016, 1527.4669, -19.163, 1527.4669, -20.736, 1527.4669, -27.974, 1527.4669, -28.345,  , 
1527.4881, -19.536, 1527.4881, -18.002, 1527.4881, -19.193, 1527.4881, -20.787, 1527.4881, -28.185, 1527.4881, -28.269,  , 
1527.5094, -19.487, 1527.5094, -17.983, 1527.5094, -19.222, 1527.5094, -20.839, 1527.5094, -28.385, 1527.5094, -28.196,  , 
1527.5306, -19.427, 1527.5306, -17.959, 1527.5306, -19.246, 1527.5306, -20.885, 1527.5306, -28.571, 1527.5306, -28.120,  , 
1527.5519, -19.365, 1527.5519, -17.930, 1527.5519, -19.262, 1527.5519, -20.928, 1527.5519, -28.745, 1527.5519, -28.046,  , 
1527.5731, -19.303, 1527.5731, -17.904, 1527.5731, -19.283, 1527.5731, -20.981, 1527.5731, -28.914, 1527.5731, -27.977,  , 
1527.5944, -19.246, 1527.5944, -17.886, 1527.5944, -19.303, 1527.5944, -21.041, 1527.5944, -29.076, 1527.5944, -27.914,  , 
1527.6157, -19.192, 1527.6157, -17.873, 1527.6157, -19.332, 1527.6157, -21.110, 1527.6157, -29.237, 1527.6157, -27.865,  , 
1527.6369, -19.146, 1527.6369, -17.869, 1527.6369, -19.369, 1527.6369, -21.188, 1527.6369, -29.385, 1527.6369, -27.825,  , 
1527.6582, -19.100, 1527.6582, -17.866, 1527.6582, -19.407, 1527.6582, -21.268, 1527.6582, -29.516, 1527.6582, -27.788,  , 
1527.6794, -19.045, 1527.6794, -17.860, 1527.6794, -19.445, 1527.6794, -21.344, 1527.6794, -29.631, 1527.6794, -27.753,  , 
1527.7007, -18.989, 1527.7007, -17.851, 1527.7007, -19.481, 1527.7007, -21.420, 1527.7007, -29.717, 1527.7007, -27.712,  , 
1527.7219, -18.927, 1527.7219, -17.843, 1527.7219, -19.509, 1527.7219, -21.496, 1527.7219, -29.784, 1527.7219, -27.670,  , 
1527.7432, -18.865, 1527.7432, -17.831, 1527.7432, -19.543, 1527.7432, -21.577, 1527.7432, -29.829, 1527.7432, -27.625,  , 
1527.7644, -18.809, 1527.7644, -17.827, 1527.7644, -19.578, 1527.7644, -21.672, 1527.7644, -29.860, 1527.7644, -27.591,  , 
1527.7857, -18.762, 1527.7857, -17.837, 1527.7857, -19.624, 1527.7857, -21.781, 1527.7857, -29.882, 1527.7857, -27.571,  , 
1527.8070, -18.723, 1527.8070, -17.850, 1527.8070, -19.678, 1527.8070, -21.901, 1527.8070, -29.889, 1527.8070, -27.559,  , 
1527.8282, -18.685, 1527.8282, -17.871, 1527.8282, -19.735, 1527.8282, -22.023, 1527.8282, -29.885, 1527.8282, -27.549,  , 
1527.8495, -18.647, 1527.8495, -17.893, 1527.8495, -19.797, 1527.8495, -22.151, 1527.8495, -29.855, 1527.8495, -27.543,  , 
1527.8707, -18.608, 1527.8707, -17.914, 1527.8707, -19.858, 1527.8707, -22.279, 1527.8707, -29.805, 1527.8707, -27.525,  , 
1527.8920, -18.564, 1527.8920, -17.937, 1527.8920, -19.918, 1527.8920, -22.412, 1527.8920, -29.738, 1527.8920, -27.505,  , 
1527.9132, -18.523, 1527.9132, -17.960, 1527.9132, -19.982, 1527.9132, -22.548, 1527.9132, -29.651, 1527.9132, -27.484,  , 
1527.9345, -18.492, 1527.9345, -17.992, 1527.9345, -20.053, 1527.9345, -22.701, 1527.9345, -29.568, 1527.9345, -27.467,  , 
1527.9557, -18.472, 1527.9557, -18.036, 1527.9557, -20.132, 1527.9557, -22.867, 1527.9557, -29.487, 1527.9557, -27.461,  , 
1527.9770, -18.469, 1527.9770, -18.097, 1527.9770, -20.227, 1527.9770, -23.050, 1527.9770, -29.408, 1527.9770, -27.468,  , 
1527.9982, -18.470, 1527.9982, -18.165, 1527.9982, -20.333, 1527.9982, -23.249, 1527.9982, -29.333, 1527.9982, -27.478,  , 
1528.0195, -18.478, 1528.0195, -18.241, 1528.0195, -20.449, 1528.0195, -23.458, 1528.0195, -29.253, 1528.0195, -27.490,  , 
1528.0408, -18.496, 1528.0408, -18.322, 1528.0408, -20.568, 1528.0408, -23.673, 1528.0408, -29.178, 1528.0408, -27.497,  , 
1528.0620, -18.519, 1528.0620, -18.415, 1528.0620, -20.699, 1528.0620, -23.900, 1528.0620, -29.102, 1528.0620, -27.509,  , 
1528.0833, -18.552, 1528.0833, -18.516, 1528.0833, -20.840, 1528.0833, -24.141, 1528.0833, -29.035, 1528.0833, -27.519,  , 
1528.1045, -18.588, 1528.1045, -18.617, 1528.1045, -20.982, 1528.1045, -24.390, 1528.1045, -28.977, 1528.1045, -27.532,  , 
1528.1258, -18.631, 1528.1258, -18.729, 1528.1258, -21.136, 1528.1258, -24.652, 1528.1258, -28.930, 1528.1258, -27.548,  , 
1528.1470, -18.682, 1528.1470, -18.848, 1528.1470, -21.301, 1528.1470, -24.926, 1528.1470, -28.899, 1528.1470, -27.573,  , 
1528.1683, -18.737, 1528.1683, -18.973, 1528.1683, -21.477, 1528.1683, -25.220, 1528.1683, -28.881, 1528.1683, -27.603,  , 
1528.1895, -18.796, 1528.1895, -19.104, 1528.1895, -21.662, 1528.1895, -25.531, 1528.1895, -28.878, 1528.1895, -27.640,  , 
1528.2108, -18.846, 1528.2108, -19.231, 1528.2108, -21.843, 1528.2108, -25.834, 1528.2108, -28.877, 1528.2108, -27.671,  , 
1528.2321, -18.887, 1528.2321, -19.351, 1528.2321, -22.027, 1528.2321, -26.150, 1528.2321, -28.888, 1528.2321, -27.701,  , 
1528.2533, -18.908, 1528.2533, -19.449, 1528.2533, -22.190, 1528.2533, -26.442, 1528.2533, -28.895, 1528.2533, -27.720,  , 
1528.2746, -18.898, 1528.2746, -19.521, 1528.2746, -22.333, 1528.2746, -26.720, 1528.2746, -28.890, 1528.2746, -27.723,  , 
1528.2958, -18.856, 1528.2958, -19.564, 1528.2958, -22.455, 1528.2958, -26.981, 1528.2958, -28.872, 1528.2958, -27.696,  , 
1528.3171, -18.788, 1528.3171, -19.580, 1528.3171, -22.549, 1528.3171, -27.201, 1528.3171, -28.834, 1528.3171, -27.643,  , 
1528.3383, -18.697, 1528.3383, -19.567, 1528.3383, -22.615, 1528.3383, -27.405, 1528.3383, -28.778, 1528.3383, -27.564,  , 
1528.3596, -18.590, 1528.3596, -19.533, 1528.3596, -22.669, 1528.3596, -27.585, 1528.3596, -28.698, 1528.3596, -27.456,  , 
1528.3808, -18.475, 1528.3808, -19.489, 1528.3808, -22.705, 1528.3808, -27.736, 1528.3808, -28.606, 1528.3808, -27.321,  , 
1528.4021, -18.356, 1528.4021, -19.443, 1528.4021, -22.742, 1528.4021, -27.879, 1528.4021, -28.499, 1528.4021, -27.168,  , 
1528.4234, -18.247, 1528.4234, -19.398, 1528.4234, -22.781, 1528.4234, -28.017, 1528.4234, -28.383, 1528.4234, -26.997,  , 
1528.4446, -18.132, 1528.4446, -19.349, 1528.4446, -22.820, 1528.4446, -28.143, 1528.4446, -28.260, 1528.4446, -26.806,  , 
1528.4659, -18.014, 1528.4659, -19.296, 1528.4659, -22.856, 1528.4659, -28.258, 1528.4659, -28.121, 1528.4659, -26.599,  , 
1528.4871, -17.895, 1528.4871, -19.243, 1528.4871, -22.898, 1528.4871, -28.360, 1528.4871, -27.981, 1528.4871, -26.376,  , 
1528.5084, -17.783, 1528.5084, -19.195, 1528.5084, -22.942, 1528.5084, -28.459, 1528.5084, -27.839, 1528.5084, -26.150,  , 
1528.5296, -17.684, 1528.5296, -19.154, 1528.5296, -23.003, 1528.5296, -28.559, 1528.5296, -27.712, 1528.5296, -25.934,  , 
1528.5509, -17.598, 1528.5509, -19.130, 1528.5509, -23.076, 1528.5509, -28.659, 1528.5509, -27.596, 1528.5509, -25.721,  , 
1528.5721, -17.523, 1528.5721, -19.113, 1528.5721, -23.171, 1528.5721, -28.768, 1528.5721, -27.496, 1528.5721, -25.522,  , 
1528.5934, -17.462, 1528.5934, -19.109, 1528.5934, -23.275, 1528.5934, -28.874, 1528.5934, -27.412, 1528.5934, -25.333,  , 
1528.6147, -17.412, 1528.6147, -19.117, 1528.6147, -23.406, 1528.6147, -28.973, 1528.6147, -27.336, 1528.6147, -25.155,  , 
1528.6359, -17.369, 1528.6359, -19.135, 1528.6359, -23.546, 1528.6359, -29.068, 1528.6359, -27.278, 1528.6359, -24.980,  , 
1528.6572, -17.336, 1528.6572, -19.159, 1528.6572, -23.699, 1528.6572, -29.145, 1528.6572, -27.221, 1528.6572, -24.814,  , 
1528.6784, -17.300, 1528.6784, -19.186, 1528.6784, -23.864, 1528.6784, -29.213, 1528.6784, -27.169, 1528.6784, -24.650,  , 
1528.6997, -17.272, 1528.6997, -19.214, 1528.6997, -24.027, 1528.6997, -29.262, 1528.6997, -27.126, 1528.6997, -24.493,  , 
1528.7209, -17.241, 1528.7209, -19.240, 1528.7209, -24.198, 1528.7209, -29.290, 1528.7209, -27.085, 1528.7209, -24.341,  , 
1528.7422, -17.211, 1528.7422, -19.270, 1528.7422, -24.374, 1528.7422, -29.305, 1528.7422, -27.046, 1528.7422, -24.194,  , 
1528.7634, -17.192, 1528.7634, -19.307, 1528.7634, -24.559, 1528.7634, -29.308, 1528.7634, -27.021, 1528.7634, -24.067,  , 
1528.7847, -17.185, 1528.7847, -19.355, 1528.7847, -24.763, 1528.7847, -29.298, 1528.7847, -27.000, 1528.7847, -23.925,  , 
1528.8060, -17.182, 1528.8060, -19.415, 1528.8060, -24.981, 1528.8060, -29.275, 1528.8060, -26.984, 1528.8060, -23.801,  , 
1528.8272, -17.176, 1528.8272, -19.473, 1528.8272, -25.197, 1528.8272, -29.231, 1528.8272, -26.963, 1528.8272, -23.675,  , 
1528.8485, -17.168, 1528.8485, -19.525, 1528.8485, -25.418, 1528.8485, -29.167, 1528.8485, -26.935, 1528.8485, -23.550,  , 
1528.8697, -17.151, 1528.8697, -19.575, 1528.8697, -25.627, 1528.8697, -29.084, 1528.8697, -26.901, 1528.8697, -23.424,  , 
1528.8910, -17.139, 1528.8910, -19.625, 1528.8910, -25.849, 1528.8910, -28.989, 1528.8910, -26.865, 1528.8910, -23.300,  , 
1528.9122, -17.128, 1528.9122, -19.678, 1528.9122, -26.062, 1528.9122, -28.886, 1528.9122, -26.831, 1528.9122, -23.183,  , 
1528.9335, -17.122, 1528.9335, -19.735, 1528.9335, -26.277, 1528.9335, -28.782, 1528.9335, -26.797, 1528.9335, -23.068,  , 
1528.9547, -17.120, 1528.9547, -19.801, 1528.9547, -26.505, 1528.9547, -28.667, 1528.9547, -26.757, 1528.9547, -22.961,  , 
1528.9760, -17.125, 1528.9760, -19.872, 1528.9760, -26.728, 1528.9760, -28.557, 1528.9760, -26.721, 1528.9760, -22.856,  , 
1528.9972, -17.131, 1528.9972, -19.948, 1528.9972, -26.956, 1528.9972, -28.436, 1528.9972, -26.676, 1528.9972, -22.754,  , 
1529.0185, -17.134, 1529.0185, -20.021, 1529.0185, -27.173, 1529.0185, -28.308, 1529.0185, -26.622, 1529.0185, -22.648,  , 
1529.0398, -17.131, 1529.0398, -20.093, 1529.0398, -27.379, 1529.0398, -28.178, 1529.0398, -26.560, 1529.0398, -22.544,  , 
1529.0610, -17.127, 1529.0610, -20.162, 1529.0610, -27.566, 1529.0610, -28.045, 1529.0610, -26.490, 1529.0610, -22.440,  , 
1529.0823, -17.130, 1529.0823, -20.237, 1529.0823, -27.753, 1529.0823, -27.921, 1529.0823, -26.414, 1529.0823, -22.341,  , 
1529.1035, -17.138, 1529.1035, -20.324, 1529.1035, -27.937, 1529.1035, -27.804, 1529.1035, -26.346, 1529.1035, -22.247,  , 
1529.1248, -17.160, 1529.1248, -20.415, 1529.1248, -28.106, 1529.1248, -27.702, 1529.1248, -26.280, 1529.1248, -22.168,  , 
1529.1460, -17.187, 1529.1460, -20.521, 1529.1460, -28.276, 1529.1460, -27.607, 1529.1460, -26.217, 1529.1460, -22.096,  , 
1529.1673, -17.219, 1529.1673, -20.634, 1529.1673, -28.432, 1529.1673, -27.517, 1529.1673, -26.148, 1529.1673, -22.028,  , 
1529.1885, -17.251, 1529.1885, -20.751, 1529.1885, -28.574, 1529.1885, -27.428, 1529.1885, -26.073, 1529.1885, -21.964,  , 
1529.2098, -17.279, 1529.2098, -20.867, 1529.2098, -28.698, 1529.2098, -27.336, 1529.2098, -25.990, 1529.2098, -21.894,  , 
1529.2311, -17.309, 1529.2311, -20.984, 1529.2311, -28.794, 1529.2311, -27.251, 1529.2311, -25.896, 1529.2311, -21.825,  , 
1529.2523, -17.341, 1529.2523, -21.105, 1529.2523, -28.872, 1529.2523, -27.169, 1529.2523, -25.805, 1529.2523, -21.757,  , 
1529.2736, -17.382, 1529.2736, -21.237, 1529.2736, -28.937, 1529.2736, -27.103, 1529.2736, -25.710, 1529.2736, -21.697,  , 
1529.2948, -17.434, 1529.2948, -21.384, 1529.2948, -28.994, 1529.2948, -27.048, 1529.2948, -25.628, 1529.2948, -21.652,  , 
1529.3161, -17.495, 1529.3161, -21.544, 1529.3161, -29.041, 1529.3161, -27.010, 1529.3161, -25.551, 1529.3161, -21.617,  , 
1529.3373, -17.571, 1529.3373, -21.719, 1529.3373, -29.082, 1529.3373, -26.987, 1529.3373, -25.481, 1529.3373, -21.592,  , 
1529.3586, -17.652, 1529.3586, -21.901, 1529.3586, -29.108, 1529.3586, -26.971, 1529.3586, -25.410, 1529.3586, -21.575,  , 
1529.3798, -17.738, 1529.3798, -22.100, 1529.3798, -29.121, 1529.3798, -26.961, 1529.3798, -25.334, 1529.3798, -21.561,  , 
1529.4011, -17.827, 1529.4011, -22.303, 1529.4011, -29.124, 1529.4011, -26.956, 1529.4011, -25.258, 1529.4011, -21.549,  , 
1529.4224, -17.921, 1529.4224, -22.514, 1529.4224, -29.114, 1529.4224, -26.962, 1529.4224, -25.182, 1529.4224, -21.538,  , 
1529.4436, -18.031, 1529.4436, -22.748, 1529.4436, -29.102, 1529.4436, -26.985, 1529.4436, -25.113, 1529.4436, -21.542,  , 
1529.4649, -18.149, 1529.4649, -22.992, 1529.4649, -29.089, 1529.4649, -27.023, 1529.4649, -25.056, 1529.4649, -21.557,  , 
1529.4861, -18.285, 1529.4861, -23.264, 1529.4861, -29.086, 1529.4861, -27.082, 1529.4861, -25.016, 1529.4861, -21.592,  , 
1529.5074, -18.433, 1529.5074, -23.548, 1529.5074, -29.082, 1529.5074, -27.161, 1529.5074, -24.984, 1529.5074, -21.645,  , 
1529.5286, -18.587, 1529.5286, -23.840, 1529.5286, -29.087, 1529.5286, -27.253, 1529.5286, -24.968, 1529.5286, -21.708,  , 
1529.5499, -18.741, 1529.5499, -24.138, 1529.5499, -29.087, 1529.5499, -27.346, 1529.5499, -24.950, 1529.5499, -21.778,  , 
1529.5711, -18.894, 1529.5711, -24.451, 1529.5711, -29.085, 1529.5711, -27.445, 1529.5711, -24.934, 1529.5711, -21.853,  , 
1529.5924, -19.046, 1529.5924, -24.756, 1529.5924, -29.082, 1529.5924, -27.552, 1529.5924, -24.925, 1529.5924, -21.938,  , 
1529.6137, -19.184, 1529.6137, -25.058, 1529.6137, -29.071, 1529.6137, -27.656, 1529.6137, -24.918, 1529.6137, -22.024,  , 
1529.6349, -19.309, 1529.6349, -25.360, 1529.6349, -29.048, 1529.6349, -27.757, 1529.6349, -24.910, 1529.6349, -22.120,  , 
1529.6562, -19.399, 1529.6562, -25.626, 1529.6562, -28.999, 1529.6562, -27.828, 1529.6562, -24.888, 1529.6562, -22.200,  , 
1529.6774, -19.462, 1529.6774, -25.874, 1529.6774, -28.926, 1529.6774, -27.882, 1529.6774, -24.850, 1529.6774, -22.270,  , 
1529.6987, -19.501, 1529.6987, -26.094, 1529.6987, -28.833, 1529.6987, -27.912, 1529.6987, -24.793, 1529.6987, -22.324,  , 
1529.7199, -19.517, 1529.7199, -26.302, 1529.7199, -28.722, 1529.7199, -27.920, 1529.7199, -24.719, 1529.7199, -22.360,  , 
1529.7412, -19.515, 1529.7412, -26.491, 1529.7412, -28.594, 1529.7412, -27.901, 1529.7412, -24.617, 1529.7412, -22.370,  , 
1529.7624, -19.497, 1529.7624, -26.655, 1529.7624, -28.446, 1529.7624, -27.855, 1529.7624, -24.495, 1529.7624, -22.360,  , 
1529.7837, -19.472, 1529.7837, -26.821, 1529.7837, -28.296, 1529.7837, -27.794, 1529.7837, -24.356, 1529.7837, -22.327,  , 
1529.8050, -19.442, 1529.8050, -26.974, 1529.8050, -28.142, 1529.8050, -27.720, 1529.8050, -24.202, 1529.8050, -22.279,  , 
1529.8262, -19.408, 1529.8262, -27.115, 1529.8262, -27.986, 1529.8262, -27.630, 1529.8262, -24.047, 1529.8262, -22.218,  , 
1529.8475, -19.369, 1529.8475, -27.256, 1529.8475, -27.831, 1529.8475, -27.529, 1529.8475, -23.855, 1529.8475, -22.137,  , 
1529.8687, -19.335, 1529.8687, -27.392, 1529.8687, -27.674, 1529.8687, -27.424, 1529.8687, -23.676, 1529.8687, -22.054,  , 
1529.8900, -19.313, 1529.8900, -27.546, 1529.8900, -27.532, 1529.8900, -27.325, 1529.8900, -23.495, 1529.8900, -21.974,  , 
1529.9112, -19.305, 1529.9112, -27.704, 1529.9112, -27.404, 1529.9112, -27.234, 1529.9112, -23.331, 1529.9112, -21.903,  , 
1529.9325, -19.309, 1529.9325, -27.854, 1529.9325, -27.301, 1529.9325, -27.147, 1529.9325, -23.175, 1529.9325, -21.847,  , 
1529.9537, -19.323, 1529.9537, -28.017, 1529.9537, -27.210, 1529.9537, -27.068, 1529.9537, -23.037, 1529.9537, -21.803,  , 
1529.9750, -19.346, 1529.9750, -28.182, 1529.9750, -27.132, 1529.9750, -26.990, 1529.9750, -22.902, 1529.9750, -21.767,  , 
1529.9962, -19.371, 1529.9962, -28.333, 1529.9962, -27.063, 1529.9962, -26.911, 1529.9962, -22.777, 1529.9962, -21.740,  , 
1530.0175, -19.399, 1530.0175, -28.483, 1530.0175, -26.999, 1530.0175, -26.827, 1530.0175, -22.653, 1530.0175, -21.716,  , 
1530.0388, -19.431, 1530.0388, -28.611, 1530.0388, -26.938, 1530.0388, -26.741, 1530.0388, -22.533, 1530.0388, -21.700,  , 
1530.0600, -19.472, 1530.0600, -28.737, 1530.0600, -26.894, 1530.0600, -26.665, 1530.0600, -22.429, 1530.0600, -21.697,  , 
1530.0813, -19.521, 1530.0813, -28.853, 1530.0813, -26.858, 1530.0813, -26.589, 1530.0813, -22.334, 1530.0813, -21.707,  , 
1530.1025, -19.574, 1530.1025, -28.955, 1530.1025, -26.831, 1530.1025, -26.515, 1530.1025, -22.250, 1530.1025, -21.731,  , 
1530.1238, -19.630, 1530.1238, -29.040, 1530.1238, -26.807, 1530.1238, -26.432, 1530.1238, -22.166, 1530.1238, -21.759,  , 
1530.1450, -19.687, 1530.1450, -29.106, 1530.1450, -26.792, 1530.1450, -26.346, 1530.1450, -22.086, 1530.1450, -21.788,  , 
1530.1663, -19.748, 1530.1663, -29.150, 1530.1663, -26.778, 1530.1663, -26.250, 1530.1663, -22.007, 1530.1663, -21.819,  , 
1530.1875, -19.809, 1530.1875, -29.177, 1530.1875, -26.767, 1530.1875, -26.157, 1530.1875, -21.933, 1530.1875, -21.856,  , 
1530.2088, -19.871, 1530.2088, -29.183, 1530.2088, -26.754, 1530.2088, -26.055, 1530.2088, -21.858, 1530.2088, -21.895,  , 
1530.2301, -19.934, 1530.2301, -29.167, 1530.2301, -26.740, 1530.2301, -25.944, 1530.2301, -21.784, 1530.2301, -21.940,  , 
1530.2513, -20.001, 1530.2513, -29.134, 1530.2513, -26.724, 1530.2513, -25.835, 1530.2513, -21.719, 1530.2513, -21.988,  , 
1530.2726, -20.072, 1530.2726, -29.085, 1530.2726, -26.714, 1530.2726, -25.722, 1530.2726, -21.653, 1530.2726, -22.048,  , 
1530.2938, -20.145, 1530.2938, -29.023, 1530.2938, -26.706, 1530.2938, -25.608, 1530.2938, -21.594, 1530.2938, -22.110,  , 
1530.3151, -20.224, 1530.3151, -28.952, 1530.3151, -26.697, 1530.3151, -25.487, 1530.3151, -21.534, 1530.3151, -22.175,  , 
1530.3363, -20.307, 1530.3363, -28.866, 1530.3363, -26.689, 1530.3363, -25.361, 1530.3363, -21.474, 1530.3363, -22.242,  , 
1530.3576, -20.391, 1530.3576, -28.771, 1530.3576, -26.681, 1530.3576, -25.231, 1530.3576, -21.415, 1530.3576, -22.309,  , 
1530.3788, -20.479, 1530.3788, -28.670, 1530.3788, -26.668, 1530.3788, -25.106, 1530.3788, -21.360, 1530.3788, -22.383,  , 
1530.4001, -20.572, 1530.4001, -28.553, 1530.4001, -26.653, 1530.4001, -24.972, 1530.4001, -21.308, 1530.4001, -22.460,  , 
1530.4214, -20.666, 1530.4214, -28.443, 1530.4214, -26.634, 1530.4214, -24.843, 1530.4214, -21.263, 1530.4214, -22.543,  , 
1530.4426, -20.772, 1530.4426, -28.329, 1530.4426, -26.616, 1530.4426, -24.722, 1530.4426, -21.224, 1530.4426, -22.636,  , 
1530.4639, -20.889, 1530.4639, -28.218, 1530.4639, -26.602, 1530.4639, -24.602, 1530.4639, -21.195, 1530.4639, -22.739,  , 
1530.4851, -21.017, 1530.4851, -28.118, 1530.4851, -26.590, 1530.4851, -24.488, 1530.4851, -21.174, 1530.4851, -22.845,  , 
1530.5064, -21.148, 1530.5064, -28.019, 1530.5064, -26.580, 1530.5064, -24.378, 1530.5064, -21.152, 1530.5064, -22.962,  , 
1530.5276, -21.279, 1530.5276, -27.922, 1530.5276, -26.559, 1530.5276, -24.269, 1530.5276, -21.132, 1530.5276, -23.071,  , 
1530.5489, -21.418, 1530.5489, -27.819, 1530.5489, -26.529, 1530.5489, -24.145, 1530.5489, -21.111, 1530.5489, -23.190,  , 
1530.5701, -21.556, 1530.5701, -27.717, 1530.5701, -26.491, 1530.5701, -24.037, 1530.5701, -21.088, 1530.5701, -23.305,  , 
1530.5914, -21.695, 1530.5914, -27.625, 1530.5914, -26.451, 1530.5914, -23.917, 1530.5914, -21.074, 1530.5914, -23.424,  , 
1530.6127, -21.855, 1530.6127, -27.542, 1530.6127, -26.412, 1530.6127, -23.815, 1530.6127, -21.069, 1530.6127, -23.557,  , 
1530.6339, -22.027, 1530.6339, -27.477, 1530.6339, -26.379, 1530.6339, -23.729, 1530.6339, -21.076, 1530.6339, -23.701,  , 
1530.6552, -22.218, 1530.6552, -27.428, 1530.6552, -26.352, 1530.6552, -23.654, 1530.6552, -21.101, 1530.6552, -23.866,  , 
1530.6764, -22.422, 1530.6764, -27.393, 1530.6764, -26.327, 1530.6764, -23.588, 1530.6764, -21.133, 1530.6764, -24.036,  , 
1530.6977, -22.631, 1530.6977, -27.364, 1530.6977, -26.300, 1530.6977, -23.524, 1530.6977, -21.170, 1530.6977, -24.213,  , 
1530.7189, -22.847, 1530.7189, -27.342, 1530.7189, -26.269, 1530.7189, -23.461, 1530.7189, -21.210, 1530.7189, -24.394,  , 
1530.7402, -23.069, 1530.7402, -27.321, 1530.7402, -26.229, 1530.7402, -23.402, 1530.7402, -21.248, 1530.7402, -24.577,  , 
1530.7614, -23.298, 1530.7614, -27.312, 1530.7614, -26.188, 1530.7614, -23.346, 1530.7614, -21.293, 1530.7614, -24.757,  , 
1530.7827, -23.538, 1530.7827, -27.314, 1530.7827, -26.149, 1530.7827, -23.301, 1530.7827, -21.348, 1530.7827, -24.949,  , 
1530.8040, -23.798, 1530.8040, -27.332, 1530.8040, -26.120, 1530.8040, -23.275, 1530.8040, -21.417, 1530.8040, -25.157,  , 
1530.8252, -24.074, 1530.8252, -27.376, 1530.8252, -26.103, 1530.8252, -23.264, 1530.8252, -21.507, 1530.8252, -25.388,  , 
1530.8465, -24.380, 1530.8465, -27.435, 1530.8465, -26.095, 1530.8465, -23.266, 1530.8465, -21.613, 1530.8465, -25.638,  , 
1530.8677, -24.685, 1530.8677, -27.503, 1530.8677, -26.093, 1530.8677, -23.280, 1530.8677, -21.731, 1530.8677, -25.890,  , 
1530.8890, -25.010, 1530.8890, -27.584, 1530.8890, -26.090, 1530.8890, -23.298, 1530.8890, -21.851, 1530.8890, -26.153,  , 
1530.9102, -25.356, 1530.9102, -27.672, 1530.9102, -26.090, 1530.9102, -23.321, 1530.9102, -21.983, 1530.9102, -26.427,  , 
1530.9315, -25.682, 1530.9315, -27.763, 1530.9315, -26.091, 1530.9315, -23.353, 1530.9315, -22.117, 1530.9315, -26.701,  , 
1530.9527, -26.021, 1530.9527, -27.859, 1530.9527, -26.087, 1530.9527, -23.387, 1530.9527, -22.265, 1530.9527, -26.987,  , 
1530.9740, -26.351, 1530.9740, -27.954, 1530.9740, -26.079, 1530.9740, -23.422, 1530.9740, -22.412, 1530.9740, -27.278,  , 
1530.9952, -26.679, 1530.9952, -28.046, 1530.9952, -26.066, 1530.9952, -23.458, 1530.9952, -22.572, 1530.9952, -27.580,  , 
1531.0165, -26.998, 1531.0165, -28.132, 1531.0165, -26.044, 1531.0165, -23.491, 1531.0165, -22.732, 1531.0165, -27.883,  , 
1531.0378, -27.307, 1531.0378, -28.205, 1531.0378, -26.010, 1531.0378, -23.518, 1531.0378, -22.887, 1531.0378, -28.196,  , 
1531.0590, -27.590, 1531.0590, -28.260, 1531.0590, -25.957, 1531.0590, -23.526, 1531.0590, -23.040, 1531.0590, -28.497,  , 
1531.0803, -27.850, 1531.0803, -28.294, 1531.0803, -25.884, 1531.0803, -23.519, 1531.0803, -23.173, 1531.0803, -28.790,  , 
1531.1015, -28.109, 1531.1015, -28.309, 1531.1015, -25.789, 1531.1015, -23.495, 1531.1015, -23.302, 1531.1015, -29.070,  , 
1531.1228, -28.344, 1531.1228, -28.308, 1531.1228, -25.675, 1531.1228, -23.450, 1531.1228, -23.412, 1531.1228, -29.327,  , 
1531.1440, -28.565, 1531.1440, -28.285, 1531.1440, -25.537, 1531.1440, -23.388, 1531.1440, -23.503, 1531.1440, -29.576,  , 
1531.1653, -28.762, 1531.1653, -28.239, 1531.1653, -25.380, 1531.1653, -23.300, 1531.1653, -23.570, 1531.1653, -29.795,  , 
1531.1865, -28.943, 1531.1865, -28.184, 1531.1865, -25.212, 1531.1865, -23.198, 1531.1865, -23.618, 1531.1865, -29.989,  , 
1531.2078, -29.105, 1531.2078, -28.116, 1531.2078, -25.034, 1531.2078, -23.086, 1531.2078, -23.647, 1531.2078, -30.165,  , 
1531.2291, -29.268, 1531.2291, -28.041, 1531.2291, -24.850, 1531.2291, -22.967, 1531.2291, -23.668, 1531.2291, -30.329,  , 
1531.2503, -29.428, 1531.2503, -27.977, 1531.2503, -24.677, 1531.2503, -22.852, 1531.2503, -23.688, 1531.2503, -30.488,  , 
1531.2716, -29.587, 1531.2716, -27.922, 1531.2716, -24.519, 1531.2716, -22.751, 1531.2716, -23.715, 1531.2716, -30.654,  , 
1531.2928, -29.751, 1531.2928, -27.879, 1531.2928, -24.377, 1531.2928, -22.664, 1531.2928, -23.757, 1531.2928, -30.833,  , 
1531.3141, -29.909, 1531.3141, -27.838, 1531.3141, -24.240, 1531.3141, -22.584, 1531.3141, -23.808, 1531.3141, -31.022,  , 
1531.3353, -30.047, 1531.3353, -27.791, 1531.3353, -24.109, 1531.3353, -22.506, 1531.3353, -23.862, 1531.3353, -31.215,  , 
1531.3566, -30.164, 1531.3566, -27.741, 1531.3566, -23.980, 1531.3566, -22.424, 1531.3566, -23.918, 1531.3566, -31.412,  , 
1531.3778, -30.261, 1531.3778, -27.689, 1531.3778, -23.847, 1531.3778, -22.356, 1531.3778, -23.979, 1531.3778, -31.608,  , 
1531.3991, -30.344, 1531.3991, -27.637, 1531.3991, -23.730, 1531.3991, -22.295, 1531.3991, -24.046, 1531.3991, -31.814,  , 
1531.4204, -30.418, 1531.4204, -27.590, 1531.4204, -23.623, 1531.4204, -22.239, 1531.4204, -24.130, 1531.4204, -32.036,  , 
1531.4416, -30.474, 1531.4416, -27.542, 1531.4416, -23.526, 1531.4416, -22.197, 1531.4416, -24.222, 1531.4416, -32.270,  , 
1531.4629, -30.514, 1531.4629, -27.492, 1531.4629, -23.438, 1531.4629, -22.156, 1531.4629, -24.321, 1531.4629, -32.521,  , 
1531.4841, -30.539, 1531.4841, -27.445, 1531.4841, -23.354, 1531.4841, -22.126, 1531.4841, -24.435, 1531.4841, -32.778,  , 
1531.5054, -30.538, 1531.5054, -27.386, 1531.5054, -23.272, 1531.5054, -22.093, 1531.5054, -24.544, 1531.5054, -33.040,  , 
1531.5266, -30.518, 1531.5266, -27.322, 1531.5266, -23.194, 1531.5266, -22.063, 1531.5266, -24.660, 1531.5266, -33.312,  , 
1531.5479, -30.483, 1531.5479, -27.253, 1531.5479, -23.112, 1531.5479, -22.038, 1531.5479, -24.777, 1531.5479, -33.580,  , 
1531.5691, -30.429, 1531.5691, -27.179, 1531.5691, -23.040, 1531.5691, -22.016, 1531.5691, -24.895, 1531.5691, -33.862,  , 
1531.5904, -30.374, 1531.5904, -27.103, 1531.5904, -22.977, 1531.5904, -22.006, 1531.5904, -25.033, 1531.5904, -34.155,  , 
1531.6117, -30.301, 1531.6117, -27.024, 1531.6117, -22.907, 1531.6117, -21.997, 1531.6117, -25.168, 1531.6117, -34.461,  , 
1531.6329, -30.221, 1531.6329, -26.943, 1531.6329, -22.848, 1531.6329, -21.994, 1531.6329, -25.312, 1531.6329, -34.775,  , 
1531.6542, -30.132, 1531.6542, -26.853, 1531.6542, -22.788, 1531.6542, -21.986, 1531.6542, -25.453, 1531.6542, -35.082,  , 
1531.6754, -30.027, 1531.6754, -26.757, 1531.6754, -22.728, 1531.6754, -21.979, 1531.6754, -25.593, 1531.6754, -35.403,  , 
1531.6967, -29.921, 1531.6967, -26.655, 1531.6967, -22.668, 1531.6967, -21.973, 1531.6967, -25.736, 1531.6967, -35.728,  , 
1531.7179, -29.807, 1531.7179, -26.550, 1531.7179, -22.609, 1531.7179, -21.970, 1531.7179, -25.885, 1531.7179, -36.063,  , 
1531.7392, -29.701, 1531.7392, -26.449, 1531.7392, -22.562, 1531.7392, -21.980, 1531.7392, -26.034, 1531.7392, -36.407,  , 
1531.7604, -29.592, 1531.7604, -26.345, 1531.7604, -22.519, 1531.7604, -21.999, 1531.7604, -26.208, 1531.7604, -36.784,  , 
1531.7817, -29.492, 1531.7817, -26.244, 1531.7817, -22.482, 1531.7817, -22.025, 1531.7817, -26.389, 1531.7817, -37.165,  , 
1531.8030, -29.398, 1531.8030, -26.149, 1531.8030, -22.453, 1531.8030, -22.056, 1531.8030, -26.564, 1531.8030, -37.563,  , 
1531.8242, -29.304, 1531.8242, -26.052, 1531.8242, -22.424, 1531.8242, -22.090, 1531.8242, -26.747, 1531.8242, -37.937,  , 
1531.8455, -29.211, 1531.8455, -25.949, 1531.8455, -22.397, 1531.8455, -22.126, 1531.8455, -26.935, 1531.8455, -38.336,  , 
1531.8667, -29.122, 1531.8667, -25.850, 1531.8667, -22.375, 1531.8667, -22.163, 1531.8667, -27.115, 1531.8667, -38.761,  , 
1531.8880, -29.039, 1531.8880, -25.747, 1531.8880, -22.352, 1531.8880, -22.200, 1531.8880, -27.304, 1531.8880, -39.171,  , 
1531.9092, -28.958, 1531.9092, -25.647, 1531.9092, -22.334, 1531.9092, -22.250, 1531.9092, -27.507, 1531.9092, -39.607,  , 
1531.9305, -28.889, 1531.9305, -25.552, 1531.9305, -22.323, 1531.9305, -22.303, 1531.9305, -27.715, 1531.9305, -40.038,  , 
1531.9517, -28.831, 1531.9517, -25.461, 1531.9517, -22.316, 1531.9517, -22.370, 1531.9517, -27.918, 1531.9517, -40.505,  , 
1531.9730, -28.786, 1531.9730, -25.383, 1531.9730, -22.321, 1531.9730, -22.447, 1531.9730, -28.137, 1531.9730, -40.969,  , 
1531.9942, -28.759, 1531.9942, -25.310, 1531.9942, -22.341, 1531.9942, -22.535, 1531.9942, -28.365, 1531.9942, -41.449,  , 
1532.0155, -28.740, 1532.0155, -25.249, 1532.0155, -22.363, 1532.0155, -22.629, 1532.0155, -28.607, 1532.0155, -41.943,  , 
1532.0368, -28.731, 1532.0368, -25.186, 1532.0368, -22.393, 1532.0368, -22.732, 1532.0368, -28.854, 1532.0368, -42.449,  , 
1532.0580, -28.722, 1532.0580, -25.130, 1532.0580, -22.421, 1532.0580, -22.835, 1532.0580, -29.103, 1532.0580, -42.956,  , 
1532.0793, -28.722, 1532.0793, -25.066, 1532.0793, -22.455, 1532.0793, -22.945, 1532.0793, -29.350, 1532.0793, -43.446,  , 
1532.1005, -28.727, 1532.1005, -25.012, 1532.1005, -22.490, 1532.1005, -23.057, 1532.1005, -29.607, 1532.1005, -43.957,  , 
1532.1218, -28.749, 1532.1218, -24.965, 1532.1218, -22.537, 1532.1218, -23.185, 1532.1218, -29.875, 1532.1218, -44.452,  , 
1532.1430, -28.786, 1532.1430, -24.933, 1532.1430, -22.592, 1532.1430, -23.322, 1532.1430, -30.147, 1532.1430, -44.960,  , 
1532.1643, -28.839, 1532.1643, -24.916, 1532.1643, -22.666, 1532.1643, -23.478, 1532.1643, -30.447, 1532.1643, -45.450,  , 
1532.1855, -28.909, 1532.1855, -24.913, 1532.1855, -22.755, 1532.1855, -23.652, 1532.1855, -30.759, 1532.1855, -45.953,  , 
1532.2068, -28.994, 1532.2068, -24.922, 1532.2068, -22.854, 1532.2068, -23.834, 1532.2068, -31.079, 1532.2068, -46.434,  , 
1532.2281, -29.084, 1532.2281, -24.934, 1532.2281, -22.959, 1532.2281, -24.024, 1532.2281, -31.411, 1532.2281, -46.881,  , 
1532.2493, -29.176, 1532.2493, -24.949, 1532.2493, -23.066, 1532.2493, -24.219, 1532.2493, -31.753, 1532.2493, -47.321,  , 
1532.2706, -29.271, 1532.2706, -24.967, 1532.2706, -23.177, 1532.2706, -24.414, 1532.2706, -32.087, 1532.2706, -47.670,  , 
1532.2918, -29.370, 1532.2918, -24.989, 1532.2918, -23.289, 1532.2918, -24.615, 1532.2918, -32.435, 1532.2918, -48.011,  , 
1532.3131, -29.473, 1532.3131, -25.014, 1532.3131, -23.410, 1532.3131, -24.822, 1532.3131, -32.791, 1532.3131, -48.271,  , 
1532.3343, -29.582, 1532.3343, -25.046, 1532.3343, -23.535, 1532.3343, -25.041, 1532.3343, -33.159, 1532.3343, -48.472,  , 
1532.3556, -29.692, 1532.3556, -25.079, 1532.3556, -23.666, 1532.3556, -25.261, 1532.3556, -33.534, 1532.3556, -48.654,  , 
1532.3768, -29.800, 1532.3768, -25.114, 1532.3768, -23.799, 1532.3768, -25.493, 1532.3768, -33.924, 1532.3768, -48.779,  , 
1532.3981, -29.898, 1532.3981, -25.142, 1532.3981, -23.927, 1532.3981, -25.711, 1532.3981, -34.309, 1532.3981, -48.817,  , 
1532.4194, -29.984, 1532.4194, -25.161, 1532.4194, -24.046, 1532.4194, -25.929, 1532.4194, -34.697, 1532.4194, -48.806,  , 
1532.4406, -30.054, 1532.4406, -25.162, 1532.4406, -24.154, 1532.4406, -26.139, 1532.4406, -35.090, 1532.4406, -48.726,  , 
1532.4619, -30.100, 1532.4619, -25.147, 1532.4619, -24.247, 1532.4619, -26.332, 1532.4619, -35.455, 1532.4619, -48.605,  , 
1532.4831, -30.130, 1532.4831, -25.116, 1532.4831, -24.320, 1532.4831, -26.514, 1532.4831, -35.831, 1532.4831, -48.429,  , 
1532.5044, -30.139, 1532.5044, -25.070, 1532.5044, -24.384, 1532.5044, -26.675, 1532.5044, -36.183, 1532.5044, -48.188,  , 
1532.5256, -30.130, 1532.5256, -25.010, 1532.5256, -24.434, 1532.5256, -26.827, 1532.5256, -36.531, 1532.5256, -47.932,  , 
1532.5469, -30.104, 1532.5469, -24.933, 1532.5469, -24.469, 1532.5469, -26.967, 1532.5469, -36.867, 1532.5469, -47.648,  , 
1532.5681, -30.069, 1532.5681, -24.850, 1532.5681, -24.495, 1532.5681, -27.089, 1532.5681, -37.182, 1532.5681, -47.316,  , 
1532.5894, -30.024, 1532.5894, -24.766, 1532.5894, -24.517, 1532.5894, -27.210, 1532.5894, -37.508, 1532.5894, -46.969,  , 
1532.6107, -29.977, 1532.6107, -24.678, 1532.6107, -24.540, 1532.6107, -27.331, 1532.6107, -37.807, 1532.6107, -46.607,  , 
1532.6319, -29.934, 1532.6319, -24.598, 1532.6319, -24.574, 1532.6319, -27.456, 1532.6319, -38.136, 1532.6319, -46.213,  , 
1532.6532, -29.889, 1532.6532, -24.527, 1532.6532, -24.614, 1532.6532, -27.588, 1532.6532, -38.480, 1532.6532, -45.830,  , 
1532.6744, -29.845, 1532.6744, -24.462, 1532.6744, -24.663, 1532.6744, -27.719, 1532.6744, -38.816, 1532.6744, -45.462,  , 
1532.6957, -29.796, 1532.6957, -24.400, 1532.6957, -24.716, 1532.6957, -27.861, 1532.6957, -39.156, 1532.6957, -45.081,  , 
1532.7169, -29.737, 1532.7169, -24.333, 1532.7169, -24.767, 1532.7169, -28.000, 1532.7169, -39.517, 1532.7169, -44.687,  , 
1532.7382, -29.673, 1532.7382, -24.272, 1532.7382, -24.824, 1532.7382, -28.144, 1532.7382, -39.883, 1532.7382, -44.310,  , 
1532.7594, -29.608, 1532.7594, -24.218, 1532.7594, -24.887, 1532.7594, -28.296, 1532.7594, -40.250, 1532.7594, -43.927,  , 
1532.7807, -29.545, 1532.7807, -24.172, 1532.7807, -24.963, 1532.7807, -28.454, 1532.7807, -40.652, 1532.7807, -43.561,  , 
1532.8020, -29.485, 1532.8020, -24.139, 1532.8020, -25.055, 1532.8020, -28.629, 1532.8020, -41.059, 1532.8020, -43.198,  , 
1532.8232, -29.421, 1532.8232, -24.113, 1532.8232, -25.154, 1532.8232, -28.809, 1532.8232, -41.487, 1532.8232, -42.854,  , 
1532.8445, -29.355, 1532.8445, -24.092, 1532.8445, -25.265, 1532.8445, -28.999, 1532.8445, -41.940, 1532.8445, -42.523,  , 
1532.8657, -29.283, 1532.8657, -24.074, 1532.8657, -25.376, 1532.8657, -29.190, 1532.8657, -42.403, 1532.8657, -42.182,  , 
1532.8870, -29.205, 1532.8870, -24.054, 1532.8870, -25.488, 1532.8870, -29.383, 1532.8870, -42.870, 1532.8870, -41.858,  , 
1532.9082, -29.122, 1532.9082, -24.039, 1532.9082, -25.605, 1532.9082, -29.576, 1532.9082, -43.340, 1532.9082, -41.531,  , 
1532.9295, -29.034, 1532.9295, -24.035, 1532.9295, -25.728, 1532.9295, -29.776, 1532.9295, -43.831, 1532.9295, -41.214,  , 
1532.9507, -28.942, 1532.9507, -24.017, 1532.9507, -25.860, 1532.9507, -29.991, 1532.9507, -44.350, 1532.9507, -40.891,  , 
1532.9720, -28.854, 1532.9720, -24.012, 1532.9720, -25.999, 1532.9720, -30.199, 1532.9720, -44.866, 1532.9720, -40.580,  , 
1532.9932, -28.760, 1532.9932, -24.011, 1532.9932, -26.133, 1532.9932, -30.414, 1532.9932, -45.361, 1532.9932, -40.290,  , 
1533.0145, -28.663, 1533.0145, -24.017, 1533.0145, -26.277, 1533.0145, -30.629, 1533.0145, -45.880, 1533.0145, -39.997,  , 
1533.0358, -28.564, 1533.0358, -24.019, 1533.0358, -26.421, 1533.0358, -30.846, 1533.0358, -46.384, 1533.0358, -39.708,  , 
1533.0570, -28.468, 1533.0570, -24.032, 1533.0570, -26.571, 1533.0570, -31.069, 1533.0570, -46.901, 1533.0570, -39.424,  , 
1533.0783, -28.374, 1533.0783, -24.051, 1533.0783, -26.732, 1533.0783, -31.306, 1533.0783, -47.398, 1533.0783, -39.163,  , 
1533.0995, -28.282, 1533.0995, -24.074, 1533.0995, -26.894, 1533.0995, -31.542, 1533.0995, -47.911, 1533.0995, -38.898,  , 
1533.1208, -28.193, 1533.1208, -24.101, 1533.1208, -27.062, 1533.1208, -31.782, 1533.1208, -48.375, 1533.1208, -38.639,  , 
1533.1420, -28.105, 1533.1420, -24.134, 1533.1420, -27.237, 1533.1420, -32.029, 1533.1420, -48.827, 1533.1420, -38.392,  , 
1533.1633, -28.016, 1533.1633, -24.166, 1533.1633, -27.408, 1533.1633, -32.277, 1533.1633, -49.232, 1533.1633, -38.143,  , 
1533.1845, -27.922, 1533.1845, -24.203, 1533.1845, -27.586, 1533.1845, -32.535, 1533.1845, -49.620, 1533.1845, -37.891,  , 
1533.2058, -27.828, 1533.2058, -24.236, 1533.2058, -27.760, 1533.2058, -32.787, 1533.2058, -49.939, 1533.2058, -37.639,  , 
1533.2271, -27.738, 1533.2271, -24.279, 1533.2271, -27.945, 1533.2271, -33.047, 1533.2271, -50.222, 1533.2271, -37.400,  , 
1533.2483, -27.654, 1533.2483, -24.325, 1533.2483, -28.134, 1533.2483, -33.317, 1533.2483, -50.400, 1533.2483, -37.156,  , 
1533.2696, -27.578, 1533.2696, -24.383, 1533.2696, -28.340, 1533.2696, -33.604, 1533.2696, -50.576, 1533.2696, -36.921,  , 
1533.2908, -27.507, 1533.2908, -24.452, 1533.2908, -28.551, 1533.2908, -33.903, 1533.2908, -50.624, 1533.2908, -36.695,  , 
1533.3121, -27.445, 1533.3121, -24.524, 1533.3121, -28.759, 1533.3121, -34.199, 1533.3121, -50.663, 1533.3121, -36.488,  , 
1533.3333, -27.389, 1533.3333, -24.606, 1533.3333, -28.982, 1533.3333, -34.514, 1533.3333, -50.584, 1533.3333, -36.278,  , 
1533.3546, -27.330, 1533.3546, -24.692, 1533.3546, -29.206, 1533.3546, -34.835, 1533.3546, -50.480, 1533.3546, -36.063,  , 
1533.3758, -27.279, 1533.3758, -24.777, 1533.3758, -29.439, 1533.3758, -35.157, 1533.3758, -50.298, 1533.3758, -35.855,  , 
1533.3971, -27.226, 1533.3971, -24.869, 1533.3971, -29.667, 1533.3971, -35.486, 1533.3971, -50.047, 1533.3971, -35.640,  , 
1533.4184, -27.179, 1533.4184, -24.969, 1533.4184, -29.905, 1533.4184, -35.821, 1533.4184, -49.814, 1533.4184, -35.438,  , 
1533.4396, -27.134, 1533.4396, -25.071, 1533.4396, -30.144, 1533.4396, -36.171, 1533.4396, -49.489, 1533.4396, -35.229,  , 
1533.4609, -27.096, 1533.4609, -25.179, 1533.4609, -30.394, 1533.4609, -36.536, 1533.4609, -49.189, 1533.4609, -35.031,  , 
1533.4821, -27.070, 1533.4821, -25.303, 1533.4821, -30.655, 1533.4821, -36.911, 1533.4821, -48.866, 1533.4821, -34.846,  , 
1533.5034, -27.053, 1533.5034, -25.437, 1533.5034, -30.926, 1533.5034, -37.323, 1533.5034, -48.539, 1533.5034, -34.662,  , 
1533.5246, -27.048, 1533.5246, -25.588, 1533.5246, -31.212, 1533.5246, -37.708, 1533.5246, -48.199, 1533.5246, -34.490,  , 
1533.5459, -27.048, 1533.5459, -25.738, 1533.5459, -31.502, 1533.5459, -38.135, 1533.5459, -47.867, 1533.5459, -34.320,  , 
1533.5671, -27.048, 1533.5671, -25.894, 1533.5671, -31.798, 1533.5671, -38.571, 1533.5671, -47.534, 1533.5671, -34.156,  , 
1533.5884, -27.052, 1533.5884, -26.056, 1533.5884, -32.085, 1533.5884, -38.994, 1533.5884, -47.185, 1533.5884, -33.976,  , 
1533.6097, -27.058, 1533.6097, -26.228, 1533.6097, -32.401, 1533.6097, -39.466, 1533.6097, -46.838, 1533.6097, -33.803,  , 
1533.6309, -27.069, 1533.6309, -26.401, 1533.6309, -32.705, 1533.6309, -39.934, 1533.6309, -46.513, 1533.6309, -33.642,  , 
1533.6522, -27.085, 1533.6522, -26.573, 1533.6522, -33.009, 1533.6522, -40.394, 1533.6522, -46.198, 1533.6522, -33.495,  , 
1533.6734, -27.109, 1533.6734, -26.758, 1533.6734, -33.324, 1533.6734, -40.881, 1533.6734, -45.883, 1533.6734, -33.341,  , 
1533.6947, -27.139, 1533.6947, -26.953, 1533.6947, -33.653, 1533.6947, -41.378, 1533.6947, -45.601, 1533.6947, -33.209,  , 
1533.7159, -27.173, 1533.7159, -27.155, 1533.7159, -33.991, 1533.7159, -41.907, 1533.7159, -45.319, 1533.7159, -33.075,  , 
1533.7372, -27.206, 1533.7372, -27.353, 1533.7372, -34.318, 1533.7372, -42.427, 1533.7372, -45.042, 1533.7372, -32.948,  , 
1533.7584, -27.225, 1533.7584, -27.554, 1533.7584, -34.661, 1533.7584, -42.961, 1533.7584, -44.776, 1533.7584, -32.822,  , 
1533.7797, -27.249, 1533.7797, -27.752, 1533.7797, -34.997, 1533.7797, -43.515, 1533.7797, -44.500, 1533.7797, -32.693,  , 
1533.8010, -27.266, 1533.8010, -27.941, 1533.8010, -35.325, 1533.8010, -44.053, 1533.8010, -44.245, 1533.8010, -32.571,  , 
1533.8222, -27.268, 1533.8222, -28.126, 1533.8222, -35.639, 1533.8222, -44.588, 1533.8222, -43.974, 1533.8222, -32.438,  , 
1533.8435, -27.269, 1533.8435, -28.303, 1533.8435, -35.968, 1533.8435, -45.142, 1533.8435, -43.704, 1533.8435, -32.299,  , 
1533.8647, -27.257, 1533.8647, -28.473, 1533.8647, -36.279, 1533.8647, -45.705, 1533.8647, -43.431, 1533.8647, -32.156,  , 
1533.8860, -27.235, 1533.8860, -28.630, 1533.8860, -36.586, 1533.8860, -46.219, 1533.8860, -43.166, 1533.8860, -32.013,  , 
1533.9072, -27.211, 1533.9072, -28.786, 1533.9072, -36.887, 1533.9072, -46.777, 1533.9072, -42.903, 1533.9072, -31.868,  , 
1533.9285, -27.178, 1533.9285, -28.936, 1533.9285, -37.181, 1533.9285, -47.299, 1533.9285, -42.623, 1533.9285, -31.715,  , 
1533.9497, -27.145, 1533.9497, -29.087, 1533.9497, -37.492, 1533.9497, -47.843, 1533.9497, -42.353, 1533.9497, -31.563,  , 
1533.9710, -27.110, 1533.9710, -29.236, 1533.9710, -37.780, 1533.9710, -48.395, 1533.9710, -42.068, 1533.9710, -31.403,  , 
1533.9922, -27.075, 1533.9922, -29.385, 1533.9922, -38.078, 1533.9922, -48.940, 1533.9922, -41.799, 1533.9922, -31.241,  , 
1534.0135, -27.032, 1534.0135, -29.528, 1534.0135, -38.390, 1534.0135, -49.452, 1534.0135, -41.513, 1534.0135, -31.074,  , 
1534.0348, -26.993, 1534.0348, -29.672, 1534.0348, -38.694, 1534.0348, -49.985, 1534.0348, -41.229, 1534.0348, -30.902,  , 
1534.0560, -26.957, 1534.0560, -29.827, 1534.0560, -39.006, 1534.0560, -50.547, 1534.0560, -40.952, 1534.0560, -30.731,  , 
1534.0773, -26.926, 1534.0773, -29.976, 1534.0773, -39.329, 1534.0773, -51.040, 1534.0773, -40.666, 1534.0773, -30.567,  , 
1534.0985, -26.897, 1534.0985, -30.140, 1534.0985, -39.673, 1534.0985, -51.559, 1534.0985, -40.387, 1534.0985, -30.402,  , 
1534.1198, -26.875, 1534.1198, -30.311, 1534.1198, -40.022, 1534.1198, -52.072, 1534.1198, -40.110, 1534.1198, -30.241,  , 
1534.1410, -26.860, 1534.1410, -30.480, 1534.1410, -40.372, 1534.1410, -52.525, 1534.1410, -39.852, 1534.1410, -30.095,  , 
1534.1623, -26.850, 1534.1623, -30.654, 1534.1623, -40.731, 1534.1623, -52.938, 1534.1623, -39.598, 1534.1623, -29.952,  , 
1534.1835, -26.843, 1534.1835, -30.841, 1534.1835, -41.121, 1534.1835, -53.396, 1534.1835, -39.347, 1534.1835, -29.815,  , 
1534.2048, -26.843, 1534.2048, -31.031, 1534.2048, -41.510, 1534.2048, -53.772, 1534.2048, -39.095, 1534.2048, -29.683,  , 
1534.2261, -26.844, 1534.2261, -31.221, 1534.2261, -41.913, 1534.2261, -54.053, 1534.2261, -38.856, 1534.2261, -29.557,  , 
1534.2473, -26.843, 1534.2473, -31.415, 1534.2473, -42.325, 1534.2473, -54.197, 1534.2473, -38.607, 1534.2473, -29.433,  , 
1534.2686, -26.846, 1534.2686, -31.610, 1534.2686, -42.751, 1534.2686, -54.386, 1534.2686, -38.368, 1534.2686, -29.311,  , 
1534.2898, -26.853, 1534.2898, -31.811, 1534.2898, -43.179, 1534.2898, -54.437, 1534.2898, -38.130, 1534.2898, -29.197,  , 
1534.3111, -26.865, 1534.3111, -32.017, 1534.3111, -43.628, 1534.3111, -54.359, 1534.3111, -37.893, 1534.3111, -29.086,  , 
1534.3323, -26.887, 1534.3323, -32.242, 1534.3323, -44.123, 1534.3323, -54.320, 1534.3323, -37.653, 1534.3323, -28.980,  , 
1534.3536, -26.907, 1534.3536, -32.464, 1534.3536, -44.603, 1534.3536, -54.088, 1534.3536, -37.423, 1534.3536, -28.882,  , 
1534.3748, -26.932, 1534.3748, -32.690, 1534.3748, -45.099, 1534.3748, -53.818, 1534.3748, -37.197, 1534.3748, -28.791,  , 
1534.3961, -26.961, 1534.3961, -32.916, 1534.3961, -45.617, 1534.3961, -53.489, 1534.3961, -36.976, 1534.3961, -28.702,  , 
1534.4174, -26.987, 1534.4174, -33.144, 1534.4174, -46.151, 1534.4174, -53.164, 1534.4174, -36.758, 1534.4174, -28.620,  , 
1534.4386, -27.027, 1534.4386, -33.380, 1534.4386, -46.669, 1534.4386, -52.760, 1534.4386, -36.536, 1534.4386, -28.541,  , 
1534.4599, -27.065, 1534.4599, -33.620, 1534.4599, -47.222, 1534.4599, -52.358, 1534.4599, -36.323, 1534.4599, -28.468,  , 
1534.4811, -27.108, 1534.4811, -33.864, 1534.4811, -47.798, 1534.4811, -51.953, 1534.4811, -36.112, 1534.4811, -28.394,  , 
1534.5024, -27.156, 1534.5024, -34.104, 1534.5024, -48.359, 1534.5024, -51.486, 1534.5024, -35.908, 1534.5024, -28.333,  , 
1534.5236, -27.210, 1534.5236, -34.364, 1534.5236, -48.953, 1534.5236, -51.047, 1534.5236, -35.703, 1534.5236, -28.273,  , 
1534.5449, -27.268, 1534.5449, -34.616, 1534.5449, -49.550, 1534.5449, -50.641, 1534.5449, -35.500, 1534.5449, -28.220,  , 
1534.5661, -27.328, 1534.5661, -34.880, 1534.5661, -50.168, 1534.5661, -50.188, 1534.5661, -35.305, 1534.5661, -28.168,  , 
1534.5874, -27.397, 1534.5874, -35.150, 1534.5874, -50.808, 1534.5874, -49.755, 1534.5874, -35.100, 1534.5874, -28.118,  , 
1534.6087, -27.467, 1534.6087, -35.421, 1534.6087, -51.401, 1534.6087, -49.363, 1534.6087, -34.911, 1534.6087, -28.076,  , 
1534.6299, -27.542, 1534.6299, -35.695, 1534.6299, -52.002, 1534.6299, -48.957, 1534.6299, -34.733, 1534.6299, -28.043,  , 
1534.6512, -27.623, 1534.6512, -35.971, 1534.6512, -52.638, 1534.6512, -48.568, 1534.6512, -34.555, 1534.6512, -28.009,  , 
1534.6724, -27.713, 1534.6724, -36.255, 1534.6724, -53.220, 1534.6724, -48.209, 1534.6724, -34.383, 1534.6724, -27.987,  , 
1534.6937, -27.803, 1534.6937, -36.541, 1534.6937, -53.774, 1534.6937, -47.854, 1534.6937, -34.211, 1534.6937, -27.964,  , 
1534.7149, -27.896, 1534.7149, -36.835, 1534.7149, -54.443, 1534.7149, -47.491, 1534.7149, -34.037, 1534.7149, -27.946,  , 
1534.7362, -27.992, 1534.7362, -37.128, 1534.7362, -54.836, 1534.7362, -47.146, 1534.7362, -33.875, 1534.7362, -27.926,  , 
1534.7574, -28.099, 1534.7574, -37.439, 1534.7574, -55.327, 1534.7574, -46.795, 1534.7574, -33.708, 1534.7574, -27.908,  , 
1534.7787, -28.206, 1534.7787, -37.754, 1534.7787, -55.745, 1534.7787, -46.473, 1534.7787, -33.544, 1534.7787, -27.893,  , 
1534.7999, -28.315, 1534.7999, -38.061, 1534.7999, -56.075, 1534.7999, -46.165, 1534.7999, -33.407, 1534.7999, -27.891,  , 
1534.8212, -28.441, 1534.8212, -38.399, 1534.8212, -56.285, 1534.8212, -45.871, 1534.8212, -33.269, 1534.8212, -27.898,  , 
1534.8425, -28.568, 1534.8425, -38.733, 1534.8425, -56.445, 1534.8425, -45.584, 1534.8425, -33.132, 1534.8425, -27.903,  , 
1534.8637, -28.699, 1534.8637, -39.083, 1534.8637, -56.519, 1534.8637, -45.291, 1534.8637, -33.004, 1534.8637, -27.913,  , 
1534.8850, -28.833, 1534.8850, -39.431, 1534.8850, -56.445, 1534.8850, -45.029, 1534.8850, -32.875, 1534.8850, -27.922,  , 
1534.9062, -28.977, 1534.9062, -39.807, 1534.9062, -56.327, 1534.9062, -44.741, 1534.9062, -32.745, 1534.9062, -27.937,  , 
1534.9275, -29.122, 1534.9275, -40.182, 1534.9275, -56.036, 1534.9275, -44.477, 1534.9275, -32.619, 1534.9275, -27.950,  , 
1534.9487, -29.268, 1534.9487, -40.556, 1534.9487, -55.767, 1534.9487, -44.226, 1534.9487, -32.507, 1534.9487, -27.967,  , 
1534.9700, -29.423, 1534.9700, -40.940, 1534.9700, -55.424, 1534.9700, -43.974, 1534.9700, -32.396, 1534.9700, -27.988,  , 
1534.9912, -29.579, 1534.9912, -41.343, 1534.9912, -55.046, 1534.9912, -43.731, 1534.9912, -32.286, 1534.9912, -28.012,  , 
1535.0125, -29.742, 1535.0125, -41.757, 1535.0125, -54.726, 1535.0125, -43.488, 1535.0125, -32.183, 1535.0125, -28.039,  , 
1535.0338, -29.911, 1535.0338, -42.173, 1535.0338, -54.209, 1535.0338, -43.250, 1535.0338, -32.082, 1535.0338, -28.068,  , 
1535.0550, -30.088, 1535.0550, -42.614, 1535.0550, -53.775, 1535.0550, -43.026, 1535.0550, -31.987, 1535.0550, -28.098,  , 
1535.0763, -30.269, 1535.0763, -43.064, 1535.0763, -53.327, 1535.0763, -42.791, 1535.0763, -31.889, 1535.0763, -28.134,  , 
1535.0975, -30.456, 1535.0975, -43.540, 1535.0975, -52.862, 1535.0975, -42.570, 1535.0975, -31.802, 1535.0975, -28.170,  , 
1535.1188, -30.641, 1535.1188, -43.991, 1535.1188, -52.389, 1535.1188, -42.347, 1535.1188, -31.715, 1535.1188, -28.202,  , 
1535.1400, -30.819, 1535.1400, -44.458, 1535.1400, -51.992, 1535.1400, -42.128, 1535.1400, -31.629, 1535.1400, -28.233,  , 
1535.1613, -31.008, 1535.1613, -44.944, 1535.1613, -51.556, 1535.1613, -41.904, 1535.1613, -31.544, 1535.1613, -28.264,  , 
1535.1825, -31.195, 1535.1825, -45.433, 1535.1825, -51.106, 1535.1825, -41.680, 1535.1825, -31.461, 1535.1825, -28.296,  , 
1535.2038, -31.384, 1535.2038, -45.942, 1535.2038, -50.682, 1535.2038, -41.462, 1535.2038, -31.382, 1535.2038, -28.324,  , 
1535.2251, -31.569, 1535.2251, -46.431, 1535.2251, -50.254, 1535.2251, -41.242, 1535.2251, -31.306, 1535.2251, -28.351,  , 
1535.2463, -31.760, 1535.2463, -46.976, 1535.2463, -49.880, 1535.2463, -41.014, 1535.2463, -31.225, 1535.2463, -28.380,  , 
1535.2676, -31.951, 1535.2676, -47.502, 1535.2676, -49.463, 1535.2676, -40.783, 1535.2676, -31.147, 1535.2676, -28.406,  , 
1535.2888, -32.127, 1535.2888, -48.044, 1535.2888, -49.086, 1535.2888, -40.554, 1535.2888, -31.072, 1535.2888, -28.424,  , 
1535.3101, -32.306, 1535.3101, -48.545, 1535.3101, -48.700, 1535.3101, -40.327, 1535.3101, -30.992, 1535.3101, -28.436,  , 
1535.3313, -32.484, 1535.3313, -49.116, 1535.3313, -48.337, 1535.3313, -40.085, 1535.3313, -30.911, 1535.3313, -28.444,  , 
1535.3526, -32.664, 1535.3526, -49.680, 1535.3526, -47.970, 1535.3526, -39.847, 1535.3526, -30.829, 1535.3526, -28.448,  , 
1535.3738, -32.841, 1535.3738, -50.235, 1535.3738, -47.602, 1535.3738, -39.609, 1535.3738, -30.750, 1535.3738, -28.447,  , 
1535.3951, -33.021, 1535.3951, -50.811, 1535.3951, -47.266, 1535.3951, -39.366, 1535.3951, -30.666, 1535.3951, -28.442,  , 
1535.4164, -33.203, 1535.4164, -51.405, 1535.4164, -46.889, 1535.4164, -39.113, 1535.4164, -30.583, 1535.4164, -28.431,  , 
1535.4376, -33.390, 1535.4376, -52.053, 1535.4376, -46.559, 1535.4376, -38.863, 1535.4376, -30.497, 1535.4376, -28.417,  , 
1535.4589, -33.575, 1535.4589, -52.612, 1535.4589, -46.226, 1535.4589, -38.628, 1535.4589, -30.419, 1535.4589, -28.403,  , 
1535.4801, -33.757, 1535.4801, -53.262, 1535.4801, -45.927, 1535.4801, -38.393, 1535.4801, -30.346, 1535.4801, -28.388,  , 
1535.5014, -33.954, 1535.5014, -53.872, 1535.5014, -45.612, 1535.5014, -38.161, 1535.5014, -30.275, 1535.5014, -28.374,  , 
1535.5226, -34.145, 1535.5226, -54.530, 1535.5226, -45.304, 1535.5226, -37.928, 1535.5226, -30.209, 1535.5226, -28.357,  , 
1535.5439, -34.343, 1535.5439, -55.128, 1535.5439, -45.016, 1535.5439, -37.705, 1535.5439, -30.143, 1535.5439, -28.341,  , 
1535.5651, -34.550, 1535.5651, -55.877, 1535.5651, -44.717, 1535.5651, -37.473, 1535.5651, -30.079, 1535.5651, -28.325,  , 
1535.5864, -34.760, 1535.5864, -56.477, 1535.5864, -44.423, 1535.5864, -37.247, 1535.5864, -30.021, 1535.5864, -28.312,  , 
1535.6077, -34.961, 1535.6077, -57.191, 1535.6077, -44.148, 1535.6077, -37.039, 1535.6077, -29.966, 1535.6077, -28.296,  , 
1535.6289, -35.167, 1535.6289, -57.846, 1535.6289, -43.877, 1535.6289, -36.821, 1535.6289, -29.914, 1535.6289, -28.282,  , 
1535.6502, -35.382, 1535.6502, -58.263, 1535.6502, -43.607, 1535.6502, -36.613, 1535.6502, -29.867, 1535.6502, -28.267,  , 
1535.6714, -35.597, 1535.6714, -58.938, 1535.6714, -43.338, 1535.6714, -36.406, 1535.6714, -29.823, 1535.6714, -28.254,  , 
1535.6927, -35.824, 1535.6927, -59.460, 1535.6927, -43.069, 1535.6927, -36.199, 1535.6927, -29.781, 1535.6927, -28.242,  , 
1535.7139, -36.056, 1535.7139, -59.750, 1535.7139, -42.813, 1535.7139, -36.001, 1535.7139, -29.743, 1535.7139, -28.233,  , 
1535.7352, -36.284, 1535.7352, -59.993, 1535.7352, -42.560, 1535.7352, -35.814, 1535.7352, -29.712, 1535.7352, -28.224,  , 
1535.7564, -36.515, 1535.7564, -60.169, 1535.7564, -42.307, 1535.7564, -35.624, 1535.7564, -29.682, 1535.7564, -28.217,  , 
1535.7777, -36.751, 1535.7777, -60.386, 1535.7777, -42.062, 1535.7777, -35.442, 1535.7777, -29.654, 1535.7777, -28.214,  , 
1535.7989, -37.000, 1535.7989, -60.018, 1535.7989, -41.809, 1535.7989, -35.255, 1535.7989, -29.631, 1535.7989, -28.208,  , 
1535.8202, -37.251, 1535.8202, -60.017, 1535.8202, -41.560, 1535.8202, -35.074, 1535.8202, -29.610, 1535.8202, -28.206,  , 
1535.8415, -37.511, 1535.8415, -59.406, 1535.8415, -41.326, 1535.8415, -34.908, 1535.8415, -29.592, 1535.8415, -28.206,  , 
1535.8627, -37.750, 1535.8627, -59.114, 1535.8627, -41.082, 1535.8627, -34.735, 1535.8627, -29.578, 1535.8627, -28.205,  , 
1535.8840, -38.003, 1535.8840, -58.669, 1535.8840, -40.845, 1535.8840, -34.573, 1535.8840, -29.562, 1535.8840, -28.204,  , 
1535.9052, -38.284, 1535.9052, -57.981, 1535.9052, -40.593, 1535.9052, -34.403, 1535.9052, -29.550, 1535.9052, -28.205,  , 
1535.9265, -38.559, 1535.9265, -57.286, 1535.9265, -40.359, 1535.9265, -34.240, 1535.9265, -29.542, 1535.9265, -28.213,  , 
1535.9477, -38.824, 1535.9477, -56.859, 1535.9477, -40.126, 1535.9477, -34.091, 1535.9477, -29.536, 1535.9477, -28.218,  , 
1535.9690, -39.109, 1535.9690, -56.303, 1535.9690, -39.898, 1535.9690, -33.938, 1535.9690, -29.530, 1535.9690, -28.228,  , 
1535.9902, -39.389, 1535.9902, -55.681, 1535.9902, -39.664, 1535.9902, -33.793, 1535.9902, -29.525, 1535.9902, -28.238,  , 
1536.0115, -39.694, 1536.0115, -55.079, 1536.0115, -39.433, 1536.0115, -33.645, 1536.0115, -29.527, 1536.0115, -28.254,  , 
1536.0328, -39.993, 1536.0328, -54.464, 1536.0328, -39.205, 1536.0328, -33.513, 1536.0328, -29.528, 1536.0328, -28.271,  , 
1536.0540, -40.296, 1536.0540, -54.040, 1536.0540, -38.981, 1536.0540, -33.382, 1536.0540, -29.530, 1536.0540, -28.288,  , 
1536.0753, -40.609, 1536.0753, -53.453, 1536.0753, -38.766, 1536.0753, -33.254, 1536.0753, -29.533, 1536.0753, -28.309,  , 
1536.0965, -40.925, 1536.0965, -52.944, 1536.0965, -38.544, 1536.0965, -33.131, 1536.0965, -29.535, 1536.0965, -28.330,  , 
1536.1178, -41.248, 1536.1178, -52.451, 1536.1178, -38.331, 1536.1178, -33.015, 1536.1178, -29.537, 1536.1178, -28.352,  , 
1536.1390, -41.596, 1536.1390, -51.954, 1536.1390, -38.108, 1536.1390, -32.896, 1536.1390, -29.542, 1536.1390, -28.380,  , 
1536.1603, -41.947, 1536.1603, -51.475, 1536.1603, -37.898, 1536.1603, -32.785, 1536.1603, -29.548, 1536.1603, -28.411,  , 
1536.1815, -42.288, 1536.1815, -51.076, 1536.1815, -37.698, 1536.1815, -32.691, 1536.1815, -29.557, 1536.1815, -28.445,  , 
1536.2028, -42.664, 1536.2028, -50.613, 1536.2028, -37.496, 1536.2028, -32.593, 1536.2028, -29.568, 1536.2028, -28.483,  , 
1536.2241, -43.033, 1536.2241, -50.221, 1536.2241, -37.309, 1536.2241, -32.502, 1536.2241, -29.580, 1536.2241, -28.525,  , 
1536.2453, -43.427, 1536.2453, -49.802, 1536.2453, -37.111, 1536.2453, -32.412, 1536.2453, -29.589, 1536.2453, -28.568,  , 
1536.2666, -43.820, 1536.2666, -49.419, 1536.2666, -36.917, 1536.2666, -32.323, 1536.2666, -29.597, 1536.2666, -28.613,  , 
1536.2878, -44.220, 1536.2878, -49.052, 1536.2878, -36.734, 1536.2878, -32.243, 1536.2878, -29.602, 1536.2878, -28.655,  , 
1536.3091, -44.627, 1536.3091, -48.721, 1536.3091, -36.552, 1536.3091, -32.166, 1536.3091, -29.608, 1536.3091, -28.704,  , 
1536.3303, -45.029, 1536.3303, -48.364, 1536.3303, -36.377, 1536.3303, -32.092, 1536.3303, -29.616, 1536.3303, -28.752,  , 
1536.3516, -45.482, 1536.3516, -48.035, 1536.3516, -36.206, 1536.3516, -32.021, 1536.3516, -29.622, 1536.3516, -28.810,  , 
1536.3728, -45.925, 1536.3728, -47.726, 1536.3728, -36.036, 1536.3728, -31.957, 1536.3728, -29.634, 1536.3728, -28.870,  , 
1536.3941, -46.372, 1536.3941, -47.399, 1536.3941, -35.877, 1536.3941, -31.896, 1536.3941, -29.641, 1536.3941, -28.931,  , 
1536.4154, -46.836, 1536.4154, -47.114, 1536.4154, -35.721, 1536.4154, -31.840, 1536.4154, -29.646, 1536.4154, -28.992,  , 
1536.4366, -47.314, 1536.4366, -46.809, 1536.4366, -35.568, 1536.4366, -31.786, 1536.4366, -29.654, 1536.4366, -29.055,  , 
1536.4579, -47.831, 1536.4579, -46.518, 1536.4579, -35.408, 1536.4579, -31.731, 1536.4579, -29.660, 1536.4579, -29.125,  , 
1536.4791, -48.319, 1536.4791, -46.243, 1536.4791, -35.262, 1536.4791, -31.681, 1536.4791, -29.665, 1536.4791, -29.195,  , 
1536.5004, -48.823, 1536.5004, -45.969, 1536.5004, -35.119, 1536.5004, -31.638, 1536.5004, -29.670, 1536.5004, -29.264,  , 
1536.5216, -49.351, 1536.5216, -45.691, 1536.5216, -34.975, 1536.5216, -31.594, 1536.5216, -29.672, 1536.5216, -29.341,  , 
1536.5429, -49.891, 1536.5429, -45.439, 1536.5429, -34.836, 1536.5429, -31.550, 1536.5429, -29.676, 1536.5429, -29.416,  , 
1536.5641, -50.471, 1536.5641, -45.141, 1536.5641, -34.693, 1536.5641, -31.507, 1536.5641, -29.676, 1536.5641, -29.498,  , 
1536.5854, -51.066, 1536.5854, -44.884, 1536.5854, -34.558, 1536.5854, -31.468, 1536.5854, -29.676, 1536.5854, -29.582,  , 
1536.6067, -51.611, 1536.6067, -44.628, 1536.6067, -34.430, 1536.6067, -31.431, 1536.6067, -29.678, 1536.6067, -29.664,  , 
1536.6279, -52.211, 1536.6279, -44.361, 1536.6279, -34.299, 1536.6279, -31.394, 1536.6279, -29.678, 1536.6279, -29.750,  , 
1536.6492, -52.839, 1536.6492, -44.104, 1536.6492, -34.170, 1536.6492, -31.362, 1536.6492, -29.675, 1536.6492, -29.838,  , 
1536.6704, -53.484, 1536.6704, -43.824, 1536.6704, -34.027, 1536.6704, -31.325, 1536.6704, -29.673, 1536.6704, -29.934,  , 
1536.6917, -54.106, 1536.6917, -43.555, 1536.6917, -33.903, 1536.6917, -31.292, 1536.6917, -29.669, 1536.6917, -30.027,  , 
1536.7129, -54.829, 1536.7129, -43.296, 1536.7129, -33.778, 1536.7129, -31.258, 1536.7129, -29.664, 1536.7129, -30.119,  , 
1536.7342, -55.516, 1536.7342, -43.018, 1536.7342, -33.650, 1536.7342, -31.221, 1536.7342, -29.653, 1536.7342, -30.214,  , 
1536.7554, -56.229, 1536.7554, -42.758, 1536.7554, -33.526, 1536.7554, -31.184, 1536.7554, -29.641, 1536.7554, -30.306,  , 
1536.7767, -57.115, 1536.7767, -42.481, 1536.7767, -33.400, 1536.7767, -31.144, 1536.7767, -29.628, 1536.7767, -30.405,  , 
1536.7979, -57.641, 1536.7979, -42.203, 1536.7979, -33.277, 1536.7979, -31.108, 1536.7979, -29.612, 1536.7979, -30.500,  , 
1536.8192, -58.554, 1536.8192, -41.941, 1536.8192, -33.162, 1536.8192, -31.073, 1536.8192, -29.596, 1536.8192, -30.595,  , 
1536.8405, -59.181, 1536.8405, -41.682, 1536.8405, -33.051, 1536.8405, -31.038, 1536.8405, -29.581, 1536.8405, -30.694,  , 
1536.8617, -60.294, 1536.8617, -41.407, 1536.8617, -32.935, 1536.8617, -31.005, 1536.8617, -29.565, 1536.8617, -30.797,  , 
1536.8830, -61.400, 1536.8830, -41.137, 1536.8830, -32.830, 1536.8830, -30.972, 1536.8830, -29.552, 1536.8830, -30.902,  , 
1536.9042, -61.969, 1536.9042, -40.888, 1536.9042, -32.729, 1536.9042, -30.944, 1536.9042, -29.538, 1536.9042, -30.999,  , 
1536.9255, -62.650, 1536.9255, -40.628, 1536.9255, -32.628, 1536.9255, -30.914, 1536.9255, -29.525, 1536.9255, -31.104,  , 
1536.9467, -63.872, 1536.9467, -40.378, 1536.9467, -32.534, 1536.9467, -30.885, 1536.9467, -29.514, 1536.9467, -31.209,  , 
1536.9680, -64.946, 1536.9680, -40.106, 1536.9680, -32.438, 1536.9680, -30.857, 1536.9680, -29.503, 1536.9680, -31.321,  , 
1536.9892, -65.844, 1536.9892, -39.861, 1536.9892, -32.348, 1536.9892, -30.833, 1536.9892, -29.496, 1536.9892, -31.435,  , 
1537.0105, -66.706, 1537.0105, -39.624, 1537.0105, -32.265, 1537.0105, -30.810, 1537.0105, -29.493, 1537.0105, -31.543,  , 
1537.0318, -67.103, 1537.0318, -39.386, 1537.0318, -32.188, 1537.0318, -30.785, 1537.0318, -29.490, 1537.0318, -31.657,  , 
1537.0530, -68.747, 1537.0530, -39.146, 1537.0530, -32.112, 1537.0530, -30.764, 1537.0530, -29.488, 1537.0530, -31.772,  , 
1537.0743, -66.966, 1537.0743, -38.908, 1537.0743, -32.039, 1537.0743, -30.742, 1537.0743, -29.491, 1537.0743, -31.895,  , 
1537.0955, -68.775, 1537.0955, -38.676, 1537.0955, -31.968, 1537.0955, -30.723, 1537.0955, -29.498, 1537.0955, -32.021,  , 
1537.1168, -66.113, 1537.1168, -38.457, 1537.1168, -31.908, 1537.1168, -30.707, 1537.1168, -29.508, 1537.1168, -32.146,  , 
1537.1380, -65.488, 1537.1380, -38.235, 1537.1380, -31.847, 1537.1380, -30.694, 1537.1380, -29.517, 1537.1380, -32.273,  , 
1537.1593, -64.890, 1537.1593, -38.012, 1537.1593, -31.789, 1537.1593, -30.677, 1537.1593, -29.533, 1537.1593, -32.406,  , 
1537.1805, -63.888, 1537.1805, -37.793, 1537.1805, -31.732, 1537.1805, -30.658, 1537.1805, -29.551, 1537.1805, -32.536,  , 
1537.2018, -63.063, 1537.2018, -37.583, 1537.2018, -31.680, 1537.2018, -30.642, 1537.2018, -29.568, 1537.2018, -32.668,  , 
1537.2231, -62.078, 1537.2231, -37.384, 1537.2231, -31.634, 1537.2231, -30.629, 1537.2231, -29.592, 1537.2231, -32.800,  , 
1537.2443, -61.086, 1537.2443, -37.185, 1537.2443, -31.591, 1537.2443, -30.611, 1537.2443, -29.619, 1537.2443, -32.937,  , 
1537.2656, -60.242, 1537.2656, -36.978, 1537.2656, -31.546, 1537.2656, -30.598, 1537.2656, -29.649, 1537.2656, -33.082,  , 
1537.2868, -59.262, 1537.2868, -36.785, 1537.2868, -31.506, 1537.2868, -30.586, 1537.2868, -29.683, 1537.2868, -33.223,  , 
1537.3081, -58.720, 1537.3081, -36.605, 1537.3081, -31.472, 1537.3081, -30.571, 1537.3081, -29.721, 1537.3081, -33.362,  , 
1537.3293, -58.000, 1537.3293, -36.422, 1537.3293, -31.438, 1537.3293, -30.557, 1537.3293, -29.759, 1537.3293, -33.499,  , 
1537.3506, -57.192, 1537.3506, -36.245, 1537.3506, -31.410, 1537.3506, -30.546, 1537.3506, -29.803, 1537.3506, -33.641,  , 
1537.3718, -56.467, 1537.3718, -36.063, 1537.3718, -31.378, 1537.3718, -30.534, 1537.3718, -29.852, 1537.3718, -33.786,  , 
1537.3931, -55.868, 1537.3931, -35.892, 1537.3931, -31.351, 1537.3931, -30.518, 1537.3931, -29.900, 1537.3931, -33.930,  , 
1537.4144, -55.258, 1537.4144, -35.726, 1537.4144, -31.325, 1537.4144, -30.502, 1537.4144, -29.951, 1537.4144, -34.067,  , 
1537.4356, -54.609, 1537.4356, -35.562, 1537.4356, -31.304, 1537.4356, -30.485, 1537.4356, -30.006, 1537.4356, -34.202,  , 
1537.4569, -54.033, 1537.4569, -35.403, 1537.4569, -31.278, 1537.4569, -30.468, 1537.4569, -30.065, 1537.4569, -34.343,  , 
1537.4781, -53.497, 1537.4781, -35.244, 1537.4781, -31.253, 1537.4781, -30.451, 1537.4781, -30.124, 1537.4781, -34.477,  , 
1537.4994, -52.984, 1537.4994, -35.097, 1537.4994, -31.234, 1537.4994, -30.435, 1537.4994, -30.185, 1537.4994, -34.605,  , 
1537.5206, -52.484, 1537.5206, -34.955, 1537.5206, -31.220, 1537.5206, -30.421, 1537.5206, -30.253, 1537.5206, -34.737,  , 
1537.5419, -52.030, 1537.5419, -34.814, 1537.5419, -31.207, 1537.5419, -30.405, 1537.5419, -30.326, 1537.5419, -34.868,  , 
1537.5631, -51.532, 1537.5631, -34.673, 1537.5631, -31.192, 1537.5631, -30.392, 1537.5631, -30.405, 1537.5631, -34.998,  , 
1537.5844, -51.095, 1537.5844, -34.537, 1537.5844, -31.180, 1537.5844, -30.378, 1537.5844, -30.489, 1537.5844, -35.126,  , 
1537.6057, -50.665, 1537.6057, -34.410, 1537.6057, -31.168, 1537.6057, -30.363, 1537.6057, -30.569, 1537.6057, -35.243,  , 
1537.6269, -50.272, 1537.6269, -34.286, 1537.6269, -31.155, 1537.6269, -30.344, 1537.6269, -30.649, 1537.6269, -35.358,  , 
1537.6482, -49.857, 1537.6482, -34.160, 1537.6482, -31.140, 1537.6482, -30.326, 1537.6482, -30.737, 1537.6482, -35.471,  , 
1537.6694, -49.450, 1537.6694, -34.026, 1537.6694, -31.126, 1537.6694, -30.306, 1537.6694, -30.826, 1537.6694, -35.574,  , 
1537.6907, -49.099, 1537.6907, -33.910, 1537.6907, -31.112, 1537.6907, -30.292, 1537.6907, -30.916, 1537.6907, -35.674,  , 
1537.7119, -48.750, 1537.7119, -33.800, 1537.7119, -31.102, 1537.7119, -30.280, 1537.7119, -31.014, 1537.7119, -35.767,  , 
1537.7332, -48.381, 1537.7332, -33.693, 1537.7332, -31.095, 1537.7332, -30.266, 1537.7332, -31.119, 1537.7332, -35.862,  , 
1537.7544, -48.056, 1537.7544, -33.591, 1537.7544, -31.084, 1537.7544, -30.254, 1537.7544, -31.225, 1537.7544, -35.949,  , 
1537.7757, -47.708, 1537.7757, -33.494, 1537.7757, -31.072, 1537.7757, -30.243, 1537.7757, -31.330, 1537.7757, -36.028,  , 
1537.7969, -47.387, 1537.7969, -33.401, 1537.7969, -31.064, 1537.7969, -30.231, 1537.7969, -31.437, 1537.7969, -36.100,  , 
1537.8182, -47.075, 1537.8182, -33.304, 1537.8182, -31.049, 1537.8182, -30.219, 1537.8182, -31.552, 1537.8182, -36.165,  , 
1537.8395, -46.761, 1537.8395, -33.215, 1537.8395, -31.035, 1537.8395, -30.208, 1537.8395, -31.664, 1537.8395, -36.220,  , 
1537.8607, -46.454, 1537.8607, -33.131, 1537.8607, -31.021, 1537.8607, -30.198, 1537.8607, -31.770, 1537.8607, -36.272,  , 
1537.8820, -46.166, 1537.8820, -33.049, 1537.8820, -31.004, 1537.8820, -30.188, 1537.8820, -31.886, 1537.8820, -36.317,  , 
1537.9032, -45.866, 1537.9032, -32.967, 1537.9032, -30.991, 1537.9032, -30.182, 1537.9032, -32.005, 1537.9032, -36.354,  , 
1537.9245, -45.562, 1537.9245, -32.893, 1537.9245, -30.977, 1537.9245, -30.176, 1537.9245, -32.128, 1537.9245, -36.382,  , 
1537.9457, -45.277, 1537.9457, -32.824, 1537.9457, -30.960, 1537.9457, -30.171, 1537.9457, -32.250, 1537.9457, -36.407,  , 
1537.9670, -44.994, 1537.9670, -32.755, 1537.9670, -30.944, 1537.9670, -30.170, 1537.9670, -32.373, 1537.9670, -36.427,  , 
1537.9882, -44.702, 1537.9882, -32.688, 1537.9882, -30.926, 1537.9882, -30.170, 1537.9882, -32.502, 1537.9882, -36.439,  , 
1538.0095, -44.417, 1538.0095, -32.622, 1538.0095, -30.906, 1538.0095, -30.171, 1538.0095, -32.634, 1538.0095, -36.450,  , 
1538.0308, -44.147, 1538.0308, -32.563, 1538.0308, -30.889, 1538.0308, -30.172, 1538.0308, -32.759, 1538.0308, -36.453,  , 
1538.0520, -43.874, 1538.0520, -32.503, 1538.0520, -30.865, 1538.0520, -30.176, 1538.0520, -32.886, 1538.0520, -36.452,  , 
1538.0733, -43.586, 1538.0733, -32.437, 1538.0733, -30.841, 1538.0733, -30.179, 1538.0733, -33.020, 1538.0733, -36.444,  , 
1538.0945, -43.303, 1538.0945, -32.378, 1538.0945, -30.812, 1538.0945, -30.181, 1538.0945, -33.146, 1538.0945, -36.425,  , 
1538.1158, -43.033, 1538.1158, -32.321, 1538.1158, -30.785, 1538.1158, -30.189, 1538.1158, -33.271, 1538.1158, -36.403,  , 
1538.1370, -42.764, 1538.1370, -32.262, 1538.1370, -30.755, 1538.1370, -30.189, 1538.1370, -33.399, 1538.1370, -36.383,  , 
1538.1583, -42.474, 1538.1583, -32.205, 1538.1583, -30.723, 1538.1583, -30.196, 1538.1583, -33.529, 1538.1583, -36.348,  , 
1538.1795, -42.203, 1538.1795, -32.149, 1538.1795, -30.691, 1538.1795, -30.206, 1538.1795, -33.662, 1538.1795, -36.317,  , 
1538.2008, -41.932, 1538.2008, -32.095, 1538.2008, -30.657, 1538.2008, -30.216, 1538.2008, -33.781, 1538.2008, -36.281,  , 
1538.2221, -41.656, 1538.2221, -32.043, 1538.2221, -30.625, 1538.2221, -30.228, 1538.2221, -33.913, 1538.2221, -36.237,  , 
1538.2433, -41.386, 1538.2433, -31.991, 1538.2433, -30.589, 1538.2433, -30.243, 1538.2433, -34.041, 1538.2433, -36.194,  , 
1538.2646, -41.120, 1538.2646, -31.942, 1538.2646, -30.555, 1538.2646, -30.256, 1538.2646, -34.159, 1538.2646, -36.147,  , 
1538.2858, -40.860, 1538.2858, -31.890, 1538.2858, -30.518, 1538.2858, -30.271, 1538.2858, -34.281, 1538.2858, -36.098,  , 
1538.3071, -40.580, 1538.3071, -31.839, 1538.3071, -30.479, 1538.3071, -30.291, 1538.3071, -34.406, 1538.3071, -36.038,  , 
1538.3283, -40.314, 1538.3283, -31.794, 1538.3283, -30.443, 1538.3283, -30.313, 1538.3283, -34.526, 1538.3283, -35.981,  , 
1538.3496, -40.061, 1538.3496, -31.750, 1538.3496, -30.411, 1538.3496, -30.338, 1538.3496, -34.640, 1538.3496, -35.927,  , 
1538.3708, -39.804, 1538.3708, -31.708, 1538.3708, -30.379, 1538.3708, -30.366, 1538.3708, -34.756, 1538.3708, -35.876,  , 
1538.3921, -39.538, 1538.3921, -31.667, 1538.3921, -30.346, 1538.3921, -30.398, 1538.3921, -34.879, 1538.3921, -35.815,  , 
1538.4134, -39.286, 1538.4134, -31.627, 1538.4134, -30.316, 1538.4134, -30.434, 1538.4134, -34.993, 1538.4134, -35.762,  , 
1538.4346, -39.044, 1538.4346, -31.588, 1538.4346, -30.291, 1538.4346, -30.474, 1538.4346, -35.101, 1538.4346, -35.710,  , 
1538.4559, -38.802, 1538.4559, -31.556, 1538.4559, -30.265, 1538.4559, -30.517, 1538.4559, -35.213, 1538.4559, -35.657,  , 
1538.4771, -38.553, 1538.4771, -31.520, 1538.4771, -30.242, 1538.4771, -30.568, 1538.4771, -35.321, 1538.4771, -35.609,  , 
1538.4984, -38.317, 1538.4984, -31.489, 1538.4984, -30.222, 1538.4984, -30.620, 1538.4984, -35.432, 1538.4984, -35.559,  , 
1538.5196, -38.099, 1538.5196, -31.459, 1538.5196, -30.204, 1538.5196, -30.673, 1538.5196, -35.531, 1538.5196, -35.517,  , 
1538.5409, -37.867, 1538.5409, -31.424, 1538.5409, -30.187, 1538.5409, -30.728, 1538.5409, -35.626, 1538.5409, -35.471,  , 
1538.5621, -37.640, 1538.5621, -31.395, 1538.5621, -30.171, 1538.5621, -30.791, 1538.5621, -35.717, 1538.5621, -35.430,  , 
1538.5834, -37.422, 1538.5834, -31.367, 1538.5834, -30.160, 1538.5834, -30.857, 1538.5834, -35.807, 1538.5834, -35.394,  , 
1538.6047, -37.224, 1538.6047, -31.339, 1538.6047, -30.153, 1538.6047, -30.923, 1538.6047, -35.888, 1538.6047, -35.356,  , 
1538.6259, -37.019, 1538.6259, -31.314, 1538.6259, -30.149, 1538.6259, -30.996, 1538.6259, -35.966, 1538.6259, -35.326,  , 
1538.6472, -36.811, 1538.6472, -31.287, 1538.6472, -30.147, 1538.6472, -31.075, 1538.6472, -36.043, 1538.6472, -35.299,  , 
1538.6684, -36.621, 1538.6684, -31.263, 1538.6684, -30.151, 1538.6684, -31.158, 1538.6684, -36.112, 1538.6684, -35.273,  , 
1538.6897, -36.442, 1538.6897, -31.240, 1538.6897, -30.154, 1538.6897, -31.241, 1538.6897, -36.175, 1538.6897, -35.255,  , 
1538.7109, -36.259, 1538.7109, -31.213, 1538.7109, -30.163, 1538.7109, -31.329, 1538.7109, -36.233, 1538.7109, -35.235,  , 
1538.7322, -36.076, 1538.7322, -31.189, 1538.7322, -30.173, 1538.7322, -31.418, 1538.7322, -36.282, 1538.7322, -35.219,  , 
1538.7534, -35.913, 1538.7534, -31.164, 1538.7534, -30.183, 1538.7534, -31.508, 1538.7534, -36.329, 1538.7534, -35.207,  , 
1538.7747, -35.737, 1538.7747, -31.136, 1538.7747, -30.197, 1538.7747, -31.603, 1538.7747, -36.363, 1538.7747, -35.192,  , 
1538.7959, -35.570, 1538.7959, -31.109, 1538.7959, -30.216, 1538.7959, -31.703, 1538.7959, -36.398, 1538.7959, -35.182,  , 
1538.8172, -35.417, 1538.8172, -31.085, 1538.8172, -30.235, 1538.8172, -31.799, 1538.8172, -36.424, 1538.8172, -35.180,  , 
1538.8385, -35.265, 1538.8385, -31.058, 1538.8385, -30.257, 1538.8385, -31.901, 1538.8385, -36.446, 1538.8385, -35.176,  , 
1538.8597, -35.110, 1538.8597, -31.031, 1538.8597, -30.287, 1538.8597, -32.012, 1538.8597, -36.461, 1538.8597, -35.181,  , 
1538.8810, -34.966, 1538.8810, -31.006, 1538.8810, -30.318, 1538.8810, -32.121, 1538.8810, -36.476, 1538.8810, -35.188,  , 
1538.9022, -34.830, 1538.9022, -30.980, 1538.9022, -30.351, 1538.9022, -32.231, 1538.9022, -36.473, 1538.9022, -35.196,  , 
1538.9235, -34.685, 1538.9235, -30.953, 1538.9235, -30.388, 1538.9235, -32.348, 1538.9235, -36.477, 1538.9235, -35.205,  , 
1538.9447, -34.555, 1538.9447, -30.924, 1538.9447, -30.428, 1538.9447, -32.462, 1538.9447, -36.471, 1538.9447, -35.219,  , 
1538.9660, -34.424, 1538.9660, -30.895, 1538.9660, -30.471, 1538.9660, -32.578, 1538.9660, -36.458, 1538.9660, -35.235,  , 
1538.9872, -34.293, 1538.9872, -30.865, 1538.9872, -30.516, 1538.9872, -32.697, 1538.9872, -36.443, 1538.9872, -35.252,  , 
1539.0085, -34.168, 1539.0085, -30.835, 1539.0085, -30.565, 1539.0085, -32.819, 1539.0085, -36.420, 1539.0085, -35.274,  , 
1539.0298, -34.041, 1539.0298, -30.807, 1539.0298, -30.614, 1539.0298, -32.936, 1539.0298, -36.394, 1539.0298, -35.297,  , 
1539.0510, -33.929, 1539.0510, -30.779, 1539.0510, -30.669, 1539.0510, -33.060, 1539.0510, -36.368, 1539.0510, -35.323,  , 
1539.0723, -33.815, 1539.0723, -30.749, 1539.0723, -30.731, 1539.0723, -33.190, 1539.0723, -36.331, 1539.0723, -35.352,  , 
1539.0935, -33.703, 1539.0935, -30.720, 1539.0935, -30.796, 1539.0935, -33.322, 1539.0935, -36.299, 1539.0935, -35.388,  , 
1539.1148, -33.599, 1539.1148, -30.696, 1539.1148, -30.860, 1539.1148, -33.447, 1539.1148, -36.270, 1539.1148, -35.423,  , 
1539.1360, -33.497, 1539.1360, -30.666, 1539.1360, -30.933, 1539.1360, -33.587, 1539.1360, -36.226, 1539.1360, -35.462,  , 
1539.1573, -33.390, 1539.1573, -30.637, 1539.1573, -31.003, 1539.1573, -33.713, 1539.1573, -36.185, 1539.1573, -35.501,  , 
1539.1785, -33.302, 1539.1785, -30.605, 1539.1785, -31.074, 1539.1785, -33.839, 1539.1785, -36.139, 1539.1785, -35.537,  , 
1539.1998, -33.202, 1539.1998, -30.577, 1539.1998, -31.152, 1539.1998, -33.973, 1539.1998, -36.088, 1539.1998, -35.579,  , 
1539.2211, -33.111, 1539.2211, -30.549, 1539.2211, -31.231, 1539.2211, -34.102, 1539.2211, -36.038, 1539.2211, -35.619,  , 
1539.2423, -33.029, 1539.2423, -30.523, 1539.2423, -31.315, 1539.2423, -34.230, 1539.2423, -35.993, 1539.2423, -35.663,  , 
1539.2636, -32.947, 1539.2636, -30.499, 1539.2636, -31.402, 1539.2636, -34.358, 1539.2636, -35.943, 1539.2636, -35.710,  , 
1539.2848, -32.866, 1539.2848, -30.473, 1539.2848, -31.495, 1539.2848, -34.490, 1539.2848, -35.895, 1539.2848, -35.757,  , 
1539.3061, -32.792, 1539.3061, -30.452, 1539.3061, -31.589, 1539.3061, -34.619, 1539.3061, -35.848, 1539.3061, -35.811,  , 
1539.3273, -32.721, 1539.3273, -30.431, 1539.3273, -31.686, 1539.3273, -34.744, 1539.3273, -35.801, 1539.3273, -35.863,  , 
1539.3486, -32.651, 1539.3486, -30.413, 1539.3486, -31.789, 1539.3486, -34.871, 1539.3486, -35.757, 1539.3486, -35.918,  , 
1539.3698, -32.586, 1539.3698, -30.394, 1539.3698, -31.895, 1539.3698, -34.995, 1539.3698, -35.710, 1539.3698, -35.978,  , 
1539.3911, -32.519, 1539.3911, -30.377, 1539.3911, -31.995, 1539.3911, -35.112, 1539.3911, -35.665, 1539.3911, -36.025,  , 
1539.4124, -32.456, 1539.4124, -30.359, 1539.4124, -32.101, 1539.4124, -35.230, 1539.4124, -35.621, 1539.4124, -36.081,  , 
1539.4336, -32.392, 1539.4336, -30.343, 1539.4336, -32.210, 1539.4336, -35.340, 1539.4336, -35.576, 1539.4336, -36.134,  , 
1539.4549, -32.333, 1539.4549, -30.328, 1539.4549, -32.316, 1539.4549, -35.442, 1539.4549, -35.538, 1539.4549, -36.186,  , 
1539.4761, -32.277, 1539.4761, -30.317, 1539.4761, -32.428, 1539.4761, -35.545, 1539.4761, -35.498, 1539.4761, -36.245,  , 
1539.4974, -32.216, 1539.4974, -30.304, 1539.4974, -32.541, 1539.4974, -35.642, 1539.4974, -35.462, 1539.4974, -36.298,  , 
1539.5186, -32.162, 1539.5186, -30.295, 1539.5186, -32.657, 1539.5186, -35.740, 1539.5186, -35.428, 1539.5186, -36.357,  , 
1539.5399, -32.112, 1539.5399, -30.286, 1539.5399, -32.767, 1539.5399, -35.824, 1539.5399, -35.395, 1539.5399, -36.406,  , 
1539.5611, -32.058, 1539.5611, -30.280, 1539.5611, -32.882, 1539.5611, -35.905, 1539.5611, -35.364, 1539.5611, -36.454,  , 
1539.5824, -32.004, 1539.5824, -30.274, 1539.5824, -32.997, 1539.5824, -35.980, 1539.5824, -35.333, 1539.5824, -36.510,  , 
1539.6037, -31.955, 1539.6037, -30.269, 1539.6037, -33.107, 1539.6037, -36.045, 1539.6037, -35.305, 1539.6037, -36.553,  , 
1539.6249, -31.899, 1539.6249, -30.262, 1539.6249, -33.218, 1539.6249, -36.102, 1539.6249, -35.275, 1539.6249, -36.600,  , 
1539.6462, -31.846, 1539.6462, -30.259, 1539.6462, -33.332, 1539.6462, -36.156, 1539.6462, -35.245, 1539.6462, -36.640,  , 
1539.6674, -31.798, 1539.6674, -30.258, 1539.6674, -33.437, 1539.6674, -36.200, 1539.6674, -35.216, 1539.6674, -36.671,  , 
1539.6887, -31.746, 1539.6887, -30.260, 1539.6887, -33.549, 1539.6887, -36.239, 1539.6887, -35.193, 1539.6887, -36.708,  , 
1539.7099, -31.700, 1539.7099, -30.262, 1539.7099, -33.661, 1539.7099, -36.277, 1539.7099, -35.172, 1539.7099, -36.737,  , 
1539.7312, -31.657, 1539.7312, -30.268, 1539.7312, -33.771, 1539.7312, -36.304, 1539.7312, -35.152, 1539.7312, -36.771,  , 
1539.7524, -31.612, 1539.7524, -30.284, 1539.7524, -33.889, 1539.7524, -36.330, 1539.7524, -35.138, 1539.7524, -36.807,  , 
1539.7737, -31.573, 1539.7737, -30.302, 1539.7737, -34.004, 1539.7737, -36.353, 1539.7737, -35.128, 1539.7737, -36.836,  , 
1539.7949, -31.533, 1539.7949, -30.318, 1539.7949, -34.113, 1539.7949, -36.365, 1539.7949, -35.119, 1539.7949, -36.866,  , 
1539.8162, -31.493, 1539.8162, -30.339, 1539.8162, -34.228, 1539.8162, -36.376, 1539.8162, -35.115, 1539.8162, -36.898,  , 
1539.8375, -31.453, 1539.8375, -30.366, 1539.8375, -34.346, 1539.8375, -36.378, 1539.8375, -35.108, 1539.8375, -36.922,  , 
1539.8587, -31.415, 1539.8587, -30.392, 1539.8587, -34.450, 1539.8587, -36.378, 1539.8587, -35.110, 1539.8587, -36.950,  , 
1539.8800, -31.378, 1539.8800, -30.428, 1539.8800, -34.572, 1539.8800, -36.373, 1539.8800, -35.114, 1539.8800, -36.975,  , 
1539.9012, -31.340, 1539.9012, -30.466, 1539.9012, -34.684, 1539.9012, -36.358, 1539.9012, -35.121, 1539.9012, -36.995,  , 
1539.9225, -31.306, 1539.9225, -30.505, 1539.9225, -34.791, 1539.9225, -36.348, 1539.9225, -35.133, 1539.9225, -37.020,  , 
1539.9437, -31.273, 1539.9437, -30.553, 1539.9437, -34.904, 1539.9437, -36.329, 1539.9437, -35.151, 1539.9437, -37.041,  , 
1539.9650, -31.236, 1539.9650, -30.603, 1539.9650, -35.015, 1539.9650, -36.304, 1539.9650, -35.168, 1539.9650, -37.068,  , 
1539.9862, -31.207, 1539.9862, -30.656, 1539.9862, -35.118, 1539.9862, -36.283, 1539.9862, -35.194, 1539.9862, -37.088,  , 
1540.0075, -31.174, 1540.0075, -30.717, 1540.0075, -35.225, 1540.0075, -36.250, 1540.0075, -35.220, 1540.0075, -37.105,  , 
1540.0288, -31.142, 1540.0288, -30.780, 1540.0288, -35.324, 1540.0288, -36.218, 1540.0288, -35.244, 1540.0288, -37.127,  , 
1540.0500, -31.112, 1540.0500, -30.844, 1540.0500, -35.419, 1540.0500, -36.181, 1540.0500, -35.278, 1540.0500, -37.139,  , 
1540.0713, -31.079, 1540.0713, -30.913, 1540.0713, -35.516, 1540.0713, -36.139, 1540.0713, -35.312, 1540.0713, -37.156,  , 
1540.0925, -31.044, 1540.0925, -30.985, 1540.0925, -35.602, 1540.0925, -36.100, 1540.0925, -35.349, 1540.0925, -37.171,  , 
1540.1138, -31.010, 1540.1138, -31.062, 1540.1138, -35.682, 1540.1138, -36.054, 1540.1138, -35.386, 1540.1138, -37.178,  , 
1540.1350, -30.975, 1540.1350, -31.139, 1540.1350, -35.762, 1540.1350, -36.004, 1540.1350, -35.423, 1540.1350, -37.192,  , 
1540.1563, -30.943, 1540.1563, -31.218, 1540.1563, -35.830, 1540.1563, -35.958, 1540.1563, -35.466, 1540.1563, -37.197,  , 
1540.1775, -30.908, 1540.1775, -31.309, 1540.1775, -35.903, 1540.1775, -35.907, 1540.1775, -35.514, 1540.1775, -37.201,  , 
1540.1988, -30.876, 1540.1988, -31.396, 1540.1988, -35.965, 1540.1988, -35.861, 1540.1988, -35.557, 1540.1988, -37.212,  , 
1540.2201, -30.846, 1540.2201, -31.484, 1540.2201, -36.022, 1540.2201, -35.812, 1540.2201, -35.601, 1540.2201, -37.213,  , 
1540.2413, -30.812, 1540.2413, -31.578, 1540.2413, -36.073, 1540.2413, -35.762, 1540.2413, -35.652, 1540.2413, -37.216,  , 
1540.2626, -30.776, 1540.2626, -31.672, 1540.2626, -36.119, 1540.2626, -35.710, 1540.2626, -35.699, 1540.2626, -37.221,  , 
1540.2838, -30.742, 1540.2838, -31.770, 1540.2838, -36.158, 1540.2838, -35.655, 1540.2838, -35.745, 1540.2838, -37.214,  , 
1540.3051, -30.703, 1540.3051, -31.866, 1540.3051, -36.189, 1540.3051, -35.600, 1540.3051, -35.794, 1540.3051, -37.216,  , 
1540.3263, -30.669, 1540.3263, -31.969, 1540.3263, -36.213, 1540.3263, -35.550, 1540.3263, -35.839, 1540.3263, -37.210,  , 
1540.3476, -30.636, 1540.3476, -32.069, 1540.3476, -36.238, 1540.3476, -35.499, 1540.3476, -35.893, 1540.3476, -37.208,  , 
1540.3688, -30.601, 1540.3688, -32.180, 1540.3688, -36.253, 1540.3688, -35.450, 1540.3688, -35.939, 1540.3688, -37.207,  , 
1540.3901, -30.569, 1540.3901, -32.293, 1540.3901, -36.271, 1540.3901, -35.403, 1540.3901, -35.992, 1540.3901, -37.203,  , 
1540.4114, -30.537, 1540.4114, -32.401, 1540.4114, -36.277, 1540.4114, -35.359, 1540.4114, -36.040, 1540.4114, -37.194,  , 
1540.4326, -30.504, 1540.4326, -32.520, 1540.4326, -36.275, 1540.4326, -35.317, 1540.4326, -36.088, 1540.4326, -37.195,  , 
1540.4539, -30.472, 1540.4539, -32.634, 1540.4539, -36.275, 1540.4539, -35.269, 1540.4539, -36.143, 1540.4539, -37.185,  , 
1540.4751, -30.441, 1540.4751, -32.749, 1540.4751, -36.267, 1540.4751, -35.230, 1540.4751, -36.186, 1540.4751, -37.180,  , 
1540.4964, -30.408, 1540.4964, -32.869, 1540.4964, -36.254, 1540.4964, -35.191, 1540.4964, -36.240, 1540.4964, -37.178,  , 
1540.5176, -30.376, 1540.5176, -32.994, 1540.5176, -36.235, 1540.5176, -35.150, 1540.5176, -36.286, 1540.5176, -37.168,  , 
1540.5389, -30.345, 1540.5389, -33.105, 1540.5389, -36.214, 1540.5389, -35.115, 1540.5389, -36.328, 1540.5389, -37.164,  , 
1540.5601, -30.313, 1540.5601, -33.226, 1540.5601, -36.187, 1540.5601, -35.081, 1540.5601, -36.371, 1540.5601, -37.154,  , 
1540.5814, -30.282, 1540.5814, -33.350, 1540.5814, -36.154, 1540.5814, -35.049, 1540.5814, -36.420, 1540.5814, -37.148,  , 
1540.6027, -30.258, 1540.6027, -33.470, 1540.6027, -36.120, 1540.6027, -35.024, 1540.6027, -36.462, 1540.6027, -37.148,  , 
1540.6239, -30.233, 1540.6239, -33.597, 1540.6239, -36.086, 1540.6239, -34.995, 1540.6239, -36.506, 1540.6239, -37.142,  , 
1540.6452, -30.209, 1540.6452, -33.722, 1540.6452, -36.044, 1540.6452, -34.978, 1540.6452, -36.548, 1540.6452, -37.143,  , 
1540.6664, -30.186, 1540.6664, -33.848, 1540.6664, -36.004, 1540.6664, -34.961, 1540.6664, -36.593, 1540.6664, -37.139,  , 
1540.6877, -30.169, 1540.6877, -33.969, 1540.6877, -35.960, 1540.6877, -34.944, 1540.6877, -36.633, 1540.6877, -37.143,  , 
1540.7089, -30.151, 1540.7089, -34.091, 1540.7089, -35.916, 1540.7089, -34.934, 1540.7089, -36.666, 1540.7089, -37.145,  , 
1540.7302, -30.132, 1540.7302, -34.214, 1540.7302, -35.867, 1540.7302, -34.925, 1540.7302, -36.706, 1540.7302, -37.147,  , 
1540.7514, -30.119, 1540.7514, -34.337, 1540.7514, -35.817, 1540.7514, -34.918, 1540.7514, -36.740, 1540.7514, -37.154,  , 
1540.7727, -30.105, 1540.7727, -34.457, 1540.7727, -35.765, 1540.7727, -34.918, 1540.7727, -36.768, 1540.7727, -37.163,  , 
1540.7939, -30.096, 1540.7939, -34.576, 1540.7939, -35.717, 1540.7939, -34.923, 1540.7939, -36.806, 1540.7939, -37.175,  , 
1540.8152, -30.093, 1540.8152, -34.695, 1540.8152, -35.666, 1540.8152, -34.927, 1540.8152, -36.841, 1540.8152, -37.193,  , 
1540.8365, -30.090, 1540.8365, -34.811, 1540.8365, -35.617, 1540.8365, -34.939, 1540.8365, -36.874, 1540.8365, -37.214,  , 
1540.8577, -30.088, 1540.8577, -34.922, 1540.8577, -35.569, 1540.8577, -34.954, 1540.8577, -36.908, 1540.8577, -37.231,  , 
1540.8790, -30.088, 1540.8790, -35.027, 1540.8790, -35.519, 1540.8790, -34.972, 1540.8790, -36.934, 1540.8790, -37.258,  , 
1540.9002, -30.091, 1540.9002, -35.133, 1540.9002, -35.468, 1540.9002, -34.992, 1540.9002, -36.964, 1540.9002, -37.285,  , 
1540.9215, -30.093, 1540.9215, -35.232, 1540.9215, -35.415, 1540.9215, -35.011, 1540.9215, -36.986, 1540.9215, -37.313,  , 
1540.9427, -30.098, 1540.9427, -35.323, 1540.9427, -35.361, 1540.9427, -35.034, 1540.9427, -37.004, 1540.9427, -37.349,  , 
1540.9640, -30.099, 1540.9640, -35.410, 1540.9640, -35.306, 1540.9640, -35.054, 1540.9640, -37.021, 1540.9640, -37.383,  , 
1540.9852, -30.106, 1540.9852, -35.486, 1540.9852, -35.254, 1540.9852, -35.077, 1540.9852, -37.031, 1540.9852, -37.416,  , 
1541.0065, -30.112, 1541.0065, -35.559, 1541.0065, -35.200, 1541.0065, -35.104, 1541.0065, -37.039, 1541.0065, -37.454,  , 
1541.0278, -30.123, 1541.0278, -35.630, 1541.0278, -35.150, 1541.0278, -35.130, 1541.0278, -37.049, 1541.0278, -37.492,  , 
1541.0490, -30.134, 1541.0490, -35.694, 1541.0490, -35.104, 1541.0490, -35.156, 1541.0490, -37.051, 1541.0490, -37.537,  , 
1541.0703, -30.153, 1541.0703, -35.748, 1541.0703, -35.056, 1541.0703, -35.189, 1541.0703, -37.055, 1541.0703, -37.582,  , 
1541.0915, -30.175, 1541.0915, -35.803, 1541.0915, -35.011, 1541.0915, -35.221, 1541.0915, -37.058, 1541.0915, -37.632,  , 
1541.1128, -30.195, 1541.1128, -35.850, 1541.1128, -34.966, 1541.1128, -35.255, 1541.1128, -37.055, 1541.1128, -37.683,  , 
1541.1340, -30.221, 1541.1340, -35.887, 1541.1340, -34.929, 1541.1340, -35.289, 1541.1340, -37.051, 1541.1340, -37.743,  , 
1541.1553, -30.246, 1541.1553, -35.924, 1541.1553, -34.889, 1541.1553, -35.320, 1541.1553, -37.047, 1541.1553, -37.800,  , 
1541.1765, -30.277, 1541.1765, -35.953, 1541.1765, -34.854, 1541.1765, -35.359, 1541.1765, -37.037, 1541.1765, -37.861,  , 
1541.1978, -30.315, 1541.1978, -35.978, 1541.1978, -34.828, 1541.1978, -35.398, 1541.1978, -37.027, 1541.1978, -37.929,  , 
1541.2191, -30.354, 1541.2191, -36.001, 1541.2191, -34.798, 1541.2191, -35.437, 1541.2191, -37.021, 1541.2191, -38.003,  , 
1541.2403, -30.398, 1541.2403, -36.014, 1541.2403, -34.780, 1541.2403, -35.481, 1541.2403, -37.011, 1541.2403, -38.083,  , 
1541.2616, -30.445, 1541.2616, -36.027, 1541.2616, -34.762, 1541.2616, -35.520, 1541.2616, -37.003, 1541.2616, -38.166,  , 
1541.2828, -30.496, 1541.2828, -36.036, 1541.2828, -34.746, 1541.2828, -35.568, 1541.2828, -36.997, 1541.2828, -38.260,  , 
1541.3041, -30.554, 1541.3041, -36.040, 1541.3041, -34.739, 1541.3041, -35.617, 1541.3041, -36.985, 1541.3041, -38.357,  , 
1541.3253, -30.612, 1541.3253, -36.040, 1541.3253, -34.734, 1541.3253, -35.664, 1541.3253, -36.978, 1541.3253, -38.456,  , 
1541.3466, -30.674, 1541.3466, -36.036, 1541.3466, -34.732, 1541.3466, -35.710, 1541.3466, -36.970, 1541.3466, -38.568,  , 
1541.3678, -30.743, 1541.3678, -36.024, 1541.3678, -34.735, 1541.3678, -35.762, 1541.3678, -36.959, 1541.3678, -38.679,  , 
1541.3891, -30.814, 1541.3891, -36.014, 1541.3891, -34.739, 1541.3891, -35.808, 1541.3891, -36.953, 1541.3891, -38.802,  , 
1541.4104, -30.887, 1541.4104, -35.995, 1541.4104, -34.751, 1541.4104, -35.860, 1541.4104, -36.945, 1541.4104, -38.926,  , 
1541.4316, -30.961, 1541.4316, -35.975, 1541.4316, -34.760, 1541.4316, -35.906, 1541.4316, -36.938, 1541.4316, -39.051,  , 
1541.4529, -31.042, 1541.4529, -35.951, 1541.4529, -34.773, 1541.4529, -35.954, 1541.4529, -36.931, 1541.4529, -39.190,  , 
1541.4741, -31.122, 1541.4741, -35.919, 1541.4741, -34.792, 1541.4741, -36.004, 1541.4741, -36.920, 1541.4741, -39.334,  , 
1541.4954, -31.208, 1541.4954, -35.888, 1541.4954, -34.814, 1541.4954, -36.052, 1541.4954, -36.916, 1541.4954, -39.480,  , 
1541.5166, -31.301, 1541.5166, -35.853, 1541.5166, -34.838, 1541.5166, -36.099, 1541.5166, -36.910, 1541.5166, -39.636,  , 
1541.5379, -31.393, 1541.5379, -35.815, 1541.5379, -34.870, 1541.5379, -36.147, 1541.5379, -36.907, 1541.5379, -39.797,  , 
1541.5591, -31.491, 1541.5591, -35.778, 1541.5591, -34.899, 1541.5591, -36.192, 1541.5591, -36.905, 1541.5591, -39.965,  , 
1541.5804, -31.591, 1541.5804, -35.739, 1541.5804, -34.939, 1541.5804, -36.244, 1541.5804, -36.908, 1541.5804, -40.142,  , 
1541.6017, -31.693, 1541.6017, -35.693, 1541.6017, -34.975, 1541.6017, -36.282, 1541.6017, -36.904, 1541.6017, -40.319,  , 
1541.6229, -31.799, 1541.6229, -35.646, 1541.6229, -35.013, 1541.6229, -36.323, 1541.6229, -36.906, 1541.6229, -40.505,  , 
1541.6442, -31.900, 1541.6442, -35.595, 1541.6442, -35.054, 1541.6442, -36.363, 1541.6442, -36.908, 1541.6442, -40.681,  , 
1541.6654, -32.012, 1541.6654, -35.543, 1541.6654, -35.096, 1541.6654, -36.398, 1541.6654, -36.912, 1541.6654, -40.884,  , 
1541.6867, -32.119, 1541.6867, -35.493, 1541.6867, -35.141, 1541.6867, -36.435, 1541.6867, -36.915, 1541.6867, -41.076,  , 
1541.7079, -32.235, 1541.7079, -35.441, 1541.7079, -35.188, 1541.7079, -36.470, 1541.7079, -36.924, 1541.7079, -41.279,  , 
1541.7292, -32.353, 1541.7292, -35.388, 1541.7292, -35.233, 1541.7292, -36.499, 1541.7292, -36.938, 1541.7292, -41.479,  , 
1541.7504, -32.468, 1541.7504, -35.337, 1541.7504, -35.284, 1541.7504, -36.536, 1541.7504, -36.951, 1541.7504, -41.689,  , 
1541.7717, -32.591, 1541.7717, -35.285, 1541.7717, -35.335, 1541.7717, -36.565, 1541.7717, -36.966, 1541.7717, -41.894,  , 
1541.7929, -32.704, 1541.7929, -35.235, 1541.7929, -35.383, 1541.7929, -36.592, 1541.7929, -36.990, 1541.7929, -42.093,  , 
1541.8142, -32.827, 1541.8142, -35.184, 1541.8142, -35.437, 1541.8142, -36.621, 1541.8142, -37.011, 1541.8142, -42.301,  , 
1541.8355, -32.950, 1541.8355, -35.134, 1541.8355, -35.486, 1541.8355, -36.647, 1541.8355, -37.037, 1541.8355, -42.503,  , 
1541.8567, -33.070, 1541.8567, -35.086, 1541.8567, -35.537, 1541.8567, -36.668, 1541.8567, -37.069, 1541.8567, -42.699,  , 
1541.8780, -33.188, 1541.8780, -35.036, 1541.8780, -35.589, 1541.8780, -36.690, 1541.8780, -37.096, 1541.8780, -42.891,  , 
1541.8992, -33.307, 1541.8992, -34.994, 1541.8992, -35.634, 1541.8992, -36.705, 1541.8992, -37.131, 1541.8992, -43.066,  , 
1541.9205, -33.428, 1541.9205, -34.951, 1541.9205, -35.688, 1541.9205, -36.722, 1541.9205, -37.171, 1541.9205, -43.250,  , 
1541.9417, -33.550, 1541.9417, -34.910, 1541.9417, -35.740, 1541.9417, -36.740, 1541.9417, -37.211, 1541.9417, -43.410,  , 
1541.9630, -33.670, 1541.9630, -34.870, 1541.9630, -35.789, 1541.9630, -36.758, 1541.9630, -37.260, 1541.9630, -43.568,  , 
1541.9842, -33.788, 1541.9842, -34.833, 1541.9842, -35.841, 1541.9842, -36.775, 1541.9842, -37.311, 1541.9842, -43.705,  , 
1542.0055, -33.907, 1542.0055, -34.802, 1542.0055, -35.888, 1542.0055, -36.786, 1542.0055, -37.364, 1542.0055, -43.832,  , 
1542.0268, -34.023, 1542.0268, -34.770, 1542.0268, -35.937, 1542.0268, -36.797, 1542.0268, -37.432, 1542.0268, -43.935,  , 
1542.0480, -34.133, 1542.0480, -34.741, 1542.0480, -35.984, 1542.0480, -36.809, 1542.0480, -37.487, 1542.0480, -44.020,  , 
1542.0693, -34.250, 1542.0693, -34.715, 1542.0693, -36.027, 1542.0693, -36.818, 1542.0693, -37.554, 1542.0693, -44.089,  , 
1542.0905, -34.358, 1542.0905, -34.695, 1542.0905, -36.071, 1542.0905, -36.824, 1542.0905, -37.628, 1542.0905, -44.125,  , 
1542.1118, -34.471, 1542.1118, -34.670, 1542.1118, -36.116, 1542.1118, -36.830, 1542.1118, -37.706, 1542.1118, -44.139,  , 
1542.1330, -34.581, 1542.1330, -34.656, 1542.1330, -36.164, 1542.1330, -36.835, 1542.1330, -37.787, 1542.1330, -44.125,  , 
1542.1543, -34.683, 1542.1543, -34.640, 1542.1543, -36.210, 1542.1543, -36.846, 1542.1543, -37.876, 1542.1543, -44.093,  , 
1542.1755, -34.790, 1542.1755, -34.631, 1542.1755, -36.249, 1542.1755, -36.850, 1542.1755, -37.974, 1542.1755, -44.030,  , 
1542.1968, -34.887, 1542.1968, -34.629, 1542.1968, -36.295, 1542.1968, -36.851, 1542.1968, -38.069, 1542.1968, -43.938,  , 
1542.2181, -34.988, 1542.2181, -34.627, 1542.2181, -36.332, 1542.2181, -36.860, 1542.2181, -38.177, 1542.2181, -43.830,  , 
1542.2393, -35.088, 1542.2393, -34.631, 1542.2393, -36.370, 1542.2393, -36.860, 1542.2393, -38.293, 1542.2393, -43.687,  , 
1542.2606, -35.176, 1542.2606, -34.639, 1542.2606, -36.411, 1542.2606, -36.862, 1542.2606, -38.412, 1542.2606, -43.524,  , 
1542.2818, -35.263, 1542.2818, -34.643, 1542.2818, -36.447, 1542.2818, -36.867, 1542.2818, -38.532, 1542.2818, -43.343,  , 
1542.3031, -35.344, 1542.3031, -34.656, 1542.3031, -36.481, 1542.3031, -36.862, 1542.3031, -38.665, 1542.3031, -43.140,  , 
1542.3243, -35.419, 1542.3243, -34.669, 1542.3243, -36.513, 1542.3243, -36.861, 1542.3243, -38.797, 1542.3243, -42.922,  , 
1542.3456, -35.482, 1542.3456, -34.685, 1542.3456, -36.539, 1542.3456, -36.856, 1542.3456, -38.932, 1542.3456, -42.695,  , 
1542.3668, -35.550, 1542.3668, -34.704, 1542.3668, -36.569, 1542.3668, -36.850, 1542.3668, -39.077, 1542.3668, -42.456,  , 
1542.3881, -35.605, 1542.3881, -34.724, 1542.3881, -36.593, 1542.3881, -36.846, 1542.3881, -39.228, 1542.3881, -42.199,  , 
1542.4094, -35.656, 1542.4094, -34.746, 1542.4094, -36.617, 1542.4094, -36.837, 1542.4094, -39.373, 1542.4094, -41.947,  , 
1542.4306, -35.700, 1542.4306, -34.771, 1542.4306, -36.632, 1542.4306, -36.829, 1542.4306, -39.531, 1542.4306, -41.673,  , 
1542.4519, -35.735, 1542.4519, -34.795, 1542.4519, -36.651, 1542.4519, -36.819, 1542.4519, -39.690, 1542.4519, -41.402,  , 
1542.4731, -35.767, 1542.4731, -34.823, 1542.4731, -36.664, 1542.4731, -36.802, 1542.4731, -39.847, 1542.4731, -41.123,  , 
1542.4944, -35.792, 1542.4944, -34.851, 1542.4944, -36.676, 1542.4944, -36.796, 1542.4944, -40.010, 1542.4944, -40.855,  , 
1542.5156, -35.812, 1542.5156, -34.884, 1542.5156, -36.683, 1542.5156, -36.784, 1542.5156, -40.186, 1542.5156, -40.566,  , 
1542.5369, -35.826, 1542.5369, -34.921, 1542.5369, -36.697, 1542.5369, -36.773, 1542.5369, -40.354, 1542.5369, -40.291,  , 
1542.5581, -35.835, 1542.5581, -34.959, 1542.5581, -36.707, 1542.5581, -36.764, 1542.5581, -40.532, 1542.5581, -40.007,  , 
1542.5794, -35.843, 1542.5794, -35.001, 1542.5794, -36.717, 1542.5794, -36.756, 1542.5794, -40.723, 1542.5794, -39.727,  , 
1542.6007, -35.845, 1542.6007, -35.042, 1542.6007, -36.724, 1542.6007, -36.752, 1542.6007, -40.906, 1542.6007, -39.455,  , 
1542.6219, -35.839, 1542.6219, -35.087, 1542.6219, -36.727, 1542.6219, -36.748, 1542.6219, -41.098, 1542.6219, -39.185,  , 
1542.6432, -35.837, 1542.6432, -35.139, 1542.6432, -36.734, 1542.6432, -36.747, 1542.6432, -41.293, 1542.6432, -38.912,  , 
1542.6644, -35.825, 1542.6644, -35.187, 1542.6644, -36.739, 1542.6644, -36.753, 1542.6644, -41.496, 1542.6644, -38.647,  , 
1542.6857, -35.810, 1542.6857, -35.234, 1542.6857, -36.748, 1542.6857, -36.760, 1542.6857, -41.689, 1542.6857, -38.399,  , 
1542.7069, -35.796, 1542.7069, -35.287, 1542.7069, -36.757, 1542.7069, -36.765, 1542.7069, -41.891, 1542.7069, -38.139,  , 
1542.7282, -35.772, 1542.7282, -35.340, 1542.7282, -36.753, 1542.7282, -36.778, 1542.7282, -42.093, 1542.7282, -37.891,  , 
1542.7494, -35.749, 1542.7494, -35.393, 1542.7494, -36.759, 1542.7494, -36.788, 1542.7494, -42.295, 1542.7494, -37.638,  , 
1542.7707, -35.725, 1542.7707, -35.450, 1542.7707, -36.763, 1542.7707, -36.805, 1542.7707, -42.497, 1542.7707, -37.398,  , 
1542.7919, -35.689, 1542.7919, -35.501, 1542.7919, -36.760, 1542.7919, -36.826, 1542.7919, -42.684, 1542.7919, -37.162,  , 
1542.8132, -35.662, 1542.8132, -35.552, 1542.8132, -36.762, 1542.8132, -36.847, 1542.8132, -42.886, 1542.8132, -36.925,  , 
1542.8345, -35.625, 1542.8345, -35.610, 1542.8345, -36.762, 1542.8345, -36.874, 1542.8345, -43.064, 1542.8345, -36.697,  , 
1542.8557, -35.587, 1542.8557, -35.659, 1542.8557, -36.762, 1542.8557, -36.904, 1542.8557, -43.243, 1542.8557, -36.476,  , 
1542.8770, -35.551, 1542.8770, -35.713, 1542.8770, -36.758, 1542.8770, -36.936, 1542.8770, -43.398, 1542.8770, -36.269,  , 
1542.8982, -35.509, 1542.8982, -35.765, 1542.8982, -36.756, 1542.8982, -36.976, 1542.8982, -43.552, 1542.8982, -36.049,  , 
1542.9195, -35.465, 1542.9195, -35.815, 1542.9195, -36.756, 1542.9195, -37.021, 1542.9195, -43.697, 1542.9195, -35.846,  , 
1542.9407, -35.424, 1542.9407, -35.870, 1542.9407, -36.754, 1542.9407, -37.061, 1542.9407, -43.813, 1542.9407, -35.631,  , 
1542.9620, -35.378, 1542.9620, -35.915, 1542.9620, -36.748, 1542.9620, -37.115, 1542.9620, -43.920, 1542.9620, -35.435,  , 
1542.9832, -35.336, 1542.9832, -35.963, 1542.9832, -36.743, 1542.9832, -37.163, 1542.9832, -43.995, 1542.9832, -35.237,  , 
1543.0045, -35.284, 1543.0045, -36.009, 1543.0045, -36.738, 1543.0045, -37.220, 1543.0045, -44.057, 1543.0045, -35.044,  , 
1543.0258, -35.235, 1543.0258, -36.052, 1543.0258, -36.731, 1543.0258, -37.283, 1543.0258, -44.092, 1543.0258, -34.852,  , 
1543.0470, -35.184, 1543.0470, -36.094, 1543.0470, -36.729, 1543.0470, -37.342, 1543.0470, -44.098, 1543.0470, -34.660,  , 
1543.0683, -35.136, 1543.0683, -36.136, 1543.0683, -36.722, 1543.0683, -37.419, 1543.0683, -44.082, 1543.0683, -34.490,  , 
1543.0895, -35.091, 1543.0895, -36.176, 1543.0895, -36.718, 1543.0895, -37.490, 1543.0895, -44.032, 1543.0895, -34.303,  , 
1543.1108, -35.044, 1543.1108, -36.216, 1543.1108, -36.717, 1543.1108, -37.576, 1543.1108, -43.968, 1543.1108, -34.135,  , 
1543.1320, -34.996, 1543.1320, -36.251, 1543.1320, -36.712, 1543.1320, -37.663, 1543.1320, -43.864, 1543.1320, -33.949,  , 
1543.1533, -34.953, 1543.1533, -36.290, 1543.1533, -36.715, 1543.1533, -37.756, 1543.1533, -43.746, 1543.1533, -33.780,  , 
1543.1745, -34.907, 1543.1745, -36.325, 1543.1745, -36.714, 1543.1745, -37.852, 1543.1745, -43.595, 1543.1745, -33.614,  , 
1543.1958, -34.863, 1543.1958, -36.356, 1543.1958, -36.719, 1543.1958, -37.955, 1543.1958, -43.425, 1543.1958, -33.455,  , 
1543.2171, -34.826, 1543.2171, -36.387, 1543.2171, -36.722, 1543.2171, -38.063, 1543.2171, -43.237, 1543.2171, -33.301,  , 
1543.2383, -34.782, 1543.2383, -36.414, 1543.2383, -36.722, 1543.2383, -38.175, 1543.2383, -43.029, 1543.2383, -33.145,  , 
1543.2596, -34.747, 1543.2596, -36.439, 1543.2596, -36.730, 1543.2596, -38.289, 1543.2596, -42.817, 1543.2596, -33.000,  , 
1543.2808, -34.711, 1543.2808, -36.466, 1543.2808, -36.743, 1543.2808, -38.416, 1543.2808, -42.566, 1543.2808, -32.854,  , 
1543.3021, -34.679, 1543.3021, -36.491, 1543.3021, -36.754, 1543.3021, -38.546, 1543.3021, -42.326, 1543.3021, -32.713,  , 
1543.3233, -34.650, 1543.3233, -36.517, 1543.3233, -36.768, 1543.3233, -38.676, 1543.3233, -42.072, 1543.3233, -32.583,  , 
1543.3446, -34.622, 1543.3446, -36.537, 1543.3446, -36.789, 1543.3446, -38.821, 1543.3446, -41.803, 1543.3446, -32.449,  , 
1543.3658, -34.601, 1543.3658, -36.556, 1543.3658, -36.811, 1543.3658, -38.967, 1543.3658, -41.533, 1543.3658, -32.322,  , 
1543.3871, -34.584, 1543.3871, -36.579, 1543.3871, -36.841, 1543.3871, -39.112, 1543.3871, -41.270, 1543.3871, -32.204,  , 
1543.4084, -34.568, 1543.4084, -36.595, 1543.4084, -36.861, 1543.4084, -39.270, 1543.4084, -41.001, 1543.4084, -32.086,  , 
1543.4296, -34.549, 1543.4296, -36.613, 1543.4296, -36.897, 1543.4296, -39.426, 1543.4296, -40.723, 1543.4296, -31.976,  , 
1543.4509, -34.541, 1543.4509, -36.628, 1543.4509, -36.934, 1543.4509, -39.594, 1543.4509, -40.455, 1543.4509, -31.866,  , 
1543.4721, -34.534, 1543.4721, -36.642, 1543.4721, -36.968, 1543.4721, -39.759, 1543.4721, -40.181, 1543.4721, -31.762,  , 
1543.4934, -34.530, 1543.4934, -36.652, 1543.4934, -37.013, 1543.4934, -39.928, 1543.4934, -39.923, 1543.4934, -31.665,  , 
1543.5146, -34.533, 1543.5146, -36.666, 1543.5146, -37.062, 1543.5146, -40.110, 1543.5146, -39.647, 1543.5146, -31.566,  , 
1543.5359, -34.536, 1543.5359, -36.680, 1543.5359, -37.116, 1543.5359, -40.299, 1543.5359, -39.387, 1543.5359, -31.475,  , 
1543.5571, -34.547, 1543.5571, -36.692, 1543.5571, -37.177, 1543.5571, -40.485, 1543.5571, -39.122, 1543.5571, -31.393,  , 
1543.5784, -34.561, 1543.5784, -36.705, 1543.5784, -37.238, 1543.5784, -40.681, 1543.5784, -38.870, 1543.5784, -31.310,  , 
1543.5996, -34.576, 1543.5996, -36.717, 1543.5996, -37.306, 1543.5996, -40.880, 1543.5996, -38.619, 1543.5996, -31.231,  , 
1543.6209, -34.598, 1543.6209, -36.730, 1543.6209, -37.389, 1543.6209, -41.084, 1543.6209, -38.370, 1543.6209, -31.164,  , 
1543.6422, -34.622, 1543.6422, -36.738, 1543.6422, -37.460, 1543.6422, -41.295, 1543.6422, -38.127, 1543.6422, -31.092,  , 
1543.6634, -34.646, 1543.6634, -36.748, 1543.6634, -37.542, 1543.6634, -41.494, 1543.6634, -37.879, 1543.6634, -31.025,  , 
1543.6847, -34.674, 1543.6847, -36.754, 1543.6847, -37.631, 1543.6847, -41.710, 1543.6847, -37.644, 1543.6847, -30.961,  , 
1543.7059, -34.704, 1543.7059, -36.757, 1543.7059, -37.720, 1543.7059, -41.923, 1543.7059, -37.408, 1543.7059, -30.903,  , 
1543.7272, -34.738, 1543.7272, -36.761, 1543.7272, -37.817, 1543.7272, -42.130, 1543.7272, -37.178, 1543.7272, -30.848,  , 
1543.7484, -34.773, 1543.7484, -36.765, 1543.7484, -37.915, 1543.7484, -42.339, 1543.7484, -36.948, 1543.7484, -30.795,  , 
1543.7697, -34.808, 1543.7697, -36.761, 1543.7697, -38.023, 1543.7697, -42.551, 1543.7697, -36.719, 1543.7697, -30.744,  , 
1543.7909, -34.848, 1543.7909, -36.764, 1543.7909, -38.135, 1543.7909, -42.753, 1543.7909, -36.499, 1543.7909, -30.693,  , 
1543.8122, -34.890, 1543.8122, -36.761, 1543.8122, -38.252, 1543.8122, -42.950, 1543.8122, -36.276, 1543.8122, -30.648,  , 
1543.8335, -34.931, 1543.8335, -36.756, 1543.8335, -38.373, 1543.8335, -43.143, 1543.8335, -36.058, 1543.8335, -30.605,  , 
1543.8547, -34.974, 1543.8547, -36.753, 1543.8547, -38.497, 1543.8547, -43.317, 1543.8547, -35.845, 1543.8547, -30.564,  , 
1543.8760, -35.019, 1543.8760, -36.745, 1543.8760, -38.626, 1543.8760, -43.479, 1543.8760, -35.638, 1543.8760, -30.524,  , 
1543.8972, -35.065, 1543.8972, -36.735, 1543.8972, -38.761, 1543.8972, -43.635, 1543.8972, -35.424, 1543.8972, -30.484,  , 
1543.9185, -35.115, 1543.9185, -36.733, 1543.9185, -38.901, 1543.9185, -43.769, 1543.9185, -35.223, 1543.9185, -30.449,  , 
1543.9397, -35.164, 1543.9397, -36.725, 1543.9397, -39.050, 1543.9397, -43.889, 1543.9397, -35.019, 1543.9397, -30.413,  , 
1543.9610, -35.215, 1543.9610, -36.717, 1543.9610, -39.201, 1543.9610, -43.986, 1543.9610, -34.821, 1543.9610, -30.382,  , 
1543.9822, -35.269, 1543.9822, -36.710, 1543.9822, -39.358, 1543.9822, -44.054, 1543.9822, -34.628, 1543.9822, -30.353,  , 
1544.0035, -35.321, 1544.0035, -36.705, 1544.0035, -39.522, 1544.0035, -44.108, 1544.0035, -34.444, 1544.0035, -30.329,  , 
1544.0248, -35.375, 1544.0248, -36.707, 1544.0248, -39.692, 1544.0248, -44.125, 1544.0248, -34.262, 1544.0248, -30.303,  , 
1544.0460, -35.432, 1544.0460, -36.705, 1544.0460, -39.863, 1544.0460, -44.126, 1544.0460, -34.089, 1544.0460, -30.285,  , 
1544.0673, -35.489, 1544.0673, -36.706, 1544.0673, -40.047, 1544.0673, -44.098, 1544.0673, -33.911, 1544.0673, -30.269,  , 
1544.0885, -35.548, 1544.0885, -36.712, 1544.0885, -40.239, 1544.0885, -44.046, 1544.0885, -33.745, 1544.0885, -30.255,  , 
1544.1098, -35.604, 1544.1098, -36.711, 1544.1098, -40.425, 1544.1098, -43.954, 1544.1098, -33.588, 1544.1098, -30.241,  , 
1544.1310, -35.661, 1544.1310, -36.719, 1544.1310, -40.627, 1544.1310, -43.834, 1544.1310, -33.418, 1544.1310, -30.228,  , 
1544.1523, -35.713, 1544.1523, -36.725, 1544.1523, -40.823, 1544.1523, -43.702, 1544.1523, -33.273, 1544.1523, -30.218,  , 
1544.1735, -35.764, 1544.1735, -36.735, 1544.1735, -41.017, 1544.1735, -43.549, 1544.1735, -33.128, 1544.1735, -30.211,  , 
1544.1948, -35.824, 1544.1948, -36.748, 1544.1948, -41.232, 1544.1948, -43.362, 1544.1948, -32.985, 1544.1948, -30.204,  , 
1544.2161, -35.875, 1544.2161, -36.767, 1544.2161, -41.430, 1544.2161, -43.172, 1544.2161, -32.846, 1544.2161, -30.200,  , 
1544.2373, -35.924, 1544.2373, -36.783, 1544.2373, -41.645, 1544.2373, -42.967, 1544.2373, -32.719, 1544.2373, -30.197,  , 
1544.2586, -35.978, 1544.2586, -36.811, 1544.2586, -41.853, 1544.2586, -42.742, 1544.2586, -32.590, 1544.2586, -30.199,  , 
1544.2798, -36.025, 1544.2798, -36.834, 1544.2798, -42.068, 1544.2798, -42.512, 1544.2798, -32.467, 1544.2798, -30.197,  , 
1544.3011, -36.071, 1544.3011, -36.865, 1544.3011, -42.278, 1544.3011, -42.262, 1544.3011, -32.350, 1544.3011, -30.196,  , 
1544.3223, -36.120, 1544.3223, -36.901, 1544.3223, -42.491, 1544.3223, -42.012, 1544.3223, -32.227, 1544.3223, -30.196,  , 
1544.3436, -36.159, 1544.3436, -36.932, 1544.3436, -42.692, 1544.3436, -41.752, 1544.3436, -32.117, 1544.3436, -30.197,  , 
1544.3648, -36.204, 1544.3648, -36.973, 1544.3648, -42.886, 1544.3648, -41.497, 1544.3648, -32.010, 1544.3648, -30.196,  , 
1544.3861, -36.241, 1544.3861, -37.012, 1544.3861, -43.082, 1544.3861, -41.229, 1544.3861, -31.904, 1544.3861, -30.195,  , 
1544.4074, -36.276, 1544.4074, -37.055, 1544.4074, -43.260, 1544.4074, -40.963, 1544.4074, -31.802, 1544.4074, -30.193,  , 
1544.4286, -36.312, 1544.4286, -37.107, 1544.4286, -43.431, 1544.4286, -40.691, 1544.4286, -31.706, 1544.4286, -30.191,  , 
1544.4499, -36.345, 1544.4499, -37.154, 1544.4499, -43.595, 1544.4499, -40.431, 1544.4499, -31.613, 1544.4499, -30.192,  , 
1544.4711, -36.380, 1544.4711, -37.217, 1544.4711, -43.734, 1544.4711, -40.165, 1544.4711, -31.523, 1544.4711, -30.194,  , 
1544.4924, -36.414, 1544.4924, -37.281, 1544.4924, -43.867, 1544.4924, -39.901, 1544.4924, -31.440, 1544.4924, -30.191,  , 
1544.5136, -36.441, 1544.5136, -37.343, 1544.5136, -43.977, 1544.5136, -39.632, 1544.5136, -31.358, 1544.5136, -30.190,  , 
1544.5349, -36.470, 1544.5349, -37.414, 1544.5349, -44.069, 1544.5349, -39.380, 1544.5349, -31.281, 1544.5349, -30.187,  , 
1544.5561, -36.498, 1544.5561, -37.493, 1544.5561, -44.133, 1544.5561, -39.122, 1544.5561, -31.204, 1544.5561, -30.184,  , 
1544.5774, -36.518, 1544.5774, -37.575, 1544.5774, -44.169, 1544.5774, -38.858, 1544.5774, -31.133, 1544.5774, -30.179,  , 
1544.5986, -36.546, 1544.5986, -37.657, 1544.5986, -44.190, 1544.5986, -38.611, 1544.5986, -31.067, 1544.5986, -30.173,  , 
1544.6199, -36.564, 1544.6199, -37.746, 1544.6199, -44.171, 1544.6199, -38.351, 1544.6199, -31.000, 1544.6199, -30.166,  , 
1544.6412, -36.589, 1544.6412, -37.842, 1544.6412, -44.135, 1544.6412, -38.107, 1544.6412, -30.940, 1544.6412, -30.158,  , 
1544.6624, -36.608, 1544.6624, -37.941, 1544.6624, -44.075, 1544.6624, -37.863, 1544.6624, -30.882, 1544.6624, -30.151,  , 
1544.6837, -36.623, 1544.6837, -38.049, 1544.6837, -43.986, 1544.6837, -37.624, 1544.6837, -30.830, 1544.6837, -30.144,  , 
1544.7049, -36.649, 1544.7049, -38.166, 1544.7049, -43.862, 1544.7049, -37.378, 1544.7049, -30.778, 1544.7049, -30.135,  , 
1544.7262, -36.660, 1544.7262, -38.285, 1544.7262, -43.728, 1544.7262, -37.144, 1544.7262, -30.732, 1544.7262, -30.126,  , 
1544.7474, -36.676, 1544.7474, -38.407, 1544.7474, -43.565, 1544.7474, -36.917, 1544.7474, -30.687, 1544.7474, -30.116,  , 
1544.7687, -36.694, 1544.7687, -38.536, 1544.7687, -43.387, 1544.7687, -36.684, 1544.7687, -30.648, 1544.7687, -30.105,  , 
1544.7899, -36.703, 1544.7899, -38.675, 1544.7899, -43.182, 1544.7899, -36.466, 1544.7899, -30.609, 1544.7899, -30.094,  , 
1544.8112, -36.718, 1544.8112, -38.811, 1544.8112, -42.962, 1544.8112, -36.242, 1544.8112, -30.572, 1544.8112, -30.075,  , 
1544.8325, -36.730, 1544.8325, -38.963, 1544.8325, -42.733, 1544.8325, -36.027, 1544.8325, -30.538, 1544.8325, -30.060,  , 
1544.8537, -36.739, 1544.8537, -39.112, 1544.8537, -42.488, 1544.8537, -35.820, 1544.8537, -30.509, 1544.8537, -30.049,  , 
1544.8750, -36.748, 1544.8750, -39.271, 1544.8750, -42.234, 1544.8750, -35.611, 1544.8750, -30.483, 1544.8750, -30.034,  , 
1544.8962, -36.759, 1544.8962, -39.444, 1544.8962, -41.966, 1544.8962, -35.403, 1544.8962, -30.461, 1544.8962, -30.021,  , 
1544.9175, -36.768, 1544.9175, -39.611, 1544.9175, -41.710, 1544.9175, -35.215, 1544.9175, -30.442, 1544.9175, -30.007,  , 
1544.9387, -36.782, 1544.9387, -39.792, 1544.9387, -41.447, 1544.9387, -35.026, 1544.9387, -30.427, 1544.9387, -29.995,  , 
1544.9600, -36.784, 1544.9600, -39.972, 1544.9600, -41.180, 1544.9600, -34.844, 1544.9600, -30.415, 1544.9600, -29.983,  , 
1544.9812, -36.797, 1544.9812, -40.158, 1544.9812, -40.919, 1544.9812, -34.665, 1544.9812, -30.403, 1544.9812, -29.970,  , 
1545.0025, -36.805, 1545.0025, -40.351, 1545.0025, -40.643, 1545.0025, -34.490, 1545.0025, -30.395, 1545.0025, -29.959,  , 
1545.0238, -36.806, 1545.0238, -40.540, 1545.0238, -40.382, 1545.0238, -34.326, 1545.0238, -30.387, 1545.0238, -29.945,  , 
1545.0450, -36.812, 1545.0450, -40.736, 1545.0450, -40.112, 1545.0450, -34.161, 1545.0450, -30.383, 1545.0450, -29.930,  , 
1545.0663, -36.815, 1545.0663, -40.934, 1545.0663, -39.855, 1545.0663, -33.992, 1545.0663, -30.375, 1545.0663, -29.918,  , 
1545.0875, -36.818, 1545.0875, -41.146, 1545.0875, -39.583, 1545.0875, -33.839, 1545.0875, -30.374, 1545.0875, -29.909,  , 
1545.1088, -36.821, 1545.1088, -41.344, 1545.1088, -39.338, 1545.1088, -33.695, 1545.1088, -30.377, 1545.1088, -29.899,  , 
1545.1300, -36.819, 1545.1300, -41.553, 1545.1300, -39.085, 1545.1300, -33.551, 1545.1300, -30.379, 1545.1300, -29.891,  , 
1545.1513, -36.826, 1545.1513, -41.758, 1545.1513, -38.840, 1545.1513, -33.409, 1545.1513, -30.383, 1545.1513, -29.883,  , 
1545.1725, -36.825, 1545.1725, -41.968, 1545.1725, -38.602, 1545.1725, -33.277, 1545.1725, -30.387, 1545.1725, -29.876,  , 
1545.1938, -36.824, 1545.1938, -42.177, 1545.1938, -38.354, 1545.1938, -33.144, 1545.1938, -30.391, 1545.1938, -29.871,  , 
1545.2151, -36.826, 1545.2151, -42.384, 1545.2151, -38.119, 1545.2151, -33.014, 1545.2151, -30.394, 1545.2151, -29.862,  , 
1545.2363, -36.818, 1545.2363, -42.587, 1545.2363, -37.879, 1545.2363, -32.886, 1545.2363, -30.396, 1545.2363, -29.852,  , 
1545.2576, -36.817, 1545.2576, -42.785, 1545.2576, -37.645, 1545.2576, -32.761, 1545.2576, -30.395, 1545.2576, -29.844,  , 
1545.2788, -36.812, 1545.2788, -42.987, 1545.2788, -37.405, 1545.2788, -32.634, 1545.2788, -30.397, 1545.2788, -29.833,  , 
1545.3001, -36.805, 1545.3001, -43.169, 1545.3001, -37.182, 1545.3001, -32.517, 1545.3001, -30.395, 1545.3001, -29.825,  , 
1545.3213, -36.806, 1545.3213, -43.348, 1545.3213, -36.951, 1545.3213, -32.399, 1545.3213, -30.396, 1545.3213, -29.814,  , 
1545.3426, -36.807, 1545.3426, -43.527, 1545.3426, -36.732, 1545.3426, -32.289, 1545.3426, -30.396, 1545.3426, -29.806,  , 
1545.3638, -36.805, 1545.3638, -43.690, 1545.3638, -36.513, 1545.3638, -32.184, 1545.3638, -30.398, 1545.3638, -29.802,  , 
1545.3851, -36.811, 1545.3851, -43.839, 1545.3851, -36.301, 1545.3851, -32.082, 1545.3851, -30.400, 1545.3851, -29.799,  , 
1545.4064, -36.815, 1545.4064, -43.971, 1545.4064, -36.096, 1545.4064, -31.985, 1545.4064, -30.401, 1545.4064, -29.798,  , 
1545.4276, -36.824, 1545.4276, -44.087, 1545.4276, -35.888, 1545.4276, -31.889, 1545.4276, -30.402, 1545.4276, -29.798,  , 
1545.4489, -36.831, 1545.4489, -44.174, 1545.4489, -35.687, 1545.4489, -31.798, 1545.4489, -30.401, 1545.4489, -29.797,  , 
1545.4701, -36.838, 1545.4701, -44.253, 1545.4701, -35.482, 1545.4701, -31.705, 1545.4701, -30.398, 1545.4701, -29.797,  , 
1545.4914, -36.850, 1545.4914, -44.297, 1545.4914, -35.291, 1545.4914, -31.624, 1545.4914, -30.394, 1545.4914, -29.797,  , 
1545.5126, -36.868, 1545.5126, -44.315, 1545.5126, -35.102, 1545.5126, -31.541, 1545.5126, -30.389, 1545.5126, -29.797,  , 
1545.5339, -36.883, 1545.5339, -44.301, 1545.5339, -34.915, 1545.5339, -31.468, 1545.5339, -30.385, 1545.5339, -29.799,  , 
1545.5551, -36.906, 1545.5551, -44.279, 1545.5551, -34.733, 1545.5551, -31.395, 1545.5551, -30.381, 1545.5551, -29.805,  , 
1545.5764, -36.932, 1545.5764, -44.213, 1545.5764, -34.560, 1545.5764, -31.328, 1545.5764, -30.377, 1545.5764, -29.815,  , 
1545.5976, -36.963, 1545.5976, -44.123, 1545.5976, -34.397, 1545.5976, -31.269, 1545.5976, -30.375, 1545.5976, -29.824,  , 
1545.6189, -36.996, 1545.6189, -44.013, 1545.6189, -34.232, 1545.6189, -31.206, 1545.6189, -30.368, 1545.6189, -29.832,  , 
1545.6402, -37.032, 1545.6402, -43.880, 1545.6402, -34.065, 1545.6402, -31.150, 1545.6402, -30.362, 1545.6402, -29.842,  , 
1545.6614, -37.070, 1545.6614, -43.714, 1545.6614, -33.898, 1545.6614, -31.094, 1545.6614, -30.351, 1545.6614, -29.851,  , 
1545.6827, -37.115, 1545.6827, -43.533, 1545.6827, -33.751, 1545.6827, -31.044, 1545.6827, -30.340, 1545.6827, -29.860,  , 
1545.7039, -37.157, 1545.7039, -43.337, 1545.7039, -33.597, 1545.7039, -30.995, 1545.7039, -30.329, 1545.7039, -29.870,  , 
1545.7252, -37.209, 1545.7252, -43.127, 1545.7252, -33.453, 1545.7252, -30.949, 1545.7252, -30.317, 1545.7252, -29.880,  , 
1545.7464, -37.258, 1545.7464, -42.904, 1545.7464, -33.309, 1545.7464, -30.907, 1545.7464, -30.300, 1545.7464, -29.890,  , 
1545.7677, -37.328, 1545.7677, -42.653, 1545.7677, -33.171, 1545.7677, -30.869, 1545.7677, -30.286, 1545.7677, -29.903,  , 
1545.7889, -37.394, 1545.7889, -42.413, 1545.7889, -33.043, 1545.7889, -30.833, 1545.7889, -30.273, 1545.7889, -29.914,  , 
1545.8102, -37.454, 1545.8102, -42.164, 1545.8102, -32.916, 1545.8102, -30.801, 1545.8102, -30.258, 1545.8102, -29.929,  , 
1545.8315, -37.525, 1545.8315, -41.907, 1545.8315, -32.796, 1545.8315, -30.773, 1545.8315, -30.244, 1545.8315, -29.940,  , 
1545.8527, -37.599, 1545.8527, -41.641, 1545.8527, -32.678, 1545.8527, -30.748, 1545.8527, -30.229, 1545.8527, -29.954,  , 
1545.8740, -37.679, 1545.8740, -41.387, 1545.8740, -32.563, 1545.8740, -30.724, 1545.8740, -30.214, 1545.8740, -29.969,  , 
1545.8952, -37.764, 1545.8952, -41.114, 1545.8952, -32.451, 1545.8952, -30.701, 1545.8952, -30.197, 1545.8952, -29.981,  , 
1545.9165, -37.855, 1545.9165, -40.844, 1545.9165, -32.339, 1545.9165, -30.680, 1545.9165, -30.180, 1545.9165, -29.995,  , 
1545.9377, -37.945, 1545.9377, -40.577, 1545.9377, -32.234, 1545.9377, -30.662, 1545.9377, -30.164, 1545.9377, -30.007,  , 
1545.9590, -38.045, 1545.9590, -40.311, 1545.9590, -32.136, 1545.9590, -30.648, 1545.9590, -30.144, 1545.9590, -30.020,  , 
1545.9802, -38.148, 1545.9802, -40.042, 1545.9802, -32.039, 1545.9802, -30.633, 1545.9802, -30.127, 1545.9802, -30.032,  , 
1546.0015, -38.256, 1546.0015, -39.782, 1546.0015, -31.948, 1546.0015, -30.622, 1546.0015, -30.111, 1546.0015, -30.045,  , 
1546.0228, -38.370, 1546.0228, -39.529, 1546.0228, -31.862, 1546.0228, -30.615, 1546.0228, -30.096, 1546.0228, -30.059,  , 
1546.0440, -38.492, 1546.0440, -39.275, 1546.0440, -31.778, 1546.0440, -30.609, 1546.0440, -30.082, 1546.0440, -30.071,  , 
1546.0653, -38.625, 1546.0653, -39.013, 1546.0653, -31.698, 1546.0653, -30.605, 1546.0653, -30.068, 1546.0653, -30.085,  , 
1546.0865, -38.747, 1546.0865, -38.771, 1546.0865, -31.622, 1546.0865, -30.600, 1546.0865, -30.055, 1546.0865, -30.097,  , 
1546.1078, -38.889, 1546.1078, -38.524, 1546.1078, -31.547, 1546.1078, -30.598, 1546.1078, -30.042, 1546.1078, -30.110,  , 
1546.1290, -39.028, 1546.1290, -38.281, 1546.1290, -31.479, 1546.1290, -30.594, 1546.1290, -30.029, 1546.1290, -30.122,  , 
1546.1503, -39.169, 1546.1503, -38.044, 1546.1503, -31.415, 1546.1503, -30.594, 1546.1503, -30.018, 1546.1503, -30.133,  , 
1546.1715, -39.322, 1546.1715, -37.808, 1546.1715, -31.350, 1546.1715, -30.592, 1546.1715, -30.006, 1546.1715, -30.141,  , 
1546.1928, -39.479, 1546.1928, -37.577, 1546.1928, -31.291, 1546.1928, -30.594, 1546.1928, -29.996, 1546.1928, -30.153,  , 
1546.2141, -39.645, 1546.2141, -37.339, 1546.2141, -31.234, 1546.2141, -30.595, 1546.2141, -29.986, 1546.2141, -30.162,  , 
1546.2353, -39.817, 1546.2353, -37.119, 1546.2353, -31.184, 1546.2353, -30.599, 1546.2353, -29.978, 1546.2353, -30.174,  , 
1546.2566, -39.992, 1546.2566, -36.902, 1546.2566, -31.141, 1546.2566, -30.605, 1546.2566, -29.978, 1546.2566, -30.189,  , 
1546.2778, -40.172, 1546.2778, -36.688, 1546.2778, -31.096, 1546.2778, -30.613, 1546.2778, -29.975, 1546.2778, -30.203,  , 
1546.2991, -40.361, 1546.2991, -36.478, 1546.2991, -31.057, 1546.2991, -30.617, 1546.2991, -29.975, 1546.2991, -30.215,  , 
1546.3203, -40.552, 1546.3203, -36.268, 1546.3203, -31.019, 1546.3203, -30.623, 1546.3203, -29.974, 1546.3203, -30.226,  , 
1546.3416, -40.744, 1546.3416, -36.068, 1546.3416, -30.985, 1546.3416, -30.626, 1546.3416, -29.977, 1546.3416, -30.235,  , 
1546.3628, -40.954, 1546.3628, -35.857, 1546.3628, -30.953, 1546.3628, -30.631, 1546.3628, -29.976, 1546.3628, -30.244,  , 
1546.3841, -41.149, 1546.3841, -35.664, 1546.3841, -30.924, 1546.3841, -30.637, 1546.3841, -29.978, 1546.3841, -30.254,  , 
1546.4054, -41.355, 1546.4054, -35.473, 1546.4054, -30.897, 1546.4054, -30.636, 1546.4054, -29.982, 1546.4054, -30.262,  , 
1546.4266, -41.560, 1546.4266, -35.285, 1546.4266, -30.875, 1546.4266, -30.640, 1546.4266, -29.987, 1546.4266, -30.268,  , 
1546.4479, -41.769, 1546.4479, -35.102, 1546.4479, -30.853, 1546.4479, -30.639, 1546.4479, -29.994, 1546.4479, -30.275,  , 
1546.4691, -41.992, 1546.4691, -34.922, 1546.4691, -30.838, 1546.4691, -30.644, 1546.4691, -30.005, 1546.4691, -30.284,  , 
1546.4904, -42.202, 1546.4904, -34.757, 1546.4904, -30.825, 1546.4904, -30.648, 1546.4904, -30.015, 1546.4904, -30.293,  , 
1546.5116, -42.421, 1546.5116, -34.583, 1546.5116, -30.817, 1546.5116, -30.650, 1546.5116, -30.030, 1546.5116, -30.304,  , 
1546.5329, -42.631, 1546.5329, -34.429, 1546.5329, -30.810, 1546.5329, -30.650, 1546.5329, -30.041, 1546.5329, -30.309,  , 
1546.5541, -42.838, 1546.5541, -34.274, 1546.5541, -30.802, 1546.5541, -30.648, 1546.5541, -30.052, 1546.5541, -30.314,  , 
1546.5754, -43.042, 1546.5754, -34.120, 1546.5754, -30.793, 1546.5754, -30.641, 1546.5754, -30.067, 1546.5754, -30.314,  , 
1546.5966, -43.233, 1546.5966, -33.959, 1546.5966, -30.786, 1546.5966, -30.634, 1546.5966, -30.076, 1546.5966, -30.316,  , 
1546.6179, -43.436, 1546.6179, -33.801, 1546.6179, -30.781, 1546.6179, -30.626, 1546.6179, -30.089, 1546.6179, -30.315,  , 
1546.6392, -43.608, 1546.6392, -33.663, 1546.6392, -30.779, 1546.6392, -30.616, 1546.6392, -30.103, 1546.6392, -30.316,  , 
1546.6604, -43.772, 1546.6604, -33.529, 1546.6604, -30.774, 1546.6604, -30.608, 1546.6604, -30.115, 1546.6604, -30.316,  , 
1546.6817, -43.937, 1546.6817, -33.391, 1546.6817, -30.775, 1546.6817, -30.594, 1546.6817, -30.131, 1546.6817, -30.309,  , 
1546.7029, -44.082, 1546.7029, -33.266, 1546.7029, -30.777, 1546.7029, -30.583, 1546.7029, -30.145, 1546.7029, -30.307,  , 
1546.7242, -44.201, 1546.7242, -33.145, 1546.7242, -30.779, 1546.7242, -30.572, 1546.7242, -30.159, 1546.7242, -30.302,  , 
1546.7454, -44.308, 1546.7454, -33.024, 1546.7454, -30.780, 1546.7454, -30.558, 1546.7454, -30.173, 1546.7454, -30.296,  , 
1546.7667, -44.393, 1546.7667, -32.910, 1546.7667, -30.782, 1546.7667, -30.545, 1546.7667, -30.189, 1546.7667, -30.290,  , 
1546.7879, -44.454, 1546.7879, -32.794, 1546.7879, -30.784, 1546.7879, -30.527, 1546.7879, -30.202, 1546.7879, -30.279,  , 
1546.8092, -44.494, 1546.8092, -32.685, 1546.8092, -30.787, 1546.8092, -30.506, 1546.8092, -30.213, 1546.8092, -30.268,  , 
1546.8305, -44.511, 1546.8305, -32.579, 1546.8305, -30.786, 1546.8305, -30.492, 1546.8305, -30.226, 1546.8305, -30.255,  , 
1546.8517, -44.494, 1546.8517, -32.473, 1546.8517, -30.787, 1546.8517, -30.472, 1546.8517, -30.239, 1546.8517, -30.242,  , 
1546.8730, -44.456, 1546.8730, -32.377, 1546.8730, -30.794, 1546.8730, -30.457, 1546.8730, -30.253, 1546.8730, -30.231,  , 
1546.8942, -44.399, 1546.8942, -32.283, 1546.8942, -30.795, 1546.8942, -30.439, 1546.8942, -30.268, 1546.8942, -30.216,  , 
1546.9155, -44.313, 1546.9155, -32.191, 1546.9155, -30.799, 1546.9155, -30.420, 1546.9155, -30.281, 1546.9155, -30.204,  , 
1546.9367, -44.197, 1546.9367, -32.107, 1546.9367, -30.801, 1546.9367, -30.406, 1546.9367, -30.296, 1546.9367, -30.190,  , 
1546.9580, -44.070, 1546.9580, -32.027, 1546.9580, -30.804, 1546.9580, -30.391, 1546.9580, -30.311, 1546.9580, -30.175,  , 
1546.9792, -43.911, 1546.9792, -31.943, 1546.9792, -30.808, 1546.9792, -30.374, 1546.9792, -30.326, 1546.9792, -30.160,  , 
1547.0005, -43.744, 1547.0005, -31.871, 1547.0005, -30.811, 1547.0005, -30.359, 1547.0005, -30.340, 1547.0005, -30.143,  , 
1547.0218, -43.549, 1547.0218, -31.800, 1547.0218, -30.805, 1547.0218, -30.343, 1547.0218, -30.353, 1547.0218, -30.123,  , 
1547.0430, -43.339, 1547.0430, -31.728, 1547.0430, -30.805, 1547.0430, -30.327, 1547.0430, -30.364, 1547.0430, -30.106,  , 
1547.0643, -43.113, 1547.0643, -31.663, 1547.0643, -30.801, 1547.0643, -30.312, 1547.0643, -30.374, 1547.0643, -30.084,  , 
1547.0855, -42.867, 1547.0855, -31.599, 1547.0855, -30.798, 1547.0855, -30.297, 1547.0855, -30.385, 1547.0855, -30.063,  , 
1547.1068, -42.628, 1547.1068, -31.539, 1547.1068, -30.790, 1547.1068, -30.286, 1547.1068, -30.398, 1547.1068, -30.043,  , 
1547.1280, -42.374, 1547.1280, -31.486, 1547.1280, -30.786, 1547.1280, -30.273, 1547.1280, -30.410, 1547.1280, -30.024,  , 
1547.1493, -42.114, 1547.1493, -31.435, 1547.1493, -30.780, 1547.1493, -30.262, 1547.1493, -30.418, 1547.1493, -30.003,  , 
1547.1705, -41.851, 1547.1705, -31.389, 1547.1705, -30.770, 1547.1705, -30.254, 1547.1705, -30.430, 1547.1705, -29.986,  , 
1547.1918, -41.588, 1547.1918, -31.345, 1547.1918, -30.761, 1547.1918, -30.247, 1547.1918, -30.440, 1547.1918, -29.965,  , 
1547.2131, -41.314, 1547.2131, -31.303, 1547.2131, -30.752, 1547.2131, -30.241, 1547.2131, -30.448, 1547.2131, -29.945,  , 
1547.2343, -41.045, 1547.2343, -31.267, 1547.2343, -30.739, 1547.2343, -30.233, 1547.2343, -30.454, 1547.2343, -29.924,  , 
1547.2556, -40.775, 1547.2556, -31.230, 1547.2556, -30.725, 1547.2556, -30.226, 1547.2556, -30.461, 1547.2556, -29.903,  , 
1547.2768, -40.506, 1547.2768, -31.200, 1547.2768, -30.706, 1547.2768, -30.221, 1547.2768, -30.465, 1547.2768, -29.883,  , 
1547.2981, -40.244, 1547.2981, -31.170, 1547.2981, -30.692, 1547.2981, -30.218, 1547.2981, -30.471, 1547.2981, -29.864,  , 
1547.3193, -39.970, 1547.3193, -31.144, 1547.3193, -30.676, 1547.3193, -30.215, 1547.3193, -30.478, 1547.3193, -29.847,  , 
1547.3406, -39.718, 1547.3406, -31.121, 1547.3406, -30.660, 1547.3406, -30.217, 1547.3406, -30.480, 1547.3406, -29.830,  , 
1547.3618, -39.463, 1547.3618, -31.101, 1547.3618, -30.643, 1547.3618, -30.218, 1547.3618, -30.485, 1547.3618, -29.814,  , 
1547.3831, -39.210, 1547.3831, -31.080, 1547.3831, -30.626, 1547.3831, -30.221, 1547.3831, -30.490, 1547.3831, -29.799,  , 
1547.4044, -38.963, 1547.4044, -31.069, 1547.4044, -30.609, 1547.4044, -30.223, 1547.4044, -30.492, 1547.4044, -29.786,  , 
1547.4256, -38.725, 1547.4256, -31.055, 1547.4256, -30.591, 1547.4256, -30.229, 1547.4256, -30.495, 1547.4256, -29.774,  , 
1547.4469, -38.478, 1547.4469, -31.040, 1547.4469, -30.575, 1547.4469, -30.234, 1547.4469, -30.498, 1547.4469, -29.764,  , 
1547.4681, -38.244, 1547.4681, -31.030, 1547.4681, -30.557, 1547.4681, -30.239, 1547.4681, -30.500, 1547.4681, -29.751,  , 
1547.4894, -38.017, 1547.4894, -31.023, 1547.4894, -30.537, 1547.4894, -30.246, 1547.4894, -30.497, 1547.4894, -29.741,  , 
1547.5106, -37.781, 1547.5106, -31.014, 1547.5106, -30.518, 1547.5106, -30.254, 1547.5106, -30.496, 1547.5106, -29.732,  , 
1547.5319, -37.566, 1547.5319, -31.008, 1547.5319, -30.499, 1547.5319, -30.262, 1547.5319, -30.494, 1547.5319, -29.728,  , 
1547.5531, -37.351, 1547.5531, -31.004, 1547.5531, -30.482, 1547.5531, -30.273, 1547.5531, -30.493, 1547.5531, -29.724,  , 
1547.5744, -37.134, 1547.5744, -31.006, 1547.5744, -30.469, 1547.5744, -30.284, 1547.5744, -30.490, 1547.5744, -29.724,  , 
1547.5956, -36.930, 1547.5956, -31.007, 1547.5956, -30.454, 1547.5956, -30.298, 1547.5956, -30.488, 1547.5956, -29.723,  , 
1547.6169, -36.720, 1547.6169, -31.008, 1547.6169, -30.439, 1547.6169, -30.313, 1547.6169, -30.486, 1547.6169, -29.724,  , 
1547.6382, -36.519, 1547.6382, -31.009, 1547.6382, -30.426, 1547.6382, -30.324, 1547.6382, -30.482, 1547.6382, -29.730,  , 
1547.6594, -36.322, 1547.6594, -31.012, 1547.6594, -30.414, 1547.6594, -30.338, 1547.6594, -30.476, 1547.6594, -29.737,  , 
1547.6807, -36.126, 1547.6807, -31.016, 1547.6807, -30.403, 1547.6807, -30.355, 1547.6807, -30.470, 1547.6807, -29.747,  , 
1547.7019, -35.930, 1547.7019, -31.021, 1547.7019, -30.394, 1547.7019, -30.372, 1547.7019, -30.462, 1547.7019, -29.759,  , 
1547.7232, -35.750, 1547.7232, -31.022, 1547.7232, -30.383, 1547.7232, -30.383, 1547.7232, -30.451, 1547.7232, -29.770,  , 
1547.7444, -35.569, 1547.7444, -31.028, 1547.7444, -30.372, 1547.7444, -30.400, 1547.7444, -30.444, 1547.7444, -29.784,  , 
1547.7657, -35.386, 1547.7657, -31.031, 1547.7657, -30.369, 1547.7657, -30.415, 1547.7657, -30.434, 1547.7657, -29.801,  , 
1547.7869, -35.219, 1547.7869, -31.035, 1547.7869, -30.363, 1547.7869, -30.431, 1547.7869, -30.425, 1547.7869, -29.822,  , 
1547.8082, -35.051, 1547.8082, -31.042, 1547.8082, -30.361, 1547.8082, -30.446, 1547.8082, -30.415, 1547.8082, -29.843,  , 
1547.8295, -34.879, 1547.8295, -31.046, 1547.8295, -30.361, 1547.8295, -30.465, 1547.8295, -30.402, 1547.8295, -29.872,  , 
1547.8507, -34.726, 1547.8507, -31.051, 1547.8507, -30.360, 1547.8507, -30.481, 1547.8507, -30.391, 1547.8507, -29.899,  , 
1547.8720, -34.570, 1547.8720, -31.054, 1547.8720, -30.360, 1547.8720, -30.497, 1547.8720, -30.379, 1547.8720, -29.931,  , 
1547.8932, -34.413, 1547.8932, -31.056, 1547.8932, -30.363, 1547.8932, -30.515, 1547.8932, -30.365, 1547.8932, -29.967,  , 
1547.9145, -34.269, 1547.9145, -31.057, 1547.9145, -30.365, 1547.9145, -30.529, 1547.9145, -30.349, 1547.9145, -30.001,  , 
1547.9357, -34.130, 1547.9357, -31.058, 1547.9357, -30.369, 1547.9357, -30.544, 1547.9357, -30.334, 1547.9357, -30.038,  , 
1547.9570, -33.971, 1547.9570, -31.055, 1547.9570, -30.372, 1547.9570, -30.556, 1547.9570, -30.315, 1547.9570, -30.080,  , 
1547.9782, -33.838, 1547.9782, -31.054, 1547.9782, -30.377, 1547.9782, -30.569, 1547.9782, -30.297, 1547.9782, -30.121,  , 
1547.9995, -33.707, 1547.9995, -31.047, 1547.9995, -30.384, 1547.9995, -30.582, 1547.9995, -30.278, 1547.9995, -30.164,  , 
1548.0208, -33.577, 1548.0208, -31.042, 1548.0208, -30.392, 1548.0208, -30.595, 1548.0208, -30.259, 1548.0208, -30.216,  , 
1548.0420, -33.455, 1548.0420, -31.036, 1548.0420, -30.400, 1548.0420, -30.606, 1548.0420, -30.242, 1548.0420, -30.266,  , 
1548.0633, -33.337, 1548.0633, -31.028, 1548.0633, -30.408, 1548.0633, -30.617, 1548.0633, -30.219, 1548.0633, -30.320,  , 
1548.0845, -33.216, 1548.0845, -31.019, 1548.0845, -30.419, 1548.0845, -30.630, 1548.0845, -30.200, 1548.0845, -30.378,  , 
1548.1058, -33.107, 1548.1058, -31.009, 1548.1058, -30.431, 1548.1058, -30.639, 1548.1058, -30.179, 1548.1058, -30.435,  , 
1548.1270, -32.999, 1548.1270, -30.997, 1548.1270, -30.441, 1548.1270, -30.648, 1548.1270, -30.160, 1548.1270, -30.494,  , 
1548.1483, -32.894, 1548.1483, -30.985, 1548.1483, -30.454, 1548.1483, -30.656, 1548.1483, -30.139, 1548.1483, -30.563,  , 
1548.1695, -32.793, 1548.1695, -30.969, 1548.1695, -30.467, 1548.1695, -30.663, 1548.1695, -30.118, 1548.1695, -30.625,  , 
1548.1908, -32.700, 1548.1908, -30.955, 1548.1908, -30.479, 1548.1908, -30.670, 1548.1908, -30.101, 1548.1908, -30.690,  , 
1548.2121, -32.606, 1548.2121, -30.938, 1548.2121, -30.491, 1548.2121, -30.675, 1548.2121, -30.079, 1548.2121, -30.762,  , 
1548.2333, -32.518, 1548.2333, -30.920, 1548.2333, -30.502, 1548.2333, -30.682, 1548.2333, -30.057, 1548.2333, -30.832,  , 
1548.2546, -32.438, 1548.2546, -30.904, 1548.2546, -30.514, 1548.2546, -30.687, 1548.2546, -30.042, 1548.2546, -30.909,  , 
1548.2758, -32.362, 1548.2758, -30.887, 1548.2758, -30.532, 1548.2758, -30.690, 1548.2758, -30.027, 1548.2758, -30.986,  , 
1548.2971, -32.283, 1548.2971, -30.871, 1548.2971, -30.544, 1548.2971, -30.700, 1548.2971, -30.013, 1548.2971, -31.070,  , 
1548.3183, -32.215, 1548.3183, -30.855, 1548.3183, -30.561, 1548.3183, -30.705, 1548.3183, -29.998, 1548.3183, -31.152,  , 
1548.3396, -32.147, 1548.3396, -30.835, 1548.3396, -30.573, 1548.3396, -30.708, 1548.3396, -29.984, 1548.3396, -31.238,  , 
1548.3608, -32.080, 1548.3608, -30.817, 1548.3608, -30.589, 1548.3608, -30.709, 1548.3608, -29.971, 1548.3608, -31.328,  , 
1548.3821, -32.023, 1548.3821, -30.800, 1548.3821, -30.601, 1548.3821, -30.715, 1548.3821, -29.959, 1548.3821, -31.412,  , 
1548.4034, -31.964, 1548.4034, -30.780, 1548.4034, -30.612, 1548.4034, -30.717, 1548.4034, -29.950, 1548.4034, -31.503,  , 
1548.4246, -31.909, 1548.4246, -30.760, 1548.4246, -30.628, 1548.4246, -30.720, 1548.4246, -29.940, 1548.4246, -31.602,  , 
1548.4459, -31.861, 1548.4459, -30.746, 1548.4459, -30.640, 1548.4459, -30.720, 1548.4459, -29.934, 1548.4459, -31.695,  , 
1548.4671, -31.811, 1548.4671, -30.724, 1548.4671, -30.650, 1548.4671, -30.720, 1548.4671, -29.926, 1548.4671, -31.796,  , 
1548.4884, -31.767, 1548.4884, -30.709, 1548.4884, -30.664, 1548.4884, -30.720, 1548.4884, -29.926, 1548.4884, -31.901,  , 
1548.5096, -31.725, 1548.5096, -30.691, 1548.5096, -30.674, 1548.5096, -30.720, 1548.5096, -29.921, 1548.5096, -32.002,  , 
1548.5309, -31.689, 1548.5309, -30.675, 1548.5309, -30.686, 1548.5309, -30.718, 1548.5309, -29.921, 1548.5309, -32.110,  , 
1548.5521, -31.654, 1548.5521, -30.663, 1548.5521, -30.699, 1548.5521, -30.715, 1548.5521, -29.924, 1548.5521, -32.224,  , 
1548.5734, -31.620, 1548.5734, -30.649, 1548.5734, -30.709, 1548.5734, -30.712, 1548.5734, -29.928, 1548.5734, -32.334,  , 
1548.5946, -31.589, 1548.5946, -30.635, 1548.5946, -30.718, 1548.5946, -30.708, 1548.5946, -29.933, 1548.5946, -32.450,  , 
1548.6159, -31.564, 1548.6159, -30.622, 1548.6159, -30.727, 1548.6159, -30.704, 1548.6159, -29.941, 1548.6159, -32.566,  , 
1548.6372, -31.535, 1548.6372, -30.610, 1548.6372, -30.737, 1548.6372, -30.697, 1548.6372, -29.953, 1548.6372, -32.693,  , 
1548.6584, -31.512, 1548.6584, -30.599, 1548.6584, -30.745, 1548.6584, -30.690, 1548.6584, -29.963, 1548.6584, -32.813,  , 
1548.6797, -31.494, 1548.6797, -30.590, 1548.6797, -30.751, 1548.6797, -30.683, 1548.6797, -29.977, 1548.6797, -32.934,  , 
1548.7009, -31.475, 1548.7009, -30.581, 1548.7009, -30.757, 1548.7009, -30.673, 1548.7009, -29.996, 1548.7009, -33.063,  , 
1548.7222, -31.460, 1548.7222, -30.574, 1548.7222, -30.765, 1548.7222, -30.663, 1548.7222, -30.011, 1548.7222, -33.186,  , 
1548.7434, -31.446, 1548.7434, -30.571, 1548.7434, -30.769, 1548.7434, -30.653, 1548.7434, -30.033, 1548.7434, -33.311,  , 
1548.7647, -31.436, 1548.7647, -30.566, 1548.7647, -30.778, 1548.7647, -30.641, 1548.7647, -30.060, 1548.7647, -33.447,  , 
1548.7859, -31.426, 1548.7859, -30.566, 1548.7859, -30.784, 1548.7859, -30.631, 1548.7859, -30.089, 1548.7859, -33.576,  , 
1548.8072, -31.416, 1548.8072, -30.565, 1548.8072, -30.789, 1548.8072, -30.615, 1548.8072, -30.118, 1548.8072, -33.706,  , 
1548.8285, -31.412, 1548.8285, -30.564, 1548.8285, -30.792, 1548.8285, -30.600, 1548.8285, -30.150, 1548.8285, -33.831,  , 
1548.8497, -31.406, 1548.8497, -30.566, 1548.8497, -30.795, 1548.8497, -30.581, 1548.8497, -30.185, 1548.8497, -33.961,  , 
1548.8710, -31.402, 1548.8710, -30.568, 1548.8710, -30.800, 1548.8710, -30.565, 1548.8710, -30.222, 1548.8710, -34.088,  , 
1548.8922, -31.400, 1548.8922, -30.570, 1548.8922, -30.804, 1548.8922, -30.548, 1548.8922, -30.264, 1548.8922, -34.214,  , 
1548.9135, -31.399, 1548.9135, -30.578, 1548.9135, -30.805, 1548.9135, -30.531, 1548.9135, -30.306, 1548.9135, -34.340,  , 
1548.9347, -31.399, 1548.9347, -30.584, 1548.9347, -30.808, 1548.9347, -30.514, 1548.9347, -30.349, 1548.9347, -34.460,  , 
1548.9560, -31.399, 1548.9560, -30.592, 1548.9560, -30.809, 1548.9560, -30.492, 1548.9560, -30.397, 1548.9560, -34.577,  , 
1548.9772, -31.401, 1548.9772, -30.600, 1548.9772, -30.811, 1548.9772, -30.473, 1548.9772, -30.449, 1548.9772, -34.694,  , 
1548.9985, -31.402, 1548.9985, -30.611, 1548.9985, -30.815, 1548.9985, -30.453, 1548.9985, -30.503, 1548.9985, -34.807,  , 
1549.0198, -31.405, 1549.0198, -30.622, 1549.0198, -30.816, 1549.0198, -30.434, 1549.0198, -30.558, 1549.0198, -34.911,  , 
1549.0410, -31.405, 1549.0410, -30.635, 1549.0410, -30.816, 1549.0410, -30.412, 1549.0410, -30.616, 1549.0410, -35.014,  , 
1549.0623, -31.408, 1549.0623, -30.645, 1549.0623, -30.812, 1549.0623, -30.391, 1549.0623, -30.679, 1549.0623, -35.119,  , 
1549.0835, -31.410, 1549.0835, -30.659, 1549.0835, -30.811, 1549.0835, -30.370, 1549.0835, -30.742, 1549.0835, -35.208,  , 
1549.1048, -31.410, 1549.1048, -30.672, 1549.1048, -30.813, 1549.1048, -30.350, 1549.1048, -30.807, 1549.1048, -35.297,  , 
1549.1260, -31.412, 1549.1260, -30.682, 1549.1260, -30.809, 1549.1260, -30.327, 1549.1260, -30.876, 1549.1260, -35.377,  , 
1549.1473, -31.411, 1549.1473, -30.699, 1549.1473, -30.806, 1549.1473, -30.305, 1549.1473, -30.949, 1549.1473, -35.447,  , 
1549.1685, -31.413, 1549.1685, -30.712, 1549.1685, -30.804, 1549.1685, -30.288, 1549.1685, -31.022, 1549.1685, -35.513,  , 
1549.1898, -31.409, 1549.1898, -30.728, 1549.1898, -30.800, 1549.1898, -30.264, 1549.1898, -31.102, 1549.1898, -35.571,  , 
1549.2111, -31.408, 1549.2111, -30.741, 1549.2111, -30.793, 1549.2111, -30.245, 1549.2111, -31.181, 1549.2111, -35.622,  , 
1549.2323, -31.406, 1549.2323, -30.754, 1549.2323, -30.789, 1549.2323, -30.228, 1549.2323, -31.261, 1549.2323, -35.661,  , 
1549.2536, -31.402, 1549.2536, -30.771, 1549.2536, -30.779, 1549.2536, -30.210, 1549.2536, -31.350, 1549.2536, -35.690,  , 
1549.2748, -31.398, 1549.2748, -30.786, 1549.2748, -30.772, 1549.2748, -30.192, 1549.2748, -31.441, 1549.2748, -35.712,  , 
1549.2961, -31.396, 1549.2961, -30.799, 1549.2961, -30.765, 1549.2961, -30.177, 1549.2961, -31.530, 1549.2961, -35.723,  , 
1549.3173, -31.386, 1549.3173, -30.810, 1549.3173, -30.754, 1549.3173, -30.160, 1549.3173, -31.622, 1549.3173, -35.725,  , 
1549.3386, -31.377, 1549.3386, -30.823, 1549.3386, -30.741, 1549.3386, -30.146, 1549.3386, -31.722, 1549.3386, -35.715,  , 
1549.3598, -31.367, 1549.3598, -30.833, 1549.3598, -30.728, 1549.3598, -30.133, 1549.3598, -31.816, 1549.3598, -35.696,  , 
1549.3811, -31.355, 1549.3811, -30.847, 1549.3811, -30.715, 1549.3811, -30.119, 1549.3811, -31.917, 1549.3811, -35.666,  , 
1549.4024, -31.342, 1549.4024, -30.860, 1549.4024, -30.702, 1549.4024, -30.109, 1549.4024, -32.027, 1549.4024, -35.628,  , 
1549.4236, -31.331, 1549.4236, -30.870, 1549.4236, -30.685, 1549.4236, -30.101, 1549.4236, -32.132, 1549.4236, -35.580,  , 
1549.4449, -31.317, 1549.4449, -30.880, 1549.4449, -30.671, 1549.4449, -30.096, 1549.4449, -32.242, 1549.4449, -35.525,  , 
1549.4661, -31.302, 1549.4661, -30.892, 1549.4661, -30.653, 1549.4661, -30.091, 1549.4661, -32.356, 1549.4661, -35.462,  , 
1549.4874, -31.287, 1549.4874, -30.901, 1549.4874, -30.633, 1549.4874, -30.087, 1549.4874, -32.471, 1549.4874, -35.390,  , 
1549.5086, -31.270, 1549.5086, -30.909, 1549.5086, -30.614, 1549.5086, -30.085, 1549.5086, -32.586, 1549.5086, -35.313,  , 
1549.5299, -31.251, 1549.5299, -30.915, 1549.5299, -30.593, 1549.5299, -30.086, 1549.5299, -32.703, 1549.5299, -35.230,  , 
1549.5511, -31.231, 1549.5511, -30.923, 1549.5511, -30.571, 1549.5511, -30.086, 1549.5511, -32.822, 1549.5511, -35.138,  , 
1549.5724, -31.211, 1549.5724, -30.929, 1549.5724, -30.548, 1549.5724, -30.090, 1549.5724, -32.945, 1549.5724, -35.042,  , 
1549.5936, -31.192, 1549.5936, -30.934, 1549.5936, -30.527, 1549.5936, -30.098, 1549.5936, -33.066, 1549.5936, -34.942,  , 
1549.6149, -31.171, 1549.6149, -30.939, 1549.6149, -30.505, 1549.6149, -30.107, 1549.6149, -33.194, 1549.6149, -34.842,  , 
1549.6362, -31.153, 1549.6362, -30.945, 1549.6362, -30.481, 1549.6362, -30.119, 1549.6362, -33.322, 1549.6362, -34.733,  , 
1549.6574, -31.131, 1549.6574, -30.952, 1549.6574, -30.457, 1549.6574, -30.138, 1549.6574, -33.456, 1549.6574, -34.621,  , 
1549.6787, -31.112, 1549.6787, -30.955, 1549.6787, -30.436, 1549.6787, -30.151, 1549.6787, -33.582, 1549.6787, -34.516,  , 
1549.6999, -31.094, 1549.6999, -30.960, 1549.6999, -30.415, 1549.6999, -30.172, 1549.6999, -33.706, 1549.6999, -34.404,  , 
1549.7212, -31.073, 1549.7212, -30.962, 1549.7212, -30.391, 1549.7212, -30.193, 1549.7212, -33.839, 1549.7212, -34.293,  , 
1549.7424, -31.052, 1549.7424, -30.967, 1549.7424, -30.368, 1549.7424, -30.218, 1549.7424, -33.970, 1549.7424, -34.178,  , 
1549.7637, -31.035, 1549.7637, -30.970, 1549.7637, -30.347, 1549.7637, -30.245, 1549.7637, -34.100, 1549.7637, -34.061,  , 
1549.7849, -31.014, 1549.7849, -30.971, 1549.7849, -30.326, 1549.7849, -30.271, 1549.7849, -34.223, 1549.7849, -33.952,  , 
1549.8062, -30.997, 1549.8062, -30.973, 1549.8062, -30.306, 1549.8062, -30.304, 1549.8062, -34.349, 1549.8062, -33.842,  , 
1549.8275, -30.982, 1549.8275, -30.967, 1549.8275, -30.285, 1549.8275, -30.339, 1549.8275, -34.478, 1549.8275, -33.726,  , 
1549.8487, -30.967, 1549.8487, -30.969, 1549.8487, -30.270, 1549.8487, -30.373, 1549.8487, -34.607, 1549.8487, -33.618,  , 
1549.8700, -30.951, 1549.8700, -30.970, 1549.8700, -30.251, 1549.8700, -30.415, 1549.8700, -34.726, 1549.8700, -33.504,  , 
1549.8912, -30.939, 1549.8912, -30.968, 1549.8912, -30.235, 1549.8912, -30.455, 1549.8912, -34.841, 1549.8912, -33.401,  , 
1549.9125, -30.927, 1549.9125, -30.968, 1549.9125, -30.222, 1549.9125, -30.498, 1549.9125, -34.954, 1549.9125, -33.298,  , 
1549.9337, -30.912, 1549.9337, -30.969, 1549.9337, -30.207, 1549.9337, -30.546, 1549.9337, -35.062, 1549.9337, -33.193,  , 
1549.9550, -30.901, 1549.9550, -30.966, 1549.9550, -30.195, 1549.9550, -30.595, 1549.9550, -35.168, 1549.9550, -33.094,  , 
1549.9762, -30.892, 1549.9762, -30.965, 1549.9762, -30.185, 1549.9762, -30.643, 1549.9762, -35.265, 1549.9762, -32.996,  , 
1549.9975, -30.884, 1549.9975, -30.961, 1549.9975, -30.175, 1549.9975, -30.699, 1549.9975, -35.356, 1549.9975, -32.899,  , 
1550.0188, -30.876, 1550.0188, -30.957, 1550.0188, -30.167, 1550.0188, -30.754, 1550.0188, -35.443, 1550.0188, -32.804,  , 
1550.0400, -30.870, 1550.0400, -30.951, 1550.0400, -30.161, 1550.0400, -30.811, 1550.0400, -35.521, 1550.0400, -32.708,  , 
1550.0613, -30.866, 1550.0613, -30.946, 1550.0613, -30.159, 1550.0613, -30.877, 1550.0613, -35.598, 1550.0613, -32.616,  , 
1550.0825, -30.860, 1550.0825, -30.938, 1550.0825, -30.158, 1550.0825, -30.936, 1550.0825, -35.662, 1550.0825, -32.531,  , 
1550.1038, -30.859, 1550.1038, -30.935, 1550.1038, -30.158, 1550.1038, -31.003, 1550.1038, -35.716, 1550.1038, -32.444,  , 
1550.1250, -30.859, 1550.1250, -30.927, 1550.1250, -30.163, 1550.1250, -31.077, 1550.1250, -35.767, 1550.1250, -32.357,  , 
1550.1463, -30.860, 1550.1463, -30.920, 1550.1463, -30.169, 1550.1463, -31.151, 1550.1463, -35.805, 1550.1463, -32.278,  , 
1550.1675, -30.862, 1550.1675, -30.913, 1550.1675, -30.176, 1550.1675, -31.227, 1550.1675, -35.834, 1550.1675, -32.200,  , 
1550.1888, -30.867, 1550.1888, -30.902, 1550.1888, -30.188, 1550.1888, -31.303, 1550.1888, -35.851, 1550.1888, -32.121,  , 
1550.2101, -30.871, 1550.2101, -30.892, 1550.2101, -30.197, 1550.2101, -31.384, 1550.2101, -35.856, 1550.2101, -32.046,  , 
1550.2313, -30.876, 1550.2313, -30.879, 1550.2313, -30.214, 1550.2313, -31.471, 1550.2313, -35.852, 1550.2313, -31.969,  , 
1550.2526, -30.882, 1550.2526, -30.865, 1550.2526, -30.230, 1550.2526, -31.558, 1550.2526, -35.842, 1550.2526, -31.896,  , 
1550.2738, -30.891, 1550.2738, -30.850, 1550.2738, -30.249, 1550.2738, -31.647, 1550.2738, -35.814, 1550.2738, -31.825,  , 
1550.2951, -30.895, 1550.2951, -30.832, 1550.2951, -30.273, 1550.2951, -31.736, 1550.2951, -35.787, 1550.2951, -31.761,  , 
1550.3163, -30.905, 1550.3163, -30.820, 1550.3163, -30.299, 1550.3163, -31.829, 1550.3163, -35.740, 1550.3163, -31.697,  , 
1550.3376, -30.918, 1550.3376, -30.801, 1550.3376, -30.326, 1550.3376, -31.930, 1550.3376, -35.691, 1550.3376, -31.636,  , 
1550.3588, -30.927, 1550.3588, -30.784, 1550.3588, -30.358, 1550.3588, -32.030, 1550.3588, -35.631, 1550.3588, -31.576,  , 
1550.3801, -30.940, 1550.3801, -30.770, 1550.3801, -30.393, 1550.3801, -32.131, 1550.3801, -35.563, 1550.3801, -31.517,  , 
1550.4014, -30.951, 1550.4014, -30.747, 1550.4014, -30.430, 1550.4014, -32.232, 1550.4014, -35.487, 1550.4014, -31.461,  , 
1550.4226, -30.963, 1550.4226, -30.728, 1550.4226, -30.469, 1550.4226, -32.339, 1550.4226, -35.402, 1550.4226, -31.405,  , 
1550.4439, -30.977, 1550.4439, -30.704, 1550.4439, -30.510, 1550.4439, -32.452, 1550.4439, -35.311, 1550.4439, -31.350,  , 
1550.4651, -30.986, 1550.4651, -30.680, 1550.4651, -30.554, 1550.4651, -32.557, 1550.4651, -35.220, 1550.4651, -31.300,  , 
1550.4864, -30.995, 1550.4864, -30.659, 1550.4864, -30.595, 1550.4864, -32.666, 1550.4864, -35.124, 1550.4864, -31.248,  , 
1550.5076, -31.009, 1550.5076, -30.636, 1550.5076, -30.642, 1550.5076, -32.775, 1550.5076, -35.024, 1550.5076, -31.199,  , 
1550.5289, -31.018, 1550.5289, -30.612, 1550.5289, -30.694, 1550.5289, -32.892, 1550.5289, -34.917, 1550.5289, -31.153,  , 
1550.5501, -31.032, 1550.5501, -30.587, 1550.5501, -30.748, 1550.5501, -33.008, 1550.5501, -34.808, 1550.5501, -31.106,  , 
1550.5714, -31.045, 1550.5714, -30.566, 1550.5714, -30.805, 1550.5714, -33.129, 1550.5714, -34.703, 1550.5714, -31.062,  , 
1550.5926, -31.055, 1550.5926, -30.545, 1550.5926, -30.862, 1550.5926, -33.244, 1550.5926, -34.595, 1550.5926, -31.021,  , 
1550.6139, -31.068, 1550.6139, -30.523, 1550.6139, -30.923, 1550.6139, -33.368, 1550.6139, -34.484, 1550.6139, -30.979,  , 
1550.6352, -31.079, 1550.6352, -30.501, 1550.6352, -30.989, 1550.6352, -33.496, 1550.6352, -34.375, 1550.6352, -30.937,  , 
1550.6564, -31.090, 1550.6564, -30.478, 1550.6564, -31.055, 1550.6564, -33.617, 1550.6564, -34.259, 1550.6564, -30.896,  , 
1550.6777, -31.098, 1550.6777, -30.455, 1550.6777, -31.118, 1550.6777, -33.740, 1550.6777, -34.149, 1550.6777, -30.854,  , 
1550.6989, -31.105, 1550.6989, -30.434, 1550.6989, -31.188, 1550.6989, -33.859, 1550.6989, -34.039, 1550.6989, -30.816,  , 
1550.7202, -31.112, 1550.7202, -30.414, 1550.7202, -31.263, 1550.7202, -33.991, 1550.7202, -33.922, 1550.7202, -30.772,  , 
1550.7414, -31.120, 1550.7414, -30.393, 1550.7414, -31.337, 1550.7414, -34.114, 1550.7414, -33.810, 1550.7414, -30.730,  , 
1550.7627, -31.125, 1550.7627, -30.374, 1550.7627, -31.418, 1550.7627, -34.240, 1550.7627, -33.702, 1550.7627, -30.691,  , 
1550.7839, -31.133, 1550.7839, -30.359, 1550.7839, -31.495, 1550.7839, -34.362, 1550.7839, -33.593, 1550.7839, -30.652,  , 
1550.8052, -31.141, 1550.8052, -30.344, 1550.8052, -31.579, 1550.8052, -34.484, 1550.8052, -33.492, 1550.8052, -30.616,  , 
1550.8265, -31.148, 1550.8265, -30.329, 1550.8265, -31.669, 1550.8265, -34.614, 1550.8265, -33.384, 1550.8265, -30.576,  , 
1550.8477, -31.153, 1550.8477, -30.316, 1550.8477, -31.756, 1550.8477, -34.735, 1550.8477, -33.279, 1550.8477, -30.539,  , 
1550.8690, -31.158, 1550.8690, -30.302, 1550.8690, -31.852, 1550.8690, -34.854, 1550.8690, -33.176, 1550.8690, -30.500,  , 
1550.8902, -31.160, 1550.8902, -30.290, 1550.8902, -31.940, 1550.8902, -34.967, 1550.8902, -33.077, 1550.8902, -30.460,  , 
1550.9115, -31.159, 1550.9115, -30.278, 1550.9115, -32.034, 1550.9115, -35.075, 1550.9115, -32.979, 1550.9115, -30.419,  , 
1550.9327, -31.163, 1550.9327, -30.271, 1550.9327, -32.133, 1550.9327, -35.186, 1550.9327, -32.879, 1550.9327, -30.379,  , 
1550.9540, -31.164, 1550.9540, -30.267, 1550.9540, -32.236, 1550.9540, -35.291, 1550.9540, -32.782, 1550.9540, -30.339,  , 
1550.9752, -31.168, 1550.9752, -30.264, 1550.9752, -32.338, 1550.9752, -35.384, 1550.9752, -32.692, 1550.9752, -30.299,  , 
1550.9965, -31.168, 1550.9965, -30.262, 1550.9965, -32.443, 1550.9965, -35.475, 1550.9965, -32.605, 1550.9965, -30.261,  , 
1551.0178, -31.169, 1551.0178, -30.263, 1551.0178, -32.546, 1551.0178, -35.563, 1551.0178, -32.516, 1551.0178, -30.221,  , 
1551.0390, -31.168, 1551.0390, -30.267, 1551.0390, -32.666, 1551.0390, -35.644, 1551.0390, -32.433, 1551.0390, -30.180,  , 
1551.0603, -31.170, 1551.0603, -30.274, 1551.0603, -32.774, 1551.0603, -35.719, 1551.0603, -32.352, 1551.0603, -30.140,  , 
1551.0815, -31.168, 1551.0815, -30.279, 1551.0815, -32.889, 1551.0815, -35.778, 1551.0815, -32.271, 1551.0815, -30.102,  , 
1551.1028, -31.165, 1551.1028, -30.290, 1551.1028, -33.001, 1551.1028, -35.829, 1551.1028, -32.196, 1551.1028, -30.062,  , 
1551.1240, -31.166, 1551.1240, -30.304, 1551.1240, -33.124, 1551.1240, -35.876, 1551.1240, -32.118, 1551.1240, -30.020,  , 
1551.1453, -31.163, 1551.1453, -30.316, 1551.1453, -33.243, 1551.1453, -35.909, 1551.1453, -32.044, 1551.1453, -29.981,  , 
1551.1665, -31.159, 1551.1665, -30.333, 1551.1665, -33.367, 1551.1665, -35.935, 1551.1665, -31.975, 1551.1665, -29.939,  , 
1551.1878, -31.157, 1551.1878, -30.355, 1551.1878, -33.488, 1551.1878, -35.951, 1551.1878, -31.905, 1551.1878, -29.900,  , 
1551.2091, -31.155, 1551.2091, -30.377, 1551.2091, -33.610, 1551.2091, -35.951, 1551.2091, -31.840, 1551.2091, -29.863,  , 
1551.2303, -31.152, 1551.2303, -30.404, 1551.2303, -33.741, 1551.2303, -35.949, 1551.2303, -31.775, 1551.2303, -29.822,  , 
1551.2516, -31.152, 1551.2516, -30.433, 1551.2516, -33.868, 1551.2516, -35.928, 1551.2516, -31.716, 1551.2516, -29.785,  , 
1551.2728, -31.146, 1551.2728, -30.467, 1551.2728, -33.998, 1551.2728, -35.901, 1551.2728, -31.653, 1551.2728, -29.747,  , 
1551.2941, -31.143, 1551.2941, -30.499, 1551.2941, -34.118, 1551.2941, -35.866, 1551.2941, -31.598, 1551.2941, -29.710,  , 
1551.3153, -31.137, 1551.3153, -30.532, 1551.3153, -34.243, 1551.3153, -35.820, 1551.3153, -31.543, 1551.3153, -29.673,  , 
1551.3366, -31.128, 1551.3366, -30.572, 1551.3366, -34.374, 1551.3366, -35.765, 1551.3366, -31.484, 1551.3366, -29.635,  , 
1551.3578, -31.122, 1551.3578, -30.610, 1551.3578, -34.495, 1551.3578, -35.698, 1551.3578, -31.431, 1551.3578, -29.598,  , 
1551.3791, -31.115, 1551.3791, -30.653, 1551.3791, -34.617, 1551.3791, -35.629, 1551.3791, -31.384, 1551.3791, -29.564,  , 
1551.4004, -31.106, 1551.4004, -30.698, 1551.4004, -34.730, 1551.4004, -35.553, 1551.4004, -31.332, 1551.4004, -29.530,  , 
1551.4216, -31.096, 1551.4216, -30.746, 1551.4216, -34.852, 1551.4216, -35.468, 1551.4216, -31.285, 1551.4216, -29.494,  , 
1551.4429, -31.086, 1551.4429, -30.794, 1551.4429, -34.969, 1551.4429, -35.379, 1551.4429, -31.234, 1551.4429, -29.460,  , 
1551.4641, -31.077, 1551.4641, -30.850, 1551.4641, -35.082, 1551.4641, -35.284, 1551.4641, -31.188, 1551.4641, -29.427,  , 
1551.4854, -31.066, 1551.4854, -30.902, 1551.4854, -35.183, 1551.4854, -35.187, 1551.4854, -31.146, 1551.4854, -29.397,  , 
1551.5066, -31.055, 1551.5066, -30.960, 1551.5066, -35.290, 1551.5066, -35.085, 1551.5066, -31.104, 1551.5066, -29.367,  , 
1551.5279, -31.042, 1551.5279, -31.021, 1551.5279, -35.388, 1551.5279, -34.979, 1551.5279, -31.061, 1551.5279, -29.337,  , 
1551.5491, -31.029, 1551.5491, -31.083, 1551.5491, -35.486, 1551.5491, -34.871, 1551.5491, -31.018, 1551.5491, -29.309,  , 
1551.5704, -31.012, 1551.5704, -31.148, 1551.5704, -35.568, 1551.5704, -34.760, 1551.5704, -30.975, 1551.5704, -29.277,  , 
1551.5916, -30.998, 1551.5916, -31.212, 1551.5916, -35.649, 1551.5916, -34.647, 1551.5916, -30.934, 1551.5916, -29.254,  , 
1551.6129, -30.981, 1551.6129, -31.279, 1551.6129, -35.717, 1551.6129, -34.537, 1551.6129, -30.893, 1551.6129, -29.225,  , 
1551.6342, -30.961, 1551.6342, -31.353, 1551.6342, -35.784, 1551.6342, -34.422, 1551.6342, -30.852, 1551.6342, -29.197,  , 
1551.6554, -30.942, 1551.6554, -31.428, 1551.6554, -35.840, 1551.6554, -34.302, 1551.6554, -30.811, 1551.6554, -29.171,  , 
1551.6767, -30.922, 1551.6767, -31.505, 1551.6767, -35.885, 1551.6767, -34.187, 1551.6767, -30.770, 1551.6767, -29.147,  , 
1551.6979, -30.903, 1551.6979, -31.587, 1551.6979, -35.923, 1551.6979, -34.068, 1551.6979, -30.731, 1551.6979, -29.125,  , 
1551.7192, -30.881, 1551.7192, -31.670, 1551.7192, -35.958, 1551.7192, -33.954, 1551.7192, -30.693, 1551.7192, -29.101,  , 
1551.7404, -30.860, 1551.7404, -31.756, 1551.7404, -35.972, 1551.7404, -33.836, 1551.7404, -30.653, 1551.7404, -29.080,  , 
1551.7617, -30.838, 1551.7617, -31.844, 1551.7617, -35.982, 1551.7617, -33.725, 1551.7617, -30.615, 1551.7617, -29.061,  , 
1551.7829, -30.815, 1551.7829, -31.938, 1551.7829, -35.981, 1551.7829, -33.608, 1551.7829, -30.573, 1551.7829, -29.042,  , 
1551.8042, -30.790, 1551.8042, -32.029, 1551.8042, -35.965, 1551.8042, -33.491, 1551.8042, -30.533, 1551.8042, -29.019,  , 
1551.8255, -30.764, 1551.8255, -32.126, 1551.8255, -35.942, 1551.8255, -33.382, 1551.8255, -30.491, 1551.8255, -29.000,  , 
1551.8467, -30.739, 1551.8467, -32.222, 1551.8467, -35.907, 1551.8467, -33.272, 1551.8467, -30.445, 1551.8467, -28.979,  , 
1551.8680, -30.712, 1551.8680, -32.322, 1551.8680, -35.861, 1551.8680, -33.162, 1551.8680, -30.405, 1551.8680, -28.959,  , 
1551.8892, -30.685, 1551.8892, -32.420, 1551.8892, -35.808, 1551.8892, -33.059, 1551.8892, -30.362, 1551.8892, -28.942,  , 
1551.9105, -30.666, 1551.9105, -32.527, 1551.9105, -35.748, 1551.9105, -32.958, 1551.9105, -30.322, 1551.9105, -28.926,  , 
1551.9317, -30.640, 1551.9317, -32.639, 1551.9317, -35.680, 1551.9317, -32.858, 1551.9317, -30.280, 1551.9317, -28.910,  , 
1551.9530, -30.617, 1551.9530, -32.751, 1551.9530, -35.602, 1551.9530, -32.761, 1551.9530, -30.240, 1551.9530, -28.897,  , 
1551.9742, -30.596, 1551.9742, -32.870, 1551.9742, -35.518, 1551.9742, -32.669, 1551.9742, -30.200, 1551.9742, -28.886,  , 
1551.9955, -30.571, 1551.9955, -32.982, 1551.9955, -35.426, 1551.9955, -32.578, 1551.9955, -30.157, 1551.9955, -28.870,  , 
1552.0168, -30.550, 1552.0168, -33.092, 1552.0168, -35.332, 1552.0168, -32.493, 1552.0168, -30.117, 1552.0168, -28.857,  , 
1552.0380, -30.529, 1552.0380, -33.207, 1552.0380, -35.233, 1552.0380, -32.409, 1552.0380, -30.073, 1552.0380, -28.844,  , 
1552.0593, -30.505, 1552.0593, -33.325, 1552.0593, -35.128, 1552.0593, -32.323, 1552.0593, -30.032, 1552.0593, -28.829,  , 
1552.0805, -30.486, 1552.0805, -33.446, 1552.0805, -35.018, 1552.0805, -32.242, 1552.0805, -29.989, 1552.0805, -28.815,  , 
1552.1018, -30.467, 1552.1018, -33.567, 1552.1018, -34.906, 1552.1018, -32.163, 1552.1018, -29.948, 1552.1018, -28.801,  , 
1552.1230, -30.450, 1552.1230, -33.691, 1552.1230, -34.796, 1552.1230, -32.090, 1552.1230, -29.907, 1552.1230, -28.789,  , 
1552.1443, -30.439, 1552.1443, -33.814, 1552.1443, -34.684, 1552.1443, -32.018, 1552.1443, -29.868, 1552.1443, -28.777,  , 
1552.1655, -30.426, 1552.1655, -33.937, 1552.1655, -34.575, 1552.1655, -31.953, 1552.1655, -29.832, 1552.1655, -28.767,  , 
1552.1868, -30.418, 1552.1868, -34.056, 1552.1868, -34.463, 1552.1868, -31.889, 1552.1868, -29.795, 1552.1868, -28.756,  , 
1552.2081, -30.410, 1552.2081, -34.186, 1552.2081, -34.344, 1552.2081, -31.823, 1552.2081, -29.758, 1552.2081, -28.746,  , 
1552.2293, -30.401, 1552.2293, -34.308, 1552.2293, -34.232, 1552.2293, -31.762, 1552.2293, -29.719, 1552.2293, -28.732,  , 
1552.2506, -30.396, 1552.2506, -34.431, 1552.2506, -34.113, 1552.2506, -31.698, 1552.2506, -29.682, 1552.2506, -28.718,  , 
1552.2718, -30.391, 1552.2718, -34.553, 1552.2718, -34.000, 1552.2718, -31.639, 1552.2718, -29.641, 1552.2718, -28.703,  , 
1552.2931, -30.388, 1552.2931, -34.676, 1552.2931, -33.885, 1552.2931, -31.578, 1552.2931, -29.604, 1552.2931, -28.688,  , 
1552.3143, -30.389, 1552.3143, -34.791, 1552.3143, -33.777, 1552.3143, -31.527, 1552.3143, -29.568, 1552.3143, -28.674,  , 
1552.3356, -30.387, 1552.3356, -34.903, 1552.3356, -33.664, 1552.3356, -31.474, 1552.3356, -29.531, 1552.3356, -28.660,  , 
1552.3568, -30.395, 1552.3568, -35.023, 1552.3568, -33.554, 1552.3568, -31.421, 1552.3568, -29.496, 1552.3568, -28.646,  , 
1552.3781, -30.401, 1552.3781, -35.138, 1552.3781, -33.443, 1552.3781, -31.369, 1552.3781, -29.463, 1552.3781, -28.630,  , 
1552.3993, -30.413, 1552.3993, -35.245, 1552.3993, -33.339, 1552.3993, -31.322, 1552.3993, -29.431, 1552.3993, -28.616,  , 
1552.4206, -30.426, 1552.4206, -35.348, 1552.4206, -33.233, 1552.4206, -31.276, 1552.4206, -29.400, 1552.4206, -28.601,  , 
1552.4419, -30.440, 1552.4419, -35.447, 1552.4419, -33.130, 1552.4419, -31.229, 1552.4419, -29.367, 1552.4419, -28.585,  , 
1552.4631, -30.455, 1552.4631, -35.537, 1552.4631, -33.034, 1552.4631, -31.186, 1552.4631, -29.337, 1552.4631, -28.569,  , 
1552.4844, -30.472, 1552.4844, -35.624, 1552.4844, -32.933, 1552.4844, -31.140, 1552.4844, -29.307, 1552.4844, -28.552,  , 
1552.5056, -30.495, 1552.5056, -35.702, 1552.5056, -32.833, 1552.5056, -31.091, 1552.5056, -29.276, 1552.5056, -28.530,  , 
1552.5269, -30.519, 1552.5269, -35.772, 1552.5269, -32.734, 1552.5269, -31.049, 1552.5269, -29.244, 1552.5269, -28.509,  , 
1552.5481, -30.546, 1552.5481, -35.836, 1552.5481, -32.644, 1552.5481, -31.007, 1552.5481, -29.217, 1552.5481, -28.490,  , 
1552.5694, -30.573, 1552.5694, -35.888, 1552.5694, -32.554, 1552.5694, -30.964, 1552.5694, -29.188, 1552.5694, -28.470,  , 
1552.5906, -30.611, 1552.5906, -35.936, 1552.5906, -32.466, 1552.5906, -30.923, 1552.5906, -29.164, 1552.5906, -28.453,  , 
1552.6119, -30.644, 1552.6119, -35.970, 1552.6119, -32.385, 1552.6119, -30.884, 1552.6119, -29.142, 1552.6119, -28.434,  , 
1552.6332, -30.684, 1552.6332, -35.995, 1552.6332, -32.305, 1552.6332, -30.845, 1552.6332, -29.120, 1552.6332, -28.416,  , 
1552.6544, -30.724, 1552.6544, -36.012, 1552.6544, -32.226, 1552.6544, -30.806, 1552.6544, -29.099, 1552.6544, -28.398,  , 
1552.6757, -30.768, 1552.6757, -36.015, 1552.6757, -32.148, 1552.6757, -30.764, 1552.6757, -29.076, 1552.6757, -28.378,  , 
1552.6969, -30.815, 1552.6969, -36.008, 1552.6969, -32.073, 1552.6969, -30.725, 1552.6969, -29.054, 1552.6969, -28.359,  , 
1552.7182, -30.862, 1552.7182, -35.991, 1552.7182, -31.999, 1552.7182, -30.685, 1552.7182, -29.031, 1552.7182, -28.340,  , 
1552.7394, -30.913, 1552.7394, -35.959, 1552.7394, -31.929, 1552.7394, -30.647, 1552.7394, -29.015, 1552.7394, -28.319,  , 
1552.7607, -30.965, 1552.7607, -35.922, 1552.7607, -31.857, 1552.7607, -30.605, 1552.7607, -28.996, 1552.7607, -28.299,  , 
1552.7819, -31.021, 1552.7819, -35.872, 1552.7819, -31.791, 1552.7819, -30.566, 1552.7819, -28.976, 1552.7819, -28.282,  , 
1552.8032, -31.077, 1552.8032, -35.816, 1552.8032, -31.732, 1552.8032, -30.526, 1552.8032, -28.963, 1552.8032, -28.267,  , 
1552.8245, -31.139, 1552.8245, -35.756, 1552.8245, -31.674, 1552.8245, -30.489, 1552.8245, -28.948, 1552.8245, -28.250,  , 
1552.8457, -31.201, 1552.8457, -35.684, 1552.8457, -31.615, 1552.8457, -30.449, 1552.8457, -28.934, 1552.8457, -28.235,  , 
1552.8670, -31.269, 1552.8670, -35.605, 1552.8670, -31.560, 1552.8670, -30.409, 1552.8670, -28.919, 1552.8670, -28.219,  , 
1552.8882, -31.336, 1552.8882, -35.521, 1552.8882, -31.505, 1552.8882, -30.370, 1552.8882, -28.906, 1552.8882, -28.206,  , 
1552.9095, -31.406, 1552.9095, -35.423, 1552.9095, -31.451, 1552.9095, -30.328, 1552.9095, -28.890, 1552.9095, -28.194,  , 
1552.9307, -31.477, 1552.9307, -35.329, 1552.9307, -31.397, 1552.9307, -30.289, 1552.9307, -28.876, 1552.9307, -28.179,  , 
1552.9520, -31.549, 1552.9520, -35.226, 1552.9520, -31.342, 1552.9520, -30.246, 1552.9520, -28.862, 1552.9520, -28.167,  , 
1552.9732, -31.626, 1552.9732, -35.117, 1552.9732, -31.296, 1552.9732, -30.205, 1552.9732, -28.848, 1552.9732, -28.157,  , 
1552.9945, -31.705, 1552.9945, -35.007, 1552.9945, -31.249, 1552.9945, -30.163, 1552.9945, -28.836, 1552.9945, -28.148,  , 
1553.0158, -31.785, 1553.0158, -34.901, 1553.0158, -31.204, 1553.0158, -30.125, 1553.0158, -28.823, 1553.0158, -28.140,  , 
1553.0370, -31.865, 1553.0370, -34.790, 1553.0370, -31.158, 1553.0370, -30.082, 1553.0370, -28.811, 1553.0370, -28.134,  , 
1553.0583, -31.956, 1553.0583, -34.675, 1553.0583, -31.114, 1553.0583, -30.044, 1553.0583, -28.799, 1553.0583, -28.131,  , 
1553.0795, -32.045, 1553.0795, -34.560, 1553.0795, -31.071, 1553.0795, -30.002, 1553.0795, -28.785, 1553.0795, -28.131,  , 
1553.1008, -32.135, 1553.1008, -34.445, 1553.1008, -31.028, 1553.1008, -29.961, 1553.1008, -28.773, 1553.1008, -28.126,  , 
1553.1220, -32.229, 1553.1220, -34.328, 1553.1220, -30.988, 1553.1220, -29.919, 1553.1220, -28.762, 1553.1220, -28.128,  , 
1553.1433, -32.323, 1553.1433, -34.208, 1553.1433, -30.944, 1553.1433, -29.877, 1553.1433, -28.746, 1553.1433, -28.128,  , 
1553.1645, -32.420, 1553.1645, -34.095, 1553.1645, -30.904, 1553.1645, -29.838, 1553.1645, -28.731, 1553.1645, -28.132,  , 
1553.1858, -32.520, 1553.1858, -33.978, 1553.1858, -30.861, 1553.1858, -29.796, 1553.1858, -28.717, 1553.1858, -28.136,  , 
1553.2071, -32.618, 1553.2071, -33.863, 1553.2071, -30.823, 1553.2071, -29.755, 1553.2071, -28.701, 1553.2071, -28.141,  , 
1553.2283, -32.719, 1553.2283, -33.753, 1553.2283, -30.782, 1553.2283, -29.718, 1553.2283, -28.687, 1553.2283, -28.151,  , 
1553.2496, -32.832, 1553.2496, -33.636, 1553.2496, -30.741, 1553.2496, -29.678, 1553.2496, -28.670, 1553.2496, -28.159,  , 
1553.2708, -32.938, 1553.2708, -33.527, 1553.2708, -30.704, 1553.2708, -29.639, 1553.2708, -28.656, 1553.2708, -28.174,  , 
1553.2921, -33.049, 1553.2921, -33.421, 1553.2921, -30.667, 1553.2921, -29.602, 1553.2921, -28.644, 1553.2921, -28.192,  , 
1553.3133, -33.164, 1553.3133, -33.311, 1553.3133, -30.627, 1553.3133, -29.564, 1553.3133, -28.627, 1553.3133, -28.210,  , 
1553.3346, -33.280, 1553.3346, -33.207, 1553.3346, -30.588, 1553.3346, -29.528, 1553.3346, -28.611, 1553.3346, -28.230,  , 
1553.3558, -33.399, 1553.3558, -33.101, 1553.3558, -30.548, 1553.3558, -29.491, 1553.3558, -28.591, 1553.3558, -28.251,  , 
1553.3771, -33.519, 1553.3771, -32.995, 1553.3771, -30.506, 1553.3771, -29.453, 1553.3771, -28.574, 1553.3771, -28.274,  , 
1553.3983, -33.637, 1553.3983, -32.898, 1553.3983, -30.467, 1553.3983, -29.417, 1553.3983, -28.554, 1553.3983, -28.299,  , 
1553.4196, -33.755, 1553.4196, -32.799, 1553.4196, -30.425, 1553.4196, -29.385, 1553.4196, -28.537, 1553.4196, -28.325,  , 
1553.4409, -33.873, 1553.4409, -32.705, 1553.4409, -30.385, 1553.4409, -29.353, 1553.4409, -28.516, 1553.4409, -28.355,  , 
1553.4621, -34.002, 1553.4621, -32.613, 1553.4621, -30.345, 1553.4621, -29.319, 1553.4621, -28.497, 1553.4621, -28.388,  , 
1553.4834, -34.130, 1553.4834, -32.524, 1553.4834, -30.306, 1553.4834, -29.290, 1553.4834, -28.479, 1553.4834, -28.424,  , 
1553.5046, -34.254, 1553.5046, -32.438, 1553.5046, -30.266, 1553.5046, -29.262, 1553.5046, -28.461, 1553.5046, -28.466,  , 
1553.5259, -34.382, 1553.5259, -32.357, 1553.5259, -30.227, 1553.5259, -29.234, 1553.5259, -28.442, 1553.5259, -28.505,  , 
1553.5471, -34.506, 1553.5471, -32.275, 1553.5471, -30.185, 1553.5471, -29.208, 1553.5471, -28.424, 1553.5471, -28.550,  , 
1553.5684, -34.635, 1553.5684, -32.195, 1553.5684, -30.147, 1553.5684, -29.182, 1553.5684, -28.403, 1553.5684, -28.596,  , 
1553.5896, -34.754, 1553.5896, -32.123, 1553.5896, -30.107, 1553.5896, -29.157, 1553.5896, -28.385, 1553.5896, -28.642,  , 
1553.6109, -34.873, 1553.6109, -32.049, 1553.6109, -30.063, 1553.6109, -29.134, 1553.6109, -28.367, 1553.6109, -28.691,  , 
1553.6322, -34.988, 1553.6322, -31.983, 1553.6322, -30.025, 1553.6322, -29.111, 1553.6322, -28.348, 1553.6322, -28.738,  , 
1553.6534, -35.098, 1553.6534, -31.915, 1553.6534, -29.986, 1553.6534, -29.088, 1553.6534, -28.329, 1553.6534, -28.787,  , 
1553.6747, -35.209, 1553.6747, -31.849, 1553.6747, -29.946, 1553.6747, -29.068, 1553.6747, -28.310, 1553.6747, -28.843,  , 
1553.6959, -35.314, 1553.6959, -31.787, 1553.6959, -29.906, 1553.6959, -29.049, 1553.6959, -28.293, 1553.6959, -28.901,  , 
1553.7172, -35.419, 1553.7172, -31.728, 1553.7172, -29.867, 1553.7172, -29.032, 1553.7172, -28.278, 1553.7172, -28.960,  , 
1553.7384, -35.519, 1553.7384, -31.669, 1553.7384, -29.828, 1553.7384, -29.016, 1553.7384, -28.262, 1553.7384, -29.020,  , 
1553.7597, -35.608, 1553.7597, -31.611, 1553.7597, -29.791, 1553.7597, -29.000, 1553.7597, -28.247, 1553.7597, -29.082,  , 
1553.7809, -35.691, 1553.7809, -31.560, 1553.7809, -29.753, 1553.7809, -28.985, 1553.7809, -28.232, 1553.7809, -29.147,  , 
1553.8022, -35.769, 1553.8022, -31.505, 1553.8022, -29.715, 1553.8022, -28.967, 1553.8022, -28.217, 1553.8022, -29.210,  , 
1553.8235, -35.834, 1553.8235, -31.454, 1553.8235, -29.678, 1553.8235, -28.953, 1553.8235, -28.206, 1553.8235, -29.276,  , 
1553.8447, -35.895, 1553.8447, -31.401, 1553.8447, -29.637, 1553.8447, -28.939, 1553.8447, -28.191, 1553.8447, -29.343,  , 
1553.8660, -35.944, 1553.8660, -31.355, 1553.8660, -29.600, 1553.8660, -28.923, 1553.8660, -28.178, 1553.8660, -29.409,  , 
1553.8872, -35.988, 1553.8872, -31.303, 1553.8872, -29.563, 1553.8872, -28.909, 1553.8872, -28.167, 1553.8872, -29.482,  , 
1553.9085, -36.020, 1553.9085, -31.257, 1553.9085, -29.528, 1553.9085, -28.894, 1553.9085, -28.156, 1553.9085, -29.553,  , 
1553.9297, -36.040, 1553.9297, -31.212, 1553.9297, -29.493, 1553.9297, -28.881, 1553.9297, -28.150, 1553.9297, -29.627,  , 
1553.9510, -36.060, 1553.9510, -31.170, 1553.9510, -29.460, 1553.9510, -28.874, 1553.9510, -28.144, 1553.9510, -29.703,  , 
1553.9722, -36.061, 1553.9722, -31.129, 1553.9722, -29.428, 1553.9722, -28.859, 1553.9722, -28.139, 1553.9722, -29.778,  , 
1553.9935, -36.059, 1553.9935, -31.089, 1553.9935, -29.398, 1553.9935, -28.851, 1553.9935, -28.133, 1553.9935, -29.856,  , 
1554.0148, -36.044, 1554.0148, -31.044, 1554.0148, -29.365, 1554.0148, -28.838, 1554.0148, -28.132, 1554.0148, -29.938,  , 
1554.0360, -36.011, 1554.0360, -31.006, 1554.0360, -29.335, 1554.0360, -28.826, 1554.0360, -28.132, 1554.0360, -30.020,  , 
1554.0573, -35.979, 1554.0573, -30.964, 1554.0573, -29.306, 1554.0573, -28.816, 1554.0573, -28.132, 1554.0573, -30.097,  , 
1554.0785, -35.929, 1554.0785, -30.923, 1554.0785, -29.272, 1554.0785, -28.802, 1554.0785, -28.134, 1554.0785, -30.180,  , 
1554.0998, -35.875, 1554.0998, -30.881, 1554.0998, -29.242, 1554.0998, -28.787, 1554.0998, -28.137, 1554.0998, -30.264,  , 
1554.1210, -35.812, 1554.1210, -30.842, 1554.1210, -29.215, 1554.1210, -28.773, 1554.1210, -28.142, 1554.1210, -30.346,  , 
1554.1423, -35.738, 1554.1423, -30.803, 1554.1423, -29.189, 1554.1423, -28.758, 1554.1423, -28.152, 1554.1423, -30.432,  , 
1554.1635, -35.657, 1554.1635, -30.763, 1554.1635, -29.165, 1554.1635, -28.746, 1554.1635, -28.162, 1554.1635, -30.521,  , 
1554.1848, -35.573, 1554.1848, -30.727, 1554.1848, -29.142, 1554.1848, -28.735, 1554.1848, -28.177, 1554.1848, -30.605,  , 
1554.2061, -35.484, 1554.2061, -30.689, 1554.2061, -29.120, 1554.2061, -28.723, 1554.2061, -28.191, 1554.2061, -30.692,  , 
1554.2273, -35.383, 1554.2273, -30.652, 1554.2273, -29.098, 1554.2273, -28.709, 1554.2273, -28.210, 1554.2273, -30.778,  , 
1554.2486, -35.281, 1554.2486, -30.609, 1554.2486, -29.075, 1554.2486, -28.696, 1554.2486, -28.227, 1554.2486, -30.862,  , 
1554.2698, -35.176, 1554.2698, -30.572, 1554.2698, -29.054, 1554.2698, -28.679, 1554.2698, -28.249, 1554.2698, -30.949,  , 
1554.2911, -35.067, 1554.2911, -30.534, 1554.2911, -29.033, 1554.2911, -28.663, 1554.2911, -28.270, 1554.2911, -31.029,  , 
1554.3123, -34.954, 1554.3123, -30.493, 1554.3123, -29.018, 1554.3123, -28.647, 1554.3123, -28.296, 1554.3123, -31.112,  , 
1554.3336, -34.840, 1554.3336, -30.454, 1554.3336, -29.000, 1554.3336, -28.629, 1554.3336, -28.325, 1554.3336, -31.197,  , 
1554.3548, -34.725, 1554.3548, -30.412, 1554.3548, -28.982, 1554.3548, -28.608, 1554.3548, -28.353, 1554.3548, -31.281,  , 
1554.3761, -34.609, 1554.3761, -30.373, 1554.3761, -28.965, 1554.3761, -28.591, 1554.3761, -28.386, 1554.3761, -31.362,  , 
1554.3973, -34.487, 1554.3973, -30.333, 1554.3973, -28.949, 1554.3973, -28.574, 1554.3973, -28.418, 1554.3973, -31.444,  , 
1554.4186, -34.371, 1554.4186, -30.292, 1554.4186, -28.936, 1554.4186, -28.554, 1554.4186, -28.455, 1554.4186, -31.524,  , 
1554.4399, -34.257, 1554.4399, -30.253, 1554.4399, -28.921, 1554.4399, -28.537, 1554.4399, -28.492, 1554.4399, -31.604,  , 
1554.4611, -34.141, 1554.4611, -30.212, 1554.4611, -28.909, 1554.4611, -28.517, 1554.4611, -28.533, 1554.4611, -31.680,  , 
1554.4824, -34.029, 1554.4824, -30.172, 1554.4824, -28.894, 1554.4824, -28.497, 1554.4824, -28.578, 1554.4824, -31.754,  , 
1554.5036, -33.912, 1554.5036, -30.129, 1554.5036, -28.881, 1554.5036, -28.476, 1554.5036, -28.622, 1554.5036, -31.827,  , 
1554.5249, -33.801, 1554.5249, -30.089, 1554.5249, -28.869, 1554.5249, -28.455, 1554.5249, -28.668, 1554.5249, -31.898,  , 
1554.5461, -33.689, 1554.5461, -30.049, 1554.5461, -28.858, 1554.5461, -28.434, 1554.5461, -28.717, 1554.5461, -31.972,  , 
1554.5674, -33.578, 1554.5674, -30.005, 1554.5674, -28.842, 1554.5674, -28.413, 1554.5674, -28.768, 1554.5674, -32.038,  , 
1554.5886, -33.474, 1554.5886, -29.969, 1554.5886, -28.831, 1554.5886, -28.394, 1554.5886, -28.821, 1554.5886, -32.105,  , 
1554.6099, -33.367, 1554.6099, -29.926, 1554.6099, -28.820, 1554.6099, -28.376, 1554.6099, -28.876, 1554.6099, -32.171,  , 
1554.6312, -33.264, 1554.6312, -29.888, 1554.6312, -28.809, 1554.6312, -28.355, 1554.6312, -28.933, 1554.6312, -32.230,  , 
1554.6524, -33.164, 1554.6524, -29.847, 1554.6524, -28.796, 1554.6524, -28.337, 1554.6524, -28.995, 1554.6524, -32.287,  , 
1554.6737, -33.062, 1554.6737, -29.806, 1554.6737, -28.783, 1554.6737, -28.317, 1554.6737, -29.055, 1554.6737, -32.346,  , 
1554.6949, -32.966, 1554.6949, -29.769, 1554.6949, -28.772, 1554.6949, -28.296, 1554.6949, -29.116, 1554.6949, -32.398,  , 
1554.7162, -32.875, 1554.7162, -29.730, 1554.7162, -28.759, 1554.7162, -28.279, 1554.7162, -29.183, 1554.7162, -32.449,  , 
1554.7374, -32.782, 1554.7374, -29.691, 1554.7374, -28.747, 1554.7374, -28.262, 1554.7374, -29.251, 1554.7374, -32.495,  , 
1554.7587, -32.694, 1554.7587, -29.656, 1554.7587, -28.734, 1554.7587, -28.245, 1554.7587, -29.313, 1554.7587, -32.537,  , 
1554.7799, -32.608, 1554.7799, -29.621, 1554.7799, -28.722, 1554.7799, -28.230, 1554.7799, -29.382, 1554.7799, -32.580,  , 
1554.8012, -32.523, 1554.8012, -29.582, 1554.8012, -28.708, 1554.8012, -28.213, 1554.8012, -29.456, 1554.8012, -32.620,  , 
1554.8225, -32.438, 1554.8225, -29.547, 1554.8225, -28.692, 1554.8225, -28.200, 1554.8225, -29.529, 1554.8225, -32.659,  , 
1554.8437, -32.361, 1554.8437, -29.513, 1554.8437, -28.677, 1554.8437, -28.185, 1554.8437, -29.604, 1554.8437, -32.689,  , 
1554.8650, -32.283, 1554.8650, -29.478, 1554.8650, -28.664, 1554.8650, -28.178, 1554.8650, -29.682, 1554.8650, -32.720,  , 
1554.8862, -32.208, 1554.8862, -29.445, 1554.8862, -28.648, 1554.8862, -28.167, 1554.8862, -29.762, 1554.8862, -32.751,  , 
1554.9075, -32.134, 1554.9075, -29.415, 1554.9075, -28.635, 1554.9075, -28.159, 1554.9075, -29.844, 1554.9075, -32.775,  , 
1554.9287, -32.070, 1554.9287, -29.384, 1554.9287, -28.618, 1554.9287, -28.152, 1554.9287, -29.923, 1554.9287, -32.798,  , 
1554.9500, -31.999, 1554.9500, -29.353, 1554.9500, -28.603, 1554.9500, -28.147, 1554.9500, -30.008, 1554.9500, -32.817,  , 
1554.9712, -31.934, 1554.9712, -29.327, 1554.9712, -28.588, 1554.9712, -28.143, 1554.9712, -30.092, 1554.9712, -32.831,  , 
1554.9925, -31.871, 1554.9925, -29.300, 1554.9925, -28.570, 1554.9925, -28.142, 1554.9925, -30.175, 1554.9925, -32.846,  , 
1555.0138, -31.810, 1555.0138, -29.272, 1555.0138, -28.555, 1555.0138, -28.141, 1555.0138, -30.264, 1555.0138, -32.857,  , 
1555.0350, -31.754, 1555.0350, -29.248, 1555.0350, -28.533, 1555.0350, -28.143, 1555.0350, -30.352, 1555.0350, -32.864,  , 
1555.0563, -31.698, 1555.0563, -29.224, 1555.0563, -28.518, 1555.0563, -28.146, 1555.0563, -30.437, 1555.0563, -32.870,  , 
1555.0775, -31.641, 1555.0775, -29.199, 1555.0775, -28.498, 1555.0775, -28.153, 1555.0775, -30.527, 1555.0775, -32.872,  , 
1555.0988, -31.589, 1555.0988, -29.180, 1555.0988, -28.481, 1555.0988, -28.160, 1555.0988, -30.615, 1555.0988, -32.873,  , 
1555.1200, -31.536, 1555.1200, -29.158, 1555.1200, -28.463, 1555.1200, -28.170, 1555.1200, -30.707, 1555.1200, -32.874,  , 
1555.1413, -31.488, 1555.1413, -29.139, 1555.1413, -28.447, 1555.1413, -28.182, 1555.1413, -30.799, 1555.1413, -32.870,  , 
1555.1625, -31.440, 1555.1625, -29.119, 1555.1625, -28.428, 1555.1625, -28.198, 1555.1625, -30.885, 1555.1625, -32.864,  , 
1555.1838, -31.395, 1555.1838, -29.102, 1555.1838, -28.410, 1555.1838, -28.212, 1555.1838, -30.973, 1555.1838, -32.857,  , 
1555.2051, -31.348, 1555.2051, -29.085, 1555.2051, -28.391, 1555.2051, -28.228, 1555.2051, -31.063, 1555.2051, -32.844,  , 
1555.2263, -31.301, 1555.2263, -29.067, 1555.2263, -28.372, 1555.2263, -28.249, 1555.2263, -31.148, 1555.2263, -32.833,  , 
1555.2476, -31.259, 1555.2476, -29.050, 1555.2476, -28.354, 1555.2476, -28.270, 1555.2476, -31.231, 1555.2476, -32.821,  , 
1555.2688, -31.214, 1555.2688, -29.035, 1555.2688, -28.333, 1555.2688, -28.292, 1555.2688, -31.315, 1555.2688, -32.806,  , 
1555.2901, -31.174, 1555.2901, -29.019, 1555.2901, -28.318, 1555.2901, -28.318, 1555.2901, -31.399, 1555.2901, -32.792,  , 
1555.3113, -31.136, 1555.3113, -29.008, 1555.3113, -28.302, 1555.3113, -28.347, 1555.3113, -31.479, 1555.3113, -32.777,  , 
1555.3326, -31.097, 1555.3326, -28.994, 1555.3326, -28.288, 1555.3326, -28.379, 1555.3326, -31.562, 1555.3326, -32.762,  , 
1555.3538, -31.057, 1555.3538, -28.980, 1555.3538, -28.273, 1555.3538, -28.409, 1555.3538, -31.642, 1555.3538, -32.745,  , 
1555.3751, -31.019, 1555.3751, -28.972, 1555.3751, -28.260, 1555.3751, -28.443, 1555.3751, -31.720, 1555.3751, -32.728,  , 
1555.3963, -30.982, 1555.3963, -28.957, 1555.3963, -28.245, 1555.3963, -28.478, 1555.3963, -31.795, 1555.3963, -32.709,  , 
1555.4176, -30.944, 1555.4176, -28.947, 1555.4176, -28.233, 1555.4176, -28.518, 1555.4176, -31.871, 1555.4176, -32.689,  , 
1555.4389, -30.906, 1555.4389, -28.936, 1555.4389, -28.222, 1555.4389, -28.557, 1555.4389, -31.940, 1555.4389, -32.673,  , 
1555.4601, -30.868, 1555.4601, -28.923, 1555.4601, -28.214, 1555.4601, -28.602, 1555.4601, -32.009, 1555.4601, -32.652,  , 
1555.4814, -30.831, 1555.4814, -28.913, 1555.4814, -28.204, 1555.4814, -28.647, 1555.4814, -32.079, 1555.4814, -32.634,  , 
1555.5026, -30.795, 1555.5026, -28.902, 1555.5026, -28.198, 1555.5026, -28.692, 1555.5026, -32.146, 1555.5026, -32.614,  , 
1555.5239, -30.760, 1555.5239, -28.891, 1555.5239, -28.192, 1555.5239, -28.741, 1555.5239, -32.211, 1555.5239, -32.594,  , 
1555.5451, -30.725, 1555.5451, -28.880, 1555.5451, -28.187, 1555.5451, -28.793, 1555.5451, -32.276, 1555.5451, -32.576,  , 
1555.5664, -30.686, 1555.5664, -28.869, 1555.5664, -28.187, 1555.5664, -28.847, 1555.5664, -32.336, 1555.5664, -32.558,  , 
1555.5876, -30.650, 1555.5876, -28.859, 1555.5876, -28.186, 1555.5876, -28.906, 1555.5876, -32.396, 1555.5876, -32.541,  , 
1555.6089, -30.609, 1555.6089, -28.846, 1555.6089, -28.186, 1555.6089, -28.961, 1555.6089, -32.447, 1555.6089, -32.522,  , 
1555.6302, -30.573, 1555.6302, -28.833, 1555.6302, -28.189, 1555.6302, -29.022, 1555.6302, -32.500, 1555.6302, -32.503,  , 
1555.6514, -30.535, 1555.6514, -28.819, 1555.6514, -28.195, 1555.6514, -29.085, 1555.6514, -32.550, 1555.6514, -32.484,  , 
1555.6727, -30.492, 1555.6727, -28.804, 1555.6727, -28.201, 1555.6727, -29.148, 1555.6727, -32.594, 1555.6727, -32.467,  , 
1555.6939, -30.454, 1555.6939, -28.790, 1555.6939, -28.206, 1555.6939, -29.212, 1555.6939, -32.638, 1555.6939, -32.448,  , 
1555.7152, -30.411, 1555.7152, -28.775, 1555.7152, -28.217, 1555.7152, -29.279, 1555.7152, -32.679, 1555.7152, -32.431,  , 
1555.7364, -30.375, 1555.7364, -28.762, 1555.7364, -28.229, 1555.7364, -29.350, 1555.7364, -32.712, 1555.7364, -32.418,  , 
1555.7577, -30.334, 1555.7577, -28.744, 1555.7577, -28.245, 1555.7577, -29.419, 1555.7577, -32.747, 1555.7577, -32.396,  , 
1555.7789, -30.291, 1555.7789, -28.729, 1555.7789, -28.261, 1555.7789, -29.491, 1555.7789, -32.773, 1555.7789, -32.380,  , 
1555.8002, -30.251, 1555.8002, -28.713, 1555.8002, -28.282, 1555.8002, -29.565, 1555.8002, -32.802, 1555.8002, -32.363,  , 
1555.8215, -30.210, 1555.8215, -28.696, 1555.8215, -28.305, 1555.8215, -29.641, 1555.8215, -32.824, 1555.8215, -32.351,  , 
1555.8427, -30.170, 1555.8427, -28.677, 1555.8427, -28.327, 1555.8427, -29.714, 1555.8427, -32.842, 1555.8427, -32.333,  , 
1555.8640, -30.131, 1555.8640, -28.662, 1555.8640, -28.354, 1555.8640, -29.792, 1555.8640, -32.861, 1555.8640, -32.319,  , 
1555.8852, -30.088, 1555.8852, -28.644, 1555.8852, -28.384, 1555.8852, -29.871, 1555.8852, -32.873, 1555.8852, -32.306,  , 
1555.9065, -30.048, 1555.9065, -28.621, 1555.9065, -28.414, 1555.9065, -29.951, 1555.9065, -32.883, 1555.9065, -32.291,  , 
1555.9277, -30.009, 1555.9277, -28.604, 1555.9277, -28.448, 1555.9277, -30.031, 1555.9277, -32.891, 1555.9277, -32.275,  , 
1555.9490, -29.970, 1555.9490, -28.585, 1555.9490, -28.482, 1555.9490, -30.108, 1555.9490, -32.895, 1555.9490, -32.261,  , 
1555.9702, -29.931, 1555.9702, -28.562, 1555.9702, -28.518, 1555.9702, -30.189, 1555.9702, -32.895, 1555.9702, -32.244,  , 
1555.9915, -29.891, 1555.9915, -28.543, 1555.9915, -28.558, 1555.9915, -30.271, 1555.9915, -32.896, 1555.9915, -32.231,  , 
1556.0128, -29.852, 1556.0128, -28.524, 1556.0128, -28.601, 1556.0128, -30.356, 1556.0128, -32.892, 1556.0128, -32.215,  , 
1556.0340, -29.816, 1556.0340, -28.504, 1556.0340, -28.645, 1556.0340, -30.438, 1556.0340, -32.889, 1556.0340, -32.201,  , 
1556.0553, -29.781, 1556.0553, -28.486, 1556.0553, -28.693, 1556.0553, -30.522, 1556.0553, -32.881, 1556.0553, -32.189,  , 
1556.0765, -29.745, 1556.0765, -28.467, 1556.0765, -28.743, 1556.0765, -30.606, 1556.0765, -32.873, 1556.0765, -32.174,  , 
1556.0978, -29.709, 1556.0978, -28.447, 1556.0978, -28.793, 1556.0978, -30.692, 1556.0978, -32.865, 1556.0978, -32.159,  , 
1556.1190, -29.676, 1556.1190, -28.430, 1556.1190, -28.848, 1556.1190, -30.776, 1556.1190, -32.857, 1556.1190, -32.148,  , 
1556.1403, -29.642, 1556.1403, -28.411, 1556.1403, -28.904, 1556.1403, -30.860, 1556.1403, -32.846, 1556.1403, -32.131,  , 
1556.1615, -29.609, 1556.1615, -28.391, 1556.1615, -28.960, 1556.1615, -30.946, 1556.1615, -32.832, 1556.1615, -32.114,  , 
1556.1828, -29.577, 1556.1828, -28.376, 1556.1828, -29.021, 1556.1828, -31.028, 1556.1828, -32.817, 1556.1828, -32.098,  , 
1556.2041, -29.545, 1556.2041, -28.357, 1556.2041, -29.079, 1556.2041, -31.112, 1556.2041, -32.801, 1556.2041, -32.081,  , 
1556.2253, -29.515, 1556.2253, -28.342, 1556.2253, -29.146, 1556.2253, -31.196, 1556.2253, -32.784, 1556.2253, -32.067,  , 
1556.2466, -29.488, 1556.2466, -28.330, 1556.2466, -29.211, 1556.2466, -31.281, 1556.2466, -32.770, 1556.2466, -32.050,  , 
1556.2678, -29.463, 1556.2678, -28.318, 1556.2678, -29.279, 1556.2678, -31.364, 1556.2678, -32.753, 1556.2678, -32.036,  , 
1556.2891, -29.437, 1556.2891, -28.307, 1556.2891, -29.351, 1556.2891, -31.450, 1556.2891, -32.738, 1556.2891, -32.022,  , 
1556.3103, -29.411, 1556.3103, -28.296, 1556.3103, -29.422, 1556.3103, -31.533, 1556.3103, -32.721, 1556.3103, -32.004,  , 
1556.3316, -29.390, 1556.3316, -28.288, 1556.3316, -29.500, 1556.3316, -31.616, 1556.3316, -32.704, 1556.3316, -31.989,  , 
1556.3528, -29.366, 1556.3528, -28.281, 1556.3528, -29.576, 1556.3528, -31.697, 1556.3528, -32.690, 1556.3528, -31.975,  , 
1556.3741, -29.344, 1556.3741, -28.273, 1556.3741, -29.653, 1556.3741, -31.778, 1556.3741, -32.672, 1556.3741, -31.956,  , 
1556.3953, -29.326, 1556.3953, -28.270, 1556.3953, -29.730, 1556.3953, -31.854, 1556.3953, -32.655, 1556.3953, -31.937,  , 
1556.4166, -29.304, 1556.4166, -28.266, 1556.4166, -29.810, 1556.4166, -31.933, 1556.4166, -32.639, 1556.4166, -31.922,  , 
1556.4379, -29.288, 1556.4379, -28.262, 1556.4379, -29.890, 1556.4379, -32.010, 1556.4379, -32.623, 1556.4379, -31.903,  , 
1556.4591, -29.271, 1556.4591, -28.266, 1556.4591, -29.977, 1556.4591, -32.084, 1556.4591, -32.612, 1556.4591, -31.889,  , 
1556.4804, -29.257, 1556.4804, -28.265, 1556.4804, -30.060, 1556.4804, -32.160, 1556.4804, -32.596, 1556.4804, -31.871,  , 
1556.5016, -29.243, 1556.5016, -28.270, 1556.5016, -30.145, 1556.5016, -32.231, 1556.5016, -32.580, 1556.5016, -31.854,  , 
1556.5229, -29.230, 1556.5229, -28.276, 1556.5229, -30.233, 1556.5229, -32.299, 1556.5229, -32.569, 1556.5229, -31.838,  , 
1556.5441, -29.217, 1556.5441, -28.283, 1556.5441, -30.316, 1556.5441, -32.366, 1556.5441, -32.554, 1556.5441, -31.822,  , 
1556.5654, -29.206, 1556.5654, -28.294, 1556.5654, -30.407, 1556.5654, -32.428, 1556.5654, -32.541, 1556.5654, -31.804,  , 
1556.5866, -29.191, 1556.5866, -28.304, 1556.5866, -30.494, 1556.5866, -32.490, 1556.5866, -32.529, 1556.5866, -31.786,  , 
1556.6079, -29.179, 1556.6079, -28.315, 1556.6079, -30.579, 1556.6079, -32.547, 1556.6079, -32.513, 1556.6079, -31.768,  , 
1556.6292, -29.166, 1556.6292, -28.331, 1556.6292, -30.668, 1556.6292, -32.599, 1556.6292, -32.502, 1556.6292, -31.748,  , 
1556.6504, -29.155, 1556.6504, -28.346, 1556.6504, -30.753, 1556.6504, -32.651, 1556.6504, -32.489, 1556.6504, -31.733,  , 
1556.6717, -29.143, 1556.6717, -28.363, 1556.6717, -30.842, 1556.6717, -32.698, 1556.6717, -32.475, 1556.6717, -31.714,  , 
1556.6929, -29.133, 1556.6929, -28.382, 1556.6929, -30.928, 1556.6929, -32.743, 1556.6929, -32.465, 1556.6929, -31.694,  , 
1556.7142, -29.123, 1556.7142, -28.406, 1556.7142, -31.017, 1556.7142, -32.786, 1556.7142, -32.453, 1556.7142, -31.681,  , 
1556.7354, -29.115, 1556.7354, -28.432, 1556.7354, -31.104, 1556.7354, -32.824, 1556.7354, -32.445, 1556.7354, -31.664,  , 
1556.7567, -29.106, 1556.7567, -28.460, 1556.7567, -31.190, 1556.7567, -32.861, 1556.7567, -32.435, 1556.7567, -31.649,  , 
1556.7779, -29.093, 1556.7779, -28.488, 1556.7779, -31.274, 1556.7779, -32.887, 1556.7779, -32.423, 1556.7779, -31.631,  , 
1556.7992, -29.084, 1556.7992, -28.520, 1556.7992, -31.360, 1556.7992, -32.913, 1556.7992, -32.412, 1556.7992, -31.616,  , 
1556.8205, -29.075, 1556.8205, -28.550, 1556.8205, -31.440, 1556.8205, -32.936, 1556.8205, -32.399, 1556.8205, -31.600,  , 
1556.8417, -29.062, 1556.8417, -28.586, 1556.8417, -31.524, 1556.8417, -32.958, 1556.8417, -32.385, 1556.8417, -31.584,  , 
1556.8630, -29.050, 1556.8630, -28.623, 1556.8630, -31.604, 1556.8630, -32.973, 1556.8630, -32.375, 1556.8630, -31.568,  , 
1556.8842, -29.041, 1556.8842, -28.662, 1556.8842, -31.684, 1556.8842, -32.989, 1556.8842, -32.361, 1556.8842, -31.557,  , 
1556.9055, -29.029, 1556.9055, -28.704, 1556.9055, -31.763, 1556.9055, -32.999, 1556.9055, -32.351, 1556.9055, -31.542,  , 
1556.9267, -29.018, 1556.9267, -28.749, 1556.9267, -31.838, 1556.9267, -33.008, 1556.9267, -32.339, 1556.9267, -31.533,  , 
1556.9480, -29.007, 1556.9480, -28.797, 1556.9480, -31.917, 1556.9480, -33.013, 1556.9480, -32.330, 1556.9480, -31.524,  , 
1556.9692, -28.998, 1556.9692, -28.843, 1556.9692, -31.990, 1556.9692, -33.018, 1556.9692, -32.317, 1556.9692, -31.512,  , 
1556.9905, -28.983, 1556.9905, -28.893, 1556.9905, -32.063, 1556.9905, -33.016, 1556.9905, -32.304, 1556.9905, -31.501,  , 
1557.0118, -28.969, 1557.0118, -28.947, 1557.0118, -32.135, 1557.0118, -33.015, 1557.0118, -32.292, 1557.0118, -31.493,  , 
1557.0330, -28.959, 1557.0330, -29.000, 1557.0330, -32.202, 1557.0330, -33.011, 1557.0330, -32.278, 1557.0330, -31.485,  , 
1557.0543, -28.944, 1557.0543, -29.054, 1557.0543, -32.268, 1557.0543, -33.005, 1557.0543, -32.262, 1557.0543, -31.478,  , 
1557.0755, -28.927, 1557.0755, -29.114, 1557.0755, -32.334, 1557.0755, -32.995, 1557.0755, -32.248, 1557.0755, -31.472,  , 
1557.0968, -28.914, 1557.0968, -29.174, 1557.0968, -32.397, 1557.0968, -32.987, 1557.0968, -32.234, 1557.0968, -31.467,  , 
1557.1180, -28.896, 1557.1180, -29.237, 1557.1180, -32.457, 1557.1180, -32.973, 1557.1180, -32.219, 1557.1180, -31.460,  , 
1557.1393, -28.881, 1557.1393, -29.301, 1557.1393, -32.516, 1557.1393, -32.963, 1557.1393, -32.203, 1557.1393, -31.457,  , 
1557.1605, -28.865, 1557.1605, -29.371, 1557.1605, -32.575, 1557.1605, -32.946, 1557.1605, -32.187, 1557.1605, -31.456,  , 
1557.1818, -28.848, 1557.1818, -29.440, 1557.1818, -32.632, 1557.1818, -32.931, 1557.1818, -32.175, 1557.1818, -31.456,  , 
1557.2031, -28.832, 1557.2031, -29.511, 1557.2031, -32.683, 1557.2031, -32.916, 1557.2031, -32.154, 1557.2031, -31.457,  , 
1557.2243, -28.818, 1557.2243, -29.585, 1557.2243, -32.732, 1557.2243, -32.899, 1557.2243, -32.140, 1557.2243, -31.460,  , 
1557.2456, -28.797, 1557.2456, -29.658, 1557.2456, -32.778, 1557.2456, -32.882, 1557.2456, -32.121, 1557.2456, -31.460,  , 
1557.2668, -28.779, 1557.2668, -29.733, 1557.2668, -32.819, 1557.2668, -32.863, 1557.2668, -32.101, 1557.2668, -31.464,  , 
1557.2881, -28.760, 1557.2881, -29.808, 1557.2881, -32.860, 1557.2881, -32.846, 1557.2881, -32.085, 1557.2881, -31.469,  , 
1557.3093, -28.744, 1557.3093, -29.889, 1557.3093, -32.893, 1557.3093, -32.828, 1557.3093, -32.066, 1557.3093, -31.475,  , 
1557.3306, -28.725, 1557.3306, -29.967, 1557.3306, -32.926, 1557.3306, -32.806, 1557.3306, -32.046, 1557.3306, -31.483,  , 
1557.3518, -28.706, 1557.3518, -30.048, 1557.3518, -32.956, 1557.3518, -32.788, 1557.3518, -32.030, 1557.3518, -31.491,  , 
1557.3731, -28.691, 1557.3731, -30.130, 1557.3731, -32.985, 1557.3731, -32.772, 1557.3731, -32.011, 1557.3731, -31.504,  , 
1557.3943, -28.672, 1557.3943, -30.213, 1557.3943, -33.006, 1557.3943, -32.755, 1557.3943, -31.992, 1557.3943, -31.514,  , 
1557.4156, -28.656, 1557.4156, -30.297, 1557.4156, -33.027, 1557.4156, -32.738, 1557.4156, -31.972, 1557.4156, -31.527,  , 
1557.4369, -28.639, 1557.4369, -30.383, 1557.4369, -33.044, 1557.4369, -32.722, 1557.4369, -31.955, 1557.4369, -31.545,  , 
1557.4581, -28.625, 1557.4581, -30.468, 1557.4581, -33.061, 1557.4581, -32.707, 1557.4581, -31.937, 1557.4581, -31.563,  , 
1557.4794, -28.609, 1557.4794, -30.552, 1557.4794, -33.072, 1557.4794, -32.692, 1557.4794, -31.917, 1557.4794, -31.577,  , 
1557.5006, -28.597, 1557.5006, -30.639, 1557.5006, -33.079, 1557.5006, -32.678, 1557.5006, -31.901, 1557.5006, -31.598,  , 
1557.5219, -28.585, 1557.5219, -30.730, 1557.5219, -33.087, 1557.5219, -32.665, 1557.5219, -31.886, 1557.5219, -31.620,  , 
1557.5431, -28.570, 1557.5431, -30.815, 1557.5431, -33.089, 1557.5431, -32.649, 1557.5431, -31.870, 1557.5431, -31.643,  , 
1557.5644, -28.557, 1557.5644, -30.900, 1557.5644, -33.091, 1557.5644, -32.638, 1557.5644, -31.849, 1557.5644, -31.667,  , 
1557.5856, -28.550, 1557.5856, -30.989, 1557.5856, -33.090, 1557.5856, -32.626, 1557.5856, -31.834, 1557.5856, -31.690,  , 
1557.6069, -28.544, 1557.6069, -31.076, 1557.6069, -33.088, 1557.6069, -32.615, 1557.6069, -31.820, 1557.6069, -31.718,  , 
1557.6282, -28.539, 1557.6282, -31.167, 1557.6282, -33.087, 1557.6282, -32.611, 1557.6282, -31.807, 1557.6282, -31.750,  , 
1557.6494, -28.535, 1557.6494, -31.253, 1557.6494, -33.082, 1557.6494, -32.604, 1557.6494, -31.798, 1557.6494, -31.782,  , 
1557.6707, -28.532, 1557.6707, -31.345, 1557.6707, -33.077, 1557.6707, -32.595, 1557.6707, -31.784, 1557.6707, -31.818,  , 
1557.6919, -28.534, 1557.6919, -31.431, 1557.6919, -33.073, 1557.6919, -32.593, 1557.6919, -31.775, 1557.6919, -31.853,  , 
1557.7132, -28.534, 1557.7132, -31.524, 1557.7132, -33.065, 1557.7132, -32.587, 1557.7132, -31.765, 1557.7132, -31.893,  , 
1557.7344, -28.537, 1557.7344, -31.613, 1557.7344, -33.056, 1557.7344, -32.583, 1557.7344, -31.757, 1557.7344, -31.932,  , 
1557.7557, -28.542, 1557.7557, -31.697, 1557.7557, -33.046, 1557.7557, -32.577, 1557.7557, -31.748, 1557.7557, -31.974,  , 
1557.7769, -28.547, 1557.7769, -31.785, 1557.7769, -33.033, 1557.7769, -32.571, 1557.7769, -31.739, 1557.7769, -32.016,  , 
1557.7982, -28.553, 1557.7982, -31.869, 1557.7982, -33.025, 1557.7982, -32.569, 1557.7982, -31.734, 1557.7982, -32.061,  , 
1557.8195, -28.564, 1557.8195, -31.953, 1557.8195, -33.013, 1557.8195, -32.563, 1557.8195, -31.726, 1557.8195, -32.111,  , 
1557.8407, -28.576, 1557.8407, -32.035, 1557.8407, -33.001, 1557.8407, -32.559, 1557.8407, -31.722, 1557.8407, -32.158,  , 
1557.8620, -28.589, 1557.8620, -32.120, 1557.8620, -32.991, 1557.8620, -32.557, 1557.8620, -31.720, 1557.8620, -32.211,  , 
1557.8832, -28.607, 1557.8832, -32.201, 1557.8832, -32.976, 1557.8832, -32.554, 1557.8832, -31.717, 1557.8832, -32.265,  , 
1557.9045, -28.625, 1557.9045, -32.285, 1557.9045, -32.966, 1557.9045, -32.552, 1557.9045, -31.717, 1557.9045, -32.321,  , 
1557.9257, -28.647, 1557.9257, -32.361, 1557.9257, -32.955, 1557.9257, -32.547, 1557.9257, -31.714, 1557.9257, -32.383,  , 
1557.9470, -28.667, 1557.9470, -32.437, 1557.9470, -32.943, 1557.9470, -32.542, 1557.9470, -31.714, 1557.9470, -32.442,  , 
1557.9682, -28.692, 1557.9682, -32.508, 1557.9682, -32.932, 1557.9682, -32.537, 1557.9682, -31.714, 1557.9682, -32.502,  , 
1557.9895, -28.716, 1557.9895, -32.580, 1557.9895, -32.919, 1557.9895, -32.532, 1557.9895, -31.714, 1557.9895, -32.568,  , 
1558.0108, -28.742, 1558.0108, -32.652, 1558.0108, -32.907, 1558.0108, -32.524, 1558.0108, -31.718, 1558.0108, -32.631,  , 
1558.0320, -28.775, 1558.0320, -32.721, 1558.0320, -32.897, 1558.0320, -32.518, 1558.0320, -31.719, 1558.0320, -32.701,  , 
1558.0533, -28.808, 1558.0533, -32.782, 1558.0533, -32.885, 1558.0533, -32.507, 1558.0533, -31.723, 1558.0533, -32.773,  , 
1558.0745, -28.843, 1558.0745, -32.846, 1558.0745, -32.877, 1558.0745, -32.503, 1558.0745, -31.728, 1558.0745, -32.848,  , 
1558.0958, -28.878, 1558.0958, -32.906, 1558.0958, -32.869, 1558.0958, -32.495, 1558.0958, -31.738, 1558.0958, -32.923,  , 
1558.1170, -28.919, 1558.1170, -32.960, 1558.1170, -32.859, 1558.1170, -32.487, 1558.1170, -31.744, 1558.1170, -33.001,  , 
1558.1383, -28.958, 1558.1383, -33.016, 1558.1383, -32.852, 1558.1383, -32.478, 1558.1383, -31.752, 1558.1383, -33.084,  , 
1558.1595, -29.001, 1558.1595, -33.061, 1558.1595, -32.841, 1558.1595, -32.465, 1558.1595, -31.759, 1558.1595, -33.166,  , 
1558.1808, -29.047, 1558.1808, -33.112, 1558.1808, -32.836, 1558.1808, -32.455, 1558.1808, -31.768, 1558.1808, -33.250,  , 
1558.2021, -29.093, 1558.2021, -33.151, 1558.2021, -32.825, 1558.2021, -32.442, 1558.2021, -31.778, 1558.2021, -33.339,  , 
1558.2233, -29.140, 1558.2233, -33.193, 1558.2233, -32.815, 1558.2233, -32.427, 1558.2233, -31.789, 1558.2233, -33.429,  , 
1558.2446, -29.193, 1558.2446, -33.226, 1558.2446, -32.807, 1558.2446, -32.412, 1558.2446, -31.799, 1558.2446, -33.521,  , 
1558.2658, -29.247, 1558.2658, -33.259, 1558.2658, -32.800, 1558.2658, -32.399, 1558.2658, -31.816, 1558.2658, -33.618,  , 
1558.2871, -29.302, 1558.2871, -33.289, 1558.2871, -32.794, 1558.2871, -32.386, 1558.2871, -31.833, 1558.2871, -33.714,  , 
1558.3083, -29.360, 1558.3083, -33.314, 1558.3083, -32.789, 1558.3083, -32.374, 1558.3083, -31.848, 1558.3083, -33.814,  , 
1558.3296, -29.419, 1558.3296, -33.335, 1558.3296, -32.782, 1558.3296, -32.358, 1558.3296, -31.862, 1558.3296, -33.919,  , 
1558.3508, -29.480, 1558.3508, -33.355, 1558.3508, -32.776, 1558.3508, -32.343, 1558.3508, -31.883, 1558.3508, -34.021,  , 
1558.3721, -29.543, 1558.3721, -33.370, 1558.3721, -32.770, 1558.3721, -32.328, 1558.3721, -31.902, 1558.3721, -34.131,  , 
1558.3933, -29.608, 1558.3933, -33.384, 1558.3933, -32.765, 1558.3933, -32.310, 1558.3933, -31.924, 1558.3933, -34.238,  , 
1558.4146, -29.676, 1558.4146, -33.394, 1558.4146, -32.757, 1558.4146, -32.296, 1558.4146, -31.946, 1558.4146, -34.351,  , 
1558.4359, -29.744, 1558.4359, -33.399, 1558.4359, -32.750, 1558.4359, -32.281, 1558.4359, -31.966, 1558.4359, -34.466,  , 
1558.4571, -29.813, 1558.4571, -33.404, 1558.4571, -32.743, 1558.4571, -32.265, 1558.4571, -31.991, 1558.4571, -34.580,  , 
1558.4784, -29.885, 1558.4784, -33.406, 1558.4784, -32.737, 1558.4784, -32.251, 1558.4784, -32.015, 1558.4784, -34.701,  , 
1558.4996, -29.956, 1558.4996, -33.405, 1558.4996, -32.731, 1558.4996, -32.236, 1558.4996, -32.040, 1558.4996, -34.821,  , 
1558.5209, -30.031, 1558.5209, -33.403, 1558.5209, -32.723, 1558.5209, -32.221, 1558.5209, -32.070, 1558.5209, -34.946,  , 
1558.5421, -30.111, 1558.5421, -33.399, 1558.5421, -32.719, 1558.5421, -32.208, 1558.5421, -32.101, 1558.5421, -35.078,  , 
1558.5634, -30.190, 1558.5634, -33.395, 1558.5634, -32.709, 1558.5634, -32.192, 1558.5634, -32.135, 1558.5634, -35.206,  , 
1558.5846, -30.268, 1558.5846, -33.388, 1558.5846, -32.703, 1558.5846, -32.180, 1558.5846, -32.168, 1558.5846, -35.340,  , 
1558.6059, -30.350, 1558.6059, -33.379, 1558.6059, -32.693, 1558.6059, -32.168, 1558.6059, -32.203, 1558.6059, -35.480,  , 
1558.6272, -30.427, 1558.6272, -33.369, 1558.6272, -32.684, 1558.6272, -32.155, 1558.6272, -32.238, 1558.6272, -35.614,  , 
1558.6484, -30.509, 1558.6484, -33.359, 1558.6484, -32.676, 1558.6484, -32.145, 1558.6484, -32.274, 1558.6484, -35.754,  , 
1558.6697, -30.594, 1558.6697, -33.344, 1558.6697, -32.666, 1558.6697, -32.134, 1558.6697, -32.315, 1558.6697, -35.904,  , 
1558.6909, -30.681, 1558.6909, -33.333, 1558.6909, -32.654, 1558.6909, -32.122, 1558.6909, -32.359, 1558.6909, -36.058,  , 
1558.7122, -30.769, 1558.7122, -33.322, 1558.7122, -32.647, 1558.7122, -32.113, 1558.7122, -32.403, 1558.7122, -36.210,  , 
1558.7334, -30.856, 1558.7334, -33.310, 1558.7334, -32.635, 1558.7334, -32.105, 1558.7334, -32.453, 1558.7334, -36.367,  , 
1558.7547, -30.945, 1558.7547, -33.295, 1558.7547, -32.625, 1558.7547, -32.098, 1558.7547, -32.501, 1558.7547, -36.528,  , 
1558.7759, -31.033, 1558.7759, -33.281, 1558.7759, -32.614, 1558.7759, -32.090, 1558.7759, -32.553, 1558.7759, -36.687,  , 
1558.7972, -31.124, 1558.7972, -33.270, 1558.7972, -32.604, 1558.7972, -32.086, 1558.7972, -32.607, 1558.7972, -36.859,  , 
1558.8185, -31.215, 1558.8185, -33.256, 1558.8185, -32.593, 1558.8185, -32.080, 1558.8185, -32.664, 1558.8185, -37.030,  , 
1558.8397, -31.308, 1558.8397, -33.243, 1558.8397, -32.579, 1558.8397, -32.077, 1558.8397, -32.726, 1558.8397, -37.204,  , 
1558.8610, -31.401, 1558.8610, -33.230, 1558.8610, -32.566, 1558.8610, -32.074, 1558.8610, -32.781, 1558.8610, -37.391,  , 
1558.8822, -31.493, 1558.8822, -33.219, 1558.8822, -32.558, 1558.8822, -32.072, 1558.8822, -32.846, 1558.8822, -37.554,  , 
1558.9035, -31.584, 1558.9035, -33.205, 1558.9035, -32.543, 1558.9035, -32.073, 1558.9035, -32.912, 1558.9035, -37.729,  , 
1558.9247, -31.676, 1558.9247, -33.195, 1558.9247, -32.532, 1558.9247, -32.071, 1558.9247, -32.976, 1558.9247, -37.908,  , 
1558.9460, -31.770, 1558.9460, -33.185, 1558.9460, -32.520, 1558.9460, -32.070, 1558.9460, -33.047, 1558.9460, -38.090,  , 
1558.9672, -31.861, 1558.9672, -33.181, 1558.9672, -32.509, 1558.9672, -32.075, 1558.9672, -33.123, 1558.9672, -38.275,  , 
1558.9885, -31.956, 1558.9885, -33.171, 1558.9885, -32.498, 1558.9885, -32.079, 1558.9885, -33.198, 1558.9885, -38.461,  , 
1559.0098, -32.049, 1559.0098, -33.166, 1559.0098, -32.488, 1559.0098, -32.088, 1559.0098, -33.279, 1559.0098, -38.647,  , 
1559.0310, -32.140, 1559.0310, -33.163, 1559.0310, -32.480, 1559.0310, -32.095, 1559.0310, -33.357, 1559.0310, -38.827,  , 
1559.0523, -32.227, 1559.0523, -33.158, 1559.0523, -32.473, 1559.0523, -32.104, 1559.0523, -33.440, 1559.0523, -39.007,  , 
1559.0735, -32.314, 1559.0735, -33.155, 1559.0735, -32.462, 1559.0735, -32.115, 1559.0735, -33.526, 1559.0735, -39.187,  , 
1559.0948, -32.401, 1559.0948, -33.153, 1559.0948, -32.452, 1559.0948, -32.123, 1559.0948, -33.613, 1559.0948, -39.366,  , 
1559.1160, -32.489, 1559.1160, -33.150, 1559.1160, -32.445, 1559.1160, -32.134, 1559.1160, -33.705, 1559.1160, -39.549,  , 
1559.1373, -32.572, 1559.1373, -33.150, 1559.1373, -32.437, 1559.1373, -32.149, 1559.1373, -33.795, 1559.1373, -39.725,  , 
1559.1585, -32.658, 1559.1585, -33.147, 1559.1585, -32.430, 1559.1585, -32.161, 1559.1585, -33.892, 1559.1585, -39.902,  , 
1559.1798, -32.737, 1559.1798, -33.147, 1559.1798, -32.422, 1559.1798, -32.178, 1559.1798, -33.990, 1559.1798, -40.074,  , 
1559.2011, -32.818, 1559.2011, -33.149, 1559.2011, -32.418, 1559.2011, -32.198, 1559.2011, -34.089, 1559.2011, -40.252,  , 
1559.2223, -32.897, 1559.2223, -33.152, 1559.2223, -32.414, 1559.2223, -32.214, 1559.2223, -34.196, 1559.2223, -40.420,  , 
1559.2436, -32.974, 1559.2436, -33.151, 1559.2436, -32.411, 1559.2436, -32.234, 1559.2436, -34.298, 1559.2436, -40.594,  , 
1559.2648, -33.051, 1559.2648, -33.153, 1559.2648, -32.405, 1559.2648, -32.252, 1559.2648, -34.414, 1559.2648, -40.758,  , 
1559.2861, -33.125, 1559.2861, -33.154, 1559.2861, -32.405, 1559.2861, -32.280, 1559.2861, -34.524, 1559.2861, -40.922,  , 
1559.3073, -33.196, 1559.3073, -33.156, 1559.3073, -32.403, 1559.3073, -32.304, 1559.3073, -34.639, 1559.3073, -41.078,  , 
1559.3286, -33.263, 1559.3286, -33.156, 1559.3286, -32.399, 1559.3286, -32.324, 1559.3286, -34.754, 1559.3286, -41.231,  , 
1559.3498, -33.325, 1559.3498, -33.157, 1559.3498, -32.396, 1559.3498, -32.348, 1559.3498, -34.874, 1559.3498, -41.372,  , 
1559.3711, -33.390, 1559.3711, -33.155, 1559.3711, -32.394, 1559.3711, -32.376, 1559.3711, -34.993, 1559.3711, -41.519,  , 
1559.3923, -33.451, 1559.3923, -33.156, 1559.3923, -32.395, 1559.3923, -32.402, 1559.3923, -35.122, 1559.3923, -41.653,  , 
1559.4136, -33.510, 1559.4136, -33.156, 1559.4136, -32.395, 1559.4136, -32.431, 1559.4136, -35.251, 1559.4136, -41.790,  , 
1559.4349, -33.569, 1559.4349, -33.154, 1559.4349, -32.397, 1559.4349, -32.461, 1559.4349, -35.390, 1559.4349, -41.917,  , 
1559.4561, -33.623, 1559.4561, -33.156, 1559.4561, -32.403, 1559.4561, -32.496, 1559.4561, -35.525, 1559.4561, -42.039,  , 
1559.4774, -33.675, 1559.4774, -33.155, 1559.4774, -32.404, 1559.4774, -32.530, 1559.4774, -35.667, 1559.4774, -42.156,  , 
1559.4986, -33.719, 1559.4986, -33.151, 1559.4986, -32.410, 1559.4986, -32.566, 1559.4986, -35.809, 1559.4986, -42.261,  , 
1559.5199, -33.764, 1559.5199, -33.148, 1559.5199, -32.413, 1559.5199, -32.600, 1559.5199, -35.953, 1559.5199, -42.367,  , 
1559.5411, -33.807, 1559.5411, -33.146, 1559.5411, -32.420, 1559.5411, -32.639, 1559.5411, -36.108, 1559.5411, -42.467,  , 
1559.5624, -33.840, 1559.5624, -33.138, 1559.5624, -32.424, 1559.5624, -32.680, 1559.5624, -36.257, 1559.5624, -42.553,  , 
1559.5836, -33.877, 1559.5836, -33.135, 1559.5836, -32.432, 1559.5836, -32.719, 1559.5836, -36.414, 1559.5836, -42.644,  , 
1559.6049, -33.907, 1559.6049, -33.127, 1559.6049, -32.440, 1559.6049, -32.760, 1559.6049, -36.567, 1559.6049, -42.717,  , 
1559.6262, -33.934, 1559.6262, -33.122, 1559.6262, -32.448, 1559.6262, -32.804, 1559.6262, -36.724, 1559.6262, -42.792,  , 
1559.6474, -33.959, 1559.6474, -33.116, 1559.6474, -32.458, 1559.6474, -32.850, 1559.6474, -36.888, 1559.6474, -42.867,  , 
1559.6687, -33.977, 1559.6687, -33.105, 1559.6687, -32.470, 1559.6687, -32.899, 1559.6687, -37.060, 1559.6687, -42.926,  , 
1559.6899, -33.997, 1559.6899, -33.097, 1559.6899, -32.481, 1559.6899, -32.946, 1559.6899, -37.226, 1559.6899, -42.990,  , 
1559.7112, -34.010, 1559.7112, -33.086, 1559.7112, -32.493, 1559.7112, -32.996, 1559.7112, -37.392, 1559.7112, -43.041,  , 
1559.7324, -34.021, 1559.7324, -33.078, 1559.7324, -32.506, 1559.7324, -33.049, 1559.7324, -37.568, 1559.7324, -43.092,  , 
1559.7537, -34.030, 1559.7537, -33.067, 1559.7537, -32.519, 1559.7537, -33.102, 1559.7537, -37.740, 1559.7537, -43.142,  , 
1559.7749, -34.033, 1559.7749, -33.055, 1559.7749, -32.536, 1559.7749, -33.159, 1559.7749, -37.928, 1559.7749, -43.186,  , 
1559.7962, -34.039, 1559.7962, -33.044, 1559.7962, -32.550, 1559.7962, -33.215, 1559.7962, -38.104, 1559.7962, -43.228,  , 
1559.8175, -34.036, 1559.8175, -33.031, 1559.8175, -32.565, 1559.8175, -33.273, 1559.8175, -38.281, 1559.8175, -43.261,  , 
1559.8387, -34.033, 1559.8387, -33.016, 1559.8387, -32.586, 1559.8387, -33.335, 1559.8387, -38.461, 1559.8387, -43.299,  , 
1559.8600, -34.031, 1559.8600, -33.007, 1559.8600, -32.605, 1559.8600, -33.397, 1559.8600, -38.647, 1559.8600, -43.336,  , 
1559.8812, -34.025, 1559.8812, -32.992, 1559.8812, -32.623, 1559.8812, -33.464, 1559.8812, -38.830, 1559.8812, -43.368,  , 
1559.9025, -34.022, 1559.9025, -32.983, 1559.9025, -32.649, 1559.9025, -33.531, 1559.9025, -39.014, 1559.9025, -43.402,  , 
1559.9237, -34.013, 1559.9237, -32.972, 1559.9237, -32.673, 1559.9237, -33.602, 1559.9237, -39.199, 1559.9237, -43.437,  , 
1559.9450, -34.004, 1559.9450, -32.960, 1559.9450, -32.698, 1559.9450, -33.673, 1559.9450, -39.390, 1559.9450, -43.467,  , 
1559.9662, -33.996, 1559.9662, -32.951, 1559.9662, -32.724, 1559.9662, -33.748, 1559.9662, -39.575, 1559.9662, -43.498,  , 
1559.9875, -33.985, 1559.9875, -32.938, 1559.9875, -32.752, 1559.9875, -33.824, 1559.9875, -39.761, 1559.9875, -43.528,  , 
1560.0088, -33.973, 1560.0088, -32.929, 1560.0088, -32.780, 1560.0088, -33.901, 1560.0088, -39.947, 1560.0088, -43.561,  , 
1560.0300, -33.962, 1560.0300, -32.919, 1560.0300, -32.811, 1560.0300, -33.979, 1560.0300, -40.121, 1560.0300, -43.591,  , 
1560.0513, -33.949, 1560.0513, -32.907, 1560.0513, -32.842, 1560.0513, -34.064, 1560.0513, -40.310, 1560.0513, -43.627,  , 
1560.0725, -33.943, 1560.0725, -32.901, 1560.0725, -32.877, 1560.0725, -34.151, 1560.0725, -40.494, 1560.0725, -43.663,  , 
1560.0938, -33.931, 1560.0938, -32.896, 1560.0938, -32.915, 1560.0938, -34.240, 1560.0938, -40.673, 1560.0938, -43.699,  , 
1560.1150, -33.922, 1560.1150, -32.888, 1560.1150, -32.951, 1560.1150, -34.332, 1560.1150, -40.845, 1560.1150, -43.740,  , 
1560.1363, -33.910, 1560.1363, -32.884, 1560.1363, -32.991, 1560.1363, -34.422, 1560.1363, -41.024, 1560.1363, -43.777,  , 
1560.1575, -33.901, 1560.1575, -32.879, 1560.1575, -33.035, 1560.1575, -34.526, 1560.1575, -41.195, 1560.1575, -43.819,  , 
1560.1788, -33.897, 1560.1788, -32.876, 1560.1788, -33.078, 1560.1788, -34.623, 1560.1788, -41.369, 1560.1788, -43.858,  , 
1560.2001, -33.884, 1560.2001, -32.872, 1560.2001, -33.123, 1560.2001, -34.728, 1560.2001, -41.530, 1560.2001, -43.903,  , 
1560.2213, -33.877, 1560.2213, -32.868, 1560.2213, -33.167, 1560.2213, -34.833, 1560.2213, -41.692, 1560.2213, -43.946,  , 
1560.2426, -33.871, 1560.2426, -32.865, 1560.2426, -33.219, 1560.2426, -34.938, 1560.2426, -41.851, 1560.2426, -43.989,  , 
1560.2638, -33.864, 1560.2638, -32.865, 1560.2638, -33.269, 1560.2638, -35.057, 1560.2638, -42.006, 1560.2638, -44.035,  , 
1560.2851, -33.858, 1560.2851, -32.867, 1560.2851, -33.324, 1560.2851, -35.172, 1560.2851, -42.155, 1560.2851, -44.092,  , 
1560.3063, -33.855, 1560.3063, -32.871, 1560.3063, -33.383, 1560.3063, -35.290, 1560.3063, -42.297, 1560.3063, -44.137,  , 
1560.3276, -33.850, 1560.3276, -32.872, 1560.3276, -33.438, 1560.3276, -35.415, 1560.3276, -42.431, 1560.3276, -44.189,  , 
1560.3488, -33.848, 1560.3488, -32.877, 1560.3488, -33.505, 1560.3488, -35.545, 1560.3488, -42.576, 1560.3488, -44.245,  , 
1560.3701, -33.849, 1560.3701, -32.882, 1560.3701, -33.568, 1560.3701, -35.677, 1560.3701, -42.698, 1560.3701, -44.301,  , 
1560.3913, -33.847, 1560.3913, -32.890, 1560.3913, -33.631, 1560.3913, -35.812, 1560.3913, -42.813, 1560.3913, -44.359,  , 
1560.4126, -33.847, 1560.4126, -32.898, 1560.4126, -33.702, 1560.4126, -35.947, 1560.4126, -42.928, 1560.4126, -44.408,  , 
1560.4339, -33.846, 1560.4339, -32.905, 1560.4339, -33.773, 1560.4339, -36.089, 1560.4339, -43.033, 1560.4339, -44.463,  , 
1560.4551, -33.849, 1560.4551, -32.915, 1560.4551, -33.848, 1560.4551, -36.236, 1560.4551, -43.146, 1560.4551, -44.521,  , 
1560.4764, -33.850, 1560.4764, -32.927, 1560.4764, -33.924, 1560.4764, -36.386, 1560.4764, -43.236, 1560.4764, -44.572,  , 
1560.4976, -33.855, 1560.4976, -32.937, 1560.4976, -34.002, 1560.4976, -36.529, 1560.4976, -43.327, 1560.4976, -44.627,  , 
1560.5189, -33.859, 1560.5189, -32.951, 1560.5189, -34.083, 1560.5189, -36.682, 1560.5189, -43.404, 1560.5189, -44.686,  , 
1560.5401, -33.863, 1560.5401, -32.965, 1560.5401, -34.165, 1560.5401, -36.839, 1560.5401, -43.485, 1560.5401, -44.739,  , 
1560.5614, -33.868, 1560.5614, -32.983, 1560.5614, -34.254, 1560.5614, -36.999, 1560.5614, -43.550, 1560.5614, -44.788,  , 
1560.5826, -33.867, 1560.5826, -32.999, 1560.5826, -34.340, 1560.5826, -37.159, 1560.5826, -43.617, 1560.5826, -44.831,  , 
1560.6039, -33.874, 1560.6039, -33.016, 1560.6039, -34.427, 1560.6039, -37.321, 1560.6039, -43.678, 1560.6039, -44.889,  , 
1560.6252, -33.879, 1560.6252, -33.036, 1560.6252, -34.519, 1560.6252, -37.486, 1560.6252, -43.737, 1560.6252, -44.924,  , 
1560.6464, -33.883, 1560.6464, -33.056, 1560.6464, -34.613, 1560.6464, -37.653, 1560.6464, -43.784, 1560.6464, -44.973,  , 
1560.6677, -33.886, 1560.6677, -33.078, 1560.6677, -34.710, 1560.6677, -37.829, 1560.6677, -43.842, 1560.6677, -45.013,  , 
1560.6889, -33.889, 1560.6889, -33.099, 1560.6889, -34.804, 1560.6889, -37.998, 1560.6889, -43.886, 1560.6889, -45.047,  , 
1560.7102, -33.893, 1560.7102, -33.121, 1560.7102, -34.904, 1560.7102, -38.173, 1560.7102, -43.919, 1560.7102, -45.077,  , 
1560.7314, -33.894, 1560.7314, -33.143, 1560.7314, -35.005, 1560.7314, -38.339, 1560.7314, -43.958, 1560.7314, -45.111,  , 
1560.7527, -33.894, 1560.7527, -33.170, 1560.7527, -35.113, 1560.7527, -38.528, 1560.7527, -44.002, 1560.7527, -45.138,  , 
1560.7739, -33.898, 1560.7739, -33.195, 1560.7739, -35.220, 1560.7739, -38.703, 1560.7739, -44.041, 1560.7739, -45.165,  , 
1560.7952, -33.899, 1560.7952, -33.226, 1560.7952, -35.331, 1560.7952, -38.888, 1560.7952, -44.073, 1560.7952, -45.189,  , 
1560.8165, -33.901, 1560.8165, -33.254, 1560.8165, -35.442, 1560.8165, -39.077, 1560.8165, -44.108, 1560.8165, -45.206,  , 
1560.8377, -33.903, 1560.8377, -33.286, 1560.8377, -35.563, 1560.8377, -39.262, 1560.8377, -44.157, 1560.8377, -45.214,  , 
1560.8590, -33.903, 1560.8590, -33.319, 1560.8590, -35.679, 1560.8590, -39.456, 1560.8590, -44.182, 1560.8590, -45.222,  , 
1560.8802, -33.905, 1560.8802, -33.351, 1560.8802, -35.807, 1560.8802, -39.644, 1560.8802, -44.219, 1560.8802, -45.229,  , 
1560.9015, -33.899, 1560.9015, -33.386, 1560.9015, -35.927, 1560.9015, -39.832, 1560.9015, -44.260, 1560.9015, -45.235,  , 
1560.9227, -33.899, 1560.9227, -33.423, 1560.9227, -36.056, 1560.9227, -40.017, 1560.9227, -44.300, 1560.9227, -45.228,  , 
1560.9440, -33.896, 1560.9440, -33.458, 1560.9440, -36.190, 1560.9440, -40.218, 1560.9440, -44.331, 1560.9440, -45.212,  , 
1560.9652, -33.892, 1560.9652, -33.494, 1560.9652, -36.320, 1560.9652, -40.411, 1560.9652, -44.368, 1560.9652, -45.205,  , 
1560.9865, -33.889, 1560.9865, -33.536, 1560.9865, -36.461, 1560.9865, -40.605, 1560.9865, -44.411, 1560.9865, -45.173,  , 
1561.0078, -33.885, 1561.0078, -33.576, 1561.0078, -36.601, 1561.0078, -40.801, 1561.0078, -44.454, 1561.0078, -45.159,  , 
1561.0290, -33.883, 1561.0290, -33.624, 1561.0290, -36.745, 1561.0290, -40.991, 1561.0290, -44.492, 1561.0290, -45.119,  , 
1561.0503, -33.877, 1561.0503, -33.666, 1561.0503, -36.895, 1561.0503, -41.186, 1561.0503, -44.541, 1561.0503, -45.098,  , 
1561.0715, -33.871, 1561.0715, -33.715, 1561.0715, -37.050, 1561.0715, -41.381, 1561.0715, -44.592, 1561.0715, -45.049,  , 
1561.0928, -33.867, 1561.0928, -33.762, 1561.0928, -37.212, 1561.0928, -41.567, 1561.0928, -44.635, 1561.0928, -45.012,  , 
1561.1140, -33.857, 1561.1140, -33.811, 1561.1140, -37.357, 1561.1140, -41.754, 1561.1140, -44.685, 1561.1140, -44.967,  , 
1561.1353, -33.850, 1561.1353, -33.862, 1561.1353, -37.518, 1561.1353, -41.933, 1561.1353, -44.734, 1561.1353, -44.912,  , 
1561.1565, -33.843, 1561.1565, -33.915, 1561.1565, -37.681, 1561.1565, -42.118, 1561.1565, -44.778, 1561.1565, -44.843,  , 
1561.1778, -33.832, 1561.1778, -33.966, 1561.1778, -37.844, 1561.1778, -42.289, 1561.1778, -44.824, 1561.1778, -44.801,  , 
1561.1990, -33.825, 1561.1990, -34.023, 1561.1990, -38.007, 1561.1990, -42.456, 1561.1990, -44.885, 1561.1990, -44.725,  , 
1561.2203, -33.819, 1561.2203, -34.079, 1561.2203, -38.175, 1561.2203, -42.619, 1561.2203, -44.939, 1561.2203, -44.665,  , 
1561.2416, -33.810, 1561.2416, -34.140, 1561.2416, -38.346, 1561.2416, -42.782, 1561.2416, -44.988, 1561.2416, -44.584,  , 
1561.2628, -33.802, 1561.2628, -34.205, 1561.2628, -38.523, 1561.2628, -42.934, 1561.2628, -45.045, 1561.2628, -44.514,  , 
1561.2841, -33.793, 1561.2841, -34.265, 1561.2841, -38.699, 1561.2841, -43.084, 1561.2841, -45.109, 1561.2841, -44.435,  , 
1561.3053, -33.791, 1561.3053, -34.334, 1561.3053, -38.876, 1561.3053, -43.227, 1561.3053, -45.160, 1561.3053, -44.350,  , 
1561.3266, -33.779, 1561.3266, -34.397, 1561.3266, -39.060, 1561.3266, -43.357, 1561.3266, -45.222, 1561.3266, -44.267,  , 
1561.3478, -33.773, 1561.3478, -34.472, 1561.3478, -39.244, 1561.3478, -43.493, 1561.3478, -45.267, 1561.3478, -44.188,  , 
1561.3691, -33.769, 1561.3691, -34.542, 1561.3691, -39.425, 1561.3691, -43.613, 1561.3691, -45.328, 1561.3691, -44.096,  , 
1561.3903, -33.762, 1561.3903, -34.616, 1561.3903, -39.615, 1561.3903, -43.733, 1561.3903, -45.396, 1561.3903, -44.003,  , 
1561.4116, -33.760, 1561.4116, -34.692, 1561.4116, -39.800, 1561.4116, -43.839, 1561.4116, -45.442, 1561.4116, -43.920,  , 
1561.4329, -33.758, 1561.4329, -34.771, 1561.4329, -39.997, 1561.4329, -43.942, 1561.4329, -45.502, 1561.4329, -43.830,  , 
1561.4541, -33.755, 1561.4541, -34.855, 1561.4541, -40.189, 1561.4541, -44.039, 1561.4541, -45.559, 1561.4541, -43.738,  , 
1561.4754, -33.755, 1561.4754, -34.942, 1561.4754, -40.382, 1561.4754, -44.125, 1561.4754, -45.601, 1561.4754, -43.644,  , 
1561.4966, -33.754, 1561.4966, -35.026, 1561.4966, -40.573, 1561.4966, -44.210, 1561.4966, -45.664, 1561.4966, -43.551,  , 
1561.5179, -33.756, 1561.5179, -35.117, 1561.5179, -40.768, 1561.5179, -44.284, 1561.5179, -45.717, 1561.5179, -43.461,  , 
1561.5391, -33.757, 1561.5391, -35.210, 1561.5391, -40.966, 1561.5391, -44.355, 1561.5391, -45.772, 1561.5391, -43.364,  , 
1561.5604, -33.760, 1561.5604, -35.303, 1561.5604, -41.160, 1561.5604, -44.424, 1561.5604, -45.818, 1561.5604, -43.276,  , 
1561.5816, -33.769, 1561.5816, -35.403, 1561.5816, -41.354, 1561.5816, -44.485, 1561.5816, -45.866, 1561.5816, -43.188,  , 
1561.6029, -33.772, 1561.6029, -35.494, 1561.6029, -41.543, 1561.6029, -44.539, 1561.6029, -45.911, 1561.6029, -43.098,  , 
1561.6242, -33.779, 1561.6242, -35.597, 1561.6242, -41.735, 1561.6242, -44.594, 1561.6242, -45.953, 1561.6242, -43.007,  , 
1561.6454, -33.784, 1561.6454, -35.704, 1561.6454, -41.922, 1561.6454, -44.639, 1561.6454, -45.980, 1561.6454, -42.918,  , 
1561.6667, -33.792, 1561.6667, -35.812, 1561.6667, -42.105, 1561.6667, -44.690, 1561.6667, -46.017, 1561.6667, -42.832,  , 
1561.6879, -33.804, 1561.6879, -35.927, 1561.6879, -42.290, 1561.6879, -44.725, 1561.6879, -46.050, 1561.6879, -42.741,  , 
1561.7092, -33.813, 1561.7092, -36.036, 1561.7092, -42.474, 1561.7092, -44.771, 1561.7092, -46.081, 1561.7092, -42.655,  , 
1561.7304, -33.825, 1561.7304, -36.152, 1561.7304, -42.650, 1561.7304, -44.809, 1561.7304, -46.105, 1561.7304, -42.576,  , 
1561.7517, -33.836, 1561.7517, -36.273, 1561.7517, -42.820, 1561.7517, -44.852, 1561.7517, -46.126, 1561.7517, -42.490,  , 
1561.7729, -33.849, 1561.7729, -36.394, 1561.7729, -42.995, 1561.7729, -44.888, 1561.7729, -46.136, 1561.7729, -42.408,  , 
1561.7942, -33.867, 1561.7942, -36.523, 1561.7942, -43.158, 1561.7942, -44.926, 1561.7942, -46.150, 1561.7942, -42.328,  , 
1561.8155, -33.884, 1561.8155, -36.654, 1561.8155, -43.324, 1561.8155, -44.962, 1561.8155, -46.153, 1561.8155, -42.251,  , 
1561.8367, -33.903, 1561.8367, -36.787, 1561.8367, -43.483, 1561.8367, -45.006, 1561.8367, -46.162, 1561.8367, -42.173,  , 
1561.8580, -33.921, 1561.8580, -36.932, 1561.8580, -43.633, 1561.8580, -45.041, 1561.8580, -46.160, 1561.8580, -42.096,  , 
1561.8792, -33.942, 1561.8792, -37.068, 1561.8792, -43.783, 1561.8792, -45.084, 1561.8792, -46.146, 1561.8792, -42.024,  , 
1561.9005, -33.965, 1561.9005, -37.215, 1561.9005, -43.920, 1561.9005, -45.120, 1561.9005, -46.141, 1561.9005, -41.951,  , 
1561.9217, -33.983, 1561.9217, -37.377, 1561.9217, -44.056, 1561.9217, -45.165, 1561.9217, -46.115, 1561.9217, -41.873,  , 
1561.9430, -34.008, 1561.9430, -37.519, 1561.9430, -44.181, 1561.9430, -45.204, 1561.9430, -46.095, 1561.9430, -41.812,  , 
1561.9642, -34.034, 1561.9642, -37.670, 1561.9642, -44.304, 1561.9642, -45.254, 1561.9642, -46.065, 1561.9642, -41.744,  , 
1561.9855, -34.060, 1561.9855, -37.833, 1561.9855, -44.418, 1561.9855, -45.293, 1561.9855, -46.032, 1561.9855, -41.676,  , 
1562.0068, -34.088, 1562.0068, -37.994, 1562.0068, -44.520, 1562.0068, -45.342, 1562.0068, -45.991, 1562.0068, -41.617,  , 
1562.0280, -34.118, 1562.0280, -38.158, 1562.0280, -44.623, 1562.0280, -45.389, 1562.0280, -45.947, 1562.0280, -41.557,  , 
1562.0493, -34.149, 1562.0493, -38.326, 1562.0493, -44.714, 1562.0493, -45.449, 1562.0493, -45.900, 1562.0493, -41.496,  , 
1562.0705, -34.178, 1562.0705, -38.497, 1562.0705, -44.796, 1562.0705, -45.496, 1562.0705, -45.837, 1562.0705, -41.437,  , 
1562.0918, -34.217, 1562.0918, -38.671, 1562.0918, -44.882, 1562.0918, -45.545, 1562.0918, -45.785, 1562.0918, -41.389,  , 
1562.1130, -34.249, 1562.1130, -38.838, 1562.1130, -44.949, 1562.1130, -45.609, 1562.1130, -45.721, 1562.1130, -41.336,  , 
1562.1343, -34.284, 1562.1343, -39.017, 1562.1343, -45.024, 1562.1343, -45.653, 1562.1343, -45.649, 1562.1343, -41.284,  , 
1562.1555, -34.320, 1562.1555, -39.187, 1562.1555, -45.077, 1562.1555, -45.716, 1562.1555, -45.570, 1562.1555, -41.237,  , 
1562.1768, -34.356, 1562.1768, -39.368, 1562.1768, -45.138, 1562.1768, -45.777, 1562.1768, -45.509, 1562.1768, -41.190,  , 
1562.1980, -34.396, 1562.1980, -39.548, 1562.1980, -45.186, 1562.1980, -45.833, 1562.1980, -45.432, 1562.1980, -41.153,  , 
1562.2193, -34.435, 1562.2193, -39.736, 1562.2193, -45.233, 1562.2193, -45.903, 1562.2193, -45.345, 1562.2193, -41.111,  , 
1562.2406, -34.479, 1562.2406, -39.915, 1562.2406, -45.276, 1562.2406, -45.957, 1562.2406, -45.264, 1562.2406, -41.071,  , 
1562.2618, -34.521, 1562.2618, -40.110, 1562.2618, -45.330, 1562.2618, -46.023, 1562.2618, -45.184, 1562.2618, -41.034,  , 
1562.2831, -34.567, 1562.2831, -40.295, 1562.2831, -45.364, 1562.2831, -46.096, 1562.2831, -45.089, 1562.2831, -41.000,  , 
1562.3043, -34.612, 1562.3043, -40.489, 1562.3043, -45.413, 1562.3043, -46.155, 1562.3043, -45.004, 1562.3043, -40.966,  , 
1562.3256, -34.659, 1562.3256, -40.683, 1562.3256, -45.447, 1562.3256, -46.220, 1562.3256, -44.920, 1562.3256, -40.939,  , 
1562.3468, -34.708, 1562.3468, -40.879, 1562.3468, -45.486, 1562.3468, -46.300, 1562.3468, -44.825, 1562.3468, -40.909,  , 
1562.3681, -34.758, 1562.3681, -41.074, 1562.3681, -45.523, 1562.3681, -46.359, 1562.3681, -44.731, 1562.3681, -40.879,  , 
1562.3893, -34.810, 1562.3893, -41.271, 1562.3893, -45.565, 1562.3893, -46.425, 1562.3893, -44.629, 1562.3893, -40.859,  , 
1562.4106, -34.866, 1562.4106, -41.473, 1562.4106, -45.606, 1562.4106, -46.483, 1562.4106, -44.541, 1562.4106, -40.835,  , 
1562.4319, -34.920, 1562.4319, -41.665, 1562.4319, -45.646, 1562.4319, -46.561, 1562.4319, -44.448, 1562.4319, -40.815,  , 
1562.4531, -34.979, 1562.4531, -41.865, 1562.4531, -45.682, 1562.4531, -46.628, 1562.4531, -44.353, 1562.4531, -40.800,  , 
1562.4744, -35.039, 1562.4744, -42.069, 1562.4744, -45.725, 1562.4744, -46.682, 1562.4744, -44.255, 1562.4744, -40.782,  , 
1562.4956, -35.098, 1562.4956, -42.271, 1562.4956, -45.768, 1562.4956, -46.763, 1562.4956, -44.162, 1562.4956, -40.764,  , 
1562.5169, -35.164, 1562.5169, -42.463, 1562.5169, -45.818, 1562.5169, -46.811, 1562.5169, -44.071, 1562.5169, -40.751,  , 
1562.5381, -35.226, 1562.5381, -42.661, 1562.5381, -45.847, 1562.5381, -46.876, 1562.5381, -43.970, 1562.5381, -40.741,  , 
1562.5594, -35.291, 1562.5594, -42.854, 1562.5594, -45.903, 1562.5594, -46.932, 1562.5594, -43.872, 1562.5594, -40.728,  , 
1562.5806, -35.361, 1562.5806, -43.048, 1562.5806, -45.943, 1562.5806, -46.984, 1562.5806, -43.775, 1562.5806, -40.716,  , 
1562.6019, -35.431, 1562.6019, -43.232, 1562.6019, -45.996, 1562.6019, -47.030, 1562.6019, -43.676, 1562.6019, -40.706,  , 
1562.6232, -35.504, 1562.6232, -43.413, 1562.6232, -46.045, 1562.6232, -47.083, 1562.6232, -43.578, 1562.6232, -40.705,  , 
1562.6444, -35.579, 1562.6444, -43.604, 1562.6444, -46.099, 1562.6444, -47.117, 1562.6444, -43.486, 1562.6444, -40.695,  , 
1562.6657, -35.653, 1562.6657, -43.772, 1562.6657, -46.144, 1562.6657, -47.168, 1562.6657, -43.388, 1562.6657, -40.692,  , 
1562.6869, -35.736, 1562.6869, -43.942, 1562.6869, -46.208, 1562.6869, -47.190, 1562.6869, -43.299, 1562.6869, -40.686,  , 
1562.7082, -35.816, 1562.7082, -44.111, 1562.7082, -46.258, 1562.7082, -47.223, 1562.7082, -43.207, 1562.7082, -40.685,  , 
1562.7294, -35.897, 1562.7294, -44.270, 1562.7294, -46.317, 1562.7294, -47.240, 1562.7294, -43.120, 1562.7294, -40.680,  , 
1562.7507, -35.989, 1562.7507, -44.421, 1562.7507, -46.368, 1562.7507, -47.257, 1562.7507, -43.028, 1562.7507, -40.681,  , 
1562.7719, -36.074, 1562.7719, -44.576, 1562.7719, -46.422, 1562.7719, -47.273, 1562.7719, -42.948, 1562.7719, -40.681,  , 
1562.7932, -36.169, 1562.7932, -44.710, 1562.7932, -46.500, 1562.7932, -47.280, 1562.7932, -42.863, 1562.7932, -40.684,  , 
1562.8145, -36.262, 1562.8145, -44.849, 1562.8145, -46.567, 1562.8145, -47.292, 1562.8145, -42.785, 1562.8145, -40.688,  , 
1562.8357, -36.357, 1562.8357, -44.967, 1562.8357, -46.631, 1562.8357, -47.281, 1562.8357, -42.707, 1562.8357, -40.696,  , 
1562.8570, -36.456, 1562.8570, -45.104, 1562.8570, -46.690, 1562.8570, -47.271, 1562.8570, -42.632, 1562.8570, -40.702,  , 
1562.8782, -36.560, 1562.8782, -45.208, 1562.8782, -46.763, 1562.8782, -47.266, 1562.8782, -42.559, 1562.8782, -40.710,  , 
1562.8995, -36.661, 1562.8995, -45.315, 1562.8995, -46.821, 1562.8995, -47.247, 1562.8995, -42.493, 1562.8995, -40.721,  , 
1562.9207, -36.768, 1562.9207, -45.418, 1562.9207, -46.897, 1562.9207, -47.235, 1562.9207, -42.424, 1562.9207, -40.732,  , 
1562.9420, -36.881, 1562.9420, -45.519, 1562.9420, -46.971, 1562.9420, -47.189, 1562.9420, -42.365, 1562.9420, -40.751,  , 
1562.9632, -36.992, 1562.9632, -45.600, 1562.9632, -47.036, 1562.9632, -47.169, 1562.9632, -42.303, 1562.9632, -40.765,  , 
1562.9845, -37.105, 1562.9845, -45.684, 1562.9845, -47.098, 1562.9845, -47.115, 1562.9845, -42.242, 1562.9845, -40.780,  , 
1563.0058, -37.227, 1563.0058, -45.752, 1563.0058, -47.181, 1563.0058, -47.086, 1563.0058, -42.186, 1563.0058, -40.799,  , 
1563.0270, -37.348, 1563.0270, -45.829, 1563.0270, -47.251, 1563.0270, -47.030, 1563.0270, -42.133, 1563.0270, -40.815,  , 
1563.0483, -37.470, 1563.0483, -45.887, 1563.0483, -47.309, 1563.0483, -46.984, 1563.0483, -42.079, 1563.0483, -40.832,  , 
1563.0695, -37.599, 1563.0695, -45.956, 1563.0695, -47.373, 1563.0695, -46.924, 1563.0695, -42.032, 1563.0695, -40.855,  , 
1563.0908, -37.724, 1563.0908, -46.018, 1563.0908, -47.441, 1563.0908, -46.863, 1563.0908, -41.987, 1563.0908, -40.878,  , 
1563.1120, -37.861, 1563.1120, -46.064, 1563.1120, -47.505, 1563.1120, -46.791, 1563.1120, -41.944, 1563.1120, -40.898,  , 
1563.1333, -37.992, 1563.1333, -46.107, 1563.1333, -47.562, 1563.1333, -46.726, 1563.1333, -41.900, 1563.1333, -40.923,  , 
1563.1545, -38.133, 1563.1545, -46.170, 1563.1545, -47.613, 1563.1545, -46.640, 1563.1545, -41.863, 1563.1545, -40.942,  , 
1563.1758, -38.274, 1563.1758, -46.205, 1563.1758, -47.682, 1563.1758, -46.571, 1563.1758, -41.826, 1563.1758, -40.970,  , 
1563.1970, -38.422, 1563.1970, -46.245, 1563.1970, -47.713, 1563.1970, -46.484, 1563.1970, -41.794, 1563.1970, -40.997,  , 
1563.2183, -38.567, 1563.2183, -46.301, 1563.2183, -47.768, 1563.2183, -46.401, 1563.2183, -41.758, 1563.2183, -41.016,  , 
1563.2396, -38.718, 1563.2396, -46.337, 1563.2396, -47.812, 1563.2396, -46.317, 1563.2396, -41.730, 1563.2396, -41.042,  , 
1563.2608, -38.875, 1563.2608, -46.381, 1563.2608, -47.830, 1563.2608, -46.226, 1563.2608, -41.705, 1563.2608, -41.071,  , 
1563.2821, -39.027, 1563.2821, -46.416, 1563.2821, -47.880, 1563.2821, -46.137, 1563.2821, -41.679, 1563.2821, -41.093,  , 
1563.3033, -39.189, 1563.3033, -46.462, 1563.3033, -47.896, 1563.3033, -46.034, 1563.3033, -41.649, 1563.3033, -41.118,  , 
1563.3246, -39.351, 1563.3246, -46.494, 1563.3246, -47.933, 1563.3246, -45.935, 1563.3246, -41.626, 1563.3246, -41.144,  , 
1563.3458, -39.513, 1563.3458, -46.538, 1563.3458, -47.931, 1563.3458, -45.844, 1563.3458, -41.613, 1563.3458, -41.165,  , 
1563.3671, -39.684, 1563.3671, -46.588, 1563.3671, -47.958, 1563.3671, -45.736, 1563.3671, -41.589, 1563.3671, -41.194,  , 
1563.3883, -39.862, 1563.3883, -46.639, 1563.3883, -47.971, 1563.3883, -45.635, 1563.3883, -41.574, 1563.3883, -41.220,  , 
1563.4096, -40.034, 1563.4096, -46.681, 1563.4096, -47.957, 1563.4096, -45.544, 1563.4096, -41.559, 1563.4096, -41.243,  , 
1563.4309, -40.216, 1563.4309, -46.726, 1563.4309, -47.977, 1563.4309, -45.440, 1563.4309, -41.547, 1563.4309, -41.268,  , 
1563.4521, -40.397, 1563.4521, -46.782, 1563.4521, -47.951, 1563.4521, -45.338, 1563.4521, -41.534, 1563.4521, -41.293,  , 
1563.4734, -40.580, 1563.4734, -46.852, 1563.4734, -47.941, 1563.4734, -45.243, 1563.4734, -41.529, 1563.4734, -41.314,  , 
1563.4946, -40.765, 1563.4946, -46.890, 1563.4946, -47.924, 1563.4946, -45.136, 1563.4946, -41.519, 1563.4946, -41.336,  , 
1563.5159, -40.959, 1563.5159, -46.941, 1563.5159, -47.883, 1563.5159, -45.026, 1563.5159, -41.511, 1563.5159, -41.361,  , 
1563.5371, -41.148, 1563.5371, -47.007, 1563.5371, -47.858, 1563.5371, -44.929, 1563.5371, -41.503, 1563.5371, -41.374,  , 
1563.5584, -41.342, 1563.5584, -47.072, 1563.5584, -47.827, 1563.5584, -44.834, 1563.5584, -41.506, 1563.5584, -41.396,  , 
1563.5796, -41.541, 1563.5796, -47.118, 1563.5796, -47.766, 1563.5796, -44.729, 1563.5796, -41.498, 1563.5796, -41.411,  , 
1563.6009, -41.739, 1563.6009, -47.190, 1563.6009, -47.717, 1563.6009, -44.625, 1563.6009, -41.505, 1563.6009, -41.431,  , 
1563.6222, -41.945, 1563.6222, -47.257, 1563.6222, -47.669, 1563.6222, -44.538, 1563.6222, -41.504, 1563.6222, -41.442,  , 
1563.6434, -42.140, 1563.6434, -47.327, 1563.6434, -47.607, 1563.6434, -44.442, 1563.6434, -41.510, 1563.6434, -41.458,  , 
1563.6647, -42.345, 1563.6647, -47.391, 1563.6647, -47.536, 1563.6647, -44.344, 1563.6647, -41.514, 1563.6647, -41.469,  , 
1563.6859, -42.558, 1563.6859, -47.474, 1563.6859, -47.466, 1563.6859, -44.265, 1563.6859, -41.521, 1563.6859, -41.487,  , 
1563.7072, -42.757, 1563.7072, -47.542, 1563.7072, -47.394, 1563.7072, -44.168, 1563.7072, -41.529, 1563.7072, -41.488,  , 
1563.7284, -42.955, 1563.7284, -47.616, 1563.7284, -47.302, 1563.7284, -44.086, 1563.7284, -41.537, 1563.7284, -41.492,  , 
1563.7497, -43.165, 1563.7497, -47.682, 1563.7497, -47.236, 1563.7497, -44.003, 1563.7497, -41.548, 1563.7497, -41.501,  , 
1563.7709, -43.360, 1563.7709, -47.757, 1563.7709, -47.144, 1563.7709, -43.930, 1563.7709, -41.559, 1563.7709, -41.500,  , 
1563.7922, -43.560, 1563.7922, -47.823, 1563.7922, -47.055, 1563.7922, -43.848, 1563.7922, -41.572, 1563.7922, -41.506,  , 
1563.8135, -43.762, 1563.8135, -47.916, 1563.8135, -46.964, 1563.8135, -43.769, 1563.8135, -41.588, 1563.8135, -41.504,  , 
1563.8347, -43.967, 1563.8347, -47.985, 1563.8347, -46.866, 1563.8347, -43.702, 1563.8347, -41.604, 1563.8347, -41.507,  , 
1563.8560, -44.149, 1563.8560, -48.060, 1563.8560, -46.781, 1563.8560, -43.631, 1563.8560, -41.618, 1563.8560, -41.499,  , 
1563.8772, -44.337, 1563.8772, -48.135, 1563.8772, -46.682, 1563.8772, -43.565, 1563.8772, -41.639, 1563.8772, -41.495,  , 
1563.8985, -44.528, 1563.8985, -48.219, 1563.8985, -46.567, 1563.8985, -43.497, 1563.8985, -41.656, 1563.8985, -41.489,  , 
1563.9197, -44.708, 1563.9197, -48.287, 1563.9197, -46.487, 1563.9197, -43.437, 1563.9197, -41.677, 1563.9197, -41.483,  , 
1563.9410, -44.892, 1563.9410, -48.364, 1563.9410, -46.373, 1563.9410, -43.379, 1563.9410, -41.699, 1563.9410, -41.465,  , 
1563.9622, -45.060, 1563.9622, -48.418, 1563.9622, -46.273, 1563.9622, -43.315, 1563.9622, -41.717, 1563.9622, -41.458,  , 
1563.9835, -45.231, 1563.9835, -48.501, 1563.9835, -46.172, 1563.9835, -43.260, 1563.9835, -41.738, 1563.9835, -41.438,  , 
1564.0048, -45.394, 1564.0048, -48.589, 1564.0048, -46.071, 1564.0048, -43.208, 1564.0048, -41.759, 1564.0048, -41.429,  , 
1564.0260, -45.559, 1564.0260, -48.629, 1564.0260, -45.966, 1564.0260, -43.151, 1564.0260, -41.786, 1564.0260, -41.409,  , 
1564.0473, -45.712, 1564.0473, -48.695, 1564.0473, -45.854, 1564.0473, -43.104, 1564.0473, -41.808, 1564.0473, -41.387,  , 
1564.0685, -45.858, 1564.0685, -48.772, 1564.0685, -45.758, 1564.0685, -43.053, 1564.0685, -41.834, 1564.0685, -41.367,  , 
1564.0898, -45.997, 1564.0898, -48.816, 1564.0898, -45.644, 1564.0898, -43.002, 1564.0898, -41.856, 1564.0898, -41.343,  , 
1564.1110, -46.142, 1564.1110, -48.861, 1564.1110, -45.541, 1564.1110, -42.955, 1564.1110, -41.884, 1564.1110, -41.317,  , 
1564.1323, -46.264, 1564.1323, -48.913, 1564.1323, -45.439, 1564.1323, -42.908, 1564.1323, -41.901, 1564.1323, -41.295,  , 
1564.1535, -46.392, 1564.1535, -48.962, 1564.1535, -45.328, 1564.1535, -42.873, 1564.1535, -41.931, 1564.1535, -41.263,  , 
1564.1748, -46.506, 1564.1748, -48.976, 1564.1748, -45.221, 1564.1748, -42.829, 1564.1748, -41.953, 1564.1748, -41.236,  , 
1564.1960, -46.612, 1564.1960, -49.033, 1564.1960, -45.124, 1564.1960, -42.790, 1564.1960, -41.974, 1564.1960, -41.206,  , 
1564.2173, -46.728, 1564.2173, -49.054, 1564.2173, -45.028, 1564.2173, -42.757, 1564.2173, -42.004, 1564.2173, -41.174,  , 
1564.2386, -46.822, 1564.2386, -49.079, 1564.2386, -44.926, 1564.2386, -42.727, 1564.2386, -42.030, 1564.2386, -41.142,  , 
1564.2598, -46.920, 1564.2598, -49.074, 1564.2598, -44.829, 1564.2598, -42.689, 1564.2598, -42.053, 1564.2598, -41.117,  , 
1564.2811, -46.999, 1564.2811, -49.098, 1564.2811, -44.737, 1564.2811, -42.664, 1564.2811, -42.077, 1564.2811, -41.079,  , 
1564.3023, -47.080, 1564.3023, -49.118, 1564.3023, -44.649, 1564.3023, -42.640, 1564.3023, -42.106, 1564.3023, -41.054,  , 
1564.3236, -47.145, 1564.3236, -49.096, 1564.3236, -44.559, 1564.3236, -42.618, 1564.3236, -42.126, 1564.3236, -41.024,  , 
1564.3448, -47.226, 1564.3448, -49.104, 1564.3448, -44.471, 1564.3448, -42.597, 1564.3448, -42.150, 1564.3448, -40.995,  , 
1564.3661, -47.287, 1564.3661, -49.097, 1564.3661, -44.391, 1564.3661, -42.575, 1564.3661, -42.178, 1564.3661, -40.966,  , 
1564.3873, -47.356, 1564.3873, -49.087, 1564.3873, -44.311, 1564.3873, -42.559, 1564.3873, -42.202, 1564.3873, -40.938,  , 
1564.4086, -47.415, 1564.4086, -49.041, 1564.4086, -44.242, 1564.4086, -42.549, 1564.4086, -42.230, 1564.4086, -40.908,  , 
1564.4299, -47.464, 1564.4299, -49.014, 1564.4299, -44.164, 1564.4299, -42.531, 1564.4299, -42.247, 1564.4299, -40.883,  , 
1564.4511, -47.505, 1564.4511, -48.994, 1564.4511, -44.101, 1564.4511, -42.524, 1564.4511, -42.275, 1564.4511, -40.858,  , 
1564.4724, -47.566, 1564.4724, -48.955, 1564.4724, -44.029, 1564.4724, -42.513, 1564.4724, -42.297, 1564.4724, -40.831,  , 
1564.4936, -47.610, 1564.4936, -48.910, 1564.4936, -43.968, 1564.4936, -42.509, 1564.4936, -42.311, 1564.4936, -40.810,  , 
1564.5149, -47.655, 1564.5149, -48.853, 1564.5149, -43.911, 1564.5149, -42.504, 1564.5149, -42.336, 1564.5149, -40.788,  , 
1564.5361, -47.712, 1564.5361, -48.808, 1564.5361, -43.848, 1564.5361, -42.500, 1564.5361, -42.352, 1564.5361, -40.763,  , 
1564.5574, -47.771, 1564.5574, -48.738, 1564.5574, -43.784, 1564.5574, -42.493, 1564.5574, -42.368, 1564.5574, -40.741,  , 
1564.5786, -47.789, 1564.5786, -48.662, 1564.5786, -43.739, 1564.5786, -42.496, 1564.5786, -42.380, 1564.5786, -40.726,  , 
1564.5999, -47.855, 1564.5999, -48.600, 1564.5999, -43.691, 1564.5999, -42.502, 1564.5999, -42.399, 1564.5999, -40.706,  , 
1564.6212, -47.893, 1564.6212, -48.514, 1564.6212, -43.640, 1564.6212, -42.495, 1564.6212, -42.409, 1564.6212, -40.688,  , 
1564.6424, -47.938, 1564.6424, -48.424, 1564.6424, -43.593, 1564.6424, -42.498, 1564.6424, -42.422, 1564.6424, -40.672,  , 
1564.6637, -47.995, 1564.6637, -48.362, 1564.6637, -43.551, 1564.6637, -42.509, 1564.6637, -42.431, 1564.6637, -40.660,  , 
1564.6849, -48.044, 1564.6849, -48.262, 1564.6849, -43.511, 1564.6849, -42.510, 1564.6849, -42.435, 1564.6849, -40.645,  , 
1564.7062, -48.105, 1564.7062, -48.167, 1564.7062, -43.464, 1564.7062, -42.516, 1564.7062, -42.439, 1564.7062, -40.628,  , 
1564.7274, -48.147, 1564.7274, -48.064, 1564.7274, -43.430, 1564.7274, -42.523, 1564.7274, -42.441, 1564.7274, -40.624,  , 
1564.7487, -48.212, 1564.7487, -47.971, 1564.7487, -43.397, 1564.7487, -42.537, 1564.7487, -42.436, 1564.7487, -40.614,  , 
1564.7699, -48.252, 1564.7699, -47.872, 1564.7699, -43.364, 1564.7699, -42.549, 1564.7699, -42.442, 1564.7699, -40.601,  , 
1564.7912, -48.328, 1564.7912, -47.772, 1564.7912, -43.332, 1564.7912, -42.559, 1564.7912, -42.436, 1564.7912, -40.602,  , 
1564.8125, -48.390, 1564.8125, -47.673, 1564.8125, -43.307, 1564.8125, -42.572, 1564.8125, -42.433, 1564.8125, -40.592,  , 
1564.8337, -48.459, 1564.8337, -47.562, 1564.8337, -43.284, 1564.8337, -42.591, 1564.8337, -42.427, 1564.8337, -40.594,  , 
1564.8550, -48.532, 1564.8550, -47.443, 1564.8550, -43.257, 1564.8550, -42.604, 1564.8550, -42.415, 1564.8550, -40.592,  , 
1564.8762, -48.591, 1564.8762, -47.345, 1564.8762, -43.235, 1564.8762, -42.618, 1564.8762, -42.403, 1564.8762, -40.590,  , 
1564.8975, -48.661, 1564.8975, -47.235, 1564.8975, -43.213, 1564.8975, -42.641, 1564.8975, -42.394, 1564.8975, -40.588,  , 
1564.9187, -48.733, 1564.9187, -47.117, 1564.9187, -43.196, 1564.9187, -42.656, 1564.9187, -42.375, 1564.9187, -40.590,  , 
1564.9400, -48.813, 1564.9400, -47.019, 1564.9400, -43.179, 1564.9400, -42.679, 1564.9400, -42.358, 1564.9400, -40.596,  , 
1564.9612, -48.884, 1564.9612, -46.915, 1564.9612, -43.165, 1564.9612, -42.703, 1564.9612, -42.342, 1564.9612, -40.604,  , 
1564.9825, -48.963, 1564.9825, -46.798, 1564.9825, -43.158, 1564.9825, -42.720, 1564.9825, -42.324, 1564.9825, -40.611,  , 
1565.0038, -49.051, 1565.0038, -46.682, 1565.0038, -43.138, 1565.0038, -42.751, 1565.0038, -42.303, 1565.0038, -40.621,  , 
1565.0250, -49.141, 1565.0250, -46.588, 1565.0250, -43.130, 1565.0250, -42.773, 1565.0250, -42.276, 1565.0250, -40.632,  , 
1565.0463, -49.209, 1565.0463, -46.475, 1565.0463, -43.128, 1565.0463, -42.801, 1565.0463, -42.260, 1565.0463, -40.647,  , 
1565.0675, -49.307, 1565.0675, -46.372, 1565.0675, -43.123, 1565.0675, -42.829, 1565.0675, -42.236, 1565.0675, -40.662,  , 
1565.0888, -49.385, 1565.0888, -46.256, 1565.0888, -43.114, 1565.0888, -42.850, 1565.0888, -42.212, 1565.0888, -40.678,  , 
1565.1100, -49.466, 1565.1100, -46.173, 1565.1100, -43.114, 1565.1100, -42.885, 1565.1100, -42.186, 1565.1100, -40.695,  , 
1565.1313, -49.550, 1565.1313, -46.069, 1565.1313, -43.110, 1565.1313, -42.904, 1565.1313, -42.159, 1565.1313, -40.710,  , 
1565.1525, -49.653, 1565.1525, -45.962, 1565.1525, -43.113, 1565.1525, -42.939, 1565.1525, -42.132, 1565.1525, -40.735,  , 
1565.1738, -49.723, 1565.1738, -45.869, 1565.1738, -43.114, 1565.1738, -42.967, 1565.1738, -42.106, 1565.1738, -40.759,  , 
1565.1950, -49.825, 1565.1950, -45.781, 1565.1950, -43.113, 1565.1950, -42.995, 1565.1950, -42.079, 1565.1950, -40.783,  , 
1565.2163, -49.900, 1565.2163, -45.693, 1565.2163, -43.121, 1565.2163, -43.026, 1565.2163, -42.053, 1565.2163, -40.806,  , 
1565.2376, -49.983, 1565.2376, -45.595, 1565.2376, -43.121, 1565.2376, -43.052, 1565.2376, -42.025, 1565.2376, -40.837,  , 
1565.2588, -50.067, 1565.2588, -45.519, 1565.2588, -43.132, 1565.2588, -43.086, 1565.2588, -42.000, 1565.2588, -40.864,  , 
1565.2801, -50.146, 1565.2801, -45.429, 1565.2801, -43.142, 1565.2801, -43.123, 1565.2801, -41.973, 1565.2801, -40.895,  , 
1565.3013, -50.246, 1565.3013, -45.356, 1565.3013, -43.147, 1565.3013, -43.150, 1565.3013, -41.949, 1565.3013, -40.927,  , 
1565.3226, -50.298, 1565.3226, -45.280, 1565.3226, -43.160, 1565.3226, -43.175, 1565.3226, -41.923, 1565.3226, -40.961,  , 
1565.3438, -50.389, 1565.3438, -45.211, 1565.3438, -43.177, 1565.3438, -43.205, 1565.3438, -41.897, 1565.3438, -40.994,  , 
1565.3651, -50.427, 1565.3651, -45.137, 1565.3651, -43.180, 1565.3651, -43.232, 1565.3651, -41.878, 1565.3651, -41.027,  , 
1565.3863, -50.519, 1565.3863, -45.068, 1565.3863, -43.197, 1565.3863, -43.261, 1565.3863, -41.852, 1565.3863, -41.065,  , 
1565.4076, -50.560, 1565.4076, -45.006, 1565.4076, -43.209, 1565.4076, -43.286, 1565.4076, -41.830, 1565.4076, -41.106,  , 
1565.4289, -50.618, 1565.4289, -44.940, 1565.4289, -43.227, 1565.4289, -43.315, 1565.4289, -41.808, 1565.4289, -41.141,  , 
1565.4501, -50.683, 1565.4501, -44.874, 1565.4501, -43.243, 1565.4501, -43.340, 1565.4501, -41.786, 1565.4501, -41.182,  , 
1565.4714, -50.714, 1565.4714, -44.825, 1565.4714, -43.258, 1565.4714, -43.358, 1565.4714, -41.765, 1565.4714, -41.228,  , 
1565.4926, -50.736, 1565.4926, -44.766, 1565.4926, -43.280, 1565.4926, -43.380, 1565.4926, -41.746, 1565.4926, -41.266,  , 
1565.5139, -50.827, 1565.5139, -44.716, 1565.5139, -43.298, 1565.5139, -43.409, 1565.5139, -41.729, 1565.5139, -41.312,  , 
1565.5351, -50.791, 1565.5351, -44.656, 1565.5351, -43.316, 1565.5351, -43.414, 1565.5351, -41.709, 1565.5351, -41.354,  , 
1565.5564, -50.823, 1565.5564, -44.609, 1565.5564, -43.337, 1565.5564, -43.437, 1565.5564, -41.693, 1565.5564, -41.401,  , 
1565.5776, -50.864, 1565.5776, -44.566, 1565.5776, -43.356, 1565.5776, -43.453, 1565.5776, -41.679, 1565.5776, -41.450,  , 
1565.5989, -50.890, 1565.5989, -44.518, 1565.5989, -43.373, 1565.5989, -43.462, 1565.5989, -41.661, 1565.5989, -41.496,  , 
1565.6202, -50.886, 1565.6202, -44.477, 1565.6202, -43.409, 1565.6202, -43.472, 1565.6202, -41.647, 1565.6202, -41.545,  , 
1565.6414, -50.870, 1565.6414, -44.436, 1565.6414, -43.420, 1565.6414, -43.482, 1565.6414, -41.639, 1565.6414, -41.596,  , 
1565.6627, -50.875, 1565.6627, -44.395, 1565.6627, -43.448, 1565.6627, -43.488, 1565.6627, -41.626, 1565.6627, -41.647,  , 
1565.6839, -50.868, 1565.6839, -44.353, 1565.6839, -43.472, 1565.6839, -43.493, 1565.6839, -41.610, 1565.6839, -41.702,  , 
1565.7052, -50.849, 1565.7052, -44.330, 1565.7052, -43.495, 1565.7052, -43.496, 1565.7052, -41.606, 1565.7052, -41.757,  , 
1565.7264, -50.800, 1565.7264, -44.295, 1565.7264, -43.526, 1565.7264, -43.492, 1565.7264, -41.600, 1565.7264, -41.814,  , 
1565.7477, -50.800, 1565.7477, -44.259, 1565.7477, -43.549, 1565.7477, -43.497, 1565.7477, -41.599, 1565.7477, -41.873,  , 
1565.7689, -50.733, 1565.7689, -44.240, 1565.7689, -43.579, 1565.7689, -43.491, 1565.7689, -41.591, 1565.7689, -41.935,  , 
1565.7902, -50.661, 1565.7902, -44.215, 1565.7902, -43.613, 1565.7902, -43.489, 1565.7902, -41.591, 1565.7902, -41.990,  , 
1565.8115, -50.646, 1565.8115, -44.193, 1565.8115, -43.642, 1565.8115, -43.484, 1565.8115, -41.594, 1565.8115, -42.055,  , 
1565.8327, -50.557, 1565.8327, -44.175, 1565.8327, -43.665, 1565.8327, -43.470, 1565.8327, -41.594, 1565.8327, -42.118,  , 
1565.8540, -50.498, 1565.8540, -44.163, 1565.8540, -43.695, 1565.8540, -43.463, 1565.8540, -41.600, 1565.8540, -42.186,  , 
1565.8752, -50.437, 1565.8752, -44.141, 1565.8752, -43.732, 1565.8752, -43.453, 1565.8752, -41.607, 1565.8752, -42.251,  , 
1565.8965, -50.358, 1565.8965, -44.132, 1565.8965, -43.748, 1565.8965, -43.433, 1565.8965, -41.616, 1565.8965, -42.318,  , 
1565.9177, -50.273, 1565.9177, -44.119, 1565.9177, -43.783, 1565.9177, -43.419, 1565.9177, -41.627, 1565.9177, -42.392,  , 
1565.9390, -50.178, 1565.9390, -44.101, 1565.9390, -43.817, 1565.9390, -43.408, 1565.9390, -41.637, 1565.9390, -42.459,  , 
1565.9602, -50.078, 1565.9602, -44.098, 1565.9602, -43.844, 1565.9602, -43.381, 1565.9602, -41.644, 1565.9602, -42.534,  , 
1565.9815, -50.008, 1565.9815, -44.096, 1565.9815, -43.862, 1565.9815, -43.365, 1565.9815, -41.664, 1565.9815, -42.601,  , 
1566.0028, -49.877, 1566.0028, -44.089, 1566.0028, -43.892, 1566.0028, -43.346, 1566.0028, -41.679, 1566.0028, -42.680,  , 
1566.0240, -49.777, 1566.0240, -44.088, 1566.0240, -43.922, 1566.0240, -43.323, 1566.0240, -41.696, 1566.0240, -42.752,  , 
1566.0453, -49.693, 1566.0453, -44.085, 1566.0453, -43.945, 1566.0453, -43.304, 1566.0453, -41.717, 1566.0453, -42.833,  , 
1566.0665, -49.585, 1566.0665, -44.086, 1566.0665, -43.961, 1566.0665, -43.280, 1566.0665, -41.733, 1566.0665, -42.908,  , 
1566.0878, -49.469, 1566.0878, -44.089, 1566.0878, -43.991, 1566.0878, -43.257, 1566.0878, -41.759, 1566.0878, -42.989,  , 
1566.1090, -49.356, 1566.1090, -44.091, 1566.1090, -44.007, 1566.1090, -43.231, 1566.1090, -41.788, 1566.1090, -43.073,  , 
1566.1303, -49.270, 1566.1303, -44.091, 1566.1303, -44.022, 1566.1303, -43.202, 1566.1303, -41.805, 1566.1303, -43.152,  , 
1566.1515, -49.131, 1566.1515, -44.096, 1566.1515, -44.040, 1566.1515, -43.180, 1566.1515, -41.833, 1566.1515, -43.239,  , 
1566.1728, -49.028, 1566.1728, -44.101, 1566.1728, -44.053, 1566.1728, -43.156, 1566.1728, -41.865, 1566.1728, -43.322,  , 
1566.1940, -48.923, 1566.1940, -44.103, 1566.1940, -44.062, 1566.1940, -43.133, 1566.1940, -41.893, 1566.1940, -43.404,  , 
1566.2153, -48.793, 1566.2153, -44.112, 1566.2153, -44.076, 1566.2153, -43.105, 1566.2153, -41.924, 1566.2153, -43.496,  , 
1566.2366, -48.680, 1566.2366, -44.120, 1566.2366, -44.088, 1566.2366, -43.075, 1566.2366, -41.956, 1566.2366, -43.590,  , 
1566.2578, -48.569, 1566.2578, -44.136, 1566.2578, -44.092, 1566.2578, -43.052, 1566.2578, -41.989, 1566.2578, -43.674,  , 
1566.2791, -48.465, 1566.2791, -44.135, 1566.2791, -44.098, 1566.2791, -43.024, 1566.2791, -42.028, 1566.2791, -43.770,  , 
1566.3003, -48.340, 1566.3003, -44.159, 1566.3003, -44.102, 1566.3003, -42.999, 1566.3003, -42.063, 1566.3003, -43.867,  , 
1566.3216, -48.230, 1566.3216, -44.169, 1566.3216, -44.098, 1566.3216, -42.977, 1566.3216, -42.103, 1566.3216, -43.957,  , 
1566.3428, -48.118, 1566.3428, -44.180, 1566.3428, -44.101, 1566.3428, -42.952, 1566.3428, -42.142, 1566.3428, -44.057,  , 
1566.3641, -47.997, 1566.3641, -44.190, 1566.3641, -44.095, 1566.3641, -42.929, 1566.3641, -42.180, 1566.3641, -44.149,  , 
1566.3853, -47.896, 1566.3853, -44.218, 1566.3853, -44.086, 1566.3853, -42.905, 1566.3853, -42.221, 1566.3853, -44.256,  , 
1566.4066, -47.779, 1566.4066, -44.226, 1566.4066, -44.084, 1566.4066, -42.884, 1566.4066, -42.271, 1566.4066, -44.345,  , 
1566.4279, -47.678, 1566.4279, -44.243, 1566.4279, -44.073, 1566.4279, -42.861, 1566.4279, -42.309, 1566.4279, -44.448,  , 
1566.4491, -47.577, 1566.4491, -44.270, 1566.4491, -44.058, 1566.4491, -42.837, 1566.4491, -42.356, 1566.4491, -44.561,  , 
1566.4704, -47.473, 1566.4704, -44.285, 1566.4704, -44.047, 1566.4704, -42.821, 1566.4704, -42.411, 1566.4704, -44.662,  , 
1566.4916, -47.367, 1566.4916, -44.314, 1566.4916, -44.029, 1566.4916, -42.800, 1566.4916, -42.452, 1566.4916, -44.768,  , 
1566.5129, -47.276, 1566.5129, -44.331, 1566.5129, -44.013, 1566.5129, -42.785, 1566.5129, -42.507, 1566.5129, -44.877,  , 
1566.5341, -47.172, 1566.5341, -44.358, 1566.5341, -43.996, 1566.5341, -42.769, 1566.5341, -42.554, 1566.5341, -44.987,  , 
1566.5554, -47.084, 1566.5554, -44.379, 1566.5554, -43.980, 1566.5554, -42.759, 1566.5554, -42.607, 1566.5554, -45.095,  , 
1566.5766, -46.981, 1566.5766, -44.407, 1566.5766, -43.955, 1566.5766, -42.748, 1566.5766, -42.663, 1566.5766, -45.206,  , 
1566.5979, -46.906, 1566.5979, -44.437, 1566.5979, -43.933, 1566.5979, -42.731, 1566.5979, -42.717, 1566.5979, -45.327,  , 
1566.6192, -46.817, 1566.6192, -44.467, 1566.6192, -43.913, 1566.6192, -42.728, 1566.6192, -42.784, 1566.6192, -45.433,  , 
1566.6404, -46.732, 1566.6404, -44.490, 1566.6404, -43.887, 1566.6404, -42.713, 1566.6404, -42.841, 1566.6404, -45.559,  , 
1566.6617, -46.657, 1566.6617, -44.521, 1566.6617, -43.859, 1566.6617, -42.707, 1566.6617, -42.899, 1566.6617, -45.677,  , 
1566.6829, -46.588, 1566.6829, -44.549, 1566.6829, -43.838, 1566.6829, -42.702, 1566.6829, -42.961, 1566.6829, -45.788,  , 
1566.7042, -46.505, 1566.7042, -44.578, 1566.7042, -43.814, 1566.7042, -42.699, 1566.7042, -43.022, 1566.7042, -45.913,  , 
1566.7254, -46.439, 1566.7254, -44.605, 1566.7254, -43.789, 1566.7254, -42.694, 1566.7254, -43.087, 1566.7254, -46.024,  , 
1566.7467, -46.382, 1566.7467, -44.632, 1566.7467, -43.762, 1566.7467, -42.699, 1566.7467, -43.156, 1566.7467, -46.150,  , 
1566.7679, -46.308, 1566.7679, -44.677, 1566.7679, -43.739, 1566.7679, -42.690, 1566.7679, -43.216, 1566.7679, -46.274,  , 
1566.7892, -46.256, 1566.7892, -44.697, 1566.7892, -43.712, 1566.7892, -42.700, 1566.7892, -43.291, 1566.7892, -46.385,  , 
1566.8105, -46.202, 1566.8105, -44.723, 1566.8105, -43.684, 1566.8105, -42.708, 1566.8105, -43.356, 1566.8105, -46.509,  , 
1566.8317, -46.140, 1566.8317, -44.757, 1566.8317, -43.667, 1566.8317, -42.708, 1566.8317, -43.431, 1566.8317, -46.630,  , 
1566.8530, -46.094, 1566.8530, -44.793, 1566.8530, -43.633, 1566.8530, -42.717, 1566.8530, -43.502, 1566.8530, -46.740,  , 
1566.8742, -46.058, 1566.8742, -44.812, 1566.8742, -43.613, 1566.8742, -42.725, 1566.8742, -43.569, 1566.8742, -46.867,  , 
1566.8955, -45.994, 1566.8955, -44.839, 1566.8955, -43.582, 1566.8955, -42.740, 1566.8955, -43.642, 1566.8955, -46.985,  , 
1566.9167, -45.955, 1566.9167, -44.865, 1566.9167, -43.571, 1566.9167, -42.743, 1566.9167, -43.718, 1566.9167, -47.098,  , 
1566.9380, -45.920, 1566.9380, -44.880, 1566.9380, -43.543, 1566.9380, -42.759, 1566.9380, -43.789, 1566.9380, -47.227,  , 
1566.9592, -45.880, 1566.9592, -44.909, 1566.9592, -43.521, 1566.9592, -42.776, 1566.9592, -43.868, 1566.9592, -47.337,  , 
1566.9805, -45.840, 1566.9805, -44.931, 1566.9805, -43.496, 1566.9805, -42.787, 1566.9805, -43.943, 1566.9805, -47.464,  , 
1567.0018, -45.810, 1567.0018, -44.954, 1567.0018, -43.483, 1567.0018, -42.800, 1567.0018, -44.022, 1567.0018, -47.585,  , 
1567.0230, -45.778, 1567.0230, -44.973, 1567.0230, -43.456, 1567.0230, -42.820, 1567.0230, -44.098, 1567.0230, -47.702,  , 
1567.0443, -45.746, 1567.0443, -44.992, 1567.0443, -43.442, 1567.0443, -42.834, 1567.0443, -44.181, 1567.0443, -47.822,  , 
1567.0655, -45.713, 1567.0655, -45.011, 1567.0655, -43.423, 1567.0655, -42.862, 1567.0655, -44.264, 1567.0655, -47.936,  , 
1567.0868, -45.689, 1567.0868, -45.020, 1567.0868, -43.401, 1567.0868, -42.881, 1567.0868, -44.349, 1567.0868, -48.067,  , 
1567.1080, -45.665, 1567.1080, -45.028, 1567.1080, -43.387, 1567.1080, -42.904, 1567.1080, -44.429, 1567.1080, -48.179,  , 
1567.1293, -45.646, 1567.1293, -45.050, 1567.1293, -43.376, 1567.1293, -42.928, 1567.1293, -44.522, 1567.1293, -48.324,  , 
1567.1505, -45.620, 1567.1505, -45.053, 1567.1505, -43.361, 1567.1505, -42.960, 1567.1505, -44.608, 1567.1505, -48.433,  , 
1567.1718, -45.614, 1567.1718, -45.064, 1567.1718, -43.345, 1567.1718, -42.987, 1567.1718, -44.700, 1567.1718, -48.563,  , 
1567.1930, -45.590, 1567.1930, -45.062, 1567.1930, -43.344, 1567.1930, -43.012, 1567.1930, -44.792, 1567.1930, -48.697,  , 
1567.2143, -45.573, 1567.2143, -45.071, 1567.2143, -43.333, 1567.2143, -43.050, 1567.2143, -44.885, 1567.2143, -48.818,  , 
1567.2356, -45.568, 1567.2356, -45.066, 1567.2356, -43.330, 1567.2356, -43.082, 1567.2356, -44.986, 1567.2356, -48.948,  , 
1567.2568, -45.550, 1567.2568, -45.068, 1567.2568, -43.323, 1567.2568, -43.117, 1567.2568, -45.084, 1567.2568, -49.081,  , 
1567.2781, -45.549, 1567.2781, -45.075, 1567.2781, -43.321, 1567.2781, -43.155, 1567.2781, -45.184, 1567.2781, -49.227,  , 
1567.2993, -45.543, 1567.2993, -45.065, 1567.2993, -43.318, 1567.2993, -43.194, 1567.2993, -45.281, 1567.2993, -49.342,  , 
1567.3206, -45.539, 1567.3206, -45.054, 1567.3206, -43.319, 1567.3206, -43.232, 1567.3206, -45.383, 1567.3206, -49.480,  , 
1567.3418, -45.532, 1567.3418, -45.046, 1567.3418, -43.316, 1567.3418, -43.276, 1567.3418, -45.487, 1567.3418, -49.629,  , 
1567.3631, -45.525, 1567.3631, -45.032, 1567.3631, -43.324, 1567.3631, -43.318, 1567.3631, -45.594, 1567.3631, -49.770,  , 
1567.3843, -45.529, 1567.3843, -45.030, 1567.3843, -43.324, 1567.3843, -43.359, 1567.3843, -45.701, 1567.3843, -49.882,  , 
1567.4056, -45.525, 1567.4056, -45.001, 1567.4056, -43.330, 1567.4056, -43.410, 1567.4056, -45.808, 1567.4056, -50.040,  , 
1567.4269, -45.526, 1567.4269, -44.994, 1567.4269, -43.339, 1567.4269, -43.454, 1567.4269, -45.923, 1567.4269, -50.195,  , 
1567.4481, -45.536, 1567.4481, -44.976, 1567.4481, -43.346, 1567.4481, -43.503, 1567.4481, -46.037, 1567.4481, -50.336,  , 
1567.4694, -45.536, 1567.4694, -44.950, 1567.4694, -43.364, 1567.4694, -43.551, 1567.4694, -46.144, 1567.4694, -50.498,  , 
1567.4906, -45.542, 1567.4906, -44.935, 1567.4906, -43.373, 1567.4906, -43.602, 1567.4906, -46.254, 1567.4906, -50.641,  , 
1567.5119, -45.546, 1567.5119, -44.915, 1567.5119, -43.385, 1567.5119, -43.658, 1567.5119, -46.365, 1567.5119, -50.800,  , 
1567.5331, -45.551, 1567.5331, -44.894, 1567.5331, -43.399, 1567.5331, -43.709, 1567.5331, -46.486, 1567.5331, -50.945,  , 
1567.5544, -45.565, 1567.5544, -44.863, 1567.5544, -43.419, 1567.5544, -43.766, 1567.5544, -46.589, 1567.5544, -51.126,  , 
1567.5756, -45.570, 1567.5756, -44.847, 1567.5756, -43.439, 1567.5756, -43.815, 1567.5756, -46.712, 1567.5756, -51.322,  , 
1567.5969, -45.575, 1567.5969, -44.824, 1567.5969, -43.453, 1567.5969, -43.880, 1567.5969, -46.840, 1567.5969, -51.471,  , 
1567.6182, -45.586, 1567.6182, -44.799, 1567.6182, -43.482, 1567.6182, -43.933, 1567.6182, -46.946, 1567.6182, -51.653,  , 
1567.6394, -45.603, 1567.6394, -44.772, 1567.6394, -43.501, 1567.6394, -43.995, 1567.6394, -47.064, 1567.6394, -51.886,  , 
1567.6607, -45.619, 1567.6607, -44.752, 1567.6607, -43.530, 1567.6607, -44.059, 1567.6607, -47.184, 1567.6607, -52.098,  , 
1567.6819, -45.628, 1567.6819, -44.723, 1567.6819, -43.554, 1567.6819, -44.128, 1567.6819, -47.306, 1567.6819, -52.271,  , 
1567.7032, -45.646, 1567.7032, -44.704, 1567.7032, -43.585, 1567.7032, -44.178, 1567.7032, -47.431, 1567.7032, -52.482,  , 
1567.7244, -45.660, 1567.7244, -44.676, 1567.7244, -43.610, 1567.7244, -44.254, 1567.7244, -47.540, 1567.7244, -52.715,  , 
1567.7457, -45.677, 1567.7457, -44.654, 1567.7457, -43.645, 1567.7457, -44.314, 1567.7457, -47.677, 1567.7457, -52.964,  , 
1567.7669, -45.713, 1567.7669, -44.623, 1567.7669, -43.671, 1567.7669, -44.377, 1567.7669, -47.802, 1567.7669, -53.237,  , 
1567.7882, -45.713, 1567.7882, -44.609, 1567.7882, -43.706, 1567.7882, -44.449, 1567.7882, -47.922, 1567.7882, -53.465,  , 
1567.8095, -45.741, 1567.8095, -44.581, 1567.8095, -43.748, 1567.8095, -44.523, 1567.8095, -48.055, 1567.8095, -53.727,  , 
1567.8307, -45.763, 1567.8307, -44.567, 1567.8307, -43.784, 1567.8307, -44.597, 1567.8307, -48.178, 1567.8307, -53.997,  , 
1567.8520, -45.782, 1567.8520, -44.535, 1567.8520, -43.816, 1567.8520, -44.664, 1567.8520, -48.306, 1567.8520, -54.299,  , 
1567.8732, -45.810, 1567.8732, -44.524, 1567.8732, -43.853, 1567.8732, -44.747, 1567.8732, -48.421, 1567.8732, -54.629,  , 
1567.8945, -45.829, 1567.8945, -44.505, 1567.8945, -43.900, 1567.8945, -44.818, 1567.8945, -48.565, 1567.8945, -54.952,  , 
1567.9157, -45.858, 1567.9157, -44.476, 1567.9157, -43.943, 1567.9157, -44.888, 1567.9157, -48.684, 1567.9157, -55.279,  , 
1567.9370, -45.887, 1567.9370, -44.462, 1567.9370, -43.981, 1567.9370, -44.961, 1567.9370, -48.808, 1567.9370, -55.658,  , 
1567.9582, -45.907, 1567.9582, -44.439, 1567.9582, -44.032, 1567.9582, -45.046, 1567.9582, -48.956, 1567.9582, -56.045,  , 
1567.9795, -45.942, 1567.9795, -44.424, 1567.9795, -44.073, 1567.9795, -45.128, 1567.9795, -49.063, 1567.9795, -56.401,  , 
1568.0008, -45.964, 1568.0008, -44.408, 1568.0008, -44.127, 1568.0008, -45.207, 1568.0008, -49.185, 1568.0008, -56.859,  , 
1568.0220, -45.984, 1568.0220, -44.402, 1568.0220, -44.174, 1568.0220, -45.295, 1568.0220, -49.325, 1568.0220, -57.267,  , 
1568.0433, -46.018, 1568.0433, -44.388, 1568.0433, -44.225, 1568.0433, -45.381, 1568.0433, -49.449, 1568.0433, -57.729,  , 
1568.0645, -46.052, 1568.0645, -44.383, 1568.0645, -44.276, 1568.0645, -45.471, 1568.0645, -49.604, 1568.0645, -58.496,  , 
1568.0858, -46.082, 1568.0858, -44.369, 1568.0858, -44.328, 1568.0858, -45.555, 1568.0858, -49.702, 1568.0858, -58.886,  , 
1568.1070, -46.097, 1568.1070, -44.364, 1568.1070, -44.389, 1568.1070, -45.643, 1568.1070, -49.836, 1568.1070, -59.453,  , 
1568.1283, -46.126, 1568.1283, -44.352, 1568.1283, -44.443, 1568.1283, -45.733, 1568.1283, -49.984, 1568.1283, -59.999,  , 
1568.1495, -46.162, 1568.1495, -44.352, 1568.1495, -44.499, 1568.1495, -45.831, 1568.1495, -50.102, 1568.1495, -60.690,  , 
1568.1708, -46.180, 1568.1708, -44.352, 1568.1708, -44.563, 1568.1708, -45.927, 1568.1708, -50.234, 1568.1708, -61.523,  , 
1568.1920, -46.218, 1568.1920, -44.350, 1568.1920, -44.627, 1568.1920, -46.045, 1568.1920, -50.367, 1568.1920, -62.253,  , 
1568.2133, -46.244, 1568.2133, -44.355, 1568.2133, -44.685, 1568.2133, -46.133, 1568.2133, -50.532, 1568.2133, -63.251,  , 
1568.2346, -46.275, 1568.2346, -44.355, 1568.2346, -44.757, 1568.2346, -46.236, 1568.2346, -50.639, 1568.2346, -64.361,  , 
1568.2558, -46.294, 1568.2558, -44.362, 1568.2558, -44.817, 1568.2558, -46.330, 1568.2558, -50.776, 1568.2558, -65.077,  , 
1568.2771, -46.316, 1568.2771, -44.366, 1568.2771, -44.890, 1568.2771, -46.442, 1568.2771, -50.926, 1568.2771, -65.764,  , 
1568.2983, -46.344, 1568.2983, -44.367, 1568.2983, -44.956, 1568.2983, -46.528, 1568.2983, -51.092, 1568.2983, -66.518,  , 
1568.3196, -46.367, 1568.3196, -44.382, 1568.3196, -45.019, 1568.3196, -46.640, 1568.3196, -51.206, 1568.3196, -66.902,  , 
1568.3408, -46.382, 1568.3408, -44.385, 1568.3408, -45.095, 1568.3408, -46.750, 1568.3408, -51.352, 1568.3408, -67.436,  , 
1568.3621, -46.400, 1568.3621, -44.396, 1568.3621, -45.165, 1568.3621, -46.854, 1568.3621, -51.548, 1568.3621, -66.675,  , 
1568.3833, -46.432, 1568.3833, -44.407, 1568.3833, -45.231, 1568.3833, -46.953, 1568.3833, -51.686, 1568.3833, -67.301,  , 
1568.4046, -46.429, 1568.4046, -44.427, 1568.4046, -45.313, 1568.4046, -47.072, 1568.4046, -51.802, 1568.4046, -66.574,  , 
1568.4259, -46.455, 1568.4259, -44.440, 1568.4259, -45.379, 1568.4259, -47.175, 1568.4259, -52.020, 1568.4259, -66.102,  , 
1568.4471, -46.464, 1568.4471, -44.453, 1568.4471, -45.450, 1568.4471, -47.287, 1568.4471, -52.133, 1568.4471, -64.266,  , 
1568.4684, -46.472, 1568.4684, -44.472, 1568.4684, -45.537, 1568.4684, -47.401, 1568.4684, -52.312, 1568.4684, -64.088,  , 
1568.4896, -46.473, 1568.4896, -44.494, 1568.4896, -45.605, 1568.4896, -47.504, 1568.4896, -52.489, 1568.4896, -63.108,  , 
1568.5109, -46.486, 1568.5109, -44.504, 1568.5109, -45.684, 1568.5109, -47.626, 1568.5109, -52.674, 1568.5109, -62.298,  , 
1568.5321, -46.486, 1568.5321, -44.532, 1568.5321, -45.761, 1568.5321, -47.731, 1568.5321, -52.868, 1568.5321, -61.465,  , 
1568.5534, -46.478, 1568.5534, -44.556, 1568.5534, -45.843, 1568.5534, -47.851, 1568.5534, -53.018, 1568.5534, -60.574,  , 
1568.5746, -46.481, 1568.5746, -44.574, 1568.5746, -45.919, 1568.5746, -47.961, 1568.5746, -53.168, 1568.5746, -60.027,  , 
1568.5959, -46.480, 1568.5959, -44.604, 1568.5959, -46.007, 1568.5959, -48.087, 1568.5959, -53.421, 1568.5959, -59.293,  , 
1568.6172, -46.475, 1568.6172, -44.633, 1568.6172, -46.086, 1568.6172, -48.214, 1568.6172, -53.634, 1568.6172, -58.969,  , 
1568.6384, -46.461, 1568.6384, -44.663, 1568.6384, -46.176, 1568.6384, -48.324, 1568.6384, -53.843, 1568.6384, -58.305,  , 
1568.6597, -46.456, 1568.6597, -44.690, 1568.6597, -46.264, 1568.6597, -48.444, 1568.6597, -54.059, 1568.6597, -57.747,  , 
1568.6809, -46.442, 1568.6809, -44.722, 1568.6809, -46.355, 1568.6809, -48.567, 1568.6809, -54.315, 1568.6809, -57.302,  , 
1568.7022, -46.431, 1568.7022, -44.759, 1568.7022, -46.450, 1568.7022, -48.709, 1568.7022, -54.530, 1568.7022, -56.855,  , 
1568.7234, -46.413, 1568.7234, -44.794, 1568.7234, -46.551, 1568.7234, -48.826, 1568.7234, -54.906, 1568.7234, -56.483,  , 
1568.7447, -46.408, 1568.7447, -44.831, 1568.7447, -46.630, 1568.7447, -48.963, 1568.7447, -55.115, 1568.7447, -55.905,  , 
1568.7659, -46.383, 1568.7659, -44.876, 1568.7659, -46.727, 1568.7659, -49.081, 1568.7659, -55.333, 1568.7659, -55.570,  , 
1568.7872, -46.357, 1568.7872, -44.914, 1568.7872, -46.836, 1568.7872, -49.220, 1568.7872, -55.721, 1568.7872, -55.215,  , 
1568.8085, -46.347, 1568.8085, -44.957, 1568.8085, -46.942, 1568.8085, -49.336, 1568.8085, -56.097, 1568.8085, -54.815,  , 
1568.8297, -46.334, 1568.8297, -44.997, 1568.8297, -47.043, 1568.8297, -49.490, 1568.8297, -56.445, 1568.8297, -54.537,  , 
1568.8510, -46.303, 1568.8510, -45.046, 1568.8510, -47.131, 1568.8510, -49.586, 1568.8510, -56.774, 1568.8510, -54.213,  , 
1568.8722, -46.278, 1568.8722, -45.092, 1568.8722, -47.263, 1568.8722, -49.756, 1568.8722, -57.157, 1568.8722, -53.891,  , 
1568.8935, -46.259, 1568.8935, -45.133, 1568.8935, -47.344, 1568.8935, -49.839, 1568.8935, -57.603, 1568.8935, -53.583,  , 
1568.9147, -46.226, 1568.9147, -45.185, 1568.9147, -47.461, 1568.9147, -49.994, 1568.9147, -57.926, 1568.9147, -53.362,  , 
1568.9360, -46.212, 1568.9360, -45.241, 1568.9360, -47.554, 1568.9360, -50.132, 1568.9360, -58.558, 1568.9360, -53.103,  , 
1568.9572, -46.190, 1568.9572, -45.290, 1568.9572, -47.683, 1568.9572, -50.249, 1568.9572, -58.893, 1568.9572, -52.829,  , 
1568.9785, -46.169, 1568.9785, -45.336, 1568.9785, -47.785, 1568.9785, -50.379, 1568.9785, -59.465, 1568.9785, -52.629,  , 
1568.9997, -46.144, 1568.9997, -45.403, 1568.9997, -47.904, 1568.9997, -50.519, 1568.9997, -59.998, 1568.9997, -52.408,  , 
1569.0210, -46.116, 1569.0210, -45.450, 1569.0210, -48.015, 1569.0210, -50.645, 1569.0210, -60.693, 1569.0210, -52.205,  , 
1569.0423, -46.097, 1569.0423, -45.505, 1569.0423, -48.134, 1569.0423, -50.754, 1569.0423, -61.237, 1569.0423, -51.962,  , 
1569.0635, -46.072, 1569.0635, -45.565, 1569.0635, -48.236, 1569.0635, -50.887, 1569.0635, -61.958, 1569.0635, -51.820,  , 
1569.0848, -46.039, 1569.0848, -45.622, 1569.0848, -48.369, 1569.0848, -51.027, 1569.0848, -62.673, 1569.0848, -51.624,  , 
1569.1060, -46.026, 1569.1060, -45.684, 1569.1060, -48.468, 1569.1060, -51.178, 1569.1060, -63.207, 1569.1060, -51.430,  , 
1569.1273, -46.006, 1569.1273, -45.751, 1569.1273, -48.579, 1569.1273, -51.248, 1569.1273, -63.574, 1569.1273, -51.325,  , 
1569.1485, -45.986, 1569.1485, -45.814, 1569.1485, -48.706, 1569.1485, -51.424, 1569.1485, -64.967, 1569.1485, -51.156,  , 
1569.1698, -45.962, 1569.1698, -45.873, 1569.1698, -48.838, 1569.1698, -51.560, 1569.1698, -65.492, 1569.1698, -50.997,  , 
1569.1910, -45.942, 1569.1910, -45.933, 1569.1910, -48.939, 1569.1910, -51.687, 1569.1910, -66.371, 1569.1910, -50.876,  , 
1569.2123, -45.924, 1569.2123, -46.009, 1569.2123, -49.066, 1569.2123, -51.823, 1569.2123, -67.141, 1569.2123, -50.725,  , 
1569.2336, -45.912, 1569.2336, -46.078, 1569.2336, -49.209, 1569.2336, -51.982, 1569.2336, -68.482, 1569.2336, -50.606,  , 
1569.2548, -45.895, 1569.2548, -46.147, 1569.2548, -49.312, 1569.2548, -52.084, 1569.2548, -69.092, 1569.2548, -50.485,  , 
1569.2761, -45.884, 1569.2761, -46.216, 1569.2761, -49.439, 1569.2761, -52.211, 1569.2761, -69.848, 1569.2761, -50.388,  , 
1569.2973, -45.872, 1569.2973, -46.293, 1569.2973, -49.565, 1569.2973, -52.396, 1569.2973, -68.867, 1569.2973, -50.268,  , 
1569.3186, -45.862, 1569.3186, -46.361, 1569.3186, -49.687, 1569.3186, -52.511, 1569.3186, -68.306, 1569.3186, -50.177,  , 
1569.3398, -45.853, 1569.3398, -46.431, 1569.3398, -49.827, 1569.3398, -52.636, 1569.3398, -67.621, 1569.3398, -50.073,  , 
1569.3611, -45.832, 1569.3611, -46.519, 1569.3611, -49.948, 1569.3611, -52.812, 1569.3611, -66.902, 1569.3611, -49.958,  , 
1569.3823, -45.827, 1569.3823, -46.590, 1569.3823, -50.087, 1569.3823, -52.975, 1569.3823, -65.391, 1569.3823, -49.887,  , 
1569.4036, -45.822, 1569.4036, -46.661, 1569.4036, -50.207, 1569.4036, -53.111, 1569.4036, -64.416, 1569.4036, -49.787,  , 
1569.4249, -45.818, 1569.4249, -46.747, 1569.4249, -50.335, 1569.4249, -53.310, 1569.4249, -63.930, 1569.4249, -49.722,  , 
1569.4461, -45.818, 1569.4461, -46.834, 1569.4461, -50.471, 1569.4461, -53.430, 1569.4461, -63.552, 1569.4461, -49.646,  , 
1569.4674, -45.810, 1569.4674, -46.912, 1569.4674, -50.612, 1569.4674, -53.591, 1569.4674, -62.458, 1569.4674, -49.573,  , 
1569.4886, -45.812, 1569.4886, -46.992, 1569.4886, -50.729, 1569.4886, -53.769, 1569.4886, -61.484, 1569.4886, -49.514,  , 
1569.5099, -45.810, 1569.5099, -47.073, 1569.5099, -50.852, 1569.5099, -53.918, 1569.5099, -60.957, 1569.5099, -49.434,  , 
1569.5311, -45.811, 1569.5311, -47.167, 1569.5311, -50.997, 1569.5311, -54.141, 1569.5311, -60.360, 1569.5311, -49.354,  , 
1569.5524, -45.819, 1569.5524, -47.244, 1569.5524, -51.120, 1569.5524, -54.347, 1569.5524, -59.676, 1569.5524, -49.296,  , 
1569.5736, -45.828, 1569.5736, -47.349, 1569.5736, -51.250, 1569.5736, -54.510, 1569.5736, -59.201, 1569.5736, -49.269,  , 
1569.5949, -45.828, 1569.5949, -47.430, 1569.5949, -51.387, 1569.5949, -54.714, 1569.5949, -58.698, 1569.5949, -49.190,  , 
1569.6162, -45.840, 1569.6162, -47.533, 1569.6162, -51.509, 1569.6162, -54.990, 1569.6162, -58.060, 1569.6162, -49.147,  , 
1569.6374, -45.846, 1569.6374, -47.615, 1569.6374, -51.664, 1569.6374, -55.151, 1569.6374, -57.793, 1569.6374, -49.093,  , 
1569.6587, -45.859, 1569.6587, -47.718, 1569.6587, -51.764, 1569.6587, -55.364, 1569.6587, -57.185, 1569.6587, -49.078,  , 
1569.6799, -45.869, 1569.6799, -47.818, 1569.6799, -51.931, 1569.6799, -55.714, 1569.6799, -56.868, 1569.6799, -49.017,  , 
1569.7012, -45.896, 1569.7012, -47.924, 1569.7012, -52.072, 1569.7012, -55.902, 1569.7012, -56.536, 1569.7012, -48.992,  , 
1569.7224, -45.899, 1569.7224, -48.029, 1569.7224, -52.190, 1569.7224, -56.256, 1569.7224, -56.090, 1569.7224, -48.960,  , 
1569.7437, -45.924, 1569.7437, -48.131, 1569.7437, -52.356, 1569.7437, -56.464, 1569.7437, -55.795, 1569.7437, -48.930,  , 
1569.7649, -45.940, 1569.7649, -48.232, 1569.7649, -52.462, 1569.7649, -56.728, 1569.7649, -55.436, 1569.7649, -48.884,  , 
1569.7862, -45.965, 1569.7862, -48.341, 1569.7862, -52.613, 1569.7862, -57.124, 1569.7862, -55.113, 1569.7862, -48.861,  , 
1569.8075, -45.976, 1569.8075, -48.441, 1569.8075, -52.765, 1569.8075, -57.446, 1569.8075, -54.829, 1569.8075, -48.837,  , 
1569.8287, -46.012, 1569.8287, -48.554, 1569.8287, -52.883, 1569.8287, -57.769, 1569.8287, -54.542, 1569.8287, -48.819,  , 
1569.8500, -46.040, 1569.8500, -48.666, 1569.8500, -53.039, 1569.8500, -58.095, 1569.8500, -54.309, 1569.8500, -48.799,  , 
1569.8712, -46.059, 1569.8712, -48.771, 1569.8712, -53.166, 1569.8712, -58.582, 1569.8712, -54.044, 1569.8712, -48.786,  , 
1569.8925, -46.086, 1569.8925, -48.885, 1569.8925, -53.352, 1569.8925, -58.830, 1569.8925, -53.813, 1569.8925, -48.765,  , 
1569.9137, -46.118, 1569.9137, -48.991, 1569.9137, -53.478, 1569.9137, -59.525, 1569.9137, -53.659, 1569.9137, -48.744,  , 
1569.9350, -46.143, 1569.9350, -49.110, 1569.9350, -53.621, 1569.9350, -59.769, 1569.9350, -53.368, 1569.9350, -48.740,  , 
1569.9562, -46.177, 1569.9562, -49.201, 1569.9562, -53.816, 1569.9562, -60.252, 1569.9562, -53.156, 1569.9562, -48.725,  , 
1569.9775, -46.206, 1569.9775, -49.343, 1569.9775, -53.928, 1569.9775, -60.845, 1569.9775, -52.947, 1569.9775, -48.720,  , 
1569.9987, -46.243, 1569.9987, -49.440, 1569.9987, -54.085, 1569.9987, -61.422, 1569.9987, -52.821, 1569.9987, -48.688,  , 
1570.0200, -46.276, 1570.0200, -49.558, 1570.0200, -54.242, 1570.0200, -61.719, 1570.0200, -52.584, 1570.0200, -48.696,  , 
1570.0413, -46.311, 1570.0413, -49.677, 1570.0413, -54.419, 1570.0413, -63.056, 1570.0413, -52.463, 1570.0413, -48.686,  , 
1570.0625, -46.351, 1570.0625, -49.806, 1570.0625, -54.582, 1570.0625, -63.512, 1570.0625, -52.297, 1570.0625, -48.689,  , 
1570.0838, -46.391, 1570.0838, -49.902, 1570.0838, -54.715, 1570.0838, -63.790, 1570.0838, -52.153, 1570.0838, -48.675,  , 
1570.1050, -46.428, 1570.1050, -50.039, 1570.1050, -54.907, 1570.1050, -64.594, 1570.1050, -51.973, 1570.1050, -48.686,  , 
1570.1263, -46.466, 1570.1263, -50.140, 1570.1263, -55.205, 1570.1263, -65.377, 1570.1263, -51.831, 1570.1263, -48.684,  , 
1570.1475, -46.514, 1570.1475, -50.273, 1570.1475, -55.308, 1570.1475, -66.849, 1570.1475, -51.732, 1570.1475, -48.690,  , 
1570.1688, -46.554, 1570.1688, -50.412, 1570.1688, -55.564, 1570.1688, -66.734, 1570.1688, -51.569, 1570.1688, -48.704,  , 
1570.1900, -46.610, 1570.1900, -50.534, 1570.1900, -55.643, 1570.1900, -69.056, 1570.1900, -51.502, 1570.1900, -48.695,  , 
1570.2113, -46.660, 1570.2113, -50.673, 1570.2113, -55.940, 1570.2113, -68.209, 1570.2113, -51.357, 1570.2113, -48.709,  , 
1570.2326, -46.699, 1570.2326, -50.805, 1570.2326, -56.180, 1570.2326, -69.286, 1570.2326, -51.262, 1570.2326, -48.718,  , 
1570.2538, -46.759, 1570.2538, -50.930, 1570.2538, -56.402, 1570.2538, -69.651, 1570.2538, -51.143, 1570.2538, -48.740,  , 
1570.2751, -46.807, 1570.2751, -51.043, 1570.2751, -56.679, 1570.2751, -70.444, 1570.2751, -51.062, 1570.2751, -48.761,  , 
1570.2963, -46.852, 1570.2963, -51.175, 1570.2963, -56.985, 1570.2963, -70.055, 1570.2963, -50.982, 1570.2963, -48.768,  , 
1570.3176, -46.920, 1570.3176, -51.339, 1570.3176, -57.282, 1570.3176, -69.429, 1570.3176, -50.853, 1570.3176, -48.798,  , 
1570.3388, -46.973, 1570.3388, -51.468, 1570.3388, -57.721, 1570.3388, -68.567, 1570.3388, -50.800, 1570.3388, -48.831,  , 
1570.3601, -47.033, 1570.3601, -51.595, 1570.3601, -57.792, 1570.3601, -68.261, 1570.3601, -50.753, 1570.3601, -48.854,  , 
1570.3813, -47.098, 1570.3813, -51.743, 1570.3813, -58.168, 1570.3813, -65.827, 1570.3813, -50.647, 1570.3813, -48.866,  , 
1570.4026, -47.154, 1570.4026, -51.857, 1570.4026, -58.640, 1570.4026, -65.465, 1570.4026, -50.556, 1570.4026, -48.899,  , 
1570.4239, -47.216, 1570.4239, -51.998, 1570.4239, -59.103, 1570.4239, -64.358, 1570.4239, -50.509, 1570.4239, -48.921,  , 
1570.4451, -47.298, 1570.4451, -52.134, 1570.4451, -59.352, 1570.4451, -63.915, 1570.4451, -50.440, 1570.4451, -48.970,  , 
1570.4664, -47.359, 1570.4664, -52.260, 1570.4664, -59.734, 1570.4664, -63.147, 1570.4664, -50.368, 1570.4664, -48.999,  , 
1570.4876, -47.427, 1570.4876, -52.421, 1570.4876, -60.489, 1570.4876, -62.514, 1570.4876, -50.357, 1570.4876, -49.035,  , 
1570.5089, -47.488, 1570.5089, -52.534, 1570.5089, -60.641, 1570.5089, -61.746, 1570.5089, -50.261, 1570.5089, -49.084,  , 
1570.5301, -47.563, 1570.5301, -52.648, 1570.5301, -61.378, 1570.5301, -61.158, 1570.5301, -50.231, 1570.5301, -49.132,  , 
1570.5514, -47.637, 1570.5514, -52.823, 1570.5514, -61.512, 1570.5514, -60.279, 1570.5514, -50.178, 1570.5514, -49.166,  , 
1570.5726, -47.704, 1570.5726, -52.939, 1570.5726, -62.665, 1570.5726, -59.906, 1570.5726, -50.162, 1570.5726, -49.204,  , 
1570.5939, -47.774, 1570.5939, -53.068, 1570.5939, -62.622, 1570.5939, -59.368, 1570.5939, -50.101, 1570.5939, -49.263,  , 
1570.6152, -47.867, 1570.6152, -53.201, 1570.6152, -63.325, 1570.6152, -58.844, 1570.6152, -50.047, 1570.6152, -49.317,  , 
1570.6364, -47.919, 1570.6364, -53.329, 1570.6364, -64.336, 1570.6364, -58.372, 1570.6364, -50.031, 1570.6364, -49.355,  , 
1570.6577, -48.001, 1570.6577, -53.497, 1570.6577, -64.727, 1570.6577, -58.063, 1570.6577, -49.982, 1570.6577, -49.431,  , 
1570.6789, -48.087, 1570.6789, -53.564, 1570.6789, -65.874, 1570.6789, -57.770, 1570.6789, -49.962, 1570.6789, -49.489,  , 
1570.7002, -48.159, 1570.7002, -53.758, 1570.7002, -66.854, 1570.7002, -57.257, 1570.7002, -49.915, 1570.7002, -49.531,  , 
1570.7214, -48.233, 1570.7214, -53.890, 1570.7214, -66.977, 1570.7214, -56.935, 1570.7214, -49.914, 1570.7214, -49.607,  , 
1570.7427, -48.326, 1570.7427, -54.036, 1570.7427, -69.039, 1570.7427, -56.618, 1570.7427, -49.904, 1570.7427, -49.674,  , 
1570.7639, -48.396, 1570.7639, -54.135, 1570.7639, -68.636, 1570.7639, -56.339, 1570.7639, -49.853, 1570.7639, -49.735,  , 
1570.7852, -48.483, 1570.7852, -54.349, 1570.7852, -68.823, 1570.7852, -56.158, 1570.7852, -49.836, 1570.7852, -49.816,  , 
1570.8065, -48.573, 1570.8065, -54.455, 1570.8065, -68.338, 1570.8065, -55.823, 1570.8065, -49.822, 1570.8065, -49.903,  , 
1570.8277, -48.654, 1570.8277, -54.595, 1570.8277, -72.398, 1570.8277, -55.552, 1570.8277, -49.810, 1570.8277, -49.979,  , 
1570.8490, -48.731, 1570.8490, -54.816, 1570.8490, -70.599, 1570.8490, -55.272, 1570.8490, -49.778, 1570.8490, -50.052,  , 
1570.8702, -48.829, 1570.8702, -54.937, 1570.8702, -71.010, 1570.8702, -55.018, 1570.8702, -49.801, 1570.8702, -50.145,  , 
1570.8915, -48.924, 1570.8915, -55.094, 1570.8915, -68.636, 1570.8915, -54.734, 1570.8915, -49.748, 1570.8915, -50.192,  , 
1570.9127, -49.005, 1570.9127, -55.204, 1570.9127, -68.445, 1570.9127, -54.610, 1570.9127, -49.777, 1570.9127, -50.303,  , 
1570.9340, -49.113, 1570.9340, -55.466, 1570.9340, -69.291, 1570.9340, -54.385, 1570.9340, -49.749, 1570.9340, -50.385,  , 
1570.9552, -49.214, 1570.9552, -55.639, 1570.9552, -66.979, 1570.9552, -54.193, 1570.9552, -49.735, 1570.9552, -50.478,  , 
1570.9765, -49.308, 1570.9765, -55.728, 1570.9765, -66.026, 1570.9765, -53.995, 1570.9765, -49.750, 1570.9765, -50.580,  , 
1570.9977, -49.404, 1570.9977, -55.962, 1570.9977, -65.265, 1570.9977, -53.769, 1570.9977, -49.742, 1570.9977, -50.679,  , 
1571.0190, -49.499, 1571.0190, -56.079, 1571.0190, -64.319, 1571.0190, -53.620, 1571.0190, -49.724, 1571.0190, -50.777,  , 
1571.0403, -49.616, 1571.0403, -56.323, 1571.0403, -63.460, 1571.0403, -53.465, 1571.0403, -49.755, 1571.0403, -50.863,  , 
1571.0615, -49.724, 1571.0615, -56.522, 1571.0615, -62.989, 1571.0615, -53.244, 1571.0615, -49.733, 1571.0615, -50.972,  , 
1571.0828, -49.803, 1571.0828, -56.786, 1571.0828, -61.823, 1571.0828, -53.142, 1571.0828, -49.761, 1571.0828, -51.075,  , 
1571.1040, -49.942, 1571.1040, -56.993, 1571.1040, -61.601, 1571.1040, -53.031, 1571.1040, -49.745, 1571.1040, -51.164,  , 
1571.1253, -50.031, 1571.1253, -57.080, 1571.1253, -60.859, 1571.1253, -52.873, 1571.1253, -49.768, 1571.1253, -51.311,  , 
1571.1465, -50.154, 1571.1465, -57.466, 1571.1465, -60.101, 1571.1465, -52.725, 1571.1465, -49.762, 1571.1465, -51.420,  , 
1571.1678, -50.253, 1571.1678, -57.686, 1571.1678, -59.861, 1571.1678, -52.622, 1571.1678, -49.792, 1571.1678, -51.540,  , 
1571.1890, -50.374, 1571.1890, -57.908, 1571.1890, -59.380, 1571.1890, -52.554, 1571.1890, -49.805, 1571.1890, -51.643,  , 
1571.2103, -50.504, 1571.2103, -58.286, 1571.2103, -58.962, 1571.2103, -52.405, 1571.2103, -49.820, 1571.2103, -51.806,  , 
1571.2316, -50.581, 1571.2316, -58.659, 1571.2316, -58.534, 1571.2316, -52.340, 1571.2316, -49.840, 1571.2316, -51.905,  , 
1571.2528, -50.750, 1571.2528, -58.757, 1571.2528, -58.016, 1571.2528, -52.218, 1571.2528, -49.847, 1571.2528, -52.028,  , 
1571.2741, -50.835, 1571.2741, -59.177, 1571.2741, -57.761, 1571.2741, -52.091, 1571.2741, -49.887, 1571.2741, -52.157,  , 
1571.2953, -50.939, 1571.2953, -59.589, 1571.2953, -57.399, 1571.2953, -52.059, 1571.2953, -49.902, 1571.2953, -52.280,  , 
1571.3166, -51.080, 1571.3166, -59.843, 1571.3166, -57.112, 1571.3166, -51.969, 1571.3166, -49.933, 1571.3166, -52.371,  , 
1571.3378, -51.194, 1571.3378, -60.108, 1571.3378, -56.771, 1571.3378, -51.868, 1571.3378, -49.974, 1571.3378, -52.559,  , 
1571.3591, -51.298, 1571.3591, -60.572, 1571.3591, -56.492, 1571.3591, -51.832, 1571.3591, -49.997, 1571.3591, -52.681,  , 
1571.3803, -51.422, 1571.3803, -61.318, 1571.3803, -56.322, 1571.3803, -51.769, 1571.3803, -50.035, 1571.3803, -52.799,  , 
1571.4016, -51.557, 1571.4016, -61.489, 1571.4016, -56.043, 1571.4016, -51.700, 1571.4016, -50.088, 1571.4016, -52.924,  , 
1571.4229, -51.697, 1571.4229, -61.887, 1571.4229, -55.756, 1571.4229, -51.601, 1571.4229, -50.087, 1571.4229, -53.081,  , 
1571.4441, -51.796, 1571.4441, -62.598, 1571.4441, -55.466, 1571.4441, -51.580, 1571.4441, -50.172, 1571.4441, -53.204,  , 
1571.4654, -51.942, 1571.4654, -63.164, 1571.4654, -55.328, 1571.4654, -51.520, 1571.4654, -50.218, 1571.4654, -53.351,  , 
1571.4866, -52.049, 1571.4866, -63.299, 1571.4866, -55.096, 1571.4866, -51.448, 1571.4866, -50.248, 1571.4866, -53.481,  , 
1571.5079, -52.218, 1571.5079, -64.386, 1571.5079, -54.818, 1571.5079, -51.394, 1571.5079, -50.264, 1571.5079, -53.596,  , 
1571.5291, -52.313, 1571.5291, -64.779, 1571.5291, -54.705, 1571.5291, -51.323, 1571.5291, -50.340, 1571.5291, -53.707,  , 
1571.5504, -52.455, 1571.5504, -65.246, 1571.5504, -54.455, 1571.5504, -51.306, 1571.5504, -50.399, 1571.5504, -53.808,  , 
1571.5716, -52.624, 1571.5716, -65.736, 1571.5716, -54.340, 1571.5716, -51.288, 1571.5716, -50.435, 1571.5716, -53.996,  , 
1571.5929, -52.690, 1571.5929, -67.465, 1571.5929, -54.147, 1571.5929, -51.234, 1571.5929, -50.480, 1571.5929, -54.074,  , 
1571.6142, -52.861, 1571.6142, -67.057, 1571.6142, -54.012, 1571.6142, -51.154, 1571.6142, -50.549, 1571.6142, -54.135,  , 
1571.6354, -52.983, 1571.6354, -67.413, 1571.6354, -53.875, 1571.6354, -51.150, 1571.6354, -50.614, 1571.6354, -54.226,  , 
1571.6567, -53.164, 1571.6567, -69.216, 1571.6567, -53.647, 1571.6567, -51.103, 1571.6567, -50.680, 1571.6567, -54.402,  , 
1571.6779, -53.242, 1571.6779, -70.949, 1571.6779, -53.571, 1571.6779, -51.085, 1571.6779, -50.719, 1571.6779, -54.409,  , 
1571.6992, -53.415, 1571.6992, -71.209, 1571.6992, -53.422, 1571.6992, -51.068, 1571.6992, -50.769, 1571.6992, -54.564,  , 
1571.7204, -53.519, 1571.7204, -70.070, 1571.7204, -53.293, 1571.7204, -51.020, 1571.7204, -50.871, 1571.7204, -54.618,  , 
1571.7417, -53.668, 1571.7417, -72.463, 1571.7417, -53.172, 1571.7417, -51.003, 1571.7417, -50.959, 1571.7417, -54.759,  , 
1571.7629, -53.782, 1571.7629, -69.672, 1571.7629, -53.080, 1571.7629, -50.981, 1571.7629, -51.027, 1571.7629, -54.765,  , 
1571.7842, -53.921, 1571.7842, -69.471, 1571.7842, -53.008, 1571.7842, -50.958, 1571.7842, -51.088, 1571.7842, -54.833,  , 
1571.8055, -54.022, 1571.8055, -70.873, 1571.8055, -52.844, 1571.8055, -50.931, 1571.8055, -51.173, 1571.8055, -54.922,  , 
1571.8267, -54.240, 1571.8267, -70.186, 1571.8267, -52.787, 1571.8267, -50.927, 1571.8267, -51.305, 1571.8267, -54.931,  , 
1571.8480, -54.279, 1571.8480, -67.577, 1571.8480, -52.653, 1571.8480, -50.908, 1571.8480, -51.360, 1571.8480, -54.964,  , 
1571.8692, -54.472, 1571.8692, -68.189, 1571.8692, -52.625, 1571.8692, -50.882, 1571.8692, -51.431, 1571.8692, -55.027,  , 
1571.8905, -54.655, 1571.8905, -66.751, 1571.8905, -52.555, 1571.8905, -50.890, 1571.8905, -51.556, 1571.8905, -55.101,  , 
1571.9117, -54.721, 1571.9117, -65.538, 1571.9117, -52.471, 1571.9117, -50.884, 1571.9117, -51.650, 1571.9117, -55.011,  , 
1571.9330, -54.882, 1571.9330, -64.760, 1571.9330, -52.394, 1571.9330, -50.846, 1571.9330, -51.743, 1571.9330, -55.043,  , 
1571.9542, -55.076, 1571.9542, -64.045, 1571.9542, -52.310, 1571.9542, -50.859, 1571.9542, -51.832, 1571.9542, -55.000,  , 
1571.9755, -55.174, 1571.9755, -63.313, 1571.9755, -52.274, 1571.9755, -50.838, 1571.9755, -51.952, 1571.9755, -54.982,  , 
1571.9967, -55.346, 1571.9967, -62.491, 1571.9967, -52.160, 1571.9967, -50.872, 1571.9967, -52.055, 1571.9967, -54.895,  , 
1572.0180, -55.528, 1572.0180, -62.296, 1572.0180, -52.128, 1572.0180, -50.839, 1572.0180, -52.178, 1572.0180, -54.861,  , 
1572.0393, -55.625, 1572.0393, -61.365, 1572.0393, -52.080, 1572.0393, -50.846, 1572.0393, -52.276, 1572.0393, -54.820,  , 
1572.0605, -55.825, 1572.0605, -61.305, 1572.0605, -52.048, 1572.0605, -50.848, 1572.0605, -52.375, 1572.0605, -54.699,  , 
1572.0818, -55.948, 1572.0818, -60.414, 1572.0818, -51.973, 1572.0818, -50.849, 1572.0818, -52.506, 1572.0818, -54.678,  , 
1572.1030, -56.106, 1572.1030, -60.274, 1572.1030, -51.930, 1572.1030, -50.833, 1572.1030, -52.617, 1572.1030, -54.541,  , 
1572.1243, -56.225, 1572.1243, -59.770, 1572.1243, -51.901, 1572.1243, -50.844, 1572.1243, -52.705, 1572.1243, -54.486,  , 
1572.1455, -56.441, 1572.1455, -59.377, 1572.1455, -51.845, 1572.1455, -50.873, 1572.1455, -52.842, 1572.1455, -54.379,  , 
1572.1668, -56.522, 1572.1668, -58.932, 1572.1668, -51.798, 1572.1668, -50.848, 1572.1668, -52.978, 1572.1668, -54.270,  , 
1572.1880, -56.755, 1572.1880, -58.771, 1572.1880, -51.799, 1572.1880, -50.888, 1572.1880, -53.100, 1572.1880, -54.182,  , 
1572.2093, -56.863, 1572.2093, -58.450, 1572.2093, -51.763, 1572.2093, -50.898, 1572.2093, -53.218, 1572.2093, -54.094,  , 
1572.2306, -57.011, 1572.2306, -57.892, 1572.2306, -51.694, 1572.2306, -50.924, 1572.2306, -53.313, 1572.2306, -53.956,  , 
1572.2518, -57.173, 1572.2518, -57.775, 1572.2518, -51.667, 1572.2518, -50.924, 1572.2518, -53.401, 1572.2518, -53.868,  , 
1572.2731, -57.421, 1572.2731, -57.462, 1572.2731, -51.639, 1572.2731, -50.952, 1572.2731, -53.577, 1572.2731, -53.792,  , 
1572.2943, -57.532, 1572.2943, -57.127, 1572.2943, -51.660, 1572.2943, -50.990, 1572.2943, -53.715, 1572.2943, -53.638,  , 
1572.3156, -57.737, 1572.3156, -56.913, 1572.3156, -51.601, 1572.3156, -50.999, 1572.3156, -53.837, 1572.3156, -53.564,  , 
1572.3368, -57.960, 1572.3368, -56.788, 1572.3368, -51.583, 1572.3368, -51.025, 1572.3368, -53.962, 1572.3368, -53.482,  , 
1572.3581, -58.209, 1572.3581, -56.479, 1572.3581, -51.560, 1572.3581, -51.050, 1572.3581, -54.107, 1572.3581, -53.338,  , 
1572.3793, -58.380, 1572.3793, -56.266, 1572.3793, -51.527, 1572.3793, -51.097, 1572.3793, -54.260, 1572.3793, -53.198,  , 
1572.4006, -58.551, 1572.4006, -56.030, 1572.4006, -51.517, 1572.4006, -51.133, 1572.4006, -54.304, 1572.4006, -53.130,  , 
1572.4219, -58.731, 1572.4219, -55.854, 1572.4219, -51.517, 1572.4219, -51.178, 1572.4219, -54.486, 1572.4219, -52.974,  , 
1572.4431, -59.099, 1572.4431, -55.612, 1572.4431, -51.493, 1572.4431, -51.221, 1572.4431, -54.637, 1572.4431, -52.911,  , 
1572.4644, -59.246, 1572.4644, -55.498, 1572.4644, -51.475, 1572.4644, -51.249, 1572.4644, -54.712, 1572.4644, -52.815,  , 
1572.4856, -59.685, 1572.4856, -55.289, 1572.4856, -51.480, 1572.4856, -51.317, 1572.4856, -54.888, 1572.4856, -52.724,  , 
1572.5069, -59.711, 1572.5069, -55.170, 1572.5069, -51.463, 1572.5069, -51.360, 1572.5069, -54.995, 1572.5069, -52.604,  , 
1572.5281, -60.227, 1572.5281, -54.900, 1572.5281, -51.467, 1572.5281, -51.374, 1572.5281, -55.136, 1572.5281, -52.554,  , 
1572.5494, -60.263, 1572.5494, -54.792, 1572.5494, -51.464, 1572.5494, -51.434, 1572.5494, -55.249, 1572.5494, -52.434,  , 
1572.5706, -60.934, 1572.5706, -54.672, 1572.5706, -51.433, 1572.5706, -51.510, 1572.5706, -55.400, 1572.5706, -52.297,  , 
1572.5919, -61.279, 1572.5919, -54.493, 1572.5919, -51.463, 1572.5919, -51.562, 1572.5919, -55.448, 1572.5919, -52.245,  , 
1572.6132, -61.688, 1572.6132, -54.318, 1572.6132, -51.439, 1572.6132, -51.591, 1572.6132, -55.485, 1572.6132, -52.170,  , 
1572.6344, -61.505, 1572.6344, -54.322, 1572.6344, -51.458, 1572.6344, -51.712, 1572.6344, -55.667, 1572.6344, -52.091,  , 
1572.6557, -62.305, 1572.6557, -54.155, 1572.6557, -51.457, 1572.6557, -51.750, 1572.6557, -55.760, 1572.6557, -52.002,  , 
1572.6769, -62.933, 1572.6769, -54.068, 1572.6769, -51.457, 1572.6769, -51.818, 1572.6769, -55.830, 1572.6769, -51.888,  , 
1572.6982, -63.060, 1572.6982, -53.881, 1572.6982, -51.463, 1572.6982, -51.865, 1572.6982, -55.843, 1572.6982, -51.882,  , 
1572.7194, -63.421, 1572.7194, -53.804, 1572.7194, -51.477, 1572.7194, -51.959, 1572.7194, -55.948, 1572.7194, -51.788,  , 
1572.7407, -64.208, 1572.7407, -53.715, 1572.7407, -51.473, 1572.7407, -52.031, 1572.7407, -55.971, 1572.7407, -51.728,  , 
1572.7619, -64.490, 1572.7619, -53.639, 1572.7619, -51.476, 1572.7619, -52.122, 1572.7619, -55.968, 1572.7619, -51.700,  , 
1572.7832, -65.017, 1572.7832, -53.587, 1572.7832, -51.507, 1572.7832, -52.172, 1572.7832, -56.028, 1572.7832, -51.619,  , 
1572.8045, -65.343, 1572.8045, -53.462, 1572.8045, -51.534, 1572.8045, -52.298, 1572.8045, -56.043, 1572.8045, -51.590,  , 
1572.8257, -66.285, 1572.8257, -53.415, 1572.8257, -51.524, 1572.8257, -52.342, 1572.8257, -56.108, 1572.8257, -51.561,  , 
1572.8470, -66.819, 1572.8470, -53.314, 1572.8470, -51.549, 1572.8470, -52.455, 1572.8470, -56.021, 1572.8470, -51.482,  , 
1572.8682, -67.791, 1572.8682, -53.246, 1572.8682, -51.609, 1572.8682, -52.551, 1572.8682, -56.090, 1572.8682, -51.479,  , 
1572.8895, -67.377, 1572.8895, -53.198, 1572.8895, -51.600, 1572.8895, -52.643, 1572.8895, -56.005, 1572.8895, -51.434,  , 
1572.9107, -70.968, 1572.9107, -53.152, 1572.9107, -51.647, 1572.9107, -52.715, 1572.9107, -55.963, 1572.9107, -51.431,  , 
1572.9320, -67.448, 1572.9320, -53.120, 1572.9320, -51.687, 1572.9320, -52.830, 1572.9320, -55.973, 1572.9320, -51.386,  , 
1572.9532, -71.761, 1572.9532, -53.021, 1572.9532, -51.696, 1572.9532, -52.945, 1572.9532, -55.872, 1572.9532, -51.381,  , 
1572.9745, -70.956, 1572.9745, -52.994, 1572.9745, -51.725, 1572.9745, -53.025, 1572.9745, -55.740, 1572.9745, -51.346,  , 
1572.9957, -71.545, 1572.9957, -52.977, 1572.9957, -51.765, 1572.9957, -53.138, 1572.9957, -55.819, 1572.9957, -51.348,  , 
1573.0170, -71.109, 1573.0170, -52.877, 1573.0170, -51.851, 1573.0170, -53.252, 1573.0170, -55.714, 1573.0170, -51.309,  , 
1573.0383, -71.211, 1573.0383, -52.864, 1573.0383, -51.847, 1573.0383, -53.328, 1573.0383, -55.548, 1573.0383, -51.306,  , 
1573.0595, -70.571, 1573.0595, -52.825, 1573.0595, -51.890, 1573.0595, -53.459, 1573.0595, -55.484, 1573.0595, -51.325,  , 
1573.0808, -71.715, 1573.0808, -52.804, 1573.0808, -51.943, 1573.0808, -53.528, 1573.0808, -55.397, 1573.0808, -51.312,  , 
1573.1020, -70.586, 1573.1020, -52.734, 1573.1020, -51.995, 1573.1020, -53.673, 1573.1020, -55.327, 1573.1020, -51.304,  , 
1573.1233, -72.303, 1573.1233, -52.677, 1573.1233, -52.008, 1573.1233, -53.740, 1573.1233, -55.161, 1573.1233, -51.293,  , 
1573.1445, -69.918, 1573.1445, -52.685, 1573.1445, -52.101, 1573.1445, -53.876, 1573.1445, -55.009, 1573.1445, -51.337,  , 
1573.1658, -67.718, 1573.1658, -52.629, 1573.1658, -52.146, 1573.1658, -54.037, 1573.1658, -54.965, 1573.1658, -51.312,  , 
1573.1870, -67.685, 1573.1870, -52.595, 1573.1870, -52.220, 1573.1870, -54.149, 1573.1870, -54.859, 1573.1870, -51.353,  , 
1573.2083, -66.661, 1573.2083, -52.565, 1573.2083, -52.269, 1573.2083, -54.201, 1573.2083, -54.649, 1573.2083, -51.371,  , 
1573.2296, -65.844, 1573.2296, -52.578, 1573.2296, -52.293, 1573.2296, -54.422, 1573.2296, -54.576, 1573.2296, -51.404,  , 
1573.2508, -65.067, 1573.2508, -52.496, 1573.2508, -52.383, 1573.2508, -54.486, 1573.2508, -54.472, 1573.2508, -51.374,  , 
1573.2721, -64.495, 1573.2721, -52.509, 1573.2721, -52.477, 1573.2721, -54.594, 1573.2721, -54.310, 1573.2721, -51.441,  , 
1573.2933, -63.688, 1573.2933, -52.502, 1573.2933, -52.541, 1573.2933, -54.737, 1573.2933, -54.257, 1573.2933, -51.461,  , 
1573.3146, -63.520, 1573.3146, -52.475, 1573.3146, -52.612, 1573.3146, -54.876, 1573.3146, -54.115, 1573.3146, -51.479,  , 
1573.3358, -62.836, 1573.3358, -52.464, 1573.3358, -52.690, 1573.3358, -55.006, 1573.3358, -53.981, 1573.3358, -51.518,  , 
1573.3571, -62.165, 1573.3571, -52.423, 1573.3571, -52.771, 1573.3571, -55.165, 1573.3571, -53.868, 1573.3571, -51.571,  , 
1573.3783, -61.492, 1573.3783, -52.449, 1573.3783, -52.868, 1573.3783, -55.350, 1573.3783, -53.772, 1573.3783, -51.617,  , 
1573.3996, -61.513, 1573.3996, -52.472, 1573.3996, -52.955, 1573.3996, -55.418, 1573.3996, -53.704, 1573.3996, -51.652,  , 
1573.4209, -61.106, 1573.4209, -52.416, 1573.4209, -53.065, 1573.4209, -55.577, 1573.4209, -53.529, 1573.4209, -51.693,  , 
1573.4421, -60.773, 1573.4421, -52.445, 1573.4421, -53.133, 1573.4421, -55.698, 1573.4421, -53.477, 1573.4421, -51.741,  , 
1573.4634, -60.262, 1573.4634, -52.433, 1573.4634, -53.237, 1573.4634, -55.833, 1573.4634, -53.429, 1573.4634, -51.767,  , 
1573.4846, -60.100, 1573.4846, -52.387, 1573.4846, -53.339, 1573.4846, -55.999, 1573.4846, -53.273, 1573.4846, -51.804,  , 
1573.5059, -59.609, 1573.5059, -52.377, 1573.5059, -53.400, 1573.5059, -56.059, 1573.5059, -53.169, 1573.5059, -51.919,  , 
1573.5271, -59.290, 1573.5271, -52.387, 1573.5271, -53.514, 1573.5271, -56.240, 1573.5271, -53.112, 1573.5271, -51.911,  , 
1573.5484, -59.038, 1573.5484, -52.394, 1573.5484, -53.649, 1573.5484, -56.289, 1573.5484, -53.052, 1573.5484, -51.963,  , 
1573.5696, -58.877, 1573.5696, -52.378, 1573.5696, -53.713, 1573.5696, -56.391, 1573.5696, -52.953, 1573.5696, -51.993,  , 
1573.5909, -58.413, 1573.5909, -52.373, 1573.5909, -53.887, 1573.5909, -56.626, 1573.5909, -52.902, 1573.5909, -52.070,  , 
1573.6122, -58.348, 1573.6122, -52.383, 1573.6122, -53.929, 1573.6122, -56.654, 1573.6122, -52.809, 1573.6122, -52.121,  , 
1573.6334, -58.005, 1573.6334, -52.400, 1573.6334, -54.073, 1573.6334, -56.663, 1573.6334, -52.757, 1573.6334, -52.138,  , 
1573.6547, -57.754, 1573.6547, -52.406, 1573.6547, -54.164, 1573.6547, -56.785, 1573.6547, -52.644, 1573.6547, -52.193,  , 
1573.6759, -57.587, 1573.6759, -52.405, 1573.6759, -54.281, 1573.6759, -56.927, 1573.6759, -52.618, 1573.6759, -52.277,  , 
1573.6972, -57.482, 1573.6972, -52.422, 1573.6972, -54.422, 1573.6972, -56.945, 1573.6972, -52.546, 1573.6972, -52.292,  , 
1573.7184, -57.145, 1573.7184, -52.411, 1573.7184, -54.485, 1573.7184, -56.957, 1573.7184, -52.527, 1573.7184, -52.374,  , 
1573.7397, -56.880, 1573.7397, -52.483, 1573.7397, -54.659, 1573.7397, -57.030, 1573.7397, -52.429, 1573.7397, -52.397,  , 
1573.7609, -56.811, 1573.7609, -52.500, 1573.7609, -54.735, 1573.7609, -57.050, 1573.7609, -52.436, 1573.7609, -52.419,  , 
1573.7822, -56.617, 1573.7822, -52.469, 1573.7822, -54.898, 1573.7822, -57.108, 1573.7822, -52.347, 1573.7822, -52.505,  , 
1573.8035, -56.431, 1573.8035, -52.517, 1573.8035, -54.905, 1573.8035, -57.097, 1573.8035, -52.333, 1573.8035, -52.554,  , 
1573.8247, -56.264, 1573.8247, -52.570, 1573.8247, -55.111, 1573.8247, -57.072, 1573.8247, -52.305, 1573.8247, -52.555,  , 
1573.8460, -56.147, 1573.8460, -52.563, 1573.8460, -55.267, 1573.8460, -57.147, 1573.8460, -52.305, 1573.8460, -52.600,  , 
1573.8672, -56.024, 1573.8672, -52.611, 1573.8672, -55.317, 1573.8672, -57.128, 1573.8672, -52.242, 1573.8672, -52.710,  , 
1573.8885, -55.793, 1573.8885, -52.652, 1573.8885, -55.466, 1573.8885, -57.085, 1573.8885, -52.227, 1573.8885, -52.658,  , 
1573.9097, -55.709, 1573.9097, -52.688, 1573.9097, -55.700, 1573.9097, -57.041, 1573.9097, -52.241, 1573.9097, -52.729,  , 
1573.9310, -55.600, 1573.9310, -52.718, 1573.9310, -55.810, 1573.9310, -57.169, 1573.9310, -52.227, 1573.9310, -52.785,  , 
1573.9522, -55.437, 1573.9522, -52.762, 1573.9522, -55.875, 1573.9522, -56.911, 1573.9522, -52.204, 1573.9522, -52.816,  , 
1573.9735, -55.365, 1573.9735, -52.821, 1573.9735, -56.013, 1573.9735, -56.944, 1573.9735, -52.211, 1573.9735, -52.879,  , 
1573.9947, -55.283, 1573.9947, -52.858, 1573.9947, -56.193, 1573.9947, -56.934, 1573.9947, -52.187, 1573.9947, -52.844,  , 
1574.0160, -55.181, 1574.0160, -52.868, 1574.0160, -56.291, 1574.0160, -56.695, 1574.0160, -52.212, 1574.0160, -52.976,  , 
1574.0373, -55.116, 1574.0373, -53.007, 1574.0373, -56.429, 1574.0373, -56.657, 1574.0373, -52.216, 1574.0373, -52.889,  , 
1574.0585, -55.058, 1574.0585, -53.029, 1574.0585, -56.576, 1574.0585, -56.577, 1574.0585, -52.215, 1574.0585, -52.944,  , 
1574.0798, -54.918, 1574.0798, -53.029, 1574.0798, -56.713, 1574.0798, -56.442, 1574.0798, -52.206, 1574.0798, -52.966,  , 
1574.1010, -54.823, 1574.1010, -53.110, 1574.1010, -56.862, 1574.1010, -56.269, 1574.1010, -52.238, 1574.1010, -53.000,  , 
1574.1223, -54.743, 1574.1223, -53.242, 1574.1223, -56.889, 1574.1223, -56.185, 1574.1223, -52.234, 1574.1223, -52.977,  , 
1574.1435, -54.733, 1574.1435, -53.238, 1574.1435, -57.030, 1574.1435, -56.135, 1574.1435, -52.292, 1574.1435, -53.000,  , 
1574.1648, -54.631, 1574.1648, -53.295, 1574.1648, -57.023, 1574.1648, -56.012, 1574.1648, -52.292, 1574.1648, -53.010,  , 
1574.1860, -54.538, 1574.1860, -53.398, 1574.1860, -57.279, 1574.1860, -55.833, 1574.1860, -52.314, 1574.1860, -52.997,  , 
1574.2073, -54.491, 1574.2073, -53.484, 1574.2073, -57.416, 1574.2073, -55.634, 1574.2073, -52.344, 1574.2073, -52.990,  , 
1574.2286, -54.482, 1574.2286, -53.495, 1574.2286, -57.371, 1574.2286, -55.572, 1574.2286, -52.377, 1574.2286, -53.002,  , 
1574.2498, -54.339, 1574.2498, -53.593, 1574.2498, -57.446, 1574.2498, -55.459, 1574.2498, -52.373, 1574.2498, -53.002,  , 
1574.2711, -54.317, 1574.2711, -53.689, 1574.2711, -57.506, 1574.2711, -55.389, 1574.2711, -52.449, 1574.2711, -52.954,  , 
1574.2923, -54.267, 1574.2923, -53.803, 1574.2923, -57.565, 1574.2923, -55.183, 1574.2923, -52.498, 1574.2923, -52.935,  , 
1574.3136, -54.250, 1574.3136, -53.815, 1574.3136, -57.674, 1574.3136, -55.071, 1574.3136, -52.499, 1574.3136, -52.945,  , 
1574.3348, -54.186, 1574.3348, -54.002, 1574.3348, -57.687, 1574.3348, -55.034, 1574.3348, -52.543, 1574.3348, -52.937,  , 
1574.3561, -54.130, 1574.3561, -54.008, 1574.3561, -57.690, 1574.3561, -54.899, 1574.3561, -52.605, 1574.3561, -52.917,  , 
1574.3773, -54.145, 1574.3773, -54.163, 1574.3773, -57.780, 1574.3773, -54.722, 1574.3773, -52.610, 1574.3773, -52.889,  , 
1574.3986, -54.053, 1574.3986, -54.265, 1574.3986, -57.632, 1574.3986, -54.629, 1574.3986, -52.660, 1574.3986, -52.884,  , 
1574.4199, -54.074, 1574.4199, -54.340, 1574.4199, -57.704, 1574.4199, -54.559, 1574.4199, -52.711, 1574.4199, -52.842,  , 
1574.4411, -53.981, 1574.4411, -54.405, 1574.4411, -57.715, 1574.4411, -54.474, 1574.4411, -52.789, 1574.4411, -52.828,  , 
1574.4624, -53.982, 1574.4624, -54.536, 1574.4624, -57.716, 1574.4624, -54.338, 1574.4624, -52.824, 1574.4624, -52.756,  , 
1574.4836, -53.978, 1574.4836, -54.670, 1574.4836, -57.595, 1574.4836, -54.351, 1574.4836, -52.871, 1574.4836, -52.813,  , 
1574.5049, -53.879, 1574.5049, -54.722, 1574.5049, -57.704, 1574.5049, -54.206, 1574.5049, -52.893, 1574.5049, -52.728,  , 
1574.5261, -53.891, 1574.5261, -54.855, 1574.5261, -57.553, 1574.5261, -54.072, 1574.5261, -53.008, 1574.5261, -52.670,  , 
1574.5474, -53.928, 1574.5474, -55.054, 1574.5474, -57.450, 1574.5474, -54.035, 1574.5474, -53.004, 1574.5474, -52.665,  , 
1574.5686, -53.844, 1574.5686, -55.081, 1574.5686, -57.385, 1574.5686, -53.938, 1574.5686, -53.119, 1574.5686, -52.624,  , 
1574.5899, -53.901, 1574.5899, -55.181, 1574.5899, -57.295, 1574.5899, -53.888, 1574.5899, -53.102, 1574.5899, -52.624,  , 
1574.6112, -53.837, 1574.6112, -55.314, 1574.6112, -57.176, 1574.6112, -53.798, 1574.6112, -53.121, 1574.6112, -52.542,  , 
1574.6324, -53.780, 1574.6324, -55.362, 1574.6324, -57.148, 1574.6324, -53.718, 1574.6324, -53.252, 1574.6324, -52.519,  , 
1574.6537, -53.781, 1574.6537, -55.515, 1574.6537, -57.099, 1574.6537, -53.603, 1574.6537, -53.274, 1574.6537, -52.466,  , 
1574.6749, -53.783, 1574.6749, -55.645, 1574.6749, -56.844, 1574.6749, -53.571, 1574.6749, -53.295, 1574.6749, -52.408,  , 
1574.6962, -53.812, 1574.6962, -55.814, 1574.6962, -56.745, 1574.6962, -53.535, 1574.6962, -53.341, 1574.6962, -52.374,  , 
1574.7174, -53.736, 1574.7174, -55.953, 1574.7174, -56.615, 1574.7174, -53.493, 1574.7174, -53.412, 1574.7174, -52.328,  , 
1574.7387, -53.724, 1574.7387, -55.989, 1574.7387, -56.526, 1574.7387, -53.438, 1574.7387, -53.448, 1574.7387, -52.247,  , 
1574.7599, -53.768, 1574.7599, -56.151, 1574.7599, -56.398, 1574.7599, -53.355, 1574.7599, -53.479, 1574.7599, -52.227,  , 
1574.7812, -53.787, 1574.7812, -56.321, 1574.7812, -56.313, 1574.7812, -53.347, 1574.7812, -53.519, 1574.7812, -52.172,  , 
1574.8025, -53.722, 1574.8025, -56.277, 1574.8025, -56.232, 1574.8025, -53.306, 1574.8025, -53.568, 1574.8025, -52.115,  , 
1574.8237, -53.717, 1574.8237, -56.520, 1574.8237, -56.000, 1574.8237, -53.234, 1574.8237, -53.592, 1574.8237, -52.087,  , 
1574.8450, -53.741, 1574.8450, -56.664, 1574.8450, -55.912, 1574.8450, -53.239, 1574.8450, -53.640, 1574.8450, -51.998,  , 
1574.8662, -53.717, 1574.8662, -56.814, 1574.8662, -55.777, 1574.8662, -53.215, 1574.8662, -53.662, 1574.8662, -52.016,  , 
1574.8875, -53.704, 1574.8875, -56.877, 1574.8875, -55.646, 1574.8875, -53.231, 1574.8875, -53.779, 1574.8875, -51.931,  , 
1574.9087, -53.715, 1574.9087, -57.054, 1574.9087, -55.529, 1574.9087, -53.176, 1574.9087, -53.690, 1574.9087, -51.911,  , 
1574.9300, -53.750, 1574.9300, -57.246, 1574.9300, -55.408, 1574.9300, -53.148, 1574.9300, -53.743, 1574.9300, -51.869,  , 
1574.9512, -53.782, 1574.9512, -57.309, 1574.9512, -55.312, 1574.9512, -53.159, 1574.9512, -53.829, 1574.9512, -51.797,  , 
1574.9725, -53.708, 1574.9725, -57.508, 1574.9725, -55.233, 1574.9725, -53.163, 1574.9725, -53.830, 1574.9725, -51.773,  , 
1574.9937, -53.710, 1574.9937, -57.589, 1574.9937, -55.078, 1574.9937, -53.159, 1574.9937, -53.849, 1574.9937, -51.719,  , 
1575.0150, -53.778, 1575.0150, -57.901, 1575.0150, -55.024, 1575.0150, -53.194, 1575.0150, -53.883, 1575.0150, -51.681,  , 
1575.0363, -53.734, 1575.0363, -57.730, 1575.0363, -54.948, 1575.0363, -53.146, 1575.0363, -53.847, 1575.0363, -51.635,  , 
1575.0575, -53.794, 1575.0575, -57.945, 1575.0575, -54.750, 1575.0575, -53.181, 1575.0575, -53.855, 1575.0575, -51.576,  , 
1575.0788, -53.820, 1575.0788, -58.047, 1575.0788, -54.748, 1575.0788, -53.165, 1575.0788, -53.886, 1575.0788, -51.560,  , 
1575.1000, -53.825, 1575.1000, -58.199, 1575.1000, -54.655, 1575.1000, -53.243, 1575.1000, -53.905, 1575.1000, -51.505,  , 
1575.1213, -53.891, 1575.1213, -58.261, 1575.1213, -54.525, 1575.1213, -53.121, 1575.1213, -53.885, 1575.1213, -51.472,  , 
1575.1425, -53.868, 1575.1425, -58.410, 1575.1425, -54.480, 1575.1425, -53.189, 1575.1425, -53.857, 1575.1425, -51.437,  , 
1575.1638, -53.907, 1575.1638, -58.328, 1575.1638, -54.393, 1575.1638, -53.211, 1575.1638, -53.915, 1575.1638, -51.381,  , 
1575.1850, -53.994, 1575.1850, -58.421, 1575.1850, -54.256, 1575.1850, -53.287, 1575.1850, -53.896, 1575.1850, -51.334,  , 
1575.2063, -53.919, 1575.2063, -58.461, 1575.2063, -54.223, 1575.2063, -53.225, 1575.2063, -53.896, 1575.2063, -51.334,  , 
1575.2276, -54.022, 1575.2276, -58.515, 1575.2276, -54.175, 1575.2276, -53.294, 1575.2276, -53.831, 1575.2276, -51.313,  , 
1575.2488, -54.088, 1575.2488, -58.479, 1575.2488, -54.081, 1575.2488, -53.327, 1575.2488, -53.827, 1575.2488, -51.226,  , 
1575.2701, -54.095, 1575.2701, -58.602, 1575.2701, -54.043, 1575.2701, -53.338, 1575.2701, -53.778, 1575.2701, -51.236,  , 
1575.2913, -54.129, 1575.2913, -58.645, 1575.2913, -53.953, 1575.2913, -53.400, 1575.2913, -53.748, 1575.2913, -51.207,  , 
1575.3126, -54.160, 1575.3126, -58.573, 1575.3126, -53.922, 1575.3126, -53.394, 1575.3126, -53.734, 1575.3126, -51.162,  , 
1575.3338, -54.229, 1575.3338, -58.652, 1575.3338, -53.883, 1575.3338, -53.463, 1575.3338, -53.716, 1575.3338, -51.142,  , 
1575.3551, -54.250, 1575.3551, -58.511, 1575.3551, -53.802, 1575.3551, -53.524, 1575.3551, -53.686, 1575.3551, -51.144,  , 
1575.3763, -54.341, 1575.3763, -58.821, 1575.3763, -53.875, 1575.3763, -53.548, 1575.3763, -53.671, 1575.3763, -51.078,  , 
1575.3976, -54.396, 1575.3976, -58.457, 1575.3976, -53.774, 1575.3976, -53.588, 1575.3976, -53.606, 1575.3976, -51.079,  , 
1575.4189, -54.450, 1575.4189, -58.522, 1575.4189, -53.738, 1575.4189, -53.663, 1575.4189, -53.596, 1575.4189, -51.060,  , 
1575.4401, -54.523, 1575.4401, -58.502, 1575.4401, -53.689, 1575.4401, -53.714, 1575.4401, -53.560, 1575.4401, -51.053,  , 
1575.4614, -54.571, 1575.4614, -58.467, 1575.4614, -53.750, 1575.4614, -53.747, 1575.4614, -53.484, 1575.4614, -51.017,  , 
1575.4826, -54.656, 1575.4826, -58.311, 1575.4826, -53.657, 1575.4826, -53.805, 1575.4826, -53.456, 1575.4826, -51.025,  , 
1575.5039, -54.705, 1575.5039, -58.262, 1575.5039, -53.697, 1575.5039, -53.830, 1575.5039, -53.454, 1575.5039, -51.001,  , 
1575.5251, -54.715, 1575.5251, -58.301, 1575.5251, -53.704, 1575.5251, -53.875, 1575.5251, -53.394, 1575.5251, -51.000,  , 
1575.5464, -54.870, 1575.5464, -57.970, 1575.5464, -53.647, 1575.5464, -53.922, 1575.5464, -53.345, 1575.5464, -51.021,  , 
1575.5676, -54.951, 1575.5676, -57.898, 1575.5676, -53.637, 1575.5676, -53.989, 1575.5676, -53.329, 1575.5676, -50.981,  , 
1575.5889, -54.979, 1575.5889, -57.792, 1575.5889, -53.682, 1575.5889, -54.039, 1575.5889, -53.261, 1575.5889, -50.968,  , 
1575.6102, -55.154, 1575.6102, -57.725, 1575.6102, -53.682, 1575.6102, -54.096, 1575.6102, -53.240, 1575.6102, -50.972,  , 
1575.6314, -55.185, 1575.6314, -57.516, 1575.6314, -53.652, 1575.6314, -54.151, 1575.6314, -53.156, 1575.6314, -50.986,  , 
1575.6527, -55.284, 1575.6527, -57.409, 1575.6527, -53.633, 1575.6527, -54.135, 1575.6527, -53.138, 1575.6527, -50.968,  , 
1575.6739, -55.447, 1575.6739, -57.271, 1575.6739, -53.653, 1575.6739, -54.245, 1575.6739, -53.089, 1575.6739, -50.978,  , 
1575.6952, -55.597, 1575.6952, -57.159, 1575.6952, -53.702, 1575.6952, -54.239, 1575.6952, -53.024, 1575.6952, -51.001,  , 
1575.7164, -55.549, 1575.7164, -57.019, 1575.7164, -53.709, 1575.7164, -54.316, 1575.7164, -52.966, 1575.7164, -50.994,  , 
1575.7377, -55.701, 1575.7377, -56.898, 1575.7377, -53.754, 1575.7377, -54.361, 1575.7377, -52.906, 1575.7377, -51.005,  , 
1575.7589, -55.741, 1575.7589, -56.770, 1575.7589, -53.768, 1575.7589, -54.435, 1575.7589, -52.868, 1575.7589, -51.013,  , 
1575.7802, -55.872, 1575.7802, -56.779, 1575.7802, -53.768, 1575.7802, -54.408, 1575.7802, -52.780, 1575.7802, -51.038,  , 
1575.8015, -55.913, 1575.8015, -56.564, 1575.8015, -53.810, 1575.8015, -54.491, 1575.8015, -52.765, 1575.8015, -51.038,  , 
1575.8227, -56.182, 1575.8227, -56.390, 1575.8227, -53.884, 1575.8227, -54.515, 1575.8227, -52.711, 1575.8227, -51.050,  , 
1575.8440, -56.217, 1575.8440, -56.350, 1575.8440, -53.831, 1575.8440, -54.535, 1575.8440, -52.694, 1575.8440, -51.079,  , 
1575.8652, -56.301, 1575.8652, -56.206, 1575.8652, -53.885, 1575.8652, -54.555, 1575.8652, -52.609, 1575.8652, -51.108,  , 
1575.8865, -56.361, 1575.8865, -56.069, 1575.8865, -53.907, 1575.8865, -54.639, 1575.8865, -52.546, 1575.8865, -51.126,  , 
1575.9077, -56.523, 1575.9077, -55.912, 1575.9077, -53.984, 1575.9077, -54.648, 1575.9077, -52.520, 1575.9077, -51.115,  , 
1575.9290, -56.583, 1575.9290, -55.914, 1575.9290, -54.031, 1575.9290, -54.664, 1575.9290, -52.498, 1575.9290, -51.173,  , 
1575.9502, -56.724, 1575.9502, -55.775, 1575.9502, -54.003, 1575.9502, -54.688, 1575.9502, -52.417, 1575.9502, -51.192,  , 
1575.9715, -56.901, 1575.9715, -55.647, 1575.9715, -54.045, 1575.9715, -54.744, 1575.9715, -52.373, 1575.9715, -51.208,  , 
1575.9927, -56.980, 1575.9927, -55.531, 1575.9927, -54.128, 1575.9927, -54.734, 1575.9927, -52.375, 1575.9927, -51.266,  , 
1576.0140, -57.100, 1576.0140, -55.471, 1576.0140, -54.159, 1576.0140, -54.753, 1576.0140, -52.296, 1576.0140, -51.237,  , 
1576.0353, -57.275, 1576.0353, -55.434, 1576.0353, -54.249, 1576.0353, -54.783, 1576.0353, -52.258, 1576.0353, -51.302,  , 
1576.0565, -57.374, 1576.0565, -55.313, 1576.0565, -54.288, 1576.0565, -54.731, 1576.0565, -52.219, 1576.0565, -51.300,  , 
1576.0778, -57.482, 1576.0778, -55.210, 1576.0778, -54.299, 1576.0778, -54.760, 1576.0778, -52.170, 1576.0778, -51.355,  , 
1576.0990, -57.540, 1576.0990, -55.162, 1576.0990, -54.423, 1576.0990, -54.821, 1576.0990, -52.147, 1576.0990, -51.397,  , 
1576.1203, -57.745, 1576.1203, -55.099, 1576.1203, -54.446, 1576.1203, -54.771, 1576.1203, -52.118, 1576.1203, -51.389,  , 
1576.1415, -58.013, 1576.1415, -54.921, 1576.1415, -54.521, 1576.1415, -54.787, 1576.1415, -52.077, 1576.1415, -51.403,  , 
1576.1628, -57.927, 1576.1628, -54.911, 1576.1628, -54.478, 1576.1628, -54.727, 1576.1628, -52.051, 1576.1628, -51.455,  , 
1576.1840, -58.090, 1576.1840, -54.872, 1576.1840, -54.577, 1576.1840, -54.733, 1576.1840, -52.004, 1576.1840, -51.432,  , 
1576.2053, -58.434, 1576.2053, -54.821, 1576.2053, -54.623, 1576.2053, -54.715, 1576.2053, -51.975, 1576.2053, -51.459,  , 
1576.2266, -58.362, 1576.2266, -54.751, 1576.2266, -54.634, 1576.2266, -54.729, 1576.2266, -51.955, 1576.2266, -51.462,  , 
1576.2478, -58.438, 1576.2478, -54.738, 1576.2478, -54.712, 1576.2478, -54.652, 1576.2478, -51.891, 1576.2478, -51.526,  , 
1576.2691, -58.594, 1576.2691, -54.594, 1576.2691, -54.762, 1576.2691, -54.663, 1576.2691, -51.917, 1576.2691, -51.515,  , 
1576.2903, -58.817, 1576.2903, -54.620, 1576.2903, -54.794, 1576.2903, -54.594, 1576.2903, -51.847, 1576.2903, -51.545,  , 
1576.3116, -58.906, 1576.3116, -54.594, 1576.3116, -54.786, 1576.3116, -54.587, 1576.3116, -51.789, 1576.3116, -51.529,  , 
1576.3328, -59.016, 1576.3328, -54.558, 1576.3328, -54.879, 1576.3328, -54.492, 1576.3328, -51.796, 1576.3328, -51.584,  , 
1576.3541, -59.167, 1576.3541, -54.533, 1576.3541, -54.897, 1576.3541, -54.544, 1576.3541, -51.776, 1576.3541, -51.571,  , 
1576.3753, -59.379, 1576.3753, -54.504, 1576.3753, -54.893, 1576.3753, -54.483, 1576.3753, -51.787, 1576.3753, -51.556,  , 
1576.3966, -59.231, 1576.3966, -54.515, 1576.3966, -54.969, 1576.3966, -54.505, 1576.3966, -51.722, 1576.3966, -51.584,  , 
1576.4179, -59.269, 1576.4179, -54.479, 1576.4179, -55.032, 1576.4179, -54.420, 1576.4179, -51.733, 1576.4179, -51.570,  , 
1576.4391, -59.359, 1576.4391, -54.394, 1576.4391, -55.083, 1576.4391, -54.332, 1576.4391, -51.705, 1576.4391, -51.598,  , 
1576.4604, -59.541, 1576.4604, -54.463, 1576.4604, -55.070, 1576.4604, -54.365, 1576.4604, -51.697, 1576.4604, -51.591,  , 
1576.4816, -59.709, 1576.4816, -54.471, 1576.4816, -55.129, 1576.4816, -54.316, 1576.4816, -51.685, 1576.4816, -51.583,  , 
1576.5029, -59.738, 1576.5029, -54.379, 1576.5029, -55.165, 1576.5029, -54.298, 1576.5029, -51.667, 1576.5029, -51.573,  , 
1576.5241, -59.709, 1576.5241, -54.463, 1576.5241, -55.135, 1576.5241, -54.181, 1576.5241, -51.699, 1576.5241, -51.560,  , 
1576.5454, -59.771, 1576.5454, -54.459, 1576.5454, -55.181, 1576.5454, -54.180, 1576.5454, -51.690, 1576.5454, -51.543,  , 
1576.5666, -59.838, 1576.5666, -54.437, 1576.5666, -55.198, 1576.5666, -54.091, 1576.5666, -51.717, 1576.5666, -51.541,  , 
1576.5879, -59.766, 1576.5879, -54.417, 1576.5879, -55.248, 1576.5879, -54.112, 1576.5879, -51.688, 1576.5879, -51.549,  , 
1576.6092, -59.922, 1576.6092, -54.526, 1576.6092, -55.176, 1576.6092, -54.006, 1576.6092, -51.648, 1576.6092, -51.509,  , 
1576.6304, -59.798, 1576.6304, -54.456, 1576.6304, -55.253, 1576.6304, -53.998, 1576.6304, -51.692, 1576.6304, -51.508,  , 
1576.6517, -59.996, 1576.6517, -54.430, 1576.6517, -55.315, 1576.6517, -53.876, 1576.6517, -51.711, 1576.6517, -51.443,  , 
1576.6729, -59.802, 1576.6729, -54.515, 1576.6729, -55.221, 1576.6729, -53.890, 1576.6729, -51.667, 1576.6729, -51.427,  , 
1576.6942, -59.916, 1576.6942, -54.516, 1576.6942, -55.191, 1576.6942, -53.811, 1576.6942, -51.734, 1576.6942, -51.394,  , 
1576.7154, -59.798, 1576.7154, -54.529, 1576.7154, -55.197, 1576.7154, -53.771, 1576.7154, -51.726, 1576.7154, -51.371,  , 
1576.7367, -59.906, 1576.7367, -54.563, 1576.7367, -55.213, 1576.7367, -53.744, 1576.7367, -51.739, 1576.7367, -51.354,  , 
1576.7579, -59.884, 1576.7579, -54.580, 1576.7579, -55.119, 1576.7579, -53.651, 1576.7579, -51.739, 1576.7579, -51.341,  , 
1576.7792, -59.605, 1576.7792, -54.588, 1576.7792, -55.194, 1576.7792, -53.639, 1576.7792, -51.747, 1576.7792, -51.254,  , 
1576.8005, -59.680, 1576.8005, -54.628, 1576.8005, -55.207, 1576.8005, -53.544, 1576.8005, -51.729, 1576.8005, -51.243,  , 
1576.8217, -59.186, 1576.8217, -54.690, 1576.8217, -55.145, 1576.8217, -53.510, 1576.8217, -51.774, 1576.8217, -51.198,  , 
1576.8430, -59.418, 1576.8430, -54.724, 1576.8430, -55.029, 1576.8430, -53.431, 1576.8430, -51.810, 1576.8430, -51.169,  , 
1576.8642, -59.150, 1576.8642, -54.738, 1576.8642, -55.131, 1576.8642, -53.421, 1576.8642, -51.823, 1576.8642, -51.123,  , 
1576.8855, -59.194, 1576.8855, -54.828, 1576.8855, -54.935, 1576.8855, -53.352, 1576.8855, -51.840, 1576.8855, -51.098,  , 
1576.9067, -59.077, 1576.9067, -54.872, 1576.9067, -55.013, 1576.9067, -53.316, 1576.9067, -51.868, 1576.9067, -51.061,  , 
1576.9280, -58.781, 1576.9280, -54.852, 1576.9280, -55.029, 1576.9280, -53.311, 1576.9280, -51.903, 1576.9280, -51.043,  , 
1576.9492, -58.672, 1576.9492, -54.904, 1576.9492, -54.920, 1576.9492, -53.242, 1576.9492, -51.910, 1576.9492, -50.988,  , 
1576.9705, -58.572, 1576.9705, -55.040, 1576.9705, -54.885, 1576.9705, -53.177, 1576.9705, -51.888, 1576.9705, -50.937,  , 
1576.9917, -58.431, 1576.9917, -55.035, 1576.9917, -54.836, 1576.9917, -53.122, 1576.9917, -51.994, 1576.9917, -50.929,  , 
1577.0130, -58.359, 1577.0130, -55.074, 1577.0130, -54.877, 1577.0130, -53.098, 1577.0130, -51.939, 1577.0130, -50.874,  , 
1577.0343, -58.143, 1577.0343, -55.152, 1577.0343, -54.701, 1577.0343, -53.069, 1577.0343, -52.016, 1577.0343, -50.872,  , 
1577.0555, -58.085, 1577.0555, -55.183, 1577.0555, -54.762, 1577.0555, -53.008, 1577.0555, -52.006, 1577.0555, -50.837,  , 
1577.0768, -57.928, 1577.0768, -55.217, 1577.0768, -54.687, 1577.0768, -52.965, 1577.0768, -52.070, 1577.0768, -50.769,  , 
1577.0980, -57.920, 1577.0980, -55.299, 1577.0980, -54.629, 1577.0980, -52.916, 1577.0980, -52.084, 1577.0980, -50.769,  , 
1577.1193, -57.688, 1577.1193, -55.325, 1577.1193, -54.580, 1577.1193, -52.867, 1577.1193, -52.105, 1577.1193, -50.737,  , 
1577.1405, -57.384, 1577.1405, -55.386, 1577.1405, -54.545, 1577.1405, -52.845, 1577.1405, -52.153, 1577.1405, -50.732,  , 
1577.1618, -57.598, 1577.1618, -55.395, 1577.1618, -54.557, 1577.1618, -52.784, 1577.1618, -52.137, 1577.1618, -50.669,  , 
1577.1830, -57.314, 1577.1830, -55.427, 1577.1830, -54.465, 1577.1830, -52.727, 1577.1830, -52.183, 1577.1830, -50.694,  , 
1577.2043, -57.162, 1577.2043, -55.553, 1577.2043, -54.409, 1577.2043, -52.713, 1577.2043, -52.189, 1577.2043, -50.629,  , 
1577.2256, -57.013, 1577.2256, -55.581, 1577.2256, -54.380, 1577.2256, -52.702, 1577.2256, -52.217, 1577.2256, -50.612,  , 
1577.2468, -57.010, 1577.2468, -55.540, 1577.2468, -54.323, 1577.2468, -52.637, 1577.2468, -52.204, 1577.2468, -50.596,  , 
1577.2681, -56.900, 1577.2681, -55.612, 1577.2681, -54.191, 1577.2681, -52.611, 1577.2681, -52.190, 1577.2681, -50.559,  , 
1577.2893, -56.704, 1577.2893, -55.661, 1577.2893, -54.214, 1577.2893, -52.583, 1577.2893, -52.237, 1577.2893, -50.551,  , 
1577.3106, -56.675, 1577.3106, -55.682, 1577.3106, -54.122, 1577.3106, -52.550, 1577.3106, -52.242, 1577.3106, -50.508,  , 
1577.3318, -56.573, 1577.3318, -55.777, 1577.3318, -54.104, 1577.3318, -52.560, 1577.3318, -52.221, 1577.3318, -50.511,  , 
1577.3531, -56.489, 1577.3531, -55.810, 1577.3531, -54.018, 1577.3531, -52.472, 1577.3531, -52.248, 1577.3531, -50.515,  , 
1577.3743, -56.531, 1577.3743, -55.782, 1577.3743, -53.976, 1577.3743, -52.492, 1577.3743, -52.224, 1577.3743, -50.471,  , 
1577.3956, -56.240, 1577.3956, -55.761, 1577.3956, -53.903, 1577.3956, -52.442, 1577.3956, -52.242, 1577.3956, -50.477,  , 
1577.4169, -56.216, 1577.4169, -55.884, 1577.4169, -53.899, 1577.4169, -52.434, 1577.4169, -52.206, 1577.4169, -50.452,  , 
1577.4381, -56.214, 1577.4381, -55.979, 1577.4381, -53.798, 1577.4381, -52.434, 1577.4381, -52.244, 1577.4381, -50.447,  , 
1577.4594, -56.001, 1577.4594, -55.892, 1577.4594, -53.749, 1577.4594, -52.419, 1577.4594, -52.224, 1577.4594, -50.461,  , 
1577.4806, -56.003, 1577.4806, -55.868, 1577.4806, -53.696, 1577.4806, -52.418, 1577.4806, -52.198, 1577.4806, -50.451,  , 
1577.5019, -55.909, 1577.5019, -55.981, 1577.5019, -53.683, 1577.5019, -52.425, 1577.5019, -52.171, 1577.5019, -50.462,  , 
1577.5231, -55.918, 1577.5231, -55.940, 1577.5231, -53.635, 1577.5231, -52.395, 1577.5231, -52.151, 1577.5231, -50.445,  , 
1577.5444, -55.860, 1577.5444, -55.875, 1577.5444, -53.622, 1577.5444, -52.361, 1577.5444, -52.151, 1577.5444, -50.436,  , 
1577.5656, -55.851, 1577.5656, -56.030, 1577.5656, -53.568, 1577.5656, -52.373, 1577.5656, -52.137, 1577.5656, -50.455,  , 
1577.5869, -55.715, 1577.5869, -55.951, 1577.5869, -53.482, 1577.5869, -52.404, 1577.5869, -52.093, 1577.5869, -50.463,  , 
1577.6082, -55.732, 1577.6082, -55.967, 1577.6082, -53.454, 1577.6082, -52.364, 1577.6082, -52.107, 1577.6082, -50.455,  , 
1577.6294, -55.595, 1577.6294, -55.965, 1577.6294, -53.385, 1577.6294, -52.354, 1577.6294, -52.069, 1577.6294, -50.470,  , 
1577.6507, -55.722, 1577.6507, -56.046, 1577.6507, -53.356, 1577.6507, -52.363, 1577.6507, -52.018, 1577.6507, -50.476,  , 
1577.6719, -55.633, 1577.6719, -55.924, 1577.6719, -53.324, 1577.6719, -52.403, 1577.6719, -51.989, 1577.6719, -50.488,  , 
1577.6932, -55.573, 1577.6932, -55.891, 1577.6932, -53.292, 1577.6932, -52.372, 1577.6932, -51.950, 1577.6932, -50.506,  , 
1577.7144, -55.616, 1577.7144, -55.997, 1577.7144, -53.221, 1577.7144, -52.426, 1577.7144, -51.903, 1577.7144, -50.485,  , 
1577.7357, -55.533, 1577.7357, -55.831, 1577.7357, -53.184, 1577.7357, -52.382, 1577.7357, -51.910, 1577.7357, -50.498,  , 
1577.7569, -55.596, 1577.7569, -55.782, 1577.7569, -53.140, 1577.7569, -52.395, 1577.7569, -51.821, 1577.7569, -50.503,  , 
1577.7782, -55.562, 1577.7782, -55.766, 1577.7782, -53.143, 1577.7782, -52.445, 1577.7782, -51.782, 1577.7782, -50.553,  , 
1577.7994, -55.531, 1577.7994, -55.820, 1577.7994, -53.074, 1577.7994, -52.485, 1577.7994, -51.771, 1577.7994, -50.507,  , 
1577.8207, -55.567, 1577.8207, -55.714, 1577.8207, -53.043, 1577.8207, -52.452, 1577.8207, -51.700, 1577.8207, -50.535,  , 
1577.8420, -55.524, 1577.8420, -55.681, 1577.8420, -53.018, 1577.8420, -52.446, 1577.8420, -51.666, 1577.8420, -50.543,  , 
1577.8632, -55.543, 1577.8632, -55.686, 1577.8632, -52.976, 1577.8632, -52.523, 1577.8632, -51.638, 1577.8632, -50.545,  , 
1577.8845, -55.523, 1577.8845, -55.638, 1577.8845, -52.923, 1577.8845, -52.515, 1577.8845, -51.595, 1577.8845, -50.593,  , 
1577.9057, -55.522, 1577.9057, -55.524, 1577.9057, -52.904, 1577.9057, -52.526, 1577.9057, -51.544, 1577.9057, -50.566,  , 
1577.9270, -55.512, 1577.9270, -55.597, 1577.9270, -52.919, 1577.9270, -52.546, 1577.9270, -51.507, 1577.9270, -50.582,  , 
1577.9482, -55.561, 1577.9482, -55.491, 1577.9482, -52.879, 1577.9482, -52.584, 1577.9482, -51.486, 1577.9482, -50.575,  , 
1577.9695, -55.583, 1577.9695, -55.438, 1577.9695, -52.843, 1577.9695, -52.594, 1577.9695, -51.418, 1577.9695, -50.602,  , 
1577.9907, -55.555, 1577.9907, -55.467, 1577.9907, -52.810, 1577.9907, -52.633, 1577.9907, -51.383, 1577.9907, -50.589,  , 
1578.0120, -55.573, 1578.0120, -55.326, 1578.0120, -52.831, 1578.0120, -52.646, 1578.0120, -51.370, 1578.0120, -50.634,  , 
1578.0333, -55.660, 1578.0333, -55.286, 1578.0333, -52.823, 1578.0333, -52.734, 1578.0333, -51.358, 1578.0333, -50.610,  , 
1578.0545, -55.664, 1578.0545, -55.218, 1578.0545, -52.767, 1578.0545, -52.701, 1578.0545, -51.288, 1578.0545, -50.607,  , 
1578.0758, -55.711, 1578.0758, -55.239, 1578.0758, -52.784, 1578.0758, -52.756, 1578.0758, -51.266, 1578.0758, -50.651,  , 
1578.0970, -55.663, 1578.0970, -55.149, 1578.0970, -52.738, 1578.0970, -52.770, 1578.0970, -51.241, 1578.0970, -50.677,  , 
1578.1183, -55.862, 1578.1183, -55.072, 1578.1183, -52.772, 1578.1183, -52.783, 1578.1183, -51.245, 1578.1183, -50.640,  , 
1578.1395, -55.753, 1578.1395, -55.074, 1578.1395, -52.758, 1578.1395, -52.790, 1578.1395, -51.183, 1578.1395, -50.627,  , 
1578.1608, -55.788, 1578.1608, -55.019, 1578.1608, -52.721, 1578.1608, -52.821, 1578.1608, -51.163, 1578.1608, -50.650,  , 
1578.1820, -55.922, 1578.1820, -54.904, 1578.1820, -52.761, 1578.1820, -52.810, 1578.1820, -51.115, 1578.1820, -50.641,  , 
1578.2033, -55.988, 1578.2033, -54.899, 1578.2033, -52.752, 1578.2033, -52.882, 1578.2033, -51.114, 1578.2033, -50.637,  , 
1578.2246, -55.984, 1578.2246, -54.847, 1578.2246, -52.749, 1578.2246, -52.854, 1578.2246, -51.105, 1578.2246, -50.665,  , 
1578.2458, -56.047, 1578.2458, -54.744, 1578.2458, -52.756, 1578.2458, -52.930, 1578.2458, -51.101, 1578.2458, -50.645,  , 
1578.2671, -56.093, 1578.2671, -54.731, 1578.2671, -52.799, 1578.2671, -52.907, 1578.2671, -51.081, 1578.2671, -50.631,  , 
1578.2883, -56.041, 1578.2883, -54.680, 1578.2883, -52.765, 1578.2883, -52.858, 1578.2883, -51.031, 1578.2883, -50.651,  , 
1578.3096, -56.192, 1578.3096, -54.621, 1578.3096, -52.768, 1578.3096, -52.918, 1578.3096, -51.035, 1578.3096, -50.646,  , 
1578.3308, -56.177, 1578.3308, -54.579, 1578.3308, -52.802, 1578.3308, -52.903, 1578.3308, -51.043, 1578.3308, -50.637,  , 
1578.3521, -56.233, 1578.3521, -54.539, 1578.3521, -52.771, 1578.3521, -52.881, 1578.3521, -51.018, 1578.3521, -50.620,  , 
1578.3733, -56.259, 1578.3733, -54.435, 1578.3733, -52.816, 1578.3733, -52.899, 1578.3733, -51.006, 1578.3733, -50.608,  , 
1578.3946, -56.322, 1578.3946, -54.450, 1578.3946, -52.795, 1578.3946, -52.922, 1578.3946, -51.048, 1578.3946, -50.600,  , 
1578.4159, -56.505, 1578.4159, -54.374, 1578.4159, -52.862, 1578.4159, -52.876, 1578.4159, -50.997, 1578.4159, -50.596,  , 
1578.4371, -56.426, 1578.4371, -54.358, 1578.4371, -52.900, 1578.4371, -52.891, 1578.4371, -50.995, 1578.4371, -50.576,  , 
1578.4584, -56.455, 1578.4584, -54.249, 1578.4584, -52.881, 1578.4584, -52.842, 1578.4584, -51.000, 1578.4584, -50.565,  , 
1578.4796, -56.483, 1578.4796, -54.221, 1578.4796, -52.900, 1578.4796, -52.865, 1578.4796, -51.014, 1578.4796, -50.559,  , 
1578.5009, -56.580, 1578.5009, -54.167, 1578.5009, -52.958, 1578.5009, -52.849, 1578.5009, -51.004, 1578.5009, -50.562,  , 
1578.5221, -56.626, 1578.5221, -54.188, 1578.5221, -52.929, 1578.5221, -52.797, 1578.5221, -50.989, 1578.5221, -50.547,  , 
1578.5434, -56.664, 1578.5434, -54.073, 1578.5434, -52.953, 1578.5434, -52.798, 1578.5434, -51.048, 1578.5434, -50.546,  , 
1578.5646, -56.686, 1578.5646, -54.063, 1578.5646, -53.016, 1578.5646, -52.799, 1578.5646, -51.024, 1578.5646, -50.525,  , 
1578.5859, -56.726, 1578.5859, -54.072, 1578.5859, -53.037, 1578.5859, -52.798, 1578.5859, -51.003, 1578.5859, -50.502,  , 
1578.6072, -56.808, 1578.6072, -53.982, 1578.6072, -53.113, 1578.6072, -52.745, 1578.6072, -51.052, 1578.6072, -50.490,  , 
1578.6284, -56.888, 1578.6284, -53.884, 1578.6284, -53.064, 1578.6284, -52.770, 1578.6284, -51.047, 1578.6284, -50.474,  , 
1578.6497, -56.814, 1578.6497, -53.855, 1578.6497, -53.104, 1578.6497, -52.599, 1578.6497, -51.077, 1578.6497, -50.476,  , 
1578.6709, -56.911, 1578.6709, -53.873, 1578.6709, -53.123, 1578.6709, -52.684, 1578.6709, -51.073, 1578.6709, -50.485,  , 
1578.6922, -56.856, 1578.6922, -53.779, 1578.6922, -53.204, 1578.6922, -52.629, 1578.6922, -51.114, 1578.6922, -50.438,  , 
1578.7134, -56.925, 1578.7134, -53.730, 1578.7134, -53.172, 1578.7134, -52.547, 1578.7134, -51.099, 1578.7134, -50.441,  , 
1578.7347, -57.035, 1578.7347, -53.765, 1578.7347, -53.189, 1578.7347, -52.507, 1578.7347, -51.120, 1578.7347, -50.435,  , 
1578.7559, -57.133, 1578.7559, -53.639, 1578.7559, -53.263, 1578.7559, -52.471, 1578.7559, -51.125, 1578.7559, -50.427,  , 
1578.7772, -57.037, 1578.7772, -53.685, 1578.7772, -53.243, 1578.7772, -52.437, 1578.7772, -51.129, 1578.7772, -50.350,  , 
1578.7984, -57.004, 1578.7984, -53.616, 1578.7984, -53.245, 1578.7984, -52.394, 1578.7984, -51.097, 1578.7984, -50.364,  , 
1578.8197, -57.059, 1578.8197, -53.589, 1578.8197, -53.261, 1578.8197, -52.369, 1578.8197, -51.128, 1578.8197, -50.346,  , 
1578.8410, -57.132, 1578.8410, -53.527, 1578.8410, -53.315, 1578.8410, -52.293, 1578.8410, -51.171, 1578.8410, -50.327,  , 
1578.8622, -57.121, 1578.8622, -53.545, 1578.8622, -53.280, 1578.8622, -52.289, 1578.8622, -51.161, 1578.8622, -50.336,  , 
1578.8835, -57.106, 1578.8835, -53.540, 1578.8835, -53.298, 1578.8835, -52.190, 1578.8835, -51.158, 1578.8835, -50.294,  , 
1578.9047, -56.992, 1578.9047, -53.458, 1578.9047, -53.283, 1578.9047, -52.173, 1578.9047, -51.139, 1578.9047, -50.281,  , 
1578.9260, -57.143, 1578.9260, -53.471, 1578.9260, -53.292, 1578.9260, -52.124, 1578.9260, -51.177, 1578.9260, -50.248,  , 
1578.9472, -56.964, 1578.9472, -53.458, 1578.9472, -53.316, 1578.9472, -52.108, 1578.9472, -51.188, 1578.9472, -50.267,  , 
1578.9685, -57.108, 1578.9685, -53.420, 1578.9685, -53.251, 1578.9685, -52.048, 1578.9685, -51.186, 1578.9685, -50.244,  , 
1578.9897, -57.006, 1578.9897, -53.432, 1578.9897, -53.277, 1578.9897, -52.037, 1578.9897, -51.195, 1578.9897, -50.213,  , 
1579.0110, -56.948, 1579.0110, -53.390, 1579.0110, -53.273, 1579.0110, -52.005, 1579.0110, -51.183, 1579.0110, -50.204,  , 
1579.0323, -56.873, 1579.0323, -53.418, 1579.0323, -53.247, 1579.0323, -51.927, 1579.0323, -51.174, 1579.0323, -50.220,  , 
1579.0535, -56.980, 1579.0535, -53.354, 1579.0535, -53.248, 1579.0535, -51.936, 1579.0535, -51.184, 1579.0535, -50.174,  , 
1579.0748, -56.941, 1579.0748, -53.364, 1579.0748, -53.188, 1579.0748, -51.913, 1579.0748, -51.212, 1579.0748, -50.179,  , 
1579.0960, -56.848, 1579.0960, -53.387, 1579.0960, -53.193, 1579.0960, -51.835, 1579.0960, -51.207, 1579.0960, -50.175,  , 
1579.1173, -56.776, 1579.1173, -53.441, 1579.1173, -53.178, 1579.1173, -51.839, 1579.1173, -51.222, 1579.1173, -50.143,  , 
1579.1385, -56.949, 1579.1385, -53.366, 1579.1385, -53.156, 1579.1385, -51.808, 1579.1385, -51.215, 1579.1385, -50.146,  , 
1579.1598, -56.680, 1579.1598, -53.390, 1579.1598, -53.134, 1579.1598, -51.801, 1579.1598, -51.200, 1579.1598, -50.124,  , 
1579.1810, -56.822, 1579.1810, -53.405, 1579.1810, -53.090, 1579.1810, -51.735, 1579.1810, -51.181, 1579.1810, -50.128,  , 
1579.2023, -56.577, 1579.2023, -53.366, 1579.2023, -53.074, 1579.2023, -51.735, 1579.2023, -51.208, 1579.2023, -50.122,  , 
1579.2236, -56.676, 1579.2236, -53.397, 1579.2236, -53.008, 1579.2236, -51.694, 1579.2236, -51.191, 1579.2236, -50.103,  , 
1579.2448, -56.573, 1579.2448, -53.393, 1579.2448, -53.022, 1579.2448, -51.679, 1579.2448, -51.153, 1579.2448, -50.090,  , 
1579.2661, -56.558, 1579.2661, -53.392, 1579.2661, -52.947, 1579.2661, -51.687, 1579.2661, -51.187, 1579.2661, -50.092,  , 
1579.2873, -56.568, 1579.2873, -53.451, 1579.2873, -52.881, 1579.2873, -51.642, 1579.2873, -51.188, 1579.2873, -50.047,  , 
1579.3086, -56.506, 1579.3086, -53.438, 1579.3086, -52.881, 1579.3086, -51.621, 1579.3086, -51.181, 1579.3086, -50.043,  , 
1579.3298, -56.420, 1579.3298, -53.448, 1579.3298, -52.820, 1579.3298, -51.625, 1579.3298, -51.127, 1579.3298, -50.061,  , 
1579.3511, -56.418, 1579.3511, -53.417, 1579.3511, -52.793, 1579.3511, -51.623, 1579.3511, -51.122, 1579.3511, -50.026,  , 
1579.3723, -56.301, 1579.3723, -53.458, 1579.3723, -52.749, 1579.3723, -51.577, 1579.3723, -51.126, 1579.3723, -50.016,  , 
1579.3936, -56.178, 1579.3936, -53.465, 1579.3936, -52.673, 1579.3936, -51.561, 1579.3936, -51.095, 1579.3936, -50.034,  , 
1579.4149, -56.185, 1579.4149, -53.472, 1579.4149, -52.628, 1579.4149, -51.584, 1579.4149, -51.073, 1579.4149, -50.004,  , 
1579.4361, -56.145, 1579.4361, -53.564, 1579.4361, -52.593, 1579.4361, -51.541, 1579.4361, -51.069, 1579.4361, -49.991,  , 
1579.4574, -56.067, 1579.4574, -53.546, 1579.4574, -52.527, 1579.4574, -51.616, 1579.4574, -51.078, 1579.4574, -50.036,  , 
1579.4786, -55.986, 1579.4786, -53.593, 1579.4786, -52.489, 1579.4786, -51.568, 1579.4786, -51.026, 1579.4786, -50.010,  , 
1579.4999, -55.944, 1579.4999, -53.577, 1579.4999, -52.477, 1579.4999, -51.547, 1579.4999, -51.027, 1579.4999, -49.985,  , 
1579.5211, -55.988, 1579.5211, -53.630, 1579.5211, -52.436, 1579.5211, -51.588, 1579.5211, -50.973, 1579.5211, -49.980,  , 
1579.5424, -55.840, 1579.5424, -53.682, 1579.5424, -52.411, 1579.5424, -51.607, 1579.5424, -51.002, 1579.5424, -50.004,  , 
1579.5636, -55.712, 1579.5636, -53.630, 1579.5636, -52.323, 1579.5636, -51.610, 1579.5636, -50.965, 1579.5636, -50.011,  , 
1579.5849, -55.729, 1579.5849, -53.687, 1579.5849, -52.306, 1579.5849, -51.581, 1579.5849, -50.959, 1579.5849, -49.985,  , 
1579.6062, -55.589, 1579.6062, -53.771, 1579.6062, -52.298, 1579.6062, -51.610, 1579.6062, -50.965, 1579.6062, -50.013,  , 
1579.6274, -55.596, 1579.6274, -53.703, 1579.6274, -52.238, 1579.6274, -51.598, 1579.6274, -50.925, 1579.6274, -50.010,  , 
1579.6487, -55.576, 1579.6487, -53.770, 1579.6487, -52.216, 1579.6487, -51.659, 1579.6487, -50.919, 1579.6487, -49.998,  , 
1579.6699, -55.517, 1579.6699, -53.755, 1579.6699, -52.158, 1579.6699, -51.605, 1579.6699, -50.894, 1579.6699, -50.011,  , 
1579.6912, -55.365, 1579.6912, -53.819, 1579.6912, -52.135, 1579.6912, -51.658, 1579.6912, -50.875, 1579.6912, -50.028,  , 
1579.7124, -55.528, 1579.7124, -53.780, 1579.7124, -52.116, 1579.7124, -51.642, 1579.7124, -50.864, 1579.7124, -50.023,  , 
1579.7337, -55.362, 1579.7337, -53.828, 1579.7337, -52.107, 1579.7337, -51.672, 1579.7337, -50.836, 1579.7337, -50.024,  , 
1579.7549, -55.286, 1579.7549, -53.786, 1579.7549, -52.073, 1579.7549, -51.638, 1579.7549, -50.817, 1579.7549, -50.049,  , 
1579.7762, -55.237, 1579.7762, -53.823, 1579.7762, -52.028, 1579.7762, -51.665, 1579.7762, -50.817, 1579.7762, -50.039,  , 
1579.7974, -55.176, 1579.7974, -53.810, 1579.7974, -52.007, 1579.7974, -51.664, 1579.7974, -50.802, 1579.7974, -50.040,  , 
1579.8187, -55.152, 1579.8187, -53.846, 1579.8187, -51.989, 1579.8187, -51.701, 1579.8187, -50.777, 1579.8187, -50.051,  , 
1579.8400, -55.121, 1579.8400, -53.817, 1579.8400, -51.947, 1579.8400, -51.694, 1579.8400, -50.779, 1579.8400, -50.056,  , 
1579.8612, -55.043, 1579.8612, -53.794, 1579.8612, -51.961, 1579.8612, -51.721, 1579.8612, -50.747, 1579.8612, -50.065,  , 
1579.8825, -55.051, 1579.8825, -53.821, 1579.8825, -51.932, 1579.8825, -51.725, 1579.8825, -50.732, 1579.8825, -50.061,  , 
1579.9037, -54.860, 1579.9037, -53.829, 1579.9037, -51.905, 1579.9037, -51.714, 1579.9037, -50.712, 1579.9037, -50.114,  , 
1579.9250, -55.043, 1579.9250, -53.770, 1579.9250, -51.905, 1579.9250, -51.707, 1579.9250, -50.694, 1579.9250, -50.069,  , 
1579.9462, -54.800, 1579.9462, -53.786, 1579.9462, -51.905, 1579.9462, -51.710, 1579.9462, -50.679, 1579.9462, -50.100,  , 
1579.9675, -54.854, 1579.9675, -53.749, 1579.9675, -51.864, 1579.9675, -51.726, 1579.9675, -50.671, 1579.9675, -50.113,  , 
1579.9887, -54.717, 1579.9887, -53.752, 1579.9887, -51.905, 1579.9887, -51.720, 1579.9887, -50.650, 1579.9887, -50.153,  , 
1580.0100, -54.648, 1580.0100, -53.770, 1580.0100, -51.891, 1580.0100, -51.735, 1580.0100, -50.652, 1580.0100, -50.142,  , 
1580.0313, -54.695, 1580.0313, -53.778, 1580.0313, -51.853, 1580.0313, -51.716, 1580.0313, -50.630, 1580.0313, -50.155,  , 
1580.0525, -54.639, 1580.0525, -53.710, 1580.0525, -51.887, 1580.0525, -51.751, 1580.0525, -50.608, 1580.0525, -50.180,  , 
1580.0738, -54.605, 1580.0738, -53.681, 1580.0738, -51.883, 1580.0738, -51.723, 1580.0738, -50.576, 1580.0738, -50.193,  , 
1580.0950, -54.563, 1580.0950, -53.670, 1580.0950, -51.922, 1580.0950, -51.772, 1580.0950, -50.600, 1580.0950, -50.216,  , 
1580.1163, -54.512, 1580.1163, -53.615, 1580.1163, -51.866, 1580.1163, -51.698, 1580.1163, -50.561, 1580.1163, -50.236,  , 
1580.1375, -54.463, 1580.1375, -53.584, 1580.1375, -51.887, 1580.1375, -51.701, 1580.1375, -50.561, 1580.1375, -50.244,  , 
1580.1588, -54.470, 1580.1588, -53.555, 1580.1588, -51.930, 1580.1588, -51.784, 1580.1588, -50.573, 1580.1588, -50.279,  , 
1580.1800, -54.414, 1580.1800, -53.438, 1580.1800, -51.864, 1580.1800, -51.728, 1580.1800, -50.536, 1580.1800, -50.295,  , 
1580.2013, -54.406, 1580.2013, -53.459, 1580.2013, -51.929, 1580.2013, -51.721, 1580.2013, -50.506, 1580.2013, -50.328,  , 
1580.2226, -54.395, 1580.2226, -53.411, 1580.2226, -51.917, 1580.2226, -51.702, 1580.2226, -50.536, 1580.2226, -50.346,  , 
1580.2438, -54.396, 1580.2438, -53.389, 1580.2438, -51.947, 1580.2438, -51.695, 1580.2438, -50.506, 1580.2438, -50.361,  , 
1580.2651, -54.363, 1580.2651, -53.333, 1580.2651, -51.952, 1580.2651, -51.679, 1580.2651, -50.499, 1580.2651, -50.387,  , 
1580.2863, -54.304, 1580.2863, -53.273, 1580.2863, -51.944, 1580.2863, -51.673, 1580.2863, -50.499, 1580.2863, -50.394,  , 
1580.3076, -54.364, 1580.3076, -53.188, 1580.3076, -51.985, 1580.3076, -51.673, 1580.3076, -50.472, 1580.3076, -50.410,  , 
1580.3288, -54.308, 1580.3288, -53.177, 1580.3288, -51.979, 1580.3288, -51.622, 1580.3288, -50.488, 1580.3288, -50.463,  , 
1580.3501, -54.239, 1580.3501, -53.111, 1580.3501, -51.930, 1580.3501, -51.633, 1580.3501, -50.450, 1580.3501, -50.474,  , 
1580.3713, -54.272, 1580.3713, -53.077, 1580.3713, -51.951, 1580.3713, -51.616, 1580.3713, -50.470, 1580.3713, -50.510,  , 
1580.3926, -54.270, 1580.3926, -53.025, 1580.3926, -52.002, 1580.3926, -51.578, 1580.3926, -50.455, 1580.3926, -50.515,  , 
1580.4139, -54.258, 1580.4139, -52.983, 1580.4139, -51.970, 1580.4139, -51.578, 1580.4139, -50.451, 1580.4139, -50.558,  , 
1580.4351, -54.170, 1580.4351, -52.993, 1580.4351, -51.982, 1580.4351, -51.583, 1580.4351, -50.424, 1580.4351, -50.557,  , 
1580.4564, -54.219, 1580.4564, -52.877, 1580.4564, -51.978, 1580.4564, -51.541, 1580.4564, -50.443, 1580.4564, -50.604,  , 
1580.4776, -54.236, 1580.4776, -52.865, 1580.4776, -52.005, 1580.4776, -51.535, 1580.4776, -50.424, 1580.4776, -50.615,  , 
1580.4989, -54.191, 1580.4989, -52.856, 1580.4989, -52.033, 1580.4989, -51.524, 1580.4989, -50.430, 1580.4989, -50.667,  , 
1580.5201, -54.223, 1580.5201, -52.768, 1580.5201, -52.007, 1580.5201, -51.497, 1580.5201, -50.426, 1580.5201, -50.675,  , 
1580.5414, -54.283, 1580.5414, -52.719, 1580.5414, -52.021, 1580.5414, -51.477, 1580.5414, -50.429, 1580.5414, -50.671,  , 
1580.5626, -54.199, 1580.5626, -52.732, 1580.5626, -52.014, 1580.5626, -51.428, 1580.5626, -50.433, 1580.5626, -50.750,  , 
1580.5839, -54.231, 1580.5839, -52.683, 1580.5839, -52.025, 1580.5839, -51.441, 1580.5839, -50.439, 1580.5839, -50.744,  , 
1580.6052, -54.239, 1580.6052, -52.624, 1580.6052, -52.014, 1580.6052, -51.444, 1580.6052, -50.430, 1580.6052, -50.804,  , 
1580.6264, -54.317, 1580.6264, -52.620, 1580.6264, -52.019, 1580.6264, -51.382, 1580.6264, -50.449, 1580.6264, -50.812,  , 
1580.6477, -54.265, 1580.6477, -52.640, 1580.6477, -52.046, 1580.6477, -51.413, 1580.6477, -50.455, 1580.6477, -50.861,  , 
1580.6689, -54.323, 1580.6689, -52.526, 1580.6689, -52.014, 1580.6689, -51.401, 1580.6689, -50.451, 1580.6689, -50.907,  , 
1580.6902, -54.287, 1580.6902, -52.539, 1580.6902, -52.005, 1580.6902, -51.353, 1580.6902, -50.454, 1580.6902, -50.924,  , 
1580.7114, -54.276, 1580.7114, -52.485, 1580.7114, -52.001, 1580.7114, -51.341, 1580.7114, -50.447, 1580.7114, -50.956,  , 
1580.7327, -54.341, 1580.7327, -52.489, 1580.7327, -51.958, 1580.7327, -51.309, 1580.7327, -50.473, 1580.7327, -50.987,  , 
1580.7539, -54.420, 1580.7539, -52.459, 1580.7539, -52.039, 1580.7539, -51.310, 1580.7539, -50.481, 1580.7539, -50.994,  , 
1580.7752, -54.381, 1580.7752, -52.431, 1580.7752, -51.987, 1580.7752, -51.269, 1580.7752, -50.465, 1580.7752, -51.075,  , 
1580.7964, -54.399, 1580.7964, -52.396, 1580.7964, -51.954, 1580.7964, -51.258, 1580.7964, -50.496, 1580.7964, -51.118,  , 
1580.8177, -54.474, 1580.8177, -52.400, 1580.8177, -51.972, 1580.8177, -51.254, 1580.8177, -50.505, 1580.8177, -51.132,  , 
1580.8390, -54.492, 1580.8390, -52.373, 1580.8390, -51.936, 1580.8390, -51.203, 1580.8390, -50.527, 1580.8390, -51.167,  , 
1580.8602, -54.453, 1580.8602, -52.330, 1580.8602, -51.932, 1580.8602, -51.200, 1580.8602, -50.513, 1580.8602, -51.235,  , 
1580.8815, -54.454, 1580.8815, -52.342, 1580.8815, -51.914, 1580.8815, -51.180, 1580.8815, -50.531, 1580.8815, -51.265,  , 
1580.9027, -54.521, 1580.9027, -52.307, 1580.9027, -51.912, 1580.9027, -51.168, 1580.9027, -50.544, 1580.9027, -51.298,  , 
1580.9240, -54.476, 1580.9240, -52.340, 1580.9240, -51.838, 1580.9240, -51.130, 1580.9240, -50.544, 1580.9240, -51.304,  , 
1580.9452, -54.577, 1580.9452, -52.318, 1580.9452, -51.866, 1580.9452, -51.108, 1580.9452, -50.577, 1580.9452, -51.389,  , 
1580.9665, -54.510, 1580.9665, -52.337, 1580.9665, -51.821, 1580.9665, -51.103, 1580.9665, -50.576, 1580.9665, -51.414,  , 
1580.9877, -54.612, 1580.9877, -52.352, 1580.9877, -51.838, 1580.9877, -51.101, 1580.9877, -50.585, 1580.9877, -51.471,  , 
1581.0090, -54.605, 1581.0090, -52.335, 1581.0090, -51.804, 1581.0090, -51.063, 1581.0090, -50.585, 1581.0090, -51.500,  , 
1581.0303, -54.553, 1581.0303, -52.313, 1581.0303, -51.798, 1581.0303, -51.067, 1581.0303, -50.625, 1581.0303, -51.548,  , 
1581.0515, -54.540, 1581.0515, -52.347, 1581.0515, -51.798, 1581.0515, -51.064, 1581.0515, -50.636, 1581.0515, -51.597,  , 
1581.0728, -54.565, 1581.0728, -52.373, 1581.0728, -51.739, 1581.0728, -51.022, 1581.0728, -50.661, 1581.0728, -51.685,  , 
1581.0940, -54.605, 1581.0940, -52.375, 1581.0940, -51.742, 1581.0940, -51.056, 1581.0940, -50.687, 1581.0940, -51.713,  , 
1581.1153, -54.630, 1581.1153, -52.350, 1581.1153, -51.739, 1581.1153, -51.012, 1581.1153, -50.699, 1581.1153, -51.773,  , 
1581.1365, -54.582, 1581.1365, -52.352, 1581.1365, -51.696, 1581.1365, -50.974, 1581.1365, -50.713, 1581.1365, -51.801,  , 
1581.1578, -54.534, 1581.1578, -52.361, 1581.1578, -51.715, 1581.1578, -50.986, 1581.1578, -50.763, 1581.1578, -51.883,  , 
1581.1790, -54.599, 1581.1790, -52.409, 1581.1790, -51.667, 1581.1790, -50.982, 1581.1790, -50.757, 1581.1790, -51.911,  , 
1581.2003, -54.586, 1581.2003, -52.382, 1581.2003, -51.650, 1581.2003, -50.946, 1581.2003, -50.812, 1581.2003, -51.960,  , 
1581.2216, -54.606, 1581.2216, -52.355, 1581.2216, -51.627, 1581.2216, -50.973, 1581.2216, -50.822, 1581.2216, -52.041,  , 
1581.2428, -54.500, 1581.2428, -52.394, 1581.2428, -51.627, 1581.2428, -50.955, 1581.2428, -50.838, 1581.2428, -52.100,  , 
1581.2641, -54.616, 1581.2641, -52.397, 1581.2641, -51.604, 1581.2641, -50.921, 1581.2641, -50.866, 1581.2641, -52.143,  , 
1581.2853, -54.531, 1581.2853, -52.430, 1581.2853, -51.576, 1581.2853, -50.925, 1581.2853, -50.887, 1581.2853, -52.239,  , 
1581.3066, -54.505, 1581.3066, -52.428, 1581.3066, -51.545, 1581.3066, -50.897, 1581.3066, -50.898, 1581.3066, -52.283,  , 
1581.3278, -54.534, 1581.3278, -52.404, 1581.3278, -51.553, 1581.3278, -50.896, 1581.3278, -50.941, 1581.3278, -52.356,  , 
1581.3491, -54.451, 1581.3491, -52.459, 1581.3491, -51.527, 1581.3491, -50.883, 1581.3491, -50.928, 1581.3491, -52.375,  , 
1581.3703, -54.461, 1581.3703, -52.418, 1581.3703, -51.492, 1581.3703, -50.875, 1581.3703, -50.970, 1581.3703, -52.446,  , 
1581.3916, -54.396, 1581.3916, -52.455, 1581.3916, -51.479, 1581.3916, -50.872, 1581.3916, -51.032, 1581.3916, -52.548,  , 
1581.4129, -54.361, 1581.4129, -52.404, 1581.4129, -51.464, 1581.4129, -50.893, 1581.4129, -51.021, 1581.4129, -52.586,  , 
1581.4341, -54.301, 1581.4341, -52.427, 1581.4341, -51.437, 1581.4341, -50.846, 1581.4341, -51.059, 1581.4341, -52.669,  , 
1581.4554, -54.277, 1581.4554, -52.442, 1581.4554, -51.431, 1581.4554, -50.852, 1581.4554, -51.080, 1581.4554, -52.795,  , 
1581.4766, -54.272, 1581.4766, -52.465, 1581.4766, -51.414, 1581.4766, -50.875, 1581.4766, -51.114, 1581.4766, -52.800,  , 
1581.4979, -54.200, 1581.4979, -52.427, 1581.4979, -51.362, 1581.4979, -50.862, 1581.4979, -51.159, 1581.4979, -52.896,  , 
1581.5191, -54.177, 1581.5191, -52.457, 1581.5191, -51.357, 1581.5191, -50.849, 1581.5191, -51.151, 1581.5191, -52.982,  , 
1581.5404, -54.087, 1581.5404, -52.490, 1581.5404, -51.341, 1581.5404, -50.842, 1581.5404, -51.222, 1581.5404, -53.063,  , 
1581.5616, -54.107, 1581.5616, -52.419, 1581.5616, -51.338, 1581.5616, -50.854, 1581.5616, -51.253, 1581.5616, -53.132,  , 
1581.5829, -53.993, 1581.5829, -52.470, 1581.5829, -51.328, 1581.5829, -50.860, 1581.5829, -51.259, 1581.5829, -53.251,  , 
1581.6042, -53.955, 1581.6042, -52.433, 1581.6042, -51.328, 1581.6042, -50.840, 1581.6042, -51.294, 1581.6042, -53.327,  , 
1581.6254, -53.913, 1581.6254, -52.451, 1581.6254, -51.284, 1581.6254, -50.857, 1581.6254, -51.332, 1581.6254, -53.440,  , 
1581.6467, -53.826, 1581.6467, -52.420, 1581.6467, -51.250, 1581.6467, -50.865, 1581.6467, -51.379, 1581.6467, -53.495,  , 
1581.6679, -53.783, 1581.6679, -52.436, 1581.6679, -51.264, 1581.6679, -50.856, 1581.6679, -51.379, 1581.6679, -53.645,  , 
1581.6892, -53.824, 1581.6892, -52.407, 1581.6892, -51.261, 1581.6892, -50.869, 1581.6892, -51.448, 1581.6892, -53.713,  , 
1581.7104, -53.814, 1581.7104, -52.401, 1581.7104, -51.246, 1581.7104, -50.875, 1581.7104, -51.478, 1581.7104, -53.856,  , 
1581.7317, -53.685, 1581.7317, -52.406, 1581.7317, -51.211, 1581.7317, -50.879, 1581.7317, -51.510, 1581.7317, -53.967,  , 
1581.7529, -53.672, 1581.7529, -52.369, 1581.7529, -51.219, 1581.7529, -50.879, 1581.7529, -51.571, 1581.7529, -54.081,  , 
1581.7742, -53.604, 1581.7742, -52.321, 1581.7742, -51.183, 1581.7742, -50.937, 1581.7742, -51.598, 1581.7742, -54.110,  , 
1581.7954, -53.596, 1581.7954, -52.318, 1581.7954, -51.217, 1581.7954, -50.909, 1581.7954, -51.629, 1581.7954, -54.291,  , 
1581.8167, -53.518, 1581.8167, -52.334, 1581.8167, -51.174, 1581.8167, -50.913, 1581.8167, -51.681, 1581.8167, -54.340,  , 
1581.8380, -53.485, 1581.8380, -52.285, 1581.8380, -51.158, 1581.8380, -50.928, 1581.8380, -51.708, 1581.8380, -54.467,  , 
1581.8592, -53.453, 1581.8592, -52.264, 1581.8592, -51.155, 1581.8592, -50.924, 1581.8592, -51.758, 1581.8592, -54.619,  , 
1581.8805, -53.415, 1581.8805, -52.310, 1581.8805, -51.165, 1581.8805, -50.944, 1581.8805, -51.794, 1581.8805, -54.716,  , 
1581.9017, -53.353, 1581.9017, -52.205, 1581.9017, -51.122, 1581.9017, -50.946, 1581.9017, -51.856, 1581.9017, -54.866,  , 
1581.9230, -53.345, 1581.9230, -52.236, 1581.9230, -51.131, 1581.9230, -50.945, 1581.9230, -51.919, 1581.9230, -54.894,  , 
1581.9442, -53.290, 1581.9442, -52.201, 1581.9442, -51.104, 1581.9442, -51.006, 1581.9442, -51.916, 1581.9442, -55.091,  , 
1581.9655, -53.256, 1581.9655, -52.191, 1581.9655, -51.098, 1581.9655, -50.969, 1581.9655, -51.950, 1581.9655, -55.196,  , 
1581.9867, -53.232, 1581.9867, -52.148, 1581.9867, -51.110, 1581.9867, -51.043, 1581.9867, -52.039, 1581.9867, -55.301,  , 
1582.0080, -53.173, 1582.0080, -52.160, 1582.0080, -51.099, 1582.0080, -50.989, 1582.0080, -52.067, 1582.0080, -55.480,  , 
1582.0293, -53.117, 1582.0293, -52.157, 1582.0293, -51.090, 1582.0293, -51.055, 1582.0293, -52.085, 1582.0293, -55.607,  , 
1582.0505, -53.160, 1582.0505, -52.090, 1582.0505, -51.094, 1582.0505, -51.038, 1582.0505, -52.167, 1582.0505, -55.704,  , 
1582.0718, -53.079, 1582.0718, -52.064, 1582.0718, -51.076, 1582.0718, -51.081, 1582.0718, -52.197, 1582.0718, -55.859,  , 
1582.0930, -53.119, 1582.0930, -52.098, 1582.0930, -51.082, 1582.0930, -51.067, 1582.0930, -52.210, 1582.0930, -56.089,  , 
1582.1143, -53.114, 1582.1143, -52.025, 1582.1143, -51.085, 1582.1143, -51.145, 1582.1143, -52.303, 1582.1143, -56.128,  , 
1582.1355, -53.044, 1582.1355, -52.059, 1582.1355, -51.089, 1582.1355, -51.143, 1582.1355, -52.405, 1582.1355, -56.338,  , 
1582.1568, -53.040, 1582.1568, -51.988, 1582.1568, -51.083, 1582.1568, -51.126, 1582.1568, -52.430, 1582.1568, -56.503,  , 
1582.1780, -53.038, 1582.1780, -52.004, 1582.1780, -51.097, 1582.1780, -51.178, 1582.1780, -52.492, 1582.1780, -56.720,  , 
1582.1993, -53.025, 1582.1993, -51.962, 1582.1993, -51.087, 1582.1993, -51.192, 1582.1993, -52.560, 1582.1993, -56.767,  , 
1582.2206, -53.025, 1582.2206, -51.971, 1582.2206, -51.083, 1582.2206, -51.219, 1582.2206, -52.643, 1582.2206, -57.046,  , 
1582.2418, -53.013, 1582.2418, -51.962, 1582.2418, -51.086, 1582.2418, -51.239, 1582.2418, -52.649, 1582.2418, -57.097,  , 
1582.2631, -52.986, 1582.2631, -51.902, 1582.2631, -51.100, 1582.2631, -51.273, 1582.2631, -52.767, 1582.2631, -57.303,  , 
1582.2843, -52.993, 1582.2843, -51.886, 1582.2843, -51.107, 1582.2843, -51.269, 1582.2843, -52.830, 1582.2843, -57.355,  , 
1582.3056, -53.013, 1582.3056, -51.876, 1582.3056, -51.089, 1582.3056, -51.283, 1582.3056, -52.907, 1582.3056, -57.605,  , 
1582.3268, -53.013, 1582.3268, -51.858, 1582.3268, -51.098, 1582.3268, -51.338, 1582.3268, -52.942, 1582.3268, -57.729,  , 
1582.3481, -53.009, 1582.3481, -51.804, 1582.3481, -51.128, 1582.3481, -51.374, 1582.3481, -53.080, 1582.3481, -57.838,  , 
1582.3693, -53.000, 1582.3693, -51.792, 1582.3693, -51.130, 1582.3693, -51.367, 1582.3693, -53.093, 1582.3693, -58.130,  , 
1582.3906, -52.996, 1582.3906, -51.800, 1582.3906, -51.129, 1582.3906, -51.375, 1582.3906, -53.149, 1582.3906, -58.289,  , 
1582.4119, -53.015, 1582.4119, -51.734, 1582.4119, -51.131, 1582.4119, -51.416, 1582.4119, -53.249, 1582.4119, -58.372,  , 
1582.4331, -52.997, 1582.4331, -51.759, 1582.4331, -51.159, 1582.4331, -51.458, 1582.4331, -53.330, 1582.4331, -58.582,  , 
1582.4544, -53.037, 1582.4544, -51.760, 1582.4544, -51.163, 1582.4544, -51.477, 1582.4544, -53.432, 1582.4544, -59.065,  , 
1582.4756, -53.016, 1582.4756, -51.706, 1582.4756, -51.180, 1582.4756, -51.499, 1582.4756, -53.493, 1582.4756, -58.995,  , 
1582.4969, -53.065, 1582.4969, -51.685, 1582.4969, -51.185, 1582.4969, -51.550, 1582.4969, -53.618, 1582.4969, -58.974,  , 
1582.5181, -53.015, 1582.5181, -51.662, 1582.5181, -51.194, 1582.5181, -51.570, 1582.5181, -53.653, 1582.5181, -59.330,  , 
1582.5394, -53.002, 1582.5394, -51.684, 1582.5394, -51.195, 1582.5394, -51.604, 1582.5394, -53.758, 1582.5394, -59.285,  , 
1582.5606, -53.023, 1582.5606, -51.649, 1582.5606, -51.232, 1582.5606, -51.651, 1582.5606, -53.861, 1582.5606, -59.610,  , 
1582.5819, -53.015, 1582.5819, -51.654, 1582.5819, -51.207, 1582.5819, -51.663, 1582.5819, -53.939, 1582.5819, -59.695,  , 
1582.6032, -53.010, 1582.6032, -51.664, 1582.6032, -51.260, 1582.6032, -51.656, 1582.6032, -54.052, 1582.6032, -60.147,  , 
1582.6244, -53.040, 1582.6244, -51.613, 1582.6244, -51.288, 1582.6244, -51.762, 1582.6244, -54.129, 1582.6244, -60.024,  , 
1582.6457, -53.026, 1582.6457, -51.597, 1582.6457, -51.279, 1582.6457, -51.777, 1582.6457, -54.202, 1582.6457, -60.384,  , 
1582.6669, -53.043, 1582.6669, -51.578, 1582.6669, -51.310, 1582.6669, -51.779, 1582.6669, -54.365, 1582.6669, -60.423,  , 
1582.6882, -53.084, 1582.6882, -51.598, 1582.6882, -51.324, 1582.6882, -51.834, 1582.6882, -54.400, 1582.6882, -60.506,  , 
1582.7094, -53.091, 1582.7094, -51.562, 1582.7094, -51.369, 1582.7094, -51.865, 1582.7094, -54.605, 1582.7094, -60.827,  , 
1582.7307, -53.000, 1582.7307, -51.530, 1582.7307, -51.374, 1582.7307, -51.948, 1582.7307, -54.732, 1582.7307, -60.960,  , 
1582.7519, -53.104, 1582.7519, -51.550, 1582.7519, -51.376, 1582.7519, -51.931, 1582.7519, -54.787, 1582.7519, -61.352,  , 
1582.7732, -53.044, 1582.7732, -51.496, 1582.7732, -51.403, 1582.7732, -51.985, 1582.7732, -54.891, 1582.7732, -61.093,  , 
1582.7944, -53.089, 1582.7944, -51.495, 1582.7944, -51.472, 1582.7944, -52.031, 1582.7944, -55.072, 1582.7944, -61.291,  , 
1582.8157, -53.071, 1582.8157, -51.490, 1582.8157, -51.453, 1582.8157, -52.046, 1582.8157, -55.145, 1582.8157, -61.658,  , 
1582.8370, -53.058, 1582.8370, -51.507, 1582.8370, -51.490, 1582.8370, -52.123, 1582.8370, -55.252, 1582.8370, -61.512,  , 
1582.8582, -53.112, 1582.8582, -51.478, 1582.8582, -51.494, 1582.8582, -52.104, 1582.8582, -55.368, 1582.8582, -61.835,  , 
1582.8795, -53.063, 1582.8795, -51.471, 1582.8795, -51.531, 1582.8795, -52.202, 1582.8795, -55.533, 1582.8795, -61.605,  , 
1582.9007, -53.033, 1582.9007, -51.445, 1582.9007, -51.557, 1582.9007, -52.230, 1582.9007, -55.637, 1582.9007, -62.089,  , 
1582.9220, -53.075, 1582.9220, -51.417, 1582.9220, -51.551, 1582.9220, -52.278, 1582.9220, -55.782, 1582.9220, -61.865,  , 
1582.9432, -53.035, 1582.9432, -51.446, 1582.9432, -51.590, 1582.9432, -52.285, 1582.9432, -55.932, 1582.9432, -62.034,  , 
1582.9645, -53.020, 1582.9645, -51.468, 1582.9645, -51.594, 1582.9645, -52.348, 1582.9645, -55.966, 1582.9645, -61.862,  , 
1582.9857, -53.005, 1582.9857, -51.408, 1582.9857, -51.653, 1582.9857, -52.406, 1582.9857, -56.223, 1582.9857, -62.002,  , 
1583.0070, -53.021, 1583.0070, -51.424, 1583.0070, -51.716, 1583.0070, -52.419, 1583.0070, -56.393, 1583.0070, -62.277,  , 
1583.0283, -52.987, 1583.0283, -51.446, 1583.0283, -51.697, 1583.0283, -52.463, 1583.0283, -56.489, 1583.0283, -62.378,  , 
1583.0495, -52.988, 1583.0495, -51.438, 1583.0495, -51.723, 1583.0495, -52.537, 1583.0495, -56.564, 1583.0495, -62.348,  , 
1583.0708, -52.967, 1583.0708, -51.431, 1583.0708, -51.754, 1583.0708, -52.642, 1583.0708, -56.901, 1583.0708, -62.172,  , 
1583.0920, -52.886, 1583.0920, -51.417, 1583.0920, -51.816, 1583.0920, -52.628, 1583.0920, -56.918, 1583.0920, -62.356,  , 
1583.1133, -52.857, 1583.1133, -51.433, 1583.1133, -51.819, 1583.1133, -52.733, 1583.1133, -56.990, 1583.1133, -62.388,  , 
1583.1345, -52.898, 1583.1345, -51.454, 1583.1345, -51.835, 1583.1345, -52.763, 1583.1345, -57.275, 1583.1345, -62.664,  , 
1583.1558, -52.870, 1583.1558, -51.398, 1583.1558, -51.916, 1583.1558, -52.858, 1583.1558, -57.490, 1583.1558, -62.336,  , 
1583.1770, -52.816, 1583.1770, -51.454, 1583.1770, -51.936, 1583.1770, -52.905, 1583.1770, -57.487, 1583.1770, -62.635,  , 
1583.1983, -52.819, 1583.1983, -51.449, 1583.1983, -51.934, 1583.1983, -52.985, 1583.1983, -57.775, 1583.1983, -62.821,  , 
1583.2196, -52.780, 1583.2196, -51.447, 1583.2196, -52.000, 1583.2196, -53.029, 1583.2196, -57.847, 1583.2196, -62.189,  , 
1583.2408, -52.758, 1583.2408, -51.478, 1583.2408, -52.066, 1583.2408, -53.139, 1583.2408, -58.194, 1583.2408, -62.682,  , 
1583.2621, -52.784, 1583.2621, -51.467, 1583.2621, -52.034, 1583.2621, -53.179, 1583.2621, -58.345, 1583.2621, -62.631,  , 
1583.2833, -52.750, 1583.2833, -51.463, 1583.2833, -52.118, 1583.2833, -53.215, 1583.2833, -58.373, 1583.2833, -62.746,  , 
1583.3046, -52.724, 1583.3046, -51.463, 1583.3046, -52.136, 1583.3046, -53.327, 1583.3046, -58.719, 1583.3046, -62.358,  , 
1583.3258, -52.714, 1583.3258, -51.496, 1583.3258, -52.146, 1583.3258, -53.373, 1583.3258, -58.812, 1583.3258, -62.308,  , 
1583.3471, -52.688, 1583.3471, -51.494, 1583.3471, -52.237, 1583.3471, -53.459, 1583.3471, -59.189, 1583.3471, -62.507,  , 
1583.3683, -52.658, 1583.3683, -51.502, 1583.3683, -52.240, 1583.3683, -53.486, 1583.3683, -59.225, 1583.3683, -62.468,  , 
1583.3896, -52.609, 1583.3896, -51.525, 1583.3896, -52.301, 1583.3896, -53.607, 1583.3896, -59.340, 1583.3896, -62.154,  , 
1583.4109, -52.654, 1583.4109, -51.545, 1583.4109, -52.331, 1583.4109, -53.637, 1583.4109, -59.461, 1583.4109, -62.091,  , 
1583.4321, -52.561, 1583.4321, -51.534, 1583.4321, -52.341, 1583.4321, -53.721, 1583.4321, -59.963, 1583.4321, -62.004,  , 
1583.4534, -52.581, 1583.4534, -51.524, 1583.4534, -52.405, 1583.4534, -53.856, 1583.4534, -59.669, 1583.4534, -61.809,  , 
1583.4746, -52.526, 1583.4746, -51.579, 1583.4746, -52.448, 1583.4746, -53.887, 1583.4746, -60.021, 1583.4746, -61.752,  , 
1583.4959, -52.530, 1583.4959, -51.549, 1583.4959, -52.465, 1583.4959, -53.965, 1583.4959, -60.137, 1583.4959, -61.965,  , 
1583.5171, -52.493, 1583.5171, -51.581, 1583.5171, -52.546, 1583.5171, -54.054, 1583.5171, -60.199, 1583.5171, -61.617,  , 
1583.5384, -52.473, 1583.5384, -51.610, 1583.5384, -52.561, 1583.5384, -54.144, 1583.5384, -60.307, 1583.5384, -61.649,  , 
1583.5596, -52.456, 1583.5596, -51.621, 1583.5596, -52.643, 1583.5596, -54.249, 1583.5596, -60.439, 1583.5596, -61.468,  , 
1583.5809, -52.440, 1583.5809, -51.638, 1583.5809, -52.674, 1583.5809, -54.400, 1583.5809, -60.673, 1583.5809, -61.432,  , 
1583.6022, -52.431, 1583.6022, -51.656, 1583.6022, -52.704, 1583.6022, -54.439, 1583.6022, -61.095, 1583.6022, -60.861,  , 
1583.6234, -52.396, 1583.6234, -51.665, 1583.6234, -52.734, 1583.6234, -54.532, 1583.6234, -61.004, 1583.6234, -61.387,  , 
1583.6447, -52.338, 1583.6447, -51.702, 1583.6447, -52.876, 1583.6447, -54.631, 1583.6447, -61.091, 1583.6447, -61.468,  , 
1583.6659, -52.332, 1583.6659, -51.719, 1583.6659, -52.880, 1583.6659, -54.755, 1583.6659, -61.531, 1583.6659, -61.142,  , 
1583.6872, -52.335, 1583.6872, -51.734, 1583.6872, -52.937, 1583.6872, -54.779, 1583.6872, -61.250, 1583.6872, -61.062,  , 
1583.7084, -52.321, 1583.7084, -51.760, 1583.7084, -52.988, 1583.7084, -54.955, 1583.7084, -61.929, 1583.7084, -61.065,  , 
1583.7297, -52.283, 1583.7297, -51.808, 1583.7297, -53.109, 1583.7297, -55.131, 1583.7297, -61.641, 1583.7297, -60.917,  , 
1583.7509, -52.296, 1583.7509, -51.805, 1583.7509, -53.148, 1583.7509, -55.156, 1583.7509, -61.864, 1583.7509, -61.131,  , 
1583.7722, -52.248, 1583.7722, -51.864, 1583.7722, -53.197, 1583.7722, -55.374, 1583.7722, -61.918, 1583.7722, -61.102,  , 
1583.7934, -52.241, 1583.7934, -51.840, 1583.7934, -53.320, 1583.7934, -55.477, 1583.7934, -62.511, 1583.7934, -60.742,  , 
1583.8147, -52.222, 1583.8147, -51.870, 1583.8147, -53.300, 1583.8147, -55.517, 1583.8147, -62.589, 1583.8147, -61.176,  , 
1583.8360, -52.196, 1583.8360, -51.922, 1583.8360, -53.366, 1583.8360, -55.642, 1583.8360, -62.141, 1583.8360, -60.961,  , 
1583.8572, -52.200, 1583.8572, -51.908, 1583.8572, -53.459, 1583.8572, -55.919, 1583.8572, -62.534, 1583.8572, -60.865,  , 
1583.8785, -52.191, 1583.8785, -51.933, 1583.8785, -53.540, 1583.8785, -55.872, 1583.8785, -62.782, 1583.8785, -60.657,  , 
1583.8997, -52.127, 1583.8997, -52.013, 1583.8997, -53.597, 1583.8997, -56.020, 1583.8997, -61.993, 1583.8997, -60.623,  , 
1583.9210, -52.144, 1583.9210, -52.013, 1583.9210, -53.650, 1583.9210, -56.156, 1583.9210, -63.049, 1583.9210, -60.507,  , 
1583.9422, -52.141, 1583.9422, -52.017, 1583.9422, -53.744, 1583.9422, -56.355, 1583.9422, -62.894, 1583.9422, -60.483,  , 
1583.9635, -52.116, 1583.9635, -52.062, 1583.9635, -53.848, 1583.9635, -56.441, 1583.9635, -63.010, 1583.9635, -60.187,  , 
1583.9847, -52.076, 1583.9847, -52.129, 1583.9847, -53.876, 1583.9847, -56.522, 1583.9847, -62.576, 1583.9847, -60.410,  , 
1584.0060, -52.118, 1584.0060, -52.079, 1584.0060, -53.977, 1584.0060, -56.852, 1584.0060, -62.705, 1584.0060, -60.123,  , 
1584.0273, -52.054, 1584.0273, -52.154, 1584.0273, -54.047, 1584.0273, -56.891, 1584.0273, -62.822, 1584.0273, -60.146,  , 
1584.0485, -52.050, 1584.0485, -52.203, 1584.0485, -54.138, 1584.0485, -57.089, 1584.0485, -62.747, 1584.0485, -60.412,  , 
1584.0698, -52.017, 1584.0698, -52.185, 1584.0698, -54.170, 1584.0698, -57.113, 1584.0698, -62.712, 1584.0698, -60.305,  , 
1584.0910, -52.018, 1584.0910, -52.268, 1584.0910, -54.299, 1584.0910, -57.380, 1584.0910, -63.027, 1584.0910, -60.230,  , 
1584.1123, -52.034, 1584.1123, -52.257, 1584.1123, -54.394, 1584.1123, -57.645, 1584.1123, -62.878, 1584.1123, -59.999,  , 
1584.1335, -51.992, 1584.1335, -52.323, 1584.1335, -54.460, 1584.1335, -57.535, 1584.1335, -62.527, 1584.1335, -60.150,  , 
1584.1548, -51.973, 1584.1548, -52.334, 1584.1548, -54.567, 1584.1548, -57.930, 1584.1548, -63.401, 1584.1548, -60.243,  , 
1584.1760, -51.993, 1584.1760, -52.383, 1584.1760, -54.679, 1584.1760, -57.970, 1584.1760, -62.933, 1584.1760, -59.930,  , 
1584.1973, -51.994, 1584.1973, -52.438, 1584.1973, -54.784, 1584.1973, -58.362, 1584.1973, -62.695, 1584.1973, -60.170,  , 
1584.2186, -51.938, 1584.2186, -52.455, 1584.2186, -54.856, 1584.2186, -58.357, 1584.2186, -62.882, 1584.2186, -60.221,  , 
1584.2398, -51.986, 1584.2398, -52.503, 1584.2398, -55.085, 1584.2398, -58.600, 1584.2398, -62.896, 1584.2398, -60.271,  , 
1584.2611, -51.962, 1584.2611, -52.555, 1584.2611, -55.081, 1584.2611, -58.759, 1584.2611, -62.752, 1584.2611, -60.309,  , 
1584.2823, -51.937, 1584.2823, -52.560, 1584.2823, -55.204, 1584.2823, -58.839, 1584.2823, -62.658, 1584.2823, -60.316,  , 
1584.3036, -51.975, 1584.3036, -52.565, 1584.3036, -55.367, 1584.3036, -59.088, 1584.3036, -62.819, 1584.3036, -60.268,  , 
1584.3248, -51.954, 1584.3248, -52.676, 1584.3248, -55.439, 1584.3248, -59.258, 1584.3248, -62.820, 1584.3248, -60.126,  , 
1584.3461, -51.980, 1584.3461, -52.695, 1584.3461, -55.524, 1584.3461, -59.356, 1584.3461, -62.745, 1584.3461, -60.389,  , 
1584.3673, -51.919, 1584.3673, -52.719, 1584.3673, -55.709, 1584.3673, -59.540, 1584.3673, -62.328, 1584.3673, -60.324,  , 
1584.3886, -51.925, 1584.3886, -52.758, 1584.3886, -55.800, 1584.3886, -59.755, 1584.3886, -62.639, 1584.3886, -60.247,  , 
1584.4099, -51.973, 1584.4099, -52.793, 1584.4099, -55.953, 1584.4099, -59.938, 1584.4099, -62.377, 1584.4099, -60.205,  , 
1584.4311, -51.917, 1584.4311, -52.859, 1584.4311, -55.985, 1584.4311, -59.888, 1584.4311, -61.999, 1584.4311, -60.408,  , 
1584.4524, -51.939, 1584.4524, -52.902, 1584.4524, -56.161, 1584.4524, -60.163, 1584.4524, -62.413, 1584.4524, -60.370,  , 
1584.4736, -51.949, 1584.4736, -52.939, 1584.4736, -56.306, 1584.4736, -60.388, 1584.4736, -62.084, 1584.4736, -60.313,  , 
1584.4949, -51.919, 1584.4949, -52.977, 1584.4949, -56.394, 1584.4949, -60.550, 1584.4949, -62.186, 1584.4949, -60.640,  , 
1584.5161, -51.947, 1584.5161, -53.094, 1584.5161, -56.516, 1584.5161, -60.869, 1584.5161, -62.223, 1584.5161, -60.386,  , 
1584.5374, -51.935, 1584.5374, -53.114, 1584.5374, -56.652, 1584.5374, -60.774, 1584.5374, -61.982, 1584.5374, -60.336,  , 
1584.5586, -51.957, 1584.5586, -53.172, 1584.5586, -56.795, 1584.5586, -60.657, 1584.5586, -61.565, 1584.5586, -60.524,  , 
1584.5799, -51.938, 1584.5799, -53.209, 1584.5799, -56.952, 1584.5799, -61.446, 1584.5799, -61.821, 1584.5799, -60.559,  , 
1584.6012, -51.955, 1584.6012, -53.285, 1584.6012, -57.207, 1584.6012, -61.009, 1584.6012, -61.794, 1584.6012, -60.720,  , 
1584.6224, -51.970, 1584.6224, -53.388, 1584.6224, -57.202, 1584.6224, -61.829, 1584.6224, -61.484, 1584.6224, -60.535,  , 
1584.6437, -51.954, 1584.6437, -53.415, 1584.6437, -57.412, 1584.6437, -61.766, 1584.6437, -61.527, 1584.6437, -60.922,  , 
1584.6649, -52.002, 1584.6649, -53.449, 1584.6649, -57.619, 1584.6649, -61.888, 1584.6649, -61.526, 1584.6649, -61.070,  , 
1584.6862, -51.988, 1584.6862, -53.467, 1584.6862, -57.891, 1584.6862, -62.032, 1584.6862, -61.365, 1584.6862, -61.030,  , 
1584.7074, -52.015, 1584.7074, -53.591, 1584.7074, -57.956, 1584.7074, -62.281, 1584.7074, -61.525, 1584.7074, -61.335,  , 
1584.7287, -51.991, 1584.7287, -53.680, 1584.7287, -58.220, 1584.7287, -62.297, 1584.7287, -61.158, 1584.7287, -61.314,  , 
1584.7499, -52.046, 1584.7499, -53.694, 1584.7499, -58.158, 1584.7499, -62.627, 1584.7499, -61.468, 1584.7499, -60.823,  , 
1584.7712, -52.037, 1584.7712, -53.794, 1584.7712, -58.544, 1584.7712, -62.677, 1584.7712, -61.068, 1584.7712, -61.251,  , 
1584.7924, -52.062, 1584.7924, -53.866, 1584.7924, -58.734, 1584.7924, -63.288, 1584.7924, -60.958, 1584.7924, -61.556,  , 
1584.8137, -52.094, 1584.8137, -53.939, 1584.8137, -58.779, 1584.8137, -62.930, 1584.8137, -61.163, 1584.8137, -61.393,  , 
1584.8350, -52.093, 1584.8350, -54.007, 1584.8350, -59.111, 1584.8350, -62.903, 1584.8350, -61.142, 1584.8350, -61.556,  , 
1584.8562, -52.164, 1584.8562, -54.108, 1584.8562, -59.178, 1584.8562, -63.061, 1584.8562, -60.823, 1584.8562, -61.899,  , 
1584.8775, -52.142, 1584.8775, -54.151, 1584.8775, -59.369, 1584.8775, -62.602, 1584.8775, -61.243, 1584.8775, -61.891,  , 
1584.8987, -52.148, 1584.8987, -54.204, 1584.8987, -59.638, 1584.8987, -63.234, 1584.8987, -60.762, 1584.8987, -61.612,  , 
1584.9200, -52.195, 1584.9200, -54.272, 1584.9200, -59.624, 1584.9200, -63.476, 1584.9200, -60.756, 1584.9200, -61.813,  , 
1584.9412, -52.205, 1584.9412, -54.293, 1584.9412, -59.864, 1584.9412, -63.124, 1584.9412, -60.659, 1584.9412, -62.038,  , 
1584.9625, -52.238, 1584.9625, -54.468, 1584.9625, -60.166, 1584.9625, -63.249, 1584.9625, -60.734, 1584.9625, -61.601,  , 
1584.9837, -52.218, 1584.9837, -54.574, 1584.9837, -60.198, 1584.9837, -63.262, 1584.9837, -60.814, 1584.9837, -61.812,  , 
1585.0050, -52.254, 1585.0050, -54.590, 1585.0050, -60.353, 1585.0050, -63.345, 1585.0050, -60.613, 1585.0050, -62.108,  , 
1585.0263, -52.276, 1585.0263, -54.691, 1585.0263, -60.477, 1585.0263, -63.232, 1585.0263, -60.596, 1585.0263, -62.002,  , 
1585.0475, -52.304, 1585.0475, -54.805, 1585.0475, -60.764, 1585.0475, -63.566, 1585.0475, -60.657, 1585.0475, -61.804,  , 
1585.0688, -52.274, 1585.0688, -54.967, 1585.0688, -60.717, 1585.0688, -62.971, 1585.0688, -60.541, 1585.0688, -61.887,  , 
1585.0900, -52.343, 1585.0900, -55.031, 1585.0900, -61.085, 1585.0900, -63.848, 1585.0900, -60.540, 1585.0900, -62.223,  , 
1585.1113, -52.354, 1585.1113, -55.060, 1585.1113, -61.138, 1585.1113, -63.417, 1585.1113, -60.538, 1585.1113, -61.846,  , 
1585.1325, -52.394, 1585.1325, -55.178, 1585.1325, -61.653, 1585.1325, -63.524, 1585.1325, -60.385, 1585.1325, -62.110,  , 
1585.1538, -52.399, 1585.1538, -55.379, 1585.1538, -61.498, 1585.1538, -63.121, 1585.1538, -60.379, 1585.1538, -62.400,  , 
1585.1750, -52.443, 1585.1750, -55.365, 1585.1750, -61.545, 1585.1750, -64.000, 1585.1750, -60.656, 1585.1750, -61.812,  , 
1585.1963, -52.452, 1585.1963, -55.549, 1585.1963, -61.824, 1585.1963, -63.687, 1585.1963, -60.471, 1585.1963, -61.980,  , 
1585.2176, -52.433, 1585.2176, -55.754, 1585.2176, -61.982, 1585.2176, -62.982, 1585.2176, -60.647, 1585.2176, -62.577,  , 
1585.2388, -52.543, 1585.2388, -55.747, 1585.2388, -62.171, 1585.2388, -63.642, 1585.2388, -60.686, 1585.2388, -62.011,  , 
1585.2601, -52.558, 1585.2601, -55.888, 1585.2601, -62.540, 1585.2601, -63.361, 1585.2601, -60.628, 1585.2601, -62.048,  , 
1585.2813, -52.586, 1585.2813, -56.026, 1585.2813, -62.588, 1585.2813, -62.936, 1585.2813, -60.435, 1585.2813, -62.076,  , 
1585.3026, -52.611, 1585.3026, -56.149, 1585.3026, -62.569, 1585.3026, -63.424, 1585.3026, -60.678, 1585.3026, -62.155,  , 
1585.3238, -52.661, 1585.3238, -56.162, 1585.3238, -63.132, 1585.3238, -63.196, 1585.3238, -60.841, 1585.3238, -61.742,  , 
1585.3451, -52.625, 1585.3451, -56.421, 1585.3451, -62.940, 1585.3451, -62.902, 1585.3451, -60.904, 1585.3451, -62.304,  , 
1585.3663, -52.729, 1585.3663, -56.428, 1585.3663, -62.582, 1585.3663, -62.882, 1585.3663, -60.608, 1585.3663, -61.629,  , 
1585.3876, -52.778, 1585.3876, -56.592, 1585.3876, -63.002, 1585.3876, -63.252, 1585.3876, -60.908, 1585.3876, -61.716,  , 
1585.4089, -52.770, 1585.4089, -56.620, 1585.4089, -63.197, 1585.4089, -62.944, 1585.4089, -60.920, 1585.4089, -61.417,  , 
1585.4301, -52.803, 1585.4301, -56.886, 1585.4301, -63.338, 1585.4301, -62.631, 1585.4301, -60.966, 1585.4301, -61.914,  , 
1585.4514, -52.847, 1585.4514, -57.030, 1585.4514, -63.364, 1585.4514, -62.620, 1585.4514, -60.916, 1585.4514, -61.596,  , 
1585.4726, -52.851, 1585.4726, -57.173, 1585.4726, -63.933, 1585.4726, -62.754, 1585.4726, -61.230, 1585.4726, -61.258,  , 
1585.4939, -52.921, 1585.4939, -57.260, 1585.4939, -63.415, 1585.4939, -62.099, 1585.4939, -60.827, 1585.4939, -61.777,  , 
1585.5151, -52.892, 1585.5151, -57.387, 1585.5151, -63.822, 1585.5151, -62.418, 1585.5151, -60.882, 1585.5151, -61.323,  , 
1585.5364, -53.023, 1585.5364, -57.539, 1585.5364, -63.480, 1585.5364, -62.493, 1585.5364, -61.270, 1585.5364, -61.353,  , 
1585.5576, -52.990, 1585.5576, -57.778, 1585.5576, -63.291, 1585.5576, -62.247, 1585.5576, -61.156, 1585.5576, -61.229,  , 
1585.5789, -53.051, 1585.5789, -57.885, 1585.5789, -63.482, 1585.5789, -61.912, 1585.5789, -61.528, 1585.5789, -60.896,  , 
1585.6002, -53.083, 1585.6002, -58.122, 1585.6002, -63.605, 1585.6002, -62.233, 1585.6002, -61.282, 1585.6002, -61.235,  , 
1585.6214, -53.152, 1585.6214, -58.126, 1585.6214, -63.370, 1585.6214, -62.152, 1585.6214, -61.579, 1585.6214, -60.684,  , 
1585.6427, -53.140, 1585.6427, -58.417, 1585.6427, -63.956, 1585.6427, -61.987, 1585.6427, -61.286, 1585.6427, -60.865,  , 
1585.6639, -53.212, 1585.6639, -58.746, 1585.6639, -63.841, 1585.6639, -61.830, 1585.6639, -61.633, 1585.6639, -60.797,  , 
1585.6852, -53.236, 1585.6852, -58.621, 1585.6852, -63.827, 1585.6852, -62.183, 1585.6852, -61.440, 1585.6852, -60.820,  , 
1585.7064, -53.291, 1585.7064, -59.028, 1585.7064, -63.760, 1585.7064, -62.007, 1585.7064, -61.683, 1585.7064, -60.696,  , 
1585.7277, -53.309, 1585.7277, -59.109, 1585.7277, -63.872, 1585.7277, -61.751, 1585.7277, -61.761, 1585.7277, -60.952,  , 
1585.7489, -53.358, 1585.7489, -59.251, 1585.7489, -63.489, 1585.7489, -61.718, 1585.7489, -62.192, 1585.7489, -60.520,  , 
1585.7702, -53.454, 1585.7702, -59.410, 1585.7702, -63.909, 1585.7702, -61.572, 1585.7702, -62.140, 1585.7702, -60.798,  , 
1585.7914, -53.469, 1585.7914, -59.716, 1585.7914, -63.611, 1585.7914, -61.631, 1585.7914, -61.918, 1585.7914, -60.723,  , 
1585.8127, -53.513, 1585.8127, -59.535, 1585.8127, -63.527, 1585.8127, -61.408, 1585.8127, -62.161, 1585.8127, -60.532,  , 
1585.8340, -53.608, 1585.8340, -60.046, 1585.8340, -63.548, 1585.8340, -61.829, 1585.8340, -61.948, 1585.8340, -60.387,  , 
1585.8552, -53.627, 1585.8552, -60.097, 1585.8552, -63.988, 1585.8552, -61.170, 1585.8552, -62.464, 1585.8552, -60.370,  , 
1585.8765, -53.707, 1585.8765, -60.408, 1585.8765, -63.021, 1585.8765, -61.392, 1585.8765, -62.416, 1585.8765, -60.462,  , 
1585.8977, -53.759, 1585.8977, -60.511, 1585.8977, -63.902, 1585.8977, -61.576, 1585.8977, -62.628, 1585.8977, -60.182,  , 
1585.9190, -53.849, 1585.9190, -60.469, 1585.9190, -63.767, 1585.9190, -61.340, 1585.9190, -62.256, 1585.9190, -60.156,  , 
1585.9402, -53.825, 1585.9402, -60.762, 1585.9402, -62.720, 1585.9402, -61.157, 1585.9402, -62.779, 1585.9402, -60.440,  , 
1585.9615, -53.931, 1585.9615, -60.731, 1585.9615, -63.203, 1585.9615, -60.762, 1585.9615, -62.622, 1585.9615, -60.148,  , 
1585.9827, -53.977, 1585.9827, -61.184, 1585.9827, -63.062, 1585.9827, -60.926, 1585.9827, -62.182, 1585.9827, -60.284,  , 
1586.0040, -54.079, 1586.0040, -61.430, 1586.0040, -62.952, 1586.0040, -60.846, 1586.0040, -62.325, 1586.0040, -60.084,  , 
1586.0253, -54.152, 1586.0253, -61.444, 1586.0253, -62.731, 1586.0253, -60.970, 1586.0253, -62.516, 1586.0253, -60.090,  , 
1586.0465, -54.203, 1586.0465, -61.699, 1586.0465, -63.175, 1586.0465, -61.273, 1586.0465, -62.474, 1586.0465, -60.073,  , 
1586.0678, -54.223, 1586.0678, -61.682, 1586.0678, -62.873, 1586.0678, -60.920, 1586.0678, -62.634, 1586.0678, -60.186,  , 
1586.0890, -54.221, 1586.0890, -61.993, 1586.0890, -62.728, 1586.0890, -60.933, 1586.0890, -62.275, 1586.0890, -59.973,  , 
1586.1103, -54.368, 1586.1103, -62.289, 1586.1103, -62.374, 1586.1103, -60.962, 1586.1103, -62.317, 1586.1103, -60.198,  , 
1586.1315, -54.442, 1586.1315, -62.203, 1586.1315, -62.232, 1586.1315, -60.934, 1586.1315, -62.448, 1586.1315, -59.952,  , 
1586.1528, -54.558, 1586.1528, -62.552, 1586.1528, -62.537, 1586.1528, -60.920, 1586.1528, -62.602, 1586.1528, -60.003,  , 
1586.1740, -54.585, 1586.1740, -62.733, 1586.1740, -62.470, 1586.1740, -60.983, 1586.1740, -62.591, 1586.1740, -60.122,  , 
1586.1953, -54.722, 1586.1953, -63.060, 1586.1953, -62.508, 1586.1953, -61.303, 1586.1953, -62.280, 1586.1953, -60.299,  , 
1586.2166, -54.738, 1586.2166, -63.012, 1586.2166, -62.494, 1586.2166, -60.850, 1586.2166, -62.004, 1586.2166, -60.150,  , 
1586.2378, -54.874, 1586.2378, -63.224, 1586.2378, -62.065, 1586.2378, -61.150, 1586.2378, -62.629, 1586.2378, -60.099,  , 
1586.2591, -54.864, 1586.2591, -62.967, 1586.2591, -62.447, 1586.2591, -60.840, 1586.2591, -62.117, 1586.2591, -60.164,  , 
1586.2803, -55.052, 1586.2803, -63.697, 1586.2803, -62.081, 1586.2803, -61.360, 1586.2803, -62.478, 1586.2803, -60.080,  , 
1586.3016, -55.120, 1586.3016, -63.894, 1586.3016, -62.171, 1586.3016, -61.216, 1586.3016, -62.255, 1586.3016, -60.250,  , 
1586.3228, -55.149, 1586.3228, -63.350, 1586.3228, -62.010, 1586.3228, -61.163, 1586.3228, -62.648, 1586.3228, -60.263,  , 
1586.3441, -55.431, 1586.3441, -63.370, 1586.3441, -62.135, 1586.3441, -61.164, 1586.3441, -61.964, 1586.3441, -60.308,  , 
1586.3653, -55.408, 1586.3653, -63.818, 1586.3653, -61.960, 1586.3653, -60.823, 1586.3653, -62.019, 1586.3653, -60.542,  , 
1586.3866, -55.470, 1586.3866, -64.265, 1586.3866, -61.746, 1586.3866, -61.050, 1586.3866, -61.856, 1586.3866, -60.278,  , 
1586.4079, -55.596, 1586.4079, -63.846, 1586.4079, -61.753, 1586.4079, -61.430, 1586.4079, -62.175, 1586.4079, -60.593,  , 
1586.4291, -55.636, 1586.4291, -63.895, 1586.4291, -61.499, 1586.4291, -61.409, 1586.4291, -61.917, 1586.4291, -60.388,  , 
1586.4504, -55.793, 1586.4504, -63.864, 1586.4504, -61.530, 1586.4504, -61.330, 1586.4504, -61.618, 1586.4504, -60.337,  , 
1586.4716, -55.854, 1586.4716, -63.716, 1586.4716, -61.694, 1586.4716, -61.269, 1586.4716, -61.548, 1586.4716, -60.397,  , 
1586.4929, -56.003, 1586.4929, -63.589, 1586.4929, -61.409, 1586.4929, -61.349, 1586.4929, -61.490, 1586.4929, -60.404,  , 
1586.5141, -56.113, 1586.5141, -64.145, 1586.5141, -61.452, 1586.5141, -61.511, 1586.5141, -61.634, 1586.5141, -60.561,  , 
1586.5354, -56.220, 1586.5354, -64.002, 1586.5354, -61.372, 1586.5354, -61.450, 1586.5354, -61.547, 1586.5354, -60.576,  , 
1586.5566, -56.315, 1586.5566, -63.447, 1586.5566, -61.459, 1586.5566, -61.280, 1586.5566, -61.191, 1586.5566, -60.486,  , 
1586.5779, -56.404, 1586.5779, -64.263, 1586.5779, -61.388, 1586.5779, -61.646, 1586.5779, -61.301, 1586.5779, -60.416,  , 
1586.5991, -56.695, 1586.5991, -64.123, 1586.5991, -61.083, 1586.5991, -61.970, 1586.5991, -61.298, 1586.5991, -60.756,  , 
1586.6204, -56.654, 1586.6204, -63.729, 1586.6204, -61.302, 1586.6204, -61.724, 1586.6204, -61.090, 1586.6204, -60.797,  , 
1586.6417, -56.764, 1586.6417, -64.797, 1586.6417, -61.347, 1586.6417, -61.774, 1586.6417, -60.880, 1586.6417, -60.528,  , 
1586.6629, -56.784, 1586.6629, -64.018, 1586.6629, -61.251, 1586.6629, -62.171, 1586.6629, -61.177, 1586.6629, -60.784,  , 
1586.6842, -57.171, 1586.6842, -64.505, 1586.6842, -60.959, 1586.6842, -62.055, 1586.6842, -60.761, 1586.6842, -60.560,  , 
1586.7054, -57.009, 1586.7054, -64.403, 1586.7054, -61.220, 1586.7054, -61.936, 1586.7054, -60.914, 1586.7054, -60.895,  , 
1586.7267, -57.291, 1586.7267, -64.498, 1586.7267, -61.057, 1586.7267, -62.371, 1586.7267, -60.798, 1586.7267, -60.783,  , 
1586.7479, -57.388, 1586.7479, -64.243, 1586.7479, -61.216, 1586.7479, -62.479, 1586.7479, -60.751, 1586.7479, -61.036,  , 
1586.7692, -57.537, 1586.7692, -63.803, 1586.7692, -61.300, 1586.7692, -62.714, 1586.7692, -60.834, 1586.7692, -60.850,  , 
1586.7904, -57.819, 1586.7904, -64.501, 1586.7904, -61.245, 1586.7904, -62.398, 1586.7904, -60.623, 1586.7904, -61.291,  , 
1586.8117, -57.917, 1586.8117, -63.878, 1586.8117, -61.412, 1586.8117, -62.303, 1586.8117, -60.620, 1586.8117, -61.055,  , 
1586.8330, -58.108, 1586.8330, -63.166, 1586.8330, -61.244, 1586.8330, -62.881, 1586.8330, -60.777, 1586.8330, -61.147,  , 
1586.8542, -58.317, 1586.8542, -63.766, 1586.8542, -61.405, 1586.8542, -62.671, 1586.8542, -60.798, 1586.8542, -60.995,  , 
1586.8755, -58.326, 1586.8755, -63.677, 1586.8755, -61.269, 1586.8755, -62.873, 1586.8755, -60.671, 1586.8755, -61.314,  , 
1586.8967, -58.546, 1586.8967, -63.723, 1586.8967, -61.113, 1586.8967, -62.964, 1586.8967, -60.497, 1586.8967, -60.982,  , 
1586.9180, -58.833, 1586.9180, -63.299, 1586.9180, -61.398, 1586.9180, -62.864, 1586.9180, -60.575, 1586.9180, -61.137,  , 
1586.9392, -58.970, 1586.9392, -63.590, 1586.9392, -61.300, 1586.9392, -62.393, 1586.9392, -60.491, 1586.9392, -61.376,  , 
1586.9605, -58.888, 1586.9605, -62.931, 1586.9605, -61.382, 1586.9605, -62.943, 1586.9605, -60.457, 1586.9605, -61.245,  , 
1586.9817, -59.186, 1586.9817, -63.116, 1586.9817, -61.672, 1586.9817, -63.109, 1586.9817, -60.586, 1586.9817, -61.149,  , 
1587.0030, -59.479, 1587.0030, -63.042, 1587.0030, -61.546, 1587.0030, -63.034, 1587.0030, -60.346, 1587.0030, -61.032,  , 
1587.0243, -59.427, 1587.0243, -62.827, 1587.0243, -61.526, 1587.0243, -62.592, 1587.0243, -60.589, 1587.0243, -61.127,  , 
1587.0455, -59.795, 1587.0455, -63.100, 1587.0455, -61.654, 1587.0455, -62.754, 1587.0455, -60.397, 1587.0455, -61.357,  , 
1587.0668, -59.887, 1587.0668, -62.645, 1587.0668, -61.604, 1587.0668, -63.085, 1587.0668, -60.453, 1587.0668, -61.107,  , 
1587.0880, -60.066, 1587.0880, -63.019, 1587.0880, -61.831, 1587.0880, -62.921, 1587.0880, -60.163, 1587.0880, -61.207,  , 
1587.1093, -60.373, 1587.1093, -62.959, 1587.1093, -61.683, 1587.1093, -62.828, 1587.1093, -60.369, 1587.1093, -61.044,  , 
1587.1305, -60.343, 1587.1305, -62.725, 1587.1305, -61.764, 1587.1305, -63.132, 1587.1305, -60.743, 1587.1305, -61.133,  , 
1587.1518, -60.431, 1587.1518, -62.853, 1587.1518, -61.757, 1587.1518, -63.321, 1587.1518, -60.302, 1587.1518, -61.014,  , 
1587.1730, -60.675, 1587.1730, -62.614, 1587.1730, -61.999, 1587.1730, -62.648, 1587.1730, -60.437, 1587.1730, -61.368,  , 
1587.1943, -61.066, 1587.1943, -62.737, 1587.1943, -61.936, 1587.1943, -63.202, 1587.1943, -60.509, 1587.1943, -61.273,  , 
1587.2156, -61.071, 1587.2156, -62.543, 1587.2156, -62.272, 1587.2156, -63.061, 1587.2156, -60.650, 1587.2156, -61.128,  , 
1587.2368, -61.273, 1587.2368, -62.670, 1587.2368, -62.320, 1587.2368, -62.954, 1587.2368, -60.482, 1587.2368, -61.418,  , 
1587.2581, -61.302, 1587.2581, -62.081, 1587.2581, -62.168, 1587.2581, -62.921, 1587.2581, -60.461, 1587.2581, -61.482,  , 
1587.2793, -61.861, 1587.2793, -62.116, 1587.2793, -62.320, 1587.2793, -62.774, 1587.2793, -60.461, 1587.2793, -61.112,  , 
1587.3006, -61.808, 1587.3006, -62.341, 1587.3006, -62.537, 1587.3006, -63.061, 1587.3006, -60.772, 1587.3006, -61.139,  , 
1587.3218, -61.931, 1587.3218, -61.945, 1587.3218, -62.430, 1587.3218, -62.396, 1587.3218, -60.692, 1587.3218, -61.165,  , 
1587.3431, -62.517, 1587.3431, -62.282, 1587.3431, -62.629, 1587.3431, -62.681, 1587.3431, -60.713, 1587.3431, -61.274,  , 
1587.3643, -62.378, 1587.3643, -61.910, 1587.3643, -62.905, 1587.3643, -62.761, 1587.3643, -61.004, 1587.3643, -61.117,  , 
1587.3856, -62.814, 1587.3856, -61.890, 1587.3856, -62.864, 1587.3856, -62.410, 1587.3856, -60.797, 1587.3856, -61.111,  , 
1587.4069, -62.832, 1587.4069, -61.690, 1587.4069, -63.027, 1587.4069, -62.317, 1587.4069, -60.700, 1587.4069, -61.126,  , 
1587.4281, -63.767, 1587.4281, -61.814, 1587.4281, -62.779, 1587.4281, -62.670, 1587.4281, -60.996, 1587.4281, -60.921,  , 
1587.4494, -62.767, 1587.4494, -61.661, 1587.4494, -63.182, 1587.4494, -61.879, 1587.4494, -60.868, 1587.4494, -61.030,  , 
1587.4706, -63.145, 1587.4706, -61.738, 1587.4706, -62.799, 1587.4706, -62.114, 1587.4706, -60.791, 1587.4706, -61.161,  , 
1587.4919, -63.743, 1587.4919, -61.283, 1587.4919, -63.288, 1587.4919, -62.176, 1587.4919, -60.997, 1587.4919, -61.049,  , 
1587.5131, -63.606, 1587.5131, -61.954, 1587.5131, -63.206, 1587.5131, -61.929, 1587.5131, -61.246, 1587.5131, -60.856,  , 
1587.5344, -63.803, 1587.5344, -61.832, 1587.5344, -62.650, 1587.5344, -61.495, 1587.5344, -61.111, 1587.5344, -61.142,  , 
1587.5556, -63.483, 1587.5556, -61.688, 1587.5556, -63.260, 1587.5556, -61.814, 1587.5556, -60.849, 1587.5556, -60.857,  , 
1587.5769, -63.820, 1587.5769, -61.262, 1587.5769, -63.433, 1587.5769, -61.579, 1587.5769, -61.101, 1587.5769, -60.681,  , 
1587.5981, -63.670, 1587.5981, -61.997, 1587.5981, -62.842, 1587.5981, -61.471, 1587.5981, -60.974, 1587.5981, -60.864,  , 
1587.6194, -63.807, 1587.6194, -61.564, 1587.6194, -63.572, 1587.6194, -61.732, 1587.6194, -61.027, 1587.6194, -60.742,  , 
1587.6407, -64.427, 1587.6407, -61.649, 1587.6407, -62.964, 1587.6407, -61.639, 1587.6407, -61.254, 1587.6407, -61.105,  , 
1587.6619, -64.677, 1587.6619, -61.793, 1587.6619, -63.035, 1587.6619, -61.106, 1587.6619, -61.368, 1587.6619, -60.665,  , 
1587.6832, -64.654, 1587.6832, -61.712, 1587.6832, -63.159, 1587.6832, -61.446, 1587.6832, -61.054, 1587.6832, -60.882,  , 
1587.7044, -64.365, 1587.7044, -61.459, 1587.7044, -63.593, 1587.7044, -61.305, 1587.7044, -61.326, 1587.7044, -60.488,  , 
1587.7257, -64.899, 1587.7257, -61.717, 1587.7257, -63.167, 1587.7257, -61.084, 1587.7257, -61.575, 1587.7257, -60.722,  , 
1587.7469, -64.601, 1587.7469, -61.808, 1587.7469, -63.352, 1587.7469, -61.196, 1587.7469, -61.021, 1587.7469, -60.822,  , 
1587.7682, -64.397, 1587.7682, -61.413, 1587.7682, -63.345, 1587.7682, -61.214, 1587.7682, -61.705, 1587.7682, -60.908,  , 
1587.7894, -65.350, 1587.7894, -61.871, 1587.7894, -63.437, 1587.7894, -61.192, 1587.7894, -61.511, 1587.7894, -60.718,  , 
1587.8107, -64.990, 1587.8107, -61.789, 1587.8107, -63.109, 1587.8107, -61.156, 1587.8107, -61.612, 1587.8107, -60.889,  , 
1587.8320, -64.557, 1587.8320, -61.749, 1587.8320, -63.029, 1587.8320, -61.098, 1587.8320, -61.648, 1587.8320, -60.703,  , 
1587.8532, -65.183, 1587.8532, -61.809, 1587.8532, -63.144, 1587.8532, -60.874, 1587.8532, -61.560, 1587.8532, -60.615,  , 
1587.8745, -66.066, 1587.8745, -61.912, 1587.8745, -63.497, 1587.8745, -60.896, 1587.8745, -61.447, 1587.8745, -60.826,  , 
1587.8957, -64.766, 1587.8957, -61.800, 1587.8957, -62.844, 1587.8957, -61.115, 1587.8957, -61.549, 1587.8957, -60.791,  , 
1587.9170, -64.867, 1587.9170, -61.832, 1587.9170, -63.159, 1587.9170, -60.822, 1587.9170, -61.875, 1587.9170, -60.732,  , 
1587.9382, -65.506, 1587.9382, -61.781, 1587.9382, -62.967, 1587.9382, -60.936, 1587.9382, -61.464, 1587.9382, -60.602,  , 
1587.9595, -65.500, 1587.9595, -62.068, 1587.9595, -62.805, 1587.9595, -60.833, 1587.9595, -61.661, 1587.9595, -60.762,  , 
1587.9807, -64.649, 1587.9807, -61.922, 1587.9807, -63.105, 1587.9807, -60.943, 1587.9807, -61.791, 1587.9807, -60.858,  , 
1588.0020, -65.042, 1588.0020, -61.892, 1588.0020, -62.321, 1588.0020, -60.981, 1588.0020, -61.496, 1588.0020, -60.614,  , 
1588.0233, -64.438, 1588.0233, -62.259, 1588.0233, -62.514, 1588.0233, -60.612, 1588.0233, -61.613, 1588.0233, -60.775,  , 
1588.0445, -64.571, 1588.0445, -62.245, 1588.0445, -62.472, 1588.0445, -60.673, 1588.0445, -61.518, 1588.0445, -60.583,  , 
1588.0658, -64.893, 1588.0658, -61.961, 1588.0658, -62.259, 1588.0658, -60.972, 1588.0658, -62.067, 1588.0658, -60.694,  , 
1588.0870, -64.395, 1588.0870, -62.202, 1588.0870, -62.278, 1588.0870, -60.848, 1588.0870, -61.132, 1588.0870, -60.624,  , 
1588.1083, -64.759, 1588.1083, -62.870, 1588.1083, -62.110, 1588.1083, -60.818, 1588.1083, -61.730, 1588.1083, -60.865,  , 
1588.1295, -65.191, 1588.1295, -62.217, 1588.1295, -61.868, 1588.1295, -60.856, 1588.1295, -61.763, 1588.1295, -60.560,  , 
1588.1508, -64.492, 1588.1508, -62.149, 1588.1508, -62.120, 1588.1508, -60.802, 1588.1508, -61.500, 1588.1508, -60.606,  , 
1588.1720, -64.270, 1588.1720, -62.993, 1588.1720, -61.872, 1588.1720, -60.723, 1588.1720, -61.612, 1588.1720, -60.780,  , 
1588.1933, -63.601, 1588.1933, -62.550, 1588.1933, -61.509, 1588.1933, -60.925, 1588.1933, -61.443, 1588.1933, -60.805,  , 
1588.2146, -64.897, 1588.2146, -62.936, 1588.2146, -61.793, 1588.2146, -60.918, 1588.2146, -61.567, 1588.2146, -60.892,  , 
1588.2358, -64.290, 1588.2358, -63.053, 1588.2358, -61.763, 1588.2358, -61.346, 1588.2358, -61.725, 1588.2358, -60.891,  , 
1588.2571, -63.894, 1588.2571, -63.608, 1588.2571, -61.481, 1588.2571, -60.817, 1588.2571, -61.899, 1588.2571, -60.983,  , 
1588.2783, -63.734, 1588.2783, -63.200, 1588.2783, -61.444, 1588.2783, -61.147, 1588.2783, -61.582, 1588.2783, -60.971,  , 
1588.2996, -64.390, 1588.2996, -63.182, 1588.2996, -61.832, 1588.2996, -61.124, 1588.2996, -61.582, 1588.2996, -60.798,  , 
1588.3208, -63.717, 1588.3208, -63.486, 1588.3208, -61.403, 1588.3208, -61.334, 1588.3208, -61.469, 1588.3208, -60.934,  , 
1588.3421, -63.627, 1588.3421, -63.109, 1588.3421, -61.752, 1588.3421, -61.107, 1588.3421, -61.454, 1588.3421, -61.167,  , 
1588.3633, -63.600, 1588.3633, -62.957, 1588.3633, -61.528, 1588.3633, -61.258, 1588.3633, -61.725, 1588.3633, -61.109,  , 
1588.3846, -63.960, 1588.3846, -64.331, 1588.3846, -61.395, 1588.3846, -61.268, 1588.3846, -61.147, 1588.3846, -60.868,  , 
1588.4059, -63.565, 1588.4059, -62.792, 1588.4059, -61.439, 1588.4059, -61.046, 1588.4059, -61.568, 1588.4059, -61.150,  , 
1588.4271, -63.595, 1588.4271, -63.886, 1588.4271, -61.265, 1588.4271, -61.349, 1588.4271, -61.496, 1588.4271, -61.280,  , 
1588.4484, -63.788, 1588.4484, -63.728, 1588.4484, -61.133, 1588.4484, -61.157, 1588.4484, -61.468, 1588.4484, -61.048,  , 
1588.4696, -63.041, 1588.4696, -63.876, 1588.4696, -61.310, 1588.4696, -61.427, 1588.4696, -61.405, 1588.4696, -61.135,  , 
1588.4909, -63.677, 1588.4909, -63.477, 1588.4909, -61.106, 1588.4909, -61.209, 1588.4909, -61.218, 1588.4909, -60.952,  , 
1588.5121, -63.398, 1588.5121, -63.389, 1588.5121, -61.597, 1588.5121, -61.314, 1588.5121, -61.057, 1588.5121, -61.165,  , 
1588.5334, -63.249, 1588.5334, -63.430, 1588.5334, -60.685, 1588.5334, -61.237, 1588.5334, -60.877, 1588.5334, -61.204,  , 
1588.5546, -63.248, 1588.5546, -63.942, 1588.5546, -61.243, 1588.5546, -61.600, 1588.5546, -61.350, 1588.5546, -60.976,  , 
1588.5759, -63.180, 1588.5759, -63.829, 1588.5759, -60.975, 1588.5759, -61.350, 1588.5759, -60.911, 1588.5759, -61.130,  , 
1588.5971, -62.950, 1588.5971, -63.762, 1588.5971, -61.407, 1588.5971, -61.234, 1588.5971, -61.365, 1588.5971, -61.091,  , 
1588.6184, -62.551, 1588.6184, -63.909, 1588.6184, -60.843, 1588.6184, -61.625, 1588.6184, -60.893, 1588.6184, -61.354,  , 
1588.6397, -63.045, 1588.6397, -63.865, 1588.6397, -61.182, 1588.6397, -61.748, 1588.6397, -61.053, 1588.6397, -61.058,  , 
1588.6609, -62.751, 1588.6609, -63.912, 1588.6609, -61.160, 1588.6609, -61.685, 1588.6609, -61.057, 1588.6609, -61.340,  , 
1588.6822, -62.350, 1588.6822, -63.850, 1588.6822, -61.037, 1588.6822, -61.473, 1588.6822, -60.999, 1588.6822, -61.499,  , 
1588.7034, -62.831, 1588.7034, -63.551, 1588.7034, -61.257, 1588.7034, -62.004, 1588.7034, -61.179, 1588.7034, -61.250,  , 
1588.7247, -62.470, 1588.7247, -63.986, 1588.7247, -61.242, 1588.7247, -61.823, 1588.7247, -61.333, 1588.7247, -61.422,  , 
1588.7459, -62.656, 1588.7459, -63.603, 1588.7459, -61.113, 1588.7459, -61.790, 1588.7459, -61.145, 1588.7459, -61.318,  , 
1588.7672, -62.513, 1588.7672, -63.987, 1588.7672, -61.156, 1588.7672, -62.080, 1588.7672, -61.019, 1588.7672, -61.527,  , 
1588.7884, -62.348, 1588.7884, -63.491, 1588.7884, -61.469, 1588.7884, -62.084, 1588.7884, -61.316, 1588.7884, -61.628,  , 
1588.8097, -62.396, 1588.8097, -63.343, 1588.8097, -61.175, 1588.8097, -61.720, 1588.8097, -61.022, 1588.8097, -61.428,  , 
1588.8310, -62.608, 1588.8310, -63.406, 1588.8310, -61.330, 1588.8310, -62.183, 1588.8310, -61.254, 1588.8310, -61.209,  , 
1588.8522, -63.039, 1588.8522, -63.083, 1588.8522, -61.191, 1588.8522, -62.120, 1588.8522, -61.109, 1588.8522, -61.704,  , 
1588.8735, -62.571, 1588.8735, -63.113, 1588.8735, -61.589, 1588.8735, -61.946, 1588.8735, -61.135, 1588.8735, -61.400,  , 
1588.8947, -62.444, 1588.8947, -63.212, 1588.8947, -61.341, 1588.8947, -62.116, 1588.8947, -60.964, 1588.8947, -61.437,  , 
1588.9160, -62.743, 1588.9160, -62.911, 1588.9160, -61.541, 1588.9160, -62.365, 1588.9160, -61.208, 1588.9160, -61.600,  , 
1588.9372, -62.295, 1588.9372, -63.029, 1588.9372, -61.255, 1588.9372, -62.075, 1588.9372, -61.143, 1588.9372, -61.277,  , 
1588.9585, -62.530, 1588.9585, -63.215, 1588.9585, -61.533, 1588.9585, -61.722, 1588.9585, -60.989, 1588.9585, -61.516,  , 
1588.9797, -62.438, 1588.9797, -63.109, 1588.9797, -61.588, 1588.9797, -62.015, 1588.9797, -61.095, 1588.9797, -61.412,  , 
1589.0010, -62.538, 1589.0010, -62.539, 1589.0010, -61.507, 1589.0010, -62.210, 1589.0010, -61.335, 1589.0010, -61.290,  , 
1589.0223, -62.438, 1589.0223, -62.971, 1589.0223, -61.505, 1589.0223, -62.072, 1589.0223, -61.065, 1589.0223, -61.020,  , 
1589.0435, -62.329, 1589.0435, -62.906, 1589.0435, -61.713, 1589.0435, -61.880, 1589.0435, -61.467, 1589.0435, -61.329,  , 
1589.0648, -62.427, 1589.0648, -62.066, 1589.0648, -61.399, 1589.0648, -62.243, 1589.0648, -61.025, 1589.0648, -61.288,  , 
1589.0860, -62.405, 1589.0860, -61.991, 1589.0860, -61.819, 1589.0860, -61.913, 1589.0860, -60.830, 1589.0860, -61.090,  , 
1589.1073, -62.458, 1589.1073, -62.810, 1589.1073, -61.451, 1589.1073, -62.419, 1589.1073, -61.266, 1589.1073, -61.073,  , 
1589.1285, -62.379, 1589.1285, -62.304, 1589.1285, -61.657, 1589.1285, -62.202, 1589.1285, -61.232, 1589.1285, -61.247,  , 
1589.1498, -62.602, 1589.1498, -62.056, 1589.1498, -61.876, 1589.1498, -62.003, 1589.1498, -61.337, 1589.1498, -61.004,  , 
1589.1710, -62.067, 1589.1710, -62.373, 1589.1710, -61.700, 1589.1710, -61.934, 1589.1710, -61.118, 1589.1710, -61.167,  , 
1589.1923, -62.507, 1589.1923, -62.196, 1589.1923, -61.693, 1589.1923, -62.056, 1589.1923, -61.051, 1589.1923, -61.152,  , 
1589.2136, -62.265, 1589.2136, -62.081, 1589.2136, -61.947, 1589.2136, -62.163, 1589.2136, -61.259, 1589.2136, -61.142,  , 
1589.2348, -63.001, 1589.2348, -62.408, 1589.2348, -61.908, 1589.2348, -62.317, 1589.2348, -61.080, 1589.2348, -61.073,  , 
1589.2561, -62.518, 1589.2561, -61.916, 1589.2561, -62.016, 1589.2561, -61.911, 1589.2561, -61.357, 1589.2561, -60.978,  , 
1589.2773, -62.796, 1589.2773, -62.224, 1589.2773, -62.053, 1589.2773, -62.243, 1589.2773, -61.459, 1589.2773, -60.917,  , 
1589.2986, -63.061, 1589.2986, -61.690, 1589.2986, -62.258, 1589.2986, -62.224, 1589.2986, -61.871, 1589.2986, -60.982,  , 
1589.3198, -62.772, 1589.3198, -61.855, 1589.3198, -62.232, 1589.3198, -61.959, 1589.3198, -61.255, 1589.3198, -60.857,  , 
1589.3411, -63.426, 1589.3411, -61.643, 1589.3411, -62.145, 1589.3411, -62.110, 1589.3411, -61.452, 1589.3411, -60.945,  , 
1589.3623, -63.112, 1589.3623, -61.649, 1589.3623, -62.079, 1589.3623, -62.105, 1589.3623, -61.618, 1589.3623, -60.949,  , 
1589.3836, -63.139, 1589.3836, -61.654, 1589.3836, -62.595, 1589.3836, -61.624, 1589.3836, -61.870, 1589.3836, -60.926,  , 
1589.4049, -62.919, 1589.4049, -61.749, 1589.4049, -62.189, 1589.4049, -61.934, 1589.4049, -61.419, 1589.4049, -61.040,  , 
1589.4261, -63.707, 1589.4261, -61.692, 1589.4261, -62.301, 1589.4261, -61.884, 1589.4261, -61.669, 1589.4261, -61.196,  , 
1589.4474, -63.881, 1589.4474, -61.330, 1589.4474, -62.281, 1589.4474, -61.765, 1589.4474, -61.897, 1589.4474, -60.684,  , 
1589.4686, -63.520, 1589.4686, -61.472, 1589.4686, -62.318, 1589.4686, -61.564, 1589.4686, -61.474, 1589.4686, -60.792,  , 
1589.4899, -63.400, 1589.4899, -61.500, 1589.4899, -62.612, 1589.4899, -61.847, 1589.4899, -61.851, 1589.4899, -60.589,  , 
1589.5111, -63.898, 1589.5111, -61.265, 1589.5111, -62.287, 1589.5111, -61.738, 1589.5111, -61.606, 1589.5111, -60.602,  , 
1589.5324, -62.931, 1589.5324, -61.573, 1589.5324, -62.344, 1589.5324, -61.362, 1589.5324, -61.639, 1589.5324, -60.767,  , 
1589.5536, -63.706, 1589.5536, -61.461, 1589.5536, -62.205, 1589.5536, -61.543, 1589.5536, -62.027, 1589.5536, -60.579,  , 
1589.5749, -63.664, 1589.5749, -61.417, 1589.5749, -62.305, 1589.5749, -61.706, 1589.5749, -61.693, 1589.5749, -60.595,  , 
1589.5961, -63.439, 1589.5961, -61.628, 1589.5961, -62.296, 1589.5961, -61.690, 1589.5961, -61.645, 1589.5961, -60.647,  , 
1589.6174, -64.176, 1589.6174, -61.747, 1589.6174, -62.262, 1589.6174, -61.426, 1589.6174, -61.582, 1589.6174, -60.528,  , 
1589.6387, -63.908, 1589.6387, -61.178, 1589.6387, -62.503, 1589.6387, -61.348, 1589.6387, -61.812, 1589.6387, -60.658,  , 
1589.6599, -64.396, 1589.6599, -61.559, 1589.6599, -62.398, 1589.6599, -61.539, 1589.6599, -61.457, 1589.6599, -60.276,  , 
1589.6812, -63.568, 1589.6812, -61.910, 1589.6812, -62.045, 1589.6812, -61.611, 1589.6812, -61.578, 1589.6812, -60.366,  , 
1589.7024, -64.316, 1589.7024, -61.671, 1589.7024, -62.040, 1589.7024, -61.499, 1589.7024, -61.742, 1589.7024, -60.678,  , 
1589.7237, -64.456, 1589.7237, -61.773, 1589.7237, -62.296, 1589.7237, -61.560, 1589.7237, -62.151, 1589.7237, -60.177,  , 
1589.7449, -64.771, 1589.7449, -61.750, 1589.7449, -62.688, 1589.7449, -61.848, 1589.7449, -61.779, 1589.7449, -60.673,  , 
1589.7662, -64.445, 1589.7662, -62.016, 1589.7662, -62.128, 1589.7662, -61.715, 1589.7662, -61.614, 1589.7662, -60.449,  , 
1589.7874, -64.082, 1589.7874, -61.662, 1589.7874, -62.333, 1589.7874, -61.457, 1589.7874, -61.979, 1589.7874, -60.354,  , 
1589.8087, -65.066, 1589.8087, -62.051, 1589.8087, -62.655, 1589.8087, -61.749, 1589.8087, -61.648, 1589.8087, -60.525,  , 
1589.8300, -64.891, 1589.8300, -61.706, 1589.8300, -62.424, 1589.8300, -61.363, 1589.8300, -61.778, 1589.8300, -60.352,  , 
1589.8512, -65.057, 1589.8512, -61.789, 1589.8512, -62.084, 1589.8512, -62.213, 1589.8512, -61.904, 1589.8512, -60.525,  , 
1589.8725, -64.308, 1589.8725, -61.898, 1589.8725, -62.519, 1589.8725, -61.316, 1589.8725, -61.905, 1589.8725, -60.355,  , 
1589.8937, -64.937, 1589.8937, -62.299, 1589.8937, -62.072, 1589.8937, -61.412, 1589.8937, -61.611, 1589.8937, -60.424,  , 
1589.9150, -64.925, 1589.9150, -62.214, 1589.9150, -62.349, 1589.9150, -61.685, 1589.9150, -61.839, 1589.9150, -60.410,  , 
1589.9362, -65.181, 1589.9362, -61.818, 1589.9362, -62.300, 1589.9362, -61.619, 1589.9362, -61.696, 1589.9362, -60.254,  , 
1589.9575, -64.997, 1589.9575, -62.135, 1589.9575, -62.457, 1589.9575, -61.481, 1589.9575, -61.334, 1589.9575, -60.185,  , 
1589.9787, -64.385, 1589.9787, -62.015, 1589.9787, -61.689, 1589.9787, -61.489, 1589.9787, -61.781, 1589.9787, -60.449,  , 
1590.0000, -65.009, 1590.0000, -62.019, 1590.0000, -61.962, 1590.0000, -61.215, 1590.0000, -61.639, 1590.0000, -60.322,  , 
