1505.0000, -63.443, 1505.0000, -61.204, 1505.0000, -60.365, 1505.0000, -59.291, 1505.0000, -59.187,  , ,  , 
1505.0213, -63.473, 1505.0213, -61.242, 1505.0213, -60.430, 1505.0213, -59.550, 1505.0213, -59.254,  , ,  , 
1505.0425, -63.816, 1505.0425, -61.058, 1505.0425, -60.113, 1505.0425, -59.060, 1505.0425, -59.131,  , ,  , 
1505.0638, -63.499, 1505.0638, -61.219, 1505.0638, -60.293, 1505.0638, -59.306, 1505.0638, -58.939,  , ,  , 
1505.0850, -63.164, 1505.0850, -60.898, 1505.0850, -60.229, 1505.0850, -59.371, 1505.0850, -59.145,  , ,  , 
1505.1063, -63.472, 1505.1063, -60.977, 1505.1063, -60.437, 1505.1063, -59.181, 1505.1063, -59.100,  , ,  , 
1505.1275, -63.457, 1505.1275, -61.044, 1505.1275, -60.044, 1505.1275, -59.351, 1505.1275, -59.082,  , ,  , 
1505.1488, -62.991, 1505.1488, -61.184, 1505.1488, -60.101, 1505.1488, -59.282, 1505.1488, -59.024,  , ,  , 
1505.1700, -62.730, 1505.1700, -60.729, 1505.1700, -60.045, 1505.1700, -59.474, 1505.1700, -59.200,  , ,  , 
1505.1913, -63.379, 1505.1913, -60.851, 1505.1913, -60.107, 1505.1913, -59.193, 1505.1913, -59.084,  , ,  , 
1505.2126, -63.028, 1505.2126, -60.844, 1505.2126, -59.933, 1505.2126, -59.069, 1505.2126, -59.083,  , ,  , 
1505.2338, -62.522, 1505.2338, -60.722, 1505.2338, -60.109, 1505.2338, -59.135, 1505.2338, -59.083,  , ,  , 
1505.2551, -62.819, 1505.2551, -60.766, 1505.2551, -59.801, 1505.2551, -59.175, 1505.2551, -59.079,  , ,  , 
1505.2763, -62.606, 1505.2763, -60.652, 1505.2763, -59.898, 1505.2763, -59.113, 1505.2763, -59.041,  , ,  , 
1505.2976, -62.615, 1505.2976, -60.851, 1505.2976, -59.756, 1505.2976, -59.163, 1505.2976, -59.028,  , ,  , 
1505.3188, -62.705, 1505.3188, -60.739, 1505.3188, -59.772, 1505.3188, -58.980, 1505.3188, -58.896,  , ,  , 
1505.3401, -62.741, 1505.3401, -60.426, 1505.3401, -59.889, 1505.3401, -59.033, 1505.3401, -59.030,  , ,  , 
1505.3613, -62.416, 1505.3613, -60.449, 1505.3613, -59.825, 1505.3613, -58.967, 1505.3613, -59.028,  , ,  , 
1505.3826, -62.419, 1505.3826, -60.622, 1505.3826, -59.527, 1505.3826, -59.024, 1505.3826, -58.995,  , ,  , 
1505.4039, -62.203, 1505.4039, -60.552, 1505.4039, -59.811, 1505.4039, -58.992, 1505.4039, -58.810,  , ,  , 
1505.4251, -62.092, 1505.4251, -60.311, 1505.4251, -59.573, 1505.4251, -58.866, 1505.4251, -58.918,  , ,  , 
1505.4464, -62.094, 1505.4464, -60.285, 1505.4464, -59.818, 1505.4464, -59.173, 1505.4464, -58.822,  , ,  , 
1505.4676, -62.010, 1505.4676, -60.606, 1505.4676, -59.653, 1505.4676, -58.849, 1505.4676, -58.811,  , ,  , 
1505.4889, -61.993, 1505.4889, -60.236, 1505.4889, -59.640, 1505.4889, -58.921, 1505.4889, -58.854,  , ,  , 
1505.5101, -62.277, 1505.5101, -60.117, 1505.5101, -59.646, 1505.5101, -58.840, 1505.5101, -59.036,  , ,  , 
1505.5314, -62.323, 1505.5314, -60.153, 1505.5314, -59.490, 1505.5314, -58.802, 1505.5314, -58.762,  , ,  , 
1505.5526, -61.821, 1505.5526, -60.024, 1505.5526, -59.552, 1505.5526, -58.968, 1505.5526, -58.892,  , ,  , 
1505.5739, -61.948, 1505.5739, -60.044, 1505.5739, -59.508, 1505.5739, -58.970, 1505.5739, -58.750,  , ,  , 
1505.5951, -62.068, 1505.5951, -60.146, 1505.5951, -59.268, 1505.5951, -58.967, 1505.5951, -58.764,  , ,  , 
1505.6164, -61.733, 1505.6164, -59.775, 1505.6164, -59.333, 1505.6164, -58.869, 1505.6164, -58.964,  , ,  , 
1505.6377, -61.805, 1505.6377, -60.099, 1505.6377, -59.463, 1505.6377, -58.771, 1505.6377, -58.901,  , ,  , 
1505.6589, -61.927, 1505.6589, -59.867, 1505.6589, -59.400, 1505.6589, -58.809, 1505.6589, -58.915,  , ,  , 
1505.6802, -61.675, 1505.6802, -59.888, 1505.6802, -59.437, 1505.6802, -58.947, 1505.6802, -59.047,  , ,  , 
1505.7014, -61.297, 1505.7014, -59.899, 1505.7014, -59.488, 1505.7014, -58.803, 1505.7014, -58.710,  , ,  , 
1505.7227, -61.806, 1505.7227, -59.772, 1505.7227, -59.191, 1505.7227, -58.730, 1505.7227, -59.034,  , ,  , 
1505.7439, -61.757, 1505.7439, -59.689, 1505.7439, -59.266, 1505.7439, -59.041, 1505.7439, -58.877,  , ,  , 
1505.7652, -61.389, 1505.7652, -59.703, 1505.7652, -59.303, 1505.7652, -58.875, 1505.7652, -58.801,  , ,  , 
1505.7864, -61.055, 1505.7864, -59.751, 1505.7864, -59.179, 1505.7864, -58.819, 1505.7864, -58.780,  , ,  , 
1505.8077, -61.239, 1505.8077, -59.583, 1505.8077, -59.321, 1505.8077, -58.640, 1505.8077, -58.933,  , ,  , 
1505.8290, -61.161, 1505.8290, -59.675, 1505.8290, -59.298, 1505.8290, -58.778, 1505.8290, -58.791,  , ,  , 
1505.8502, -61.175, 1505.8502, -59.520, 1505.8502, -59.146, 1505.8502, -58.774, 1505.8502, -58.800,  , ,  , 
1505.8715, -61.169, 1505.8715, -59.507, 1505.8715, -58.935, 1505.8715, -58.673, 1505.8715, -58.665,  , ,  , 
1505.8927, -60.930, 1505.8927, -59.538, 1505.8927, -59.161, 1505.8927, -58.752, 1505.8927, -58.933,  , ,  , 
1505.9140, -61.098, 1505.9140, -59.480, 1505.9140, -58.899, 1505.9140, -58.590, 1505.9140, -58.808,  , ,  , 
1505.9352, -61.008, 1505.9352, -59.235, 1505.9352, -59.124, 1505.9352, -58.569, 1505.9352, -58.682,  , ,  , 
1505.9565, -60.748, 1505.9565, -59.531, 1505.9565, -58.955, 1505.9565, -58.577, 1505.9565, -58.659,  , ,  , 
1505.9777, -60.808, 1505.9777, -59.488, 1505.9777, -58.875, 1505.9777, -58.537, 1505.9777, -58.693,  , ,  , 
1505.9990, -60.685, 1505.9990, -59.220, 1505.9990, -58.924, 1505.9990, -58.643, 1505.9990, -58.743,  , ,  , 
1506.0203, -60.684, 1506.0203, -59.327, 1506.0203, -58.999, 1506.0203, -58.424, 1506.0203, -58.658,  , ,  , 
1506.0415, -60.848, 1506.0415, -59.323, 1506.0415, -58.885, 1506.0415, -58.674, 1506.0415, -58.799,  , ,  , 
1506.0628, -60.666, 1506.0628, -59.202, 1506.0628, -59.038, 1506.0628, -58.699, 1506.0628, -58.798,  , ,  , 
1506.0840, -60.639, 1506.0840, -59.188, 1506.0840, -58.925, 1506.0840, -58.627, 1506.0840, -58.530,  , ,  , 
1506.1053, -60.448, 1506.1053, -59.109, 1506.1053, -58.755, 1506.1053, -58.459, 1506.1053, -58.841,  , ,  , 
1506.1265, -60.496, 1506.1265, -59.008, 1506.1265, -58.896, 1506.1265, -58.639, 1506.1265, -58.571,  , ,  , 
1506.1478, -60.429, 1506.1478, -58.971, 1506.1478, -58.915, 1506.1478, -58.560, 1506.1478, -58.701,  , ,  , 
1506.1690, -60.371, 1506.1690, -59.063, 1506.1690, -58.946, 1506.1690, -58.582, 1506.1690, -58.890,  , ,  , 
1506.1903, -60.737, 1506.1903, -59.071, 1506.1903, -58.848, 1506.1903, -58.516, 1506.1903, -58.508,  , ,  , 
1506.2116, -60.231, 1506.2116, -58.862, 1506.2116, -58.660, 1506.2116, -58.663, 1506.2116, -58.784,  , ,  , 
1506.2328, -60.417, 1506.2328, -59.115, 1506.2328, -58.739, 1506.2328, -58.651, 1506.2328, -58.747,  , ,  , 
1506.2541, -60.184, 1506.2541, -58.837, 1506.2541, -58.887, 1506.2541, -58.538, 1506.2541, -58.591,  , ,  , 
1506.2753, -60.068, 1506.2753, -58.948, 1506.2753, -58.676, 1506.2753, -58.396, 1506.2753, -58.656,  , ,  , 
1506.2966, -60.191, 1506.2966, -58.911, 1506.2966, -58.795, 1506.2966, -58.539, 1506.2966, -58.733,  , ,  , 
1506.3178, -60.139, 1506.3178, -58.850, 1506.3178, -58.820, 1506.3178, -58.454, 1506.3178, -58.611,  , ,  , 
1506.3391, -59.897, 1506.3391, -58.814, 1506.3391, -58.591, 1506.3391, -58.498, 1506.3391, -58.661,  , ,  , 
1506.3603, -60.066, 1506.3603, -58.946, 1506.3603, -58.667, 1506.3603, -58.540, 1506.3603, -58.652,  , ,  , 
1506.3816, -59.890, 1506.3816, -58.523, 1506.3816, -58.635, 1506.3816, -58.465, 1506.3816, -58.680,  , ,  , 
1506.4029, -59.925, 1506.4029, -58.598, 1506.4029, -58.758, 1506.4029, -58.287, 1506.4029, -58.726,  , ,  , 
1506.4241, -59.954, 1506.4241, -58.819, 1506.4241, -58.574, 1506.4241, -58.464, 1506.4241, -58.637,  , ,  , 
1506.4454, -59.895, 1506.4454, -58.632, 1506.4454, -58.564, 1506.4454, -58.504, 1506.4454, -58.630,  , ,  , 
1506.4666, -59.730, 1506.4666, -58.734, 1506.4666, -58.439, 1506.4666, -58.339, 1506.4666, -58.714,  , ,  , 
1506.4879, -59.945, 1506.4879, -58.495, 1506.4879, -58.415, 1506.4879, -58.498, 1506.4879, -58.658,  , ,  , 
1506.5091, -59.553, 1506.5091, -58.610, 1506.5091, -58.550, 1506.5091, -58.370, 1506.5091, -58.531,  , ,  , 
1506.5304, -59.677, 1506.5304, -58.844, 1506.5304, -58.395, 1506.5304, -58.284, 1506.5304, -58.681,  , ,  , 
1506.5516, -59.714, 1506.5516, -58.459, 1506.5516, -58.514, 1506.5516, -58.356, 1506.5516, -58.554,  , ,  , 
1506.5729, -59.530, 1506.5729, -58.445, 1506.5729, -58.424, 1506.5729, -58.453, 1506.5729, -58.669,  , ,  , 
1506.5941, -59.663, 1506.5941, -58.555, 1506.5941, -58.293, 1506.5941, -58.295, 1506.5941, -58.594,  , ,  , 
1506.6154, -59.681, 1506.6154, -58.514, 1506.6154, -58.404, 1506.6154, -58.342, 1506.6154, -58.478,  , ,  , 
1506.6367, -59.434, 1506.6367, -58.519, 1506.6367, -58.413, 1506.6367, -58.315, 1506.6367, -58.628,  , ,  , 
1506.6579, -59.379, 1506.6579, -58.339, 1506.6579, -58.490, 1506.6579, -58.294, 1506.6579, -58.449,  , ,  , 
1506.6792, -59.413, 1506.6792, -58.331, 1506.6792, -58.109, 1506.6792, -58.186, 1506.6792, -58.560,  , ,  , 
1506.7004, -59.300, 1506.7004, -58.511, 1506.7004, -58.430, 1506.7004, -58.259, 1506.7004, -58.613,  , ,  , 
1506.7217, -59.266, 1506.7217, -58.450, 1506.7217, -58.449, 1506.7217, -58.415, 1506.7217, -58.654,  , ,  , 
1506.7429, -59.340, 1506.7429, -58.142, 1506.7429, -58.333, 1506.7429, -58.368, 1506.7429, -58.710,  , ,  , 
1506.7642, -59.229, 1506.7642, -58.223, 1506.7642, -58.342, 1506.7642, -58.201, 1506.7642, -58.562,  , ,  , 
1506.7854, -59.175, 1506.7854, -58.176, 1506.7854, -58.406, 1506.7854, -58.309, 1506.7854, -58.679,  , ,  , 
1506.8067, -59.180, 1506.8067, -58.124, 1506.8067, -58.243, 1506.8067, -58.337, 1506.8067, -58.546,  , ,  , 
1506.8280, -59.029, 1506.8280, -58.258, 1506.8280, -58.344, 1506.8280, -58.253, 1506.8280, -58.658,  , ,  , 
1506.8492, -59.079, 1506.8492, -58.167, 1506.8492, -58.234, 1506.8492, -58.209, 1506.8492, -58.557,  , ,  , 
1506.8705, -58.949, 1506.8705, -58.140, 1506.8705, -58.335, 1506.8705, -58.266, 1506.8705, -58.595,  , ,  , 
1506.8917, -59.000, 1506.8917, -58.029, 1506.8917, -58.207, 1506.8917, -58.249, 1506.8917, -58.534,  , ,  , 
1506.9130, -58.812, 1506.9130, -58.050, 1506.9130, -58.294, 1506.9130, -58.279, 1506.9130, -58.591,  , ,  , 
1506.9342, -58.910, 1506.9342, -58.081, 1506.9342, -58.182, 1506.9342, -58.189, 1506.9342, -58.600,  , ,  , 
1506.9555, -58.875, 1506.9555, -58.219, 1506.9555, -58.168, 1506.9555, -58.322, 1506.9555, -58.537,  , ,  , 
1506.9767, -58.806, 1506.9767, -58.003, 1506.9767, -58.265, 1506.9767, -58.109, 1506.9767, -58.670,  , ,  , 
1506.9980, -58.848, 1506.9980, -58.062, 1506.9980, -58.246, 1506.9980, -58.069, 1506.9980, -58.532,  , ,  , 
1507.0193, -58.779, 1507.0193, -57.993, 1507.0193, -58.073, 1507.0193, -58.103, 1507.0193, -58.452,  , ,  , 
1507.0405, -58.646, 1507.0405, -58.035, 1507.0405, -57.947, 1507.0405, -58.145, 1507.0405, -58.667,  , ,  , 
1507.0618, -58.657, 1507.0618, -57.966, 1507.0618, -58.159, 1507.0618, -58.143, 1507.0618, -58.496,  , ,  , 
1507.0830, -58.720, 1507.0830, -57.930, 1507.0830, -58.025, 1507.0830, -58.142, 1507.0830, -58.583,  , ,  , 
1507.1043, -58.576, 1507.1043, -57.968, 1507.1043, -58.125, 1507.1043, -58.192, 1507.1043, -58.539,  , ,  , 
1507.1255, -58.499, 1507.1255, -57.921, 1507.1255, -58.062, 1507.1255, -58.177, 1507.1255, -58.480,  , ,  , 
1507.1468, -58.538, 1507.1468, -57.886, 1507.1468, -57.991, 1507.1468, -58.004, 1507.1468, -58.584,  , ,  , 
1507.1680, -58.481, 1507.1680, -57.791, 1507.1680, -57.964, 1507.1680, -58.009, 1507.1680, -58.518,  , ,  , 
1507.1893, -58.461, 1507.1893, -57.813, 1507.1893, -57.983, 1507.1893, -58.113, 1507.1893, -58.502,  , ,  , 
1507.2106, -58.461, 1507.2106, -57.832, 1507.2106, -57.915, 1507.2106, -58.033, 1507.2106, -58.575,  , ,  , 
1507.2318, -58.343, 1507.2318, -57.809, 1507.2318, -58.030, 1507.2318, -58.169, 1507.2318, -58.489,  , ,  , 
1507.2531, -58.426, 1507.2531, -57.766, 1507.2531, -58.027, 1507.2531, -58.014, 1507.2531, -58.550,  , ,  , 
1507.2743, -58.424, 1507.2743, -57.657, 1507.2743, -57.851, 1507.2743, -58.178, 1507.2743, -58.384,  , ,  , 
1507.2956, -58.333, 1507.2956, -57.704, 1507.2956, -57.936, 1507.2956, -57.991, 1507.2956, -58.542,  , ,  , 
1507.3168, -58.220, 1507.3168, -57.677, 1507.3168, -58.020, 1507.3168, -58.098, 1507.3168, -58.504,  , ,  , 
1507.3381, -58.315, 1507.3381, -57.787, 1507.3381, -57.789, 1507.3381, -58.003, 1507.3381, -58.519,  , ,  , 
1507.3593, -58.250, 1507.3593, -57.555, 1507.3593, -58.050, 1507.3593, -58.097, 1507.3593, -58.560,  , ,  , 
1507.3806, -58.203, 1507.3806, -57.640, 1507.3806, -57.938, 1507.3806, -58.017, 1507.3806, -58.723,  , ,  , 
1507.4019, -58.294, 1507.4019, -57.623, 1507.4019, -57.884, 1507.4019, -58.083, 1507.4019, -58.545,  , ,  , 
1507.4231, -58.018, 1507.4231, -57.590, 1507.4231, -57.781, 1507.4231, -57.990, 1507.4231, -58.663,  , ,  , 
1507.4444, -58.064, 1507.4444, -57.593, 1507.4444, -57.902, 1507.4444, -58.116, 1507.4444, -58.401,  , ,  , 
1507.4656, -58.142, 1507.4656, -57.664, 1507.4656, -57.891, 1507.4656, -58.102, 1507.4656, -58.563,  , ,  , 
1507.4869, -58.040, 1507.4869, -57.450, 1507.4869, -57.868, 1507.4869, -57.956, 1507.4869, -58.564,  , ,  , 
1507.5081, -57.986, 1507.5081, -57.593, 1507.5081, -57.801, 1507.5081, -57.994, 1507.5081, -58.369,  , ,  , 
1507.5294, -57.980, 1507.5294, -57.523, 1507.5294, -57.805, 1507.5294, -57.991, 1507.5294, -58.603,  , ,  , 
1507.5506, -58.046, 1507.5506, -57.420, 1507.5506, -57.810, 1507.5506, -58.080, 1507.5506, -58.467,  , ,  , 
1507.5719, -57.851, 1507.5719, -57.504, 1507.5719, -57.776, 1507.5719, -57.936, 1507.5719, -58.608,  , ,  , 
1507.5931, -57.835, 1507.5931, -57.551, 1507.5931, -57.920, 1507.5931, -57.872, 1507.5931, -58.419,  , ,  , 
1507.6144, -57.917, 1507.6144, -57.399, 1507.6144, -57.675, 1507.6144, -58.019, 1507.6144, -58.570,  , ,  , 
1507.6357, -57.828, 1507.6357, -57.512, 1507.6357, -57.633, 1507.6357, -57.855, 1507.6357, -58.577,  , ,  , 
1507.6569, -57.834, 1507.6569, -57.388, 1507.6569, -57.690, 1507.6569, -57.936, 1507.6569, -58.326,  , ,  , 
1507.6782, -57.662, 1507.6782, -57.473, 1507.6782, -57.675, 1507.6782, -57.867, 1507.6782, -58.531,  , ,  , 
1507.6994, -57.814, 1507.6994, -57.483, 1507.6994, -57.683, 1507.6994, -57.849, 1507.6994, -58.415,  , ,  , 
1507.7207, -57.797, 1507.7207, -57.409, 1507.7207, -57.721, 1507.7207, -57.847, 1507.7207, -58.506,  , ,  , 
1507.7419, -57.693, 1507.7419, -57.377, 1507.7419, -57.769, 1507.7419, -57.888, 1507.7419, -58.406,  , ,  , 
1507.7632, -57.737, 1507.7632, -57.423, 1507.7632, -57.553, 1507.7632, -57.849, 1507.7632, -58.432,  , ,  , 
1507.7844, -57.605, 1507.7844, -57.367, 1507.7844, -57.647, 1507.7844, -57.943, 1507.7844, -58.334,  , ,  , 
1507.8057, -57.606, 1507.8057, -57.407, 1507.8057, -57.660, 1507.8057, -57.934, 1507.8057, -69.813,  , ,  , 
1507.8270, -57.680, 1507.8270, -57.401, 1507.8270, -57.622, 1507.8270, -57.757, 1507.8270, -74.530,  , ,  , 
1507.8482, -57.526, 1507.8482, -57.202, 1507.8482, -57.666, 1507.8482, -57.987, 1507.8482, -82.479,  , ,  , 
1507.8695, -57.569, 1507.8695, -57.316, 1507.8695, -57.626, 1507.8695, -57.985, 1507.8695, -86.119,  , ,  , 
1507.8907, -57.627, 1507.8907, -57.246, 1507.8907, -57.616, 1507.8907, -57.776, 1507.8907, -88.082,  , ,  , 
1507.9120, -57.444, 1507.9120, -57.221, 1507.9120, -57.678, 1507.9120, -57.829, 1507.9120,-210.000,  , ,  , 
1507.9332, -57.497, 1507.9332, -57.224, 1507.9332, -57.529, 1507.9332, -57.996, 1507.9332, -84.218,  , ,  , 
1507.9545, -57.585, 1507.9545, -57.146, 1507.9545, -57.605, 1507.9545, -57.896, 1507.9545,-210.000,  , ,  , 
1507.9757, -57.482, 1507.9757, -57.207, 1507.9757, -57.622, 1507.9757, -57.871, 1507.9757,-210.000,  , ,  , 
1507.9970, -57.351, 1507.9970, -57.068, 1507.9970, -57.478, 1507.9970, -57.863, 1507.9970,-210.000,  , ,  , 
1508.0183, -57.424, 1508.0183, -57.175, 1508.0183, -57.516, 1508.0183, -57.886, 1508.0183, -72.798,  , ,  , 
1508.0395, -57.373, 1508.0395, -57.060, 1508.0395, -57.594, 1508.0395, -57.893, 1508.0395, -78.240,  , ,  , 
1508.0608, -57.345, 1508.0608, -57.092, 1508.0608, -57.533, 1508.0608, -57.864, 1508.0608,-210.000,  , ,  , 
1508.0820, -57.420, 1508.0820, -57.089, 1508.0820, -57.429, 1508.0820, -57.753, 1508.0820,-210.000,  , ,  , 
1508.1033, -57.257, 1508.1033, -57.160, 1508.1033, -57.482, 1508.1033, -57.995, 1508.1033,-210.000,  , ,  , 
1508.1245, -57.312, 1508.1245, -57.112, 1508.1245, -57.403, 1508.1245, -57.817, 1508.1245,-210.000,  , ,  , 
1508.1458, -57.312, 1508.1458, -57.046, 1508.1458, -57.542, 1508.1458, -57.819, 1508.1458,-210.000,  , ,  , 
1508.1670, -57.124, 1508.1670, -57.070, 1508.1670, -57.424, 1508.1670, -57.802, 1508.1670, -71.390,  , ,  , 
1508.1883, -57.244, 1508.1883, -57.061, 1508.1883, -57.440, 1508.1883, -57.772, 1508.1883, -74.791,  , ,  , 
1508.2096, -57.258, 1508.2096, -57.018, 1508.2096, -57.517, 1508.2096, -57.783, 1508.2096,-210.000,  , ,  , 
1508.2308, -57.194, 1508.2308, -56.913, 1508.2308, -57.309, 1508.2308, -57.739, 1508.2308, -75.797,  , ,  , 
1508.2521, -57.120, 1508.2521, -57.138, 1508.2521, -57.445, 1508.2521, -57.779, 1508.2521,-210.000,  , ,  , 
1508.2733, -57.138, 1508.2733, -57.055, 1508.2733, -57.369, 1508.2733, -57.854, 1508.2733, -74.414,  , ,  , 
1508.2946, -57.150, 1508.2946, -56.984, 1508.2946, -57.348, 1508.2946, -57.780, 1508.2946, -79.397,  , ,  , 
1508.3158, -56.992, 1508.3158, -56.927, 1508.3158, -57.500, 1508.3158, -57.565, 1508.3158, -78.481,  , ,  , 
1508.3371, -57.008, 1508.3371, -57.032, 1508.3371, -57.343, 1508.3371, -57.912, 1508.3371, -77.419,  , ,  , 
1508.3583, -57.160, 1508.3583, -57.058, 1508.3583, -57.416, 1508.3583, -57.719, 1508.3583, -81.361,  , ,  , 
1508.3796, -57.017, 1508.3796, -56.921, 1508.3796, -57.379, 1508.3796, -57.691, 1508.3796, -78.975,  , ,  , 
1508.4009, -56.948, 1508.4009, -56.916, 1508.4009, -57.336, 1508.4009, -57.796, 1508.4009, -76.145,  , ,  , 
1508.4221, -57.101, 1508.4221, -56.910, 1508.4221, -57.426, 1508.4221, -57.712, 1508.4221, -73.371,  , ,  , 
1508.4434, -56.958, 1508.4434, -56.888, 1508.4434, -57.351, 1508.4434, -57.811, 1508.4434, -80.629,  , ,  , 
1508.4646, -56.850, 1508.4646, -56.833, 1508.4646, -57.361, 1508.4646, -57.649, 1508.4646,-210.000,  , ,  , 
1508.4859, -56.868, 1508.4859, -56.960, 1508.4859, -57.248, 1508.4859, -57.743, 1508.4859, -76.870,  , ,  , 
1508.5071, -56.935, 1508.5071, -56.922, 1508.5071, -57.286, 1508.5071, -57.692, 1508.5071, -79.360,  , ,  , 
1508.5284, -56.984, 1508.5284, -56.785, 1508.5284, -57.311, 1508.5284, -57.791, 1508.5284, -76.921,  , ,  , 
1508.5496, -56.919, 1508.5496, -56.811, 1508.5496, -57.299, 1508.5496, -57.675, 1508.5496,-210.000,  , ,  , 
1508.5709, -56.819, 1508.5709, -56.759, 1508.5709, -57.279, 1508.5709, -57.688, 1508.5709, -77.486,  , ,  , 
1508.5921, -56.840, 1508.5921, -56.833, 1508.5921, -57.305, 1508.5921, -57.900, 1508.5921,-210.000,  , ,  , 
1508.6134, -56.921, 1508.6134, -56.671, 1508.6134, -57.328, 1508.6134, -57.638, 1508.6134,-210.000,  , ,  , 
1508.6347, -56.865, 1508.6347, -56.690, 1508.6347, -57.229, 1508.6347, -57.706, 1508.6347, -89.069,  , ,  , 
1508.6559, -56.880, 1508.6559, -56.828, 1508.6559, -57.185, 1508.6559, -57.682, 1508.6559,-210.000,  , ,  , 
1508.6772, -56.757, 1508.6772, -56.726, 1508.6772, -57.450, 1508.6772, -57.734, 1508.6772,-210.000,  , ,  , 
1508.6984, -56.843, 1508.6984, -56.821, 1508.6984, -57.197, 1508.6984, -57.652, 1508.6984, -90.370,  , ,  , 
1508.7197, -56.650, 1508.7197, -56.705, 1508.7197, -57.138, 1508.7197, -57.631, 1508.7197,-210.000,  , ,  , 
1508.7409, -56.789, 1508.7409, -56.701, 1508.7409, -57.206, 1508.7409, -57.800, 1508.7409,-210.000,  , ,  , 
1508.7622, -56.736, 1508.7622, -56.842, 1508.7622, -57.212, 1508.7622, -57.758, 1508.7622,-210.000,  , ,  , 
1508.7834, -56.646, 1508.7834, -56.677, 1508.7834, -57.197, 1508.7834, -57.628, 1508.7834, -77.298,  , ,  , 
1508.8047, -56.628, 1508.8047, -56.658, 1508.8047, -57.129, 1508.8047, -57.688, 1508.8047, -83.575,  , ,  , 
1508.8260, -56.662, 1508.8260, -56.706, 1508.8260, -57.097, 1508.8260, -57.586, 1508.8260, -88.359,  , ,  , 
1508.8472, -56.528, 1508.8472, -56.669, 1508.8472, -57.135, 1508.8472, -57.611, 1508.8472, -77.193,  , ,  , 
1508.8685, -56.679, 1508.8685, -56.664, 1508.8685, -57.159, 1508.8685, -57.612, 1508.8685, -76.664,  , ,  , 
1508.8897, -56.590, 1508.8897, -56.662, 1508.8897, -57.112, 1508.8897, -57.566, 1508.8897,-210.000,  , ,  , 
1508.9110, -56.579, 1508.9110, -56.625, 1508.9110, -57.138, 1508.9110, -57.691, 1508.9110, -74.666,  , ,  , 
1508.9322, -56.519, 1508.9322, -56.517, 1508.9322, -57.037, 1508.9322, -57.690, 1508.9322, -80.165,  , ,  , 
1508.9535, -56.557, 1508.9535, -56.641, 1508.9535, -57.123, 1508.9535, -57.609, 1508.9535, -74.981,  , ,  , 
1508.9747, -56.632, 1508.9747, -56.644, 1508.9747, -57.091, 1508.9747, -57.574, 1508.9747, -74.455,  , ,  , 
1508.9960, -56.489, 1508.9960, -56.599, 1508.9960, -57.048, 1508.9960, -57.630, 1508.9960, -75.389,  , ,  , 
1509.0173, -56.548, 1509.0173, -56.412, 1509.0173, -57.143, 1509.0173, -57.601, 1509.0173,-210.000,  , ,  , 
1509.0385, -56.566, 1509.0385, -56.523, 1509.0385, -57.107, 1509.0385, -57.687, 1509.0385, -74.444,  , ,  , 
1509.0598, -56.433, 1509.0598, -56.586, 1509.0598, -57.025, 1509.0598, -57.578, 1509.0598, -81.195,  , ,  , 
1509.0810, -56.607, 1509.0810, -56.454, 1509.0810, -57.114, 1509.0810, -57.733, 1509.0810, -76.948,  , ,  , 
1509.1023, -56.481, 1509.1023, -56.483, 1509.1023, -57.109, 1509.1023, -57.591, 1509.1023,-210.000,  , ,  , 
1509.1235, -56.490, 1509.1235, -56.461, 1509.1235, -56.936, 1509.1235, -57.648, 1509.1235,-210.000,  , ,  , 
1509.1448, -56.475, 1509.1448, -56.471, 1509.1448, -57.180, 1509.1448, -57.556, 1509.1448, -77.260,  , ,  , 
1509.1660, -56.397, 1509.1660, -56.452, 1509.1660, -57.004, 1509.1660, -57.576, 1509.1660, -79.135,  , ,  , 
1509.1873, -56.398, 1509.1873, -56.433, 1509.1873, -57.001, 1509.1873, -57.781, 1509.1873, -89.928,  , ,  , 
1509.2086, -56.471, 1509.2086, -56.370, 1509.2086, -57.041, 1509.2086, -57.588, 1509.2086,-210.000,  , ,  , 
1509.2298, -56.370, 1509.2298, -56.385, 1509.2298, -56.924, 1509.2298, -57.636, 1509.2298, -80.702,  , ,  , 
1509.2511, -56.333, 1509.2511, -56.466, 1509.2511, -57.083, 1509.2511, -57.654, 1509.2511,-210.000,  , ,  , 
1509.2723, -56.345, 1509.2723, -56.384, 1509.2723, -56.962, 1509.2723, -57.587, 1509.2723,-210.000,  , ,  , 
1509.2936, -56.375, 1509.2936, -56.379, 1509.2936, -56.915, 1509.2936, -57.576, 1509.2936,-210.000,  , ,  , 
1509.3148, -56.323, 1509.3148, -56.421, 1509.3148, -56.910, 1509.3148, -57.630, 1509.3148, -82.605,  , ,  , 
1509.3361, -56.223, 1509.3361, -56.399, 1509.3361, -56.909, 1509.3361, -57.542, 1509.3361, -73.915,  , ,  , 
1509.3573, -56.280, 1509.3573, -56.377, 1509.3573, -56.933, 1509.3573, -57.540, 1509.3573, -77.483,  , ,  , 
1509.3786, -56.241, 1509.3786, -56.283, 1509.3786, -56.899, 1509.3786, -57.593, 1509.3786,-210.000,  , ,  , 
1509.3998, -56.226, 1509.3998, -56.366, 1509.3998, -56.846, 1509.3998, -57.469, 1509.3998, -71.871,  , ,  , 
1509.4211, -56.297, 1509.4211, -56.331, 1509.4211, -56.881, 1509.4211, -57.571, 1509.4211, -78.341,  , ,  , 
1509.4424, -56.173, 1509.4424, -56.386, 1509.4424, -56.949, 1509.4424, -57.561, 1509.4424, -73.823,  , ,  , 
1509.4636, -56.187, 1509.4636, -56.364, 1509.4636, -56.837, 1509.4636, -57.556, 1509.4636, -77.184,  , ,  , 
1509.4849, -56.272, 1509.4849, -56.332, 1509.4849, -56.916, 1509.4849, -57.540, 1509.4849,-210.000,  , ,  , 
1509.5061, -56.178, 1509.5061, -56.284, 1509.5061, -56.935, 1509.5061, -57.518, 1509.5061, -75.773,  , ,  , 
1509.5274, -56.118, 1509.5274, -56.237, 1509.5274, -56.810, 1509.5274, -57.480, 1509.5274, -73.841,  , ,  , 
1509.5486, -56.104, 1509.5486, -56.260, 1509.5486, -56.908, 1509.5486, -57.570, 1509.5486,-210.000,  , ,  , 
1509.5699, -56.228, 1509.5699, -56.231, 1509.5699, -56.835, 1509.5699, -57.630, 1509.5699, -76.206,  , ,  , 
1509.5911, -56.120, 1509.5911, -56.226, 1509.5911, -56.884, 1509.5911, -57.562, 1509.5911,-210.000,  , ,  , 
1509.6124, -56.190, 1509.6124, -56.152, 1509.6124, -56.857, 1509.6124, -57.558, 1509.6124, -75.120,  , ,  , 
1509.6337, -56.140, 1509.6337, -56.206, 1509.6337, -56.834, 1509.6337, -57.618, 1509.6337,-210.000,  , ,  , 
1509.6549, -55.975, 1509.6549, -56.278, 1509.6549, -56.810, 1509.6549, -57.462, 1509.6549,-210.000,  , ,  , 
1509.6762, -56.056, 1509.6762, -56.151, 1509.6762, -56.836, 1509.6762, -57.522, 1509.6762,-210.000,  , ,  , 
1509.6974, -56.090, 1509.6974, -56.132, 1509.6974, -56.769, 1509.6974, -57.589, 1509.6974,-210.000,  , ,  , 
1509.7187, -56.043, 1509.7187, -56.170, 1509.7187, -56.892, 1509.7187, -57.463, 1509.7187, -79.944,  , ,  , 
1509.7399, -56.082, 1509.7399, -56.092, 1509.7399, -56.911, 1509.7399, -57.619, 1509.7399, -78.373,  , ,  , 
1509.7612, -56.098, 1509.7612, -56.126, 1509.7612, -56.768, 1509.7612, -57.521, 1509.7612, -79.387,  , ,  , 
1509.7824, -55.956, 1509.7824, -56.085, 1509.7824, -56.750, 1509.7824, -57.616, 1509.7824,-210.000,  , ,  , 
1509.8037, -55.970, 1509.8037, -56.068, 1509.8037, -56.720, 1509.8037, -57.415, 1509.8037, -81.923,  , ,  , 
1509.8250, -55.995, 1509.8250, -56.125, 1509.8250, -56.807, 1509.8250, -57.590, 1509.8250, -78.585,  , ,  , 
1509.8462, -55.911, 1509.8462, -56.075, 1509.8462, -56.809, 1509.8462, -57.475, 1509.8462, -79.895,  , ,  , 
1509.8675, -55.917, 1509.8675, -56.124, 1509.8675, -56.679, 1509.8675, -57.503, 1509.8675, -73.895,  , ,  , 
1509.8887, -55.947, 1509.8887, -56.059, 1509.8887, -56.723, 1509.8887, -57.413, 1509.8887, -77.390,  , ,  , 
1509.9100, -55.947, 1509.9100, -56.044, 1509.9100, -56.740, 1509.9100, -57.557, 1509.9100,-210.000,  , ,  , 
1509.9312, -55.839, 1509.9312, -56.057, 1509.9312, -56.624, 1509.9312, -57.495, 1509.9312, -72.835,  , ,  , 
1509.9525, -55.873, 1509.9525, -56.009, 1509.9525, -56.714, 1509.9525, -57.505, 1509.9525, -82.183,  , ,  , 
1509.9737, -55.888, 1509.9737, -56.110, 1509.9737, -56.622, 1509.9737, -57.463, 1509.9737, -77.311,  , ,  , 
1509.9950, -55.839, 1509.9950, -55.960, 1509.9950, -56.717, 1509.9950, -57.518, 1509.9950,-210.000,  , ,  , 
1510.0163, -55.797, 1510.0163, -56.059, 1510.0163, -56.674, 1510.0163, -57.464, 1510.0163, -72.722,  , ,  , 
1510.0375, -55.796, 1510.0375, -55.998, 1510.0375, -56.689, 1510.0375, -57.475, 1510.0375,-210.000,  , ,  , 
1510.0588, -55.807, 1510.0588, -56.043, 1510.0588, -56.670, 1510.0588, -57.430, 1510.0588, -76.824,  , ,  , 
1510.0800, -55.831, 1510.0800, -55.916, 1510.0800, -56.786, 1510.0800, -57.589, 1510.0800,-210.000,  , ,  , 
1510.1013, -55.800, 1510.1013, -55.925, 1510.1013, -56.631, 1510.1013, -57.420, 1510.1013, -72.822,  , ,  , 
1510.1225, -55.802, 1510.1225, -55.895, 1510.1225, -56.670, 1510.1225, -57.455, 1510.1225,-210.000,  , ,  , 
1510.1438, -55.711, 1510.1438, -55.928, 1510.1438, -56.680, 1510.1438, -57.527, 1510.1438, -75.205,  , ,  , 
1510.1650, -55.750, 1510.1650, -55.907, 1510.1650, -56.583, 1510.1650, -57.428, 1510.1650,-210.000,  , ,  , 
1510.1863, -55.732, 1510.1863, -55.851, 1510.1863, -56.680, 1510.1863, -57.429, 1510.1863, -82.357,  , ,  , 
1510.2076, -55.740, 1510.2076, -55.869, 1510.2076, -56.639, 1510.2076, -57.414, 1510.2076, -78.258,  , ,  , 
1510.2288, -55.792, 1510.2288, -55.858, 1510.2288, -56.710, 1510.2288, -57.518, 1510.2288, -83.104,  , ,  , 
1510.2501, -55.715, 1510.2501, -55.830, 1510.2501, -56.703, 1510.2501, -57.394, 1510.2501,-210.000,  , ,  , 
1510.2713, -55.649, 1510.2713, -55.772, 1510.2713, -56.511, 1510.2713, -57.458, 1510.2713, -75.964,  , ,  , 
1510.2926, -55.740, 1510.2926, -55.786, 1510.2926, -56.683, 1510.2926, -57.408, 1510.2926,-210.000,  , ,  , 
1510.3138, -55.702, 1510.3138, -55.808, 1510.3138, -56.703, 1510.3138, -57.426, 1510.3138,-210.000,  , ,  , 
1510.3351, -55.709, 1510.3351, -55.780, 1510.3351, -56.650, 1510.3351, -57.383, 1510.3351, -87.052,  , ,  , 
1510.3563, -55.603, 1510.3563, -55.792, 1510.3563, -56.567, 1510.3563, -57.488, 1510.3563,-210.000,  , ,  , 
1510.3776, -55.664, 1510.3776, -55.813, 1510.3776, -56.615, 1510.3776, -57.357, 1510.3776,-210.000,  , ,  , 
1510.3988, -55.615, 1510.3988, -55.738, 1510.3988, -56.665, 1510.3988, -57.427, 1510.3988,-210.000,  , ,  , 
1510.4201, -55.594, 1510.4201, -55.792, 1510.4201, -56.585, 1510.4201, -57.377, 1510.4201,-210.000,  , ,  , 
1510.4414, -55.578, 1510.4414, -55.714, 1510.4414, -56.518, 1510.4414, -57.411, 1510.4414, -82.762,  , ,  , 
1510.4626, -55.537, 1510.4626, -55.781, 1510.4626, -56.590, 1510.4626, -57.462, 1510.4626, -86.782,  , ,  , 
1510.4839, -55.577, 1510.4839, -55.732, 1510.4839, -56.548, 1510.4839, -57.448, 1510.4839, -74.986,  , ,  , 
1510.5051, -55.581, 1510.5051, -55.695, 1510.5051, -56.542, 1510.5051, -57.221, 1510.5051,-210.000,  , ,  , 
1510.5264, -55.484, 1510.5264, -55.632, 1510.5264, -56.473, 1510.5264, -57.435, 1510.5264, -80.860,  , ,  , 
1510.5476, -55.527, 1510.5476, -55.732, 1510.5476, -56.602, 1510.5476, -57.342, 1510.5476, -74.167,  , ,  , 
1510.5689, -55.524, 1510.5689, -55.646, 1510.5689, -56.566, 1510.5689, -57.318, 1510.5689,-210.000,  , ,  , 
1510.5901, -55.438, 1510.5901, -55.648, 1510.5901, -56.505, 1510.5901, -57.256, 1510.5901, -71.504,  , ,  , 
1510.6114, -55.445, 1510.6114, -55.680, 1510.6114, -56.449, 1510.6114, -57.389, 1510.6114,-210.000,  , ,  , 
1510.6327, -55.408, 1510.6327, -55.674, 1510.6327, -56.601, 1510.6327, -57.283, 1510.6327, -72.452,  , ,  , 
1510.6539, -55.472, 1510.6539, -55.614, 1510.6539, -56.528, 1510.6539, -57.254, 1510.6539,-210.000,  , ,  , 
1510.6752, -55.350, 1510.6752, -55.616, 1510.6752, -56.602, 1510.6752, -57.301, 1510.6752, -74.588,  , ,  , 
1510.6964, -55.428, 1510.6964, -55.580, 1510.6964, -56.566, 1510.6964, -57.211, 1510.6964, -74.231,  , ,  , 
1510.7177, -55.424, 1510.7177, -55.642, 1510.7177, -56.542, 1510.7177, -57.308, 1510.7177,-210.000,  , ,  , 
1510.7389, -55.390, 1510.7389, -55.549, 1510.7389, -56.488, 1510.7389, -57.230, 1510.7389,-210.000,  , ,  , 
1510.7602, -55.362, 1510.7602, -55.496, 1510.7602, -56.471, 1510.7602, -57.312, 1510.7602, -73.705,  , ,  , 
1510.7814, -55.341, 1510.7814, -55.616, 1510.7814, -56.503, 1510.7814, -57.350, 1510.7814,-210.000,  , ,  , 
1510.8027, -55.308, 1510.8027, -55.563, 1510.8027, -56.527, 1510.8027, -57.237, 1510.8027, -76.565,  , ,  , 
1510.8240, -55.404, 1510.8240, -55.515, 1510.8240, -56.521, 1510.8240, -57.262, 1510.8240, -76.713,  , ,  , 
1510.8452, -55.287, 1510.8452, -55.510, 1510.8452, -56.416, 1510.8452, -57.137, 1510.8452, -78.173,  , ,  , 
1510.8665, -55.318, 1510.8665, -55.540, 1510.8665, -56.467, 1510.8665, -57.282, 1510.8665,-210.000,  , ,  , 
1510.8877, -55.323, 1510.8877, -55.426, 1510.8877, -56.556, 1510.8877, -57.293, 1510.8877,-210.000,  , ,  , 
1510.9090, -55.243, 1510.9090, -55.501, 1510.9090, -56.539, 1510.9090, -57.158, 1510.9090,-210.000,  , ,  , 
1510.9302, -55.202, 1510.9302, -55.450, 1510.9302, -56.464, 1510.9302, -57.288, 1510.9302,-210.000,  , ,  , 
1510.9515, -55.286, 1510.9515, -55.523, 1510.9515, -56.433, 1510.9515, -57.129, 1510.9515,-210.000,  , ,  , 
1510.9727, -55.265, 1510.9727, -55.398, 1510.9727, -56.406, 1510.9727, -57.199, 1510.9727, -84.469,  , ,  , 
1510.9940, -55.228, 1510.9940, -55.440, 1510.9940, -56.395, 1510.9940, -57.101, 1510.9940, -84.414,  , ,  , 
1511.0153, -55.142, 1511.0153, -55.503, 1511.0153, -56.468, 1511.0153, -57.196, 1511.0153, -74.778,  , ,  , 
1511.0365, -55.216, 1511.0365, -55.393, 1511.0365, -56.576, 1511.0365, -57.147, 1511.0365,-210.000,  , ,  , 
1511.0578, -55.149, 1511.0578, -55.433, 1511.0578, -56.372, 1511.0578, -57.182, 1511.0578, -79.138,  , ,  , 
1511.0790, -55.128, 1511.0790, -55.302, 1511.0790, -56.346, 1511.0790, -57.064, 1511.0790, -77.877,  , ,  , 
1511.1003, -55.132, 1511.1003, -55.433, 1511.1003, -56.345, 1511.1003, -57.115, 1511.1003,-210.000,  , ,  , 
1511.1215, -55.101, 1511.1215, -55.387, 1511.1215, -56.395, 1511.1215, -57.079, 1511.1215,-210.000,  , ,  , 
1511.1428, -55.107, 1511.1428, -55.367, 1511.1428, -56.391, 1511.1428, -57.022, 1511.1428, -75.941,  , ,  , 
1511.1640, -55.089, 1511.1640, -55.335, 1511.1640, -56.390, 1511.1640, -57.047, 1511.1640,-210.000,  , ,  , 
1511.1853, -54.982, 1511.1853, -55.439, 1511.1853, -56.365, 1511.1853, -57.013, 1511.1853, -71.041,  , ,  , 
1511.2066, -55.050, 1511.2066, -55.342, 1511.2066, -56.427, 1511.2066, -57.030, 1511.2066,-210.000,  , ,  , 
1511.2278, -55.097, 1511.2278, -55.307, 1511.2278, -56.481, 1511.2278, -57.020, 1511.2278,-210.000,  , ,  , 
1511.2491, -55.013, 1511.2491, -55.310, 1511.2491, -56.315, 1511.2491, -56.948, 1511.2491, -78.711,  , ,  , 
1511.2703, -55.006, 1511.2703, -55.293, 1511.2703, -56.371, 1511.2703, -57.090, 1511.2703,-210.000,  , ,  , 
1511.2916, -55.035, 1511.2916, -55.307, 1511.2916, -56.447, 1511.2916, -56.974, 1511.2916,-210.000,  , ,  , 
1511.3128, -54.996, 1511.3128, -55.222, 1511.3128, -56.342, 1511.3128, -56.950, 1511.3128,-210.000,  , ,  , 
1511.3341, -54.991, 1511.3341, -55.346, 1511.3341, -56.351, 1511.3341, -56.903, 1511.3341,-210.000,  , ,  , 
1511.3553, -55.024, 1511.3553, -55.243, 1511.3553, -56.368, 1511.3553, -56.943, 1511.3553, -71.642,  , ,  , 
1511.3766, -54.969, 1511.3766, -55.273, 1511.3766, -56.439, 1511.3766, -56.917, 1511.3766, -81.550,  , ,  , 
1511.3978, -54.891, 1511.3978, -55.259, 1511.3978, -56.369, 1511.3978, -56.881, 1511.3978,-210.000,  , ,  , 
1511.4191, -54.933, 1511.4191, -55.216, 1511.4191, -56.270, 1511.4191, -57.000, 1511.4191,-210.000,  , ,  , 
1511.4404, -54.953, 1511.4404, -55.235, 1511.4404, -56.404, 1511.4404, -56.855, 1511.4404, -74.145,  , ,  , 
1511.4616, -54.916, 1511.4616, -55.228, 1511.4616, -56.325, 1511.4616, -56.888, 1511.4616,-210.000,  , ,  , 
1511.4829, -54.908, 1511.4829, -55.187, 1511.4829, -56.294, 1511.4829, -56.812, 1511.4829,-210.000,  , ,  , 
1511.5041, -54.880, 1511.5041, -55.188, 1511.5041, -56.292, 1511.5041, -56.893, 1511.5041, -79.893,  , ,  , 
1511.5254, -54.841, 1511.5254, -55.203, 1511.5254, -56.335, 1511.5254, -56.828, 1511.5254, -82.227,  , ,  , 
1511.5466, -54.874, 1511.5466, -55.151, 1511.5466, -56.290, 1511.5466, -56.780, 1511.5466,-210.000,  , ,  , 
1511.5679, -54.849, 1511.5679, -55.136, 1511.5679, -56.286, 1511.5679, -56.873, 1511.5679, -90.649,  , ,  , 
1511.5891, -54.843, 1511.5891, -55.131, 1511.5891, -56.327, 1511.5891, -56.754, 1511.5891,-210.000,  , ,  , 
1511.6104, -54.792, 1511.6104, -55.175, 1511.6104, -56.163, 1511.6104, -56.697, 1511.6104,-210.000,  , ,  , 
1511.6317, -54.831, 1511.6317, -55.170, 1511.6317, -56.318, 1511.6317, -56.752, 1511.6317, -74.873,  , ,  , 
1511.6529, -54.717, 1511.6529, -55.155, 1511.6529, -56.284, 1511.6529, -56.678, 1511.6529,-210.000,  , ,  , 
1511.6742, -54.744, 1511.6742, -55.127, 1511.6742, -56.188, 1511.6742, -56.694, 1511.6742, -74.267,  , ,  , 
1511.6954, -54.728, 1511.6954, -55.203, 1511.6954, -56.178, 1511.6954, -56.663, 1511.6954,-210.000,  , ,  , 
1511.7167, -54.792, 1511.7167, -55.137, 1511.7167, -56.220, 1511.7167, -56.723, 1511.7167,-210.000,  , ,  , 
1511.7379, -54.644, 1511.7379, -55.025, 1511.7379, -56.223, 1511.7379, -56.542, 1511.7379, -77.007,  , ,  , 
1511.7592, -54.774, 1511.7592, -55.099, 1511.7592, -56.215, 1511.7592, -56.630, 1511.7592, -77.319,  , ,  , 
1511.7804, -54.699, 1511.7804, -55.083, 1511.7804, -56.262, 1511.7804, -56.591, 1511.7804, -73.709,  , ,  , 
1511.8017, -54.630, 1511.8017, -55.115, 1511.8017, -56.185, 1511.8017, -56.636, 1511.8017, -73.824,  , ,  , 
1511.8230, -54.647, 1511.8230, -55.118, 1511.8230, -56.174, 1511.8230, -56.544, 1511.8230, -75.414,  , ,  , 
1511.8442, -54.665, 1511.8442, -55.069, 1511.8442, -56.220, 1511.8442, -56.459, 1511.8442, -77.847,  , ,  , 
1511.8655, -54.622, 1511.8655, -55.045, 1511.8655, -56.214, 1511.8655, -56.584, 1511.8655, -74.944,  , ,  , 
1511.8867, -54.630, 1511.8867, -55.054, 1511.8867, -56.170, 1511.8867, -56.492, 1511.8867,-210.000,  , ,  , 
1511.9080, -54.683, 1511.9080, -55.018, 1511.9080, -56.225, 1511.9080, -56.493, 1511.9080, -78.533,  , ,  , 
1511.9292, -54.590, 1511.9292, -55.045, 1511.9292, -56.134, 1511.9292, -56.543, 1511.9292,-210.000,  , ,  , 
1511.9505, -54.649, 1511.9505, -54.956, 1511.9505, -56.244, 1511.9505, -56.462, 1511.9505,-210.000,  , ,  , 
1511.9717, -54.569, 1511.9717, -54.984, 1511.9717, -56.144, 1511.9717, -56.375, 1511.9717,-210.000,  , ,  , 
1511.9930, -54.563, 1511.9930, -54.988, 1511.9930, -56.105, 1511.9930, -56.438, 1511.9930,-210.000,  , ,  , 
1512.0143, -54.532, 1512.0143, -54.969, 1512.0143, -56.203, 1512.0143, -56.359, 1512.0143, -74.620,  , ,  , 
1512.0355, -54.573, 1512.0355, -54.947, 1512.0355, -56.134, 1512.0355, -56.336, 1512.0355,-210.000,  , ,  , 
1512.0568, -54.553, 1512.0568, -54.913, 1512.0568, -56.136, 1512.0568, -56.283, 1512.0568,-210.000,  , ,  , 
1512.0780, -54.476, 1512.0780, -54.972, 1512.0780, -56.151, 1512.0780, -56.280, 1512.0780, -77.552,  , ,  , 
1512.0993, -54.499, 1512.0993, -54.883, 1512.0993, -56.104, 1512.0993, -56.288, 1512.0993,-210.000,  , ,  , 
1512.1205, -54.475, 1512.1205, -54.956, 1512.1205, -56.056, 1512.1205, -56.288, 1512.1205, -79.956,  , ,  , 
1512.1418, -54.451, 1512.1418, -54.911, 1512.1418, -56.065, 1512.1418, -56.175, 1512.1418, -73.902,  , ,  , 
1512.1630, -54.484, 1512.1630, -54.911, 1512.1630, -56.012, 1512.1630, -56.276, 1512.1630, -94.491,  , ,  , 
1512.1843, -54.450, 1512.1843, -54.964, 1512.1843, -56.028, 1512.1843, -56.110, 1512.1843, -74.902,  , ,  , 
1512.2056, -54.402, 1512.2056, -54.930, 1512.2056, -55.952, 1512.2056, -56.179, 1512.2056,-210.000,  , ,  , 
1512.2268, -54.384, 1512.2268, -54.918, 1512.2268, -56.087, 1512.2268, -56.197, 1512.2268,-210.000,  , ,  , 
1512.2481, -54.406, 1512.2481, -54.902, 1512.2481, -55.995, 1512.2481, -56.131, 1512.2481,-210.000,  , ,  , 
1512.2693, -54.403, 1512.2693, -54.925, 1512.2693, -55.988, 1512.2693, -56.093, 1512.2693,-210.000,  , ,  , 
1512.2906, -54.385, 1512.2906, -54.888, 1512.2906, -55.964, 1512.2906, -55.995, 1512.2906, -82.341,  , ,  , 
1512.3118, -54.372, 1512.3118, -54.878, 1512.3118, -55.927, 1512.3118, -56.022, 1512.3118,-210.000,  , ,  , 
1512.3331, -54.400, 1512.3331, -54.856, 1512.3331, -55.994, 1512.3331, -56.033, 1512.3331, -74.716,  , ,  , 
1512.3543, -54.358, 1512.3543, -54.859, 1512.3543, -55.940, 1512.3543, -55.979, 1512.3543, -71.059,  , ,  , 
1512.3756, -54.369, 1512.3756, -54.853, 1512.3756, -55.973, 1512.3756, -55.963, 1512.3756, -76.622,  , ,  , 
1512.3968, -54.320, 1512.3968, -54.862, 1512.3968, -55.892, 1512.3968, -55.998, 1512.3968, -72.233,  , ,  , 
1512.4181, -54.299, 1512.4181, -54.812, 1512.4181, -55.969, 1512.4181, -55.944, 1512.4181,-210.000,  , ,  , 
1512.4394, -54.356, 1512.4394, -54.774, 1512.4394, -55.884, 1512.4394, -55.939, 1512.4394, -76.315,  , ,  , 
1512.4606, -54.288, 1512.4606, -54.816, 1512.4606, -55.897, 1512.4606, -55.901, 1512.4606,-210.000,  , ,  , 
1512.4819, -54.283, 1512.4819, -54.822, 1512.4819, -55.885, 1512.4819, -55.874, 1512.4819,-210.000,  , ,  , 
1512.5031, -54.238, 1512.5031, -54.798, 1512.5031, -55.833, 1512.5031, -55.861, 1512.5031, -76.825,  , ,  , 
1512.5244, -54.266, 1512.5244, -54.738, 1512.5244, -55.846, 1512.5244, -55.759, 1512.5244,-210.000,  , ,  , 
1512.5456, -54.245, 1512.5456, -54.746, 1512.5456, -55.830, 1512.5456, -55.757, 1512.5456,-210.000,  , ,  , 
1512.5669, -54.198, 1512.5669, -54.794, 1512.5669, -55.837, 1512.5669, -55.828, 1512.5669, -75.873,  , ,  , 
1512.5881, -54.251, 1512.5881, -54.728, 1512.5881, -55.819, 1512.5881, -55.753, 1512.5881,-210.000,  , ,  , 
1512.6094, -54.212, 1512.6094, -54.717, 1512.6094, -55.797, 1512.6094, -55.784, 1512.6094,-210.000,  , ,  , 
1512.6307, -54.189, 1512.6307, -54.660, 1512.6307, -55.717, 1512.6307, -55.668, 1512.6307, -76.166,  , ,  , 
1512.6519, -54.183, 1512.6519, -54.721, 1512.6519, -55.697, 1512.6519, -55.661, 1512.6519, -77.074,  , ,  , 
1512.6732, -54.194, 1512.6732, -54.762, 1512.6732, -55.684, 1512.6732, -55.681, 1512.6732, -71.365,  , ,  , 
1512.6944, -54.205, 1512.6944, -54.636, 1512.6944, -55.752, 1512.6944, -55.577, 1512.6944, -82.634,  , ,  , 
1512.7157, -54.142, 1512.7157, -54.710, 1512.7157, -55.689, 1512.7157, -55.570, 1512.7157, -76.921,  , ,  , 
1512.7369, -54.124, 1512.7369, -54.679, 1512.7369, -55.729, 1512.7369, -55.612, 1512.7369, -78.458,  , ,  , 
1512.7582, -54.202, 1512.7582, -54.652, 1512.7582, -55.690, 1512.7582, -55.559, 1512.7582, -71.844,  , ,  , 
1512.7794, -54.089, 1512.7794, -54.678, 1512.7794, -55.588, 1512.7794, -55.491, 1512.7794, -79.871,  , ,  , 
1512.8007, -54.099, 1512.8007, -54.660, 1512.8007, -55.591, 1512.8007, -55.413, 1512.8007, -78.174,  , ,  , 
1512.8220, -54.056, 1512.8220, -54.672, 1512.8220, -55.654, 1512.8220, -55.444, 1512.8220,-210.000,  , ,  , 
1512.8432, -54.104, 1512.8432, -54.658, 1512.8432, -55.673, 1512.8432, -55.375, 1512.8432, -82.199,  , ,  , 
1512.8645, -54.045, 1512.8645, -54.670, 1512.8645, -55.518, 1512.8645, -55.410, 1512.8645,-210.000,  , ,  , 
1512.8857, -54.074, 1512.8857, -54.610, 1512.8857, -55.551, 1512.8857, -55.325, 1512.8857, -80.181,  , ,  , 
1512.9070, -54.097, 1512.9070, -54.651, 1512.9070, -55.595, 1512.9070, -55.391, 1512.9070,-210.000,  , ,  , 
1512.9282, -54.065, 1512.9282, -54.610, 1512.9282, -55.596, 1512.9282, -55.283, 1512.9282, -81.097,  , ,  , 
1512.9495, -54.023, 1512.9495, -54.606, 1512.9495, -55.488, 1512.9495, -55.289, 1512.9495, -70.855,  , ,  , 
1512.9707, -54.023, 1512.9707, -54.616, 1512.9707, -55.565, 1512.9707, -55.260, 1512.9707,-210.000,  , ,  , 
1512.9920, -54.024, 1512.9920, -54.558, 1512.9920, -55.504, 1512.9920, -55.293, 1512.9920, -83.862,  , ,  , 
1513.0133, -54.009, 1513.0133, -54.468, 1513.0133, -55.509, 1513.0133, -55.150, 1513.0133,-210.000,  , ,  , 
1513.0345, -53.991, 1513.0345, -54.562, 1513.0345, -55.511, 1513.0345, -55.255, 1513.0345,-210.000,  , ,  , 
1513.0558, -54.043, 1513.0558, -54.591, 1513.0558, -55.472, 1513.0558, -55.195, 1513.0558, -75.433,  , ,  , 
1513.0770, -54.000, 1513.0770, -54.493, 1513.0770, -55.455, 1513.0770, -55.119, 1513.0770, -89.307,  , ,  , 
1513.0983, -53.956, 1513.0983, -54.558, 1513.0983, -55.390, 1513.0983, -55.095, 1513.0983,-210.000,  , ,  , 
1513.1195, -53.981, 1513.1195, -54.491, 1513.1195, -55.351, 1513.1195, -55.102, 1513.1195,-210.000,  , ,  , 
1513.1408, -53.948, 1513.1408, -54.552, 1513.1408, -55.340, 1513.1408, -55.111, 1513.1408,-210.000,  , ,  , 
1513.1620, -53.910, 1513.1620, -54.527, 1513.1620, -55.441, 1513.1620, -54.988, 1513.1620, -78.476,  , ,  , 
1513.1833, -53.969, 1513.1833, -54.442, 1513.1833, -55.299, 1513.1833, -55.034, 1513.1833,-210.000,  , ,  , 
1513.2046, -53.915, 1513.2046, -54.473, 1513.2046, -55.308, 1513.2046, -55.005, 1513.2046, -74.101,  , ,  , 
1513.2258, -53.899, 1513.2258, -54.447, 1513.2258, -55.276, 1513.2258, -54.904, 1513.2258,-210.000,  , ,  , 
1513.2471, -53.922, 1513.2471, -54.430, 1513.2471, -55.265, 1513.2471, -54.985, 1513.2471,-210.000,  , ,  , 
1513.2683, -53.892, 1513.2683, -54.436, 1513.2683, -55.251, 1513.2683, -54.860, 1513.2683, -80.361,  , ,  , 
1513.2896, -53.891, 1513.2896, -54.492, 1513.2896, -55.239, 1513.2896, -54.850, 1513.2896, -83.898,  , ,  , 
1513.3108, -53.807, 1513.3108, -54.444, 1513.3108, -55.240, 1513.3108, -54.852, 1513.3108, -76.602,  , ,  , 
1513.3321, -53.909, 1513.3321, -54.410, 1513.3321, -55.188, 1513.3321, -54.793, 1513.3321, -76.853,  , ,  , 
1513.3533, -53.851, 1513.3533, -54.437, 1513.3533, -55.097, 1513.3533, -54.745, 1513.3533,-210.000,  , ,  , 
1513.3746, -53.797, 1513.3746, -54.420, 1513.3746, -55.099, 1513.3746, -54.750, 1513.3746,-210.000,  , ,  , 
1513.3958, -53.789, 1513.3958, -54.404, 1513.3958, -55.073, 1513.3958, -54.702, 1513.3958, -82.625,  , ,  , 
1513.4171, -53.848, 1513.4171, -54.359, 1513.4171, -55.118, 1513.4171, -54.663, 1513.4171, -80.806,  , ,  , 
1513.4384, -53.821, 1513.4384, -54.345, 1513.4384, -55.086, 1513.4384, -54.684, 1513.4384, -73.936,  , ,  , 
1513.4596, -53.750, 1513.4596, -54.338, 1513.4596, -55.034, 1513.4596, -54.619, 1513.4596, -72.847,  , ,  , 
1513.4809, -53.762, 1513.4809, -54.295, 1513.4809, -54.972, 1513.4809, -54.585, 1513.4809,-210.000,  , ,  , 
1513.5021, -53.766, 1513.5021, -54.328, 1513.5021, -55.036, 1513.5021, -54.563, 1513.5021, -75.554,  , ,  , 
1513.5234, -53.715, 1513.5234, -54.291, 1513.5234, -54.935, 1513.5234, -54.553, 1513.5234, -72.937,  , ,  , 
1513.5446, -53.724, 1513.5446, -54.264, 1513.5446, -54.937, 1513.5446, -54.498, 1513.5446, -75.477,  , ,  , 
1513.5659, -53.768, 1513.5659, -54.252, 1513.5659, -54.959, 1513.5659, -54.491, 1513.5659, -89.036,  , ,  , 
1513.5871, -53.760, 1513.5871, -54.255, 1513.5871, -54.887, 1513.5871, -54.526, 1513.5871, -76.097,  , ,  , 
1513.6084, -53.710, 1513.6084, -54.195, 1513.6084, -54.831, 1513.6084, -54.414, 1513.6084,-210.000,  , ,  , 
1513.6297, -53.727, 1513.6297, -54.189, 1513.6297, -54.903, 1513.6297, -54.488, 1513.6297, -75.944,  , ,  , 
1513.6509, -53.650, 1513.6509, -54.146, 1513.6509, -54.849, 1513.6509, -54.428, 1513.6509,-210.000,  , ,  , 
1513.6722, -53.705, 1513.6722, -54.239, 1513.6722, -54.861, 1513.6722, -54.351, 1513.6722,-210.000,  , ,  , 
1513.6934, -53.662, 1513.6934, -54.175, 1513.6934, -54.836, 1513.6934, -54.388, 1513.6934,-210.000,  , ,  , 
1513.7147, -53.645, 1513.7147, -54.184, 1513.7147, -54.751, 1513.7147, -54.360, 1513.7147,-210.000,  , ,  , 
1513.7359, -53.674, 1513.7359, -54.127, 1513.7359, -54.775, 1513.7359, -54.249, 1513.7359,-210.000,  , ,  , 
1513.7572, -53.650, 1513.7572, -54.213, 1513.7572, -54.740, 1513.7572, -54.260, 1513.7572,-210.000,  , ,  , 
1513.7784, -53.617, 1513.7784, -54.121, 1513.7784, -54.666, 1513.7784, -54.257, 1513.7784, -74.456,  , ,  , 
1513.7997, -53.589, 1513.7997, -54.052, 1513.7997, -54.711, 1513.7997, -54.238, 1513.7997, -79.475,  , ,  , 
1513.8210, -53.553, 1513.8210, -54.132, 1513.8210, -54.664, 1513.8210, -54.192, 1513.8210, -73.513,  , ,  , 
1513.8422, -53.620, 1513.8422, -54.120, 1513.8422, -54.562, 1513.8422, -54.141, 1513.8422, -73.668,  , ,  , 
1513.8635, -53.612, 1513.8635, -54.113, 1513.8635, -54.613, 1513.8635, -54.187, 1513.8635, -76.645,  , ,  , 
1513.8847, -53.546, 1513.8847, -54.104, 1513.8847, -54.572, 1513.8847, -54.056, 1513.8847, -76.214,  , ,  , 
1513.9060, -53.536, 1513.9060, -54.043, 1513.9060, -54.526, 1513.9060, -54.079, 1513.9060,-210.000,  , ,  , 
1513.9272, -53.539, 1513.9272, -54.088, 1513.9272, -54.515, 1513.9272, -54.040, 1513.9272,-210.000,  , ,  , 
1513.9485, -53.554, 1513.9485, -54.066, 1513.9485, -54.490, 1513.9485, -54.010, 1513.9485, -77.028,  , ,  , 
1513.9697, -53.538, 1513.9697, -54.042, 1513.9697, -54.417, 1513.9697, -53.969, 1513.9697,-210.000,  , ,  , 
1513.9910, -53.522, 1513.9910, -53.996, 1513.9910, -54.468, 1513.9910, -53.944, 1513.9910,-210.000,  , ,  , 
1514.0123, -53.492, 1514.0123, -53.965, 1514.0123, -54.434, 1514.0123, -53.924, 1514.0123,-210.000,  , ,  , 
1514.0335, -53.474, 1514.0335, -53.999, 1514.0335, -54.384, 1514.0335, -53.920, 1514.0335, -77.256,  , ,  , 
1514.0548, -53.459, 1514.0548, -53.947, 1514.0548, -54.422, 1514.0548, -53.899, 1514.0548, -78.017,  , ,  , 
1514.0760, -53.518, 1514.0760, -53.940, 1514.0760, -54.340, 1514.0760, -53.842, 1514.0760,-210.000,  , ,  , 
1514.0973, -53.450, 1514.0973, -53.896, 1514.0973, -54.335, 1514.0973, -53.853, 1514.0973, -80.229,  , ,  , 
1514.1185, -53.480, 1514.1185, -53.903, 1514.1185, -54.254, 1514.1185, -53.778, 1514.1185, -84.594,  , ,  , 
1514.1398, -53.475, 1514.1398, -53.886, 1514.1398, -54.314, 1514.1398, -53.860, 1514.1398, -76.357,  , ,  , 
1514.1610, -53.435, 1514.1610, -53.883, 1514.1610, -54.238, 1514.1610, -53.756, 1514.1610,-210.000,  , ,  , 
1514.1823, -53.388, 1514.1823, -53.883, 1514.1823, -54.267, 1514.1823, -53.776, 1514.1823, -82.079,  , ,  , 
1514.2036, -53.412, 1514.2036, -53.789, 1514.2036, -54.199, 1514.2036, -53.687, 1514.2036, -73.398,  , ,  , 
1514.2248, -53.420, 1514.2248, -53.850, 1514.2248, -54.170, 1514.2248, -53.651, 1514.2248, -72.517,  , ,  , 
1514.2461, -53.448, 1514.2461, -53.811, 1514.2461, -54.164, 1514.2461, -53.663, 1514.2461,-210.000,  , ,  , 
1514.2673, -53.367, 1514.2673, -53.770, 1514.2673, -54.123, 1514.2673, -53.607, 1514.2673, -74.844,  , ,  , 
1514.2886, -53.392, 1514.2886, -53.775, 1514.2886, -54.144, 1514.2886, -53.634, 1514.2886,-210.000,  , ,  , 
1514.3098, -53.387, 1514.3098, -53.765, 1514.3098, -54.089, 1514.3098, -53.596, 1514.3098,-210.000,  , ,  , 
1514.3311, -53.331, 1514.3311, -53.719, 1514.3311, -54.032, 1514.3311, -53.558, 1514.3311,-210.000,  , ,  , 
1514.3523, -53.311, 1514.3523, -53.722, 1514.3523, -54.019, 1514.3523, -53.550, 1514.3523, -71.755,  , ,  , 
1514.3736, -53.375, 1514.3736, -53.761, 1514.3736, -54.026, 1514.3736, -53.571, 1514.3736,-210.000,  , ,  , 
1514.3948, -53.315, 1514.3948, -53.663, 1514.3948, -53.999, 1514.3948, -53.473, 1514.3948, -76.966,  , ,  , 
1514.4161, -53.303, 1514.4161, -53.671, 1514.4161, -53.958, 1514.4161, -53.442, 1514.4161,-210.000,  , ,  , 
1514.4374, -53.306, 1514.4374, -53.660, 1514.4374, -53.891, 1514.4374, -53.468, 1514.4374, -81.230,  , ,  , 
1514.4586, -53.298, 1514.4586, -53.661, 1514.4586, -53.846, 1514.4586, -53.431, 1514.4586, -87.567,  , ,  , 
1514.4799, -53.231, 1514.4799, -53.635, 1514.4799, -53.808, 1514.4799, -53.412, 1514.4799,-210.000,  , ,  , 
1514.5011, -53.228, 1514.5011, -53.622, 1514.5011, -53.821, 1514.5011, -53.361, 1514.5011, -83.240,  , ,  , 
1514.5224, -53.237, 1514.5224, -53.564, 1514.5224, -53.843, 1514.5224, -53.345, 1514.5224,-210.000,  , ,  , 
1514.5436, -53.232, 1514.5436, -53.603, 1514.5436, -53.786, 1514.5436, -53.316, 1514.5436, -77.232,  , ,  , 
1514.5649, -53.214, 1514.5649, -53.577, 1514.5649, -53.736, 1514.5649, -53.297, 1514.5649,-210.000,  , ,  , 
1514.5861, -53.251, 1514.5861, -53.531, 1514.5861, -53.726, 1514.5861, -53.236, 1514.5861, -78.186,  , ,  , 
1514.6074, -53.191, 1514.6074, -53.539, 1514.6074, -53.696, 1514.6074, -53.231, 1514.6074,-210.000,  , ,  , 
1514.6287, -53.171, 1514.6287, -53.474, 1514.6287, -53.679, 1514.6287, -53.205, 1514.6287,-210.000,  , ,  , 
1514.6499, -53.165, 1514.6499, -53.472, 1514.6499, -53.627, 1514.6499, -53.150, 1514.6499, -73.052,  , ,  , 
1514.6712, -53.181, 1514.6712, -53.458, 1514.6712, -53.591, 1514.6712, -53.193, 1514.6712, -73.714,  , ,  , 
1514.6924, -53.167, 1514.6924, -53.418, 1514.6924, -53.642, 1514.6924, -53.128, 1514.6924, -76.404,  , ,  , 
1514.7137, -53.110, 1514.7137, -53.439, 1514.7137, -53.561, 1514.7137, -53.123, 1514.7137,-210.000,  , ,  , 
1514.7349, -53.119, 1514.7349, -53.378, 1514.7349, -53.551, 1514.7349, -53.095, 1514.7349, -77.955,  , ,  , 
1514.7562, -53.114, 1514.7562, -53.366, 1514.7562, -53.511, 1514.7562, -53.091, 1514.7562, -77.557,  , ,  , 
1514.7774, -53.085, 1514.7774, -53.359, 1514.7774, -53.528, 1514.7774, -53.035, 1514.7774,-210.000,  , ,  , 
1514.7987, -53.085, 1514.7987, -53.326, 1514.7987, -53.438, 1514.7987, -53.008, 1514.7987,-210.000,  , ,  , 
1514.8200, -53.047, 1514.8200, -53.324, 1514.8200, -53.431, 1514.8200, -53.007, 1514.8200, -82.796,  , ,  , 
1514.8412, -53.020, 1514.8412, -53.255, 1514.8412, -53.388, 1514.8412, -52.947, 1514.8412,-210.000,  , ,  , 
1514.8625, -52.997, 1514.8625, -53.285, 1514.8625, -53.403, 1514.8625, -52.981, 1514.8625,-210.000,  , ,  , 
1514.8837, -53.003, 1514.8837, -53.245, 1514.8837, -53.369, 1514.8837, -52.933, 1514.8837,-210.000,  , ,  , 
1514.9050, -52.995, 1514.9050, -53.227, 1514.9050, -53.303, 1514.9050, -52.895, 1514.9050,-210.000,  , ,  , 
1514.9262, -52.962, 1514.9262, -53.218, 1514.9262, -53.298, 1514.9262, -52.901, 1514.9262,-210.000,  , ,  , 
1514.9475, -52.969, 1514.9475, -53.143, 1514.9475, -53.250, 1514.9475, -52.837, 1514.9475, -73.979,  , ,  , 
1514.9687, -52.912, 1514.9687, -53.147, 1514.9687, -53.224, 1514.9687, -52.816, 1514.9687, -80.143,  , ,  , 
1514.9900, -52.928, 1514.9900, -53.124, 1514.9900, -53.215, 1514.9900, -52.820, 1514.9900, -73.715,  , ,  , 
1515.0113, -52.889, 1515.0113, -53.164, 1515.0113, -53.130, 1515.0113, -52.791, 1515.0113, -72.725,  , ,  , 
1515.0325, -52.906, 1515.0325, -53.101, 1515.0325, -53.120, 1515.0325, -52.743, 1515.0325, -80.597,  , ,  , 
1515.0538, -52.834, 1515.0538, -53.082, 1515.0538, -53.072, 1515.0538, -52.727, 1515.0538,-210.000,  , ,  , 
1515.0750, -52.820, 1515.0750, -53.030, 1515.0750, -53.096, 1515.0750, -52.743, 1515.0750,-210.000,  , ,  , 
1515.0963, -52.855, 1515.0963, -53.040, 1515.0963, -53.025, 1515.0963, -52.671, 1515.0963, -76.150,  , ,  , 
1515.1175, -52.827, 1515.1175, -53.029, 1515.1175, -53.073, 1515.1175, -52.628, 1515.1175,-210.000,  , ,  , 
1515.1388, -52.816, 1515.1388, -52.965, 1515.1388, -52.996, 1515.1388, -52.655, 1515.1388, -79.585,  , ,  , 
1515.1600, -52.781, 1515.1600, -53.002, 1515.1600, -52.972, 1515.1600, -52.584, 1515.1600, -74.451,  , ,  , 
1515.1813, -52.734, 1515.1813, -52.928, 1515.1813, -52.953, 1515.1813, -52.568, 1515.1813, -80.885,  , ,  , 
1515.2026, -52.793, 1515.2026, -52.908, 1515.2026, -52.955, 1515.2026, -52.553, 1515.2026, -75.960,  , ,  , 
1515.2238, -52.712, 1515.2238, -52.907, 1515.2238, -52.911, 1515.2238, -52.559, 1515.2238, -72.540,  , ,  , 
1515.2451, -52.703, 1515.2451, -52.855, 1515.2451, -52.869, 1515.2451, -52.548, 1515.2451, -75.851,  , ,  , 
1515.2663, -52.724, 1515.2663, -52.859, 1515.2663, -52.853, 1515.2663, -52.501, 1515.2663, -81.597,  , ,  , 
1515.2876, -52.668, 1515.2876, -52.832, 1515.2876, -52.799, 1515.2876, -52.465, 1515.2876, -80.297,  , ,  , 
1515.3088, -52.679, 1515.3088, -52.797, 1515.3088, -52.806, 1515.3088, -52.474, 1515.3088, -75.959,  , ,  , 
1515.3301, -52.648, 1515.3301, -52.769, 1515.3301, -52.749, 1515.3301, -52.444, 1515.3301,-210.000,  , ,  , 
1515.3513, -52.637, 1515.3513, -52.757, 1515.3513, -52.762, 1515.3513, -52.435, 1515.3513, -75.721,  , ,  , 
1515.3726, -52.612, 1515.3726, -52.735, 1515.3726, -52.744, 1515.3726, -52.389, 1515.3726,-210.000,  , ,  , 
1515.3938, -52.623, 1515.3938, -52.703, 1515.3938, -52.679, 1515.3938, -52.388, 1515.3938, -72.509,  , ,  , 
1515.4151, -52.596, 1515.4151, -52.693, 1515.4151, -52.696, 1515.4151, -52.365, 1515.4151,-210.000,  , ,  , 
1515.4364, -52.570, 1515.4364, -52.647, 1515.4364, -52.645, 1515.4364, -52.325, 1515.4364, -89.002,  , ,  , 
1515.4576, -52.565, 1515.4576, -52.689, 1515.4576, -52.584, 1515.4576, -52.276, 1515.4576, -78.817,  , ,  , 
1515.4789, -52.542, 1515.4789, -52.594, 1515.4789, -52.601, 1515.4789, -52.315, 1515.4789,-210.000,  , ,  , 
1515.5001, -52.499, 1515.5001, -52.592, 1515.5001, -52.573, 1515.5001, -52.241, 1515.5001,-210.000,  , ,  , 
1515.5214, -52.486, 1515.5214, -52.589, 1515.5214, -52.553, 1515.5214, -52.233, 1515.5214,-210.000,  , ,  , 
1515.5426, -52.468, 1515.5426, -52.574, 1515.5426, -52.475, 1515.5426, -52.209, 1515.5426,-210.000,  , ,  , 
1515.5639, -52.476, 1515.5639, -52.591, 1515.5639, -52.442, 1515.5639, -52.212, 1515.5639, -81.510,  , ,  , 
1515.5851, -52.447, 1515.5851, -52.531, 1515.5851, -52.440, 1515.5851, -52.195, 1515.5851,-210.000,  , ,  , 
1515.6064, -52.429, 1515.6064, -52.484, 1515.6064, -52.408, 1515.6064, -52.143, 1515.6064,-210.000,  , ,  , 
1515.6277, -52.402, 1515.6277, -52.480, 1515.6277, -52.370, 1515.6277, -52.133, 1515.6277, -74.632,  , ,  , 
1515.6489, -52.379, 1515.6489, -52.458, 1515.6489, -52.405, 1515.6489, -52.121, 1515.6489, -76.570,  , ,  , 
1515.6702, -52.371, 1515.6702, -52.443, 1515.6702, -52.351, 1515.6702, -52.067, 1515.6702, -78.061,  , ,  , 
1515.6914, -52.325, 1515.6914, -52.428, 1515.6914, -52.317, 1515.6914, -52.053, 1515.6914, -78.709,  , ,  , 
1515.7127, -52.316, 1515.7127, -52.407, 1515.7127, -52.301, 1515.7127, -52.060, 1515.7127, -73.400,  , ,  , 
1515.7339, -52.324, 1515.7339, -52.342, 1515.7339, -52.251, 1515.7339, -52.007, 1515.7339, -72.670,  , ,  , 
1515.7552, -52.262, 1515.7552, -52.358, 1515.7552, -52.259, 1515.7552, -51.992, 1515.7552,-210.000,  , ,  , 
1515.7764, -52.281, 1515.7764, -52.310, 1515.7764, -52.233, 1515.7764, -51.995, 1515.7764, -77.119,  , ,  , 
1515.7977, -52.251, 1515.7977, -52.277, 1515.7977, -52.170, 1515.7977, -51.954, 1515.7977, -77.555,  , ,  , 
1515.8190, -52.203, 1515.8190, -52.286, 1515.8190, -52.196, 1515.8190, -51.955, 1515.8190, -73.176,  , ,  , 
1515.8402, -52.245, 1515.8402, -52.238, 1515.8402, -52.124, 1515.8402, -51.885, 1515.8402, -79.004,  , ,  , 
1515.8615, -52.186, 1515.8615, -52.209, 1515.8615, -52.136, 1515.8615, -51.939, 1515.8615,-210.000,  , ,  , 
1515.8827, -52.141, 1515.8827, -52.175, 1515.8827, -52.091, 1515.8827, -51.851, 1515.8827, -82.195,  , ,  , 
1515.9040, -52.139, 1515.9040, -52.159, 1515.9040, -52.077, 1515.9040, -51.884, 1515.9040,-210.000,  , ,  , 
1515.9252, -52.142, 1515.9252, -52.161, 1515.9252, -52.018, 1515.9252, -51.830, 1515.9252, -87.528,  , ,  , 
1515.9465, -52.103, 1515.9465, -52.081, 1515.9465, -51.996, 1515.9465, -51.802, 1515.9465,-210.000,  , ,  , 
1515.9677, -52.064, 1515.9677, -52.114, 1515.9677, -51.971, 1515.9677, -51.788, 1515.9677, -77.217,  , ,  , 
1515.9890, -52.059, 1515.9890, -52.066, 1515.9890, -51.959, 1515.9890, -51.736, 1515.9890, -77.372,  , ,  , 
1516.0103, -52.038, 1516.0103, -52.053, 1516.0103, -51.917, 1516.0103, -51.697, 1516.0103,-210.000,  , ,  , 
1516.0315, -51.961, 1516.0315, -51.994, 1516.0315, -51.885, 1516.0315, -51.705, 1516.0315,-210.000,  , ,  , 
1516.0528, -51.970, 1516.0528, -52.028, 1516.0528, -51.875, 1516.0528, -51.680, 1516.0528, -79.958,  , ,  , 
1516.0740, -51.976, 1516.0740, -51.954, 1516.0740, -51.831, 1516.0740, -51.648, 1516.0740, -76.016,  , ,  , 
1516.0953, -51.928, 1516.0953, -51.936, 1516.0953, -51.803, 1516.0953, -51.616, 1516.0953,-210.000,  , ,  , 
1516.1165, -51.891, 1516.1165, -51.919, 1516.1165, -51.769, 1516.1165, -51.608, 1516.1165, -73.402,  , ,  , 
1516.1378, -51.902, 1516.1378, -51.899, 1516.1378, -51.753, 1516.1378, -51.587, 1516.1378, -73.351,  , ,  , 
1516.1590, -51.868, 1516.1590, -51.871, 1516.1590, -51.757, 1516.1590, -51.518, 1516.1590,-210.000,  , ,  , 
1516.1803, -51.785, 1516.1803, -51.847, 1516.1803, -51.696, 1516.1803, -51.539, 1516.1803,-210.000,  , ,  , 
1516.2016, -51.819, 1516.2016, -51.810, 1516.2016, -51.674, 1516.2016, -51.510, 1516.2016, -78.635,  , ,  , 
1516.2228, -51.784, 1516.2228, -51.784, 1516.2228, -51.654, 1516.2228, -51.488, 1516.2228, -85.572,  , ,  , 
1516.2441, -51.784, 1516.2441, -51.785, 1516.2441, -51.613, 1516.2441, -51.464, 1516.2441, -82.298,  , ,  , 
1516.2653, -51.742, 1516.2653, -51.727, 1516.2653, -51.590, 1516.2653, -51.417, 1516.2653,-210.000,  , ,  , 
1516.2866, -51.725, 1516.2866, -51.709, 1516.2866, -51.608, 1516.2866, -51.441, 1516.2866,-210.000,  , ,  , 
1516.3078, -51.722, 1516.3078, -51.703, 1516.3078, -51.561, 1516.3078, -51.386, 1516.3078, -73.574,  , ,  , 
1516.3291, -51.668, 1516.3291, -51.689, 1516.3291, -51.517, 1516.3291, -51.375, 1516.3291, -81.551,  , ,  , 
1516.3503, -51.642, 1516.3503, -51.657, 1516.3503, -51.490, 1516.3503, -51.337, 1516.3503,-210.000,  , ,  , 
1516.3716, -51.644, 1516.3716, -51.657, 1516.3716, -51.510, 1516.3716, -51.321, 1516.3716, -85.932,  , ,  , 
1516.3928, -51.614, 1516.3928, -51.600, 1516.3928, -51.457, 1516.3928, -51.309, 1516.3928, -77.563,  , ,  , 
1516.4141, -51.563, 1516.4141, -51.569, 1516.4141, -51.431, 1516.4141, -51.278, 1516.4141, -80.772,  , ,  , 
1516.4354, -51.562, 1516.4354, -51.562, 1516.4354, -51.408, 1516.4354, -51.254, 1516.4354, -79.990,  , ,  , 
1516.4566, -51.540, 1516.4566, -51.520, 1516.4566, -51.380, 1516.4566, -51.247, 1516.4566, -82.615,  , ,  , 
1516.4779, -51.525, 1516.4779, -51.512, 1516.4779, -51.345, 1516.4779, -51.194, 1516.4779,-210.000,  , ,  , 
1516.4991, -51.489, 1516.4991, -51.453, 1516.4991, -51.327, 1516.4991, -51.164, 1516.4991, -77.447,  , ,  , 
1516.5204, -51.430, 1516.5204, -51.458, 1516.5204, -51.263, 1516.5204, -51.148, 1516.5204, -92.797,  , ,  , 
1516.5416, -51.451, 1516.5416, -51.408, 1516.5416, -51.281, 1516.5416, -51.147, 1516.5416, -74.724,  , ,  , 
1516.5629, -51.401, 1516.5629, -51.426, 1516.5629, -51.268, 1516.5629, -51.109, 1516.5629,-210.000,  , ,  , 
1516.5841, -51.401, 1516.5841, -51.353, 1516.5841, -51.228, 1516.5841, -51.065, 1516.5841,-210.000,  , ,  , 
1516.6054, -51.328, 1516.6054, -51.369, 1516.6054, -51.181, 1516.6054, -51.044, 1516.6054,-210.000,  , ,  , 
1516.6267, -51.339, 1516.6267, -51.318, 1516.6267, -51.158, 1516.6267, -51.047, 1516.6267,-210.000,  , ,  , 
1516.6479, -51.339, 1516.6479, -51.299, 1516.6479, -51.123, 1516.6479, -50.968, 1516.6479,-210.000,  , ,  , 
1516.6692, -51.265, 1516.6692, -51.306, 1516.6692, -51.114, 1516.6692, -50.973, 1516.6692,-210.000,  , ,  , 
1516.6904, -51.248, 1516.6904, -51.234, 1516.6904, -51.084, 1516.6904, -50.933, 1516.6904,-210.000,  , ,  , 
1516.7117, -51.241, 1516.7117, -51.258, 1516.7117, -51.072, 1516.7117, -50.915, 1516.7117, -73.873,  , ,  , 
1516.7329, -51.208, 1516.7329, -51.206, 1516.7329, -51.019, 1516.7329, -50.887, 1516.7329,-210.000,  , ,  , 
1516.7542, -51.193, 1516.7542, -51.187, 1516.7542, -50.981, 1516.7542, -50.858, 1516.7542, -75.907,  , ,  , 
1516.7754, -51.165, 1516.7754, -51.168, 1516.7754, -50.995, 1516.7754, -50.845, 1516.7754, -87.345,  , ,  , 
1516.7967, -51.136, 1516.7967, -51.138, 1516.7967, -50.938, 1516.7967, -50.826, 1516.7967, -74.325,  , ,  , 
1516.8180, -51.099, 1516.8180, -51.160, 1516.8180, -50.936, 1516.8180, -50.770, 1516.8180, -78.596,  , ,  , 
1516.8392, -51.108, 1516.8392, -51.084, 1516.8392, -50.888, 1516.8392, -50.753, 1516.8392, -75.317,  , ,  , 
1516.8605, -51.058, 1516.8605, -51.090, 1516.8605, -50.867, 1516.8605, -50.748, 1516.8605, -80.759,  , ,  , 
1516.8817, -51.039, 1516.8817, -51.050, 1516.8817, -50.858, 1516.8817, -50.714, 1516.8817, -73.861,  , ,  , 
1516.9030, -51.030, 1516.9030, -50.996, 1516.9030, -50.809, 1516.9030, -50.686, 1516.9030,-210.000,  , ,  , 
1516.9242, -50.992, 1516.9242, -51.016, 1516.9242, -50.813, 1516.9242, -50.661, 1516.9242, -76.357,  , ,  , 
1516.9455, -50.963, 1516.9455, -50.983, 1516.9455, -50.804, 1516.9455, -50.661, 1516.9455,-210.000,  , ,  , 
1516.9667, -50.925, 1516.9667, -50.949, 1516.9667, -50.783, 1516.9667, -50.599, 1516.9667, -75.942,  , ,  , 
1516.9880, -50.953, 1516.9880, -50.936, 1516.9880, -50.723, 1516.9880, -50.564, 1516.9880,-210.000,  , ,  , 
1517.0093, -50.868, 1517.0093, -50.898, 1517.0093, -50.693, 1517.0093, -50.555, 1517.0093,-210.000,  , ,  , 
1517.0305, -50.863, 1517.0305, -50.933, 1517.0305, -50.691, 1517.0305, -50.530, 1517.0305,-210.000,  , ,  , 
1517.0518, -50.874, 1517.0518, -50.844, 1517.0518, -50.658, 1517.0518, -50.515, 1517.0518,-210.000,  , ,  , 
1517.0730, -50.857, 1517.0730, -50.828, 1517.0730, -50.636, 1517.0730, -50.468, 1517.0730,-210.000,  , ,  , 
1517.0943, -50.816, 1517.0943, -50.827, 1517.0943, -50.623, 1517.0943, -50.479, 1517.0943, -73.427,  , ,  , 
1517.1155, -50.787, 1517.1155, -50.794, 1517.1155, -50.599, 1517.1155, -50.451, 1517.1155,-210.000,  , ,  , 
1517.1368, -50.774, 1517.1368, -50.776, 1517.1368, -50.548, 1517.1368, -50.401, 1517.1368, -79.656,  , ,  , 
1517.1580, -50.718, 1517.1580, -50.764, 1517.1580, -50.555, 1517.1580, -50.372, 1517.1580,-210.000,  , ,  , 
1517.1793, -50.727, 1517.1793, -50.726, 1517.1793, -50.519, 1517.1793, -50.346, 1517.1793, -81.338,  , ,  , 
1517.2006, -50.699, 1517.2006, -50.730, 1517.2006, -50.505, 1517.2006, -50.339, 1517.2006,-210.000,  , ,  , 
1517.2218, -50.637, 1517.2218, -50.701, 1517.2218, -50.460, 1517.2218, -50.277, 1517.2218,-210.000,  , ,  , 
1517.2431, -50.613, 1517.2431, -50.658, 1517.2431, -50.428, 1517.2431, -50.263, 1517.2431, -73.709,  , ,  , 
1517.2643, -50.600, 1517.2643, -50.648, 1517.2643, -50.412, 1517.2643, -50.250, 1517.2643, -85.856,  , ,  , 
1517.2856, -50.566, 1517.2856, -50.610, 1517.2856, -50.386, 1517.2856, -50.203, 1517.2856, -75.786,  , ,  , 
1517.3068, -50.537, 1517.3068, -50.584, 1517.3068, -50.350, 1517.3068, -50.152, 1517.3068,-210.000,  , ,  , 
1517.3281, -50.516, 1517.3281, -50.578, 1517.3281, -50.323, 1517.3281, -50.144, 1517.3281, -75.257,  , ,  , 
1517.3493, -50.472, 1517.3493, -50.546, 1517.3493, -50.312, 1517.3493, -50.112, 1517.3493, -73.119,  , ,  , 
1517.3706, -50.454, 1517.3706, -50.528, 1517.3706, -50.281, 1517.3706, -50.062, 1517.3706, -78.745,  , ,  , 
1517.3918, -50.437, 1517.3918, -50.486, 1517.3918, -50.241, 1517.3918, -50.021, 1517.3918,-210.000,  , ,  , 
1517.4131, -50.390, 1517.4131, -50.474, 1517.4131, -50.207, 1517.4131, -50.010, 1517.4131,-210.000,  , ,  , 
1517.4344, -50.361, 1517.4344, -50.423, 1517.4344, -50.198, 1517.4344, -49.980, 1517.4344,-210.000,  , ,  , 
1517.4556, -50.356, 1517.4556, -50.413, 1517.4556, -50.157, 1517.4556, -49.914, 1517.4556, -73.619,  , ,  , 
1517.4769, -50.325, 1517.4769, -50.386, 1517.4769, -50.120, 1517.4769, -49.916, 1517.4769, -81.991,  , ,  , 
1517.4981, -50.273, 1517.4981, -50.361, 1517.4981, -50.114, 1517.4981, -49.873, 1517.4981, -82.134,  , ,  , 
1517.5194, -50.250, 1517.5194, -50.326, 1517.5194, -50.084, 1517.5194, -49.843, 1517.5194, -75.357,  , ,  , 
1517.5406, -50.245, 1517.5406, -50.296, 1517.5406, -50.052, 1517.5406, -49.798, 1517.5406,-210.000,  , ,  , 
1517.5619, -50.192, 1517.5619, -50.289, 1517.5619, -50.003, 1517.5619, -49.777, 1517.5619, -78.508,  , ,  , 
1517.5831, -50.187, 1517.5831, -50.258, 1517.5831, -49.995, 1517.5831, -49.742, 1517.5831, -80.259,  , ,  , 
1517.6044, -50.153, 1517.6044, -50.226, 1517.6044, -49.956, 1517.6044, -49.703, 1517.6044,-210.000,  , ,  , 
1517.6257, -50.129, 1517.6257, -50.208, 1517.6257, -49.927, 1517.6257, -49.671, 1517.6257, -76.760,  , ,  , 
1517.6469, -50.104, 1517.6469, -50.183, 1517.6469, -49.896, 1517.6469, -49.647, 1517.6469,-210.000,  , ,  , 
1517.6682, -50.090, 1517.6682, -50.186, 1517.6682, -49.885, 1517.6682, -49.610, 1517.6682, -77.671,  , ,  , 
1517.6894, -50.050, 1517.6894, -50.134, 1517.6894, -49.836, 1517.6894, -49.564, 1517.6894,-210.000,  , ,  , 
1517.7107, -50.012, 1517.7107, -50.112, 1517.7107, -49.815, 1517.7107, -49.531, 1517.7107,-210.000,  , ,  , 
1517.7319, -49.993, 1517.7319, -50.084, 1517.7319, -49.788, 1517.7319, -49.492, 1517.7319,-210.000,  , ,  , 
1517.7532, -49.976, 1517.7532, -50.074, 1517.7532, -49.751, 1517.7532, -49.490, 1517.7532, -75.284,  , ,  , 
1517.7744, -49.928, 1517.7744, -50.050, 1517.7744, -49.737, 1517.7744, -49.421, 1517.7744,-210.000,  , ,  , 
1517.7957, -49.892, 1517.7957, -50.037, 1517.7957, -49.686, 1517.7957, -49.404, 1517.7957,-210.000,  , ,  , 
1517.8170, -49.900, 1517.8170, -50.013, 1517.8170, -49.663, 1517.8170, -49.362, 1517.8170, -81.705,  , ,  , 
1517.8382, -49.836, 1517.8382, -49.997, 1517.8382, -49.658, 1517.8382, -49.308, 1517.8382, -72.559,  , ,  , 
1517.8595, -49.830, 1517.8595, -49.949, 1517.8595, -49.606, 1517.8595, -49.284, 1517.8595,-210.000,  , ,  , 
1517.8807, -49.808, 1517.8807, -49.930, 1517.8807, -49.584, 1517.8807, -49.233, 1517.8807,-210.000,  , ,  , 
1517.9020, -49.779, 1517.9020, -49.910, 1517.9020, -49.562, 1517.9020, -49.239, 1517.9020,-210.000,  , ,  , 
1517.9232, -49.744, 1517.9232, -49.904, 1517.9232, -49.511, 1517.9232, -49.174, 1517.9232, -79.284,  , ,  , 
1517.9445, -49.716, 1517.9445, -49.860, 1517.9445, -49.499, 1517.9445, -49.128, 1517.9445, -83.921,  , ,  , 
1517.9657, -49.699, 1517.9657, -49.843, 1517.9657, -49.453, 1517.9657, -49.097, 1517.9657, -75.150,  , ,  , 
1517.9870, -49.659, 1517.9870, -49.825, 1517.9870, -49.445, 1517.9870, -49.062, 1517.9870, -75.387,  , ,  , 
1518.0083, -49.661, 1518.0083, -49.795, 1518.0083, -49.418, 1518.0083, -49.014, 1518.0083, -83.539,  , ,  , 
1518.0295, -49.621, 1518.0295, -49.756, 1518.0295, -49.381, 1518.0295, -48.974, 1518.0295, -73.867,  , ,  , 
1518.0508, -49.587, 1518.0508, -49.739, 1518.0508, -49.346, 1518.0508, -48.941, 1518.0508, -81.999,  , ,  , 
1518.0720, -49.581, 1518.0720, -49.716, 1518.0720, -49.313, 1518.0720, -48.905, 1518.0720, -75.884,  , ,  , 
1518.0933, -49.553, 1518.0933, -49.703, 1518.0933, -49.286, 1518.0933, -48.870, 1518.0933,-210.000,  , ,  , 
1518.1145, -49.504, 1518.1145, -49.674, 1518.1145, -49.259, 1518.1145, -48.842, 1518.1145,-210.000,  , ,  , 
1518.1358, -49.477, 1518.1358, -49.618, 1518.1358, -49.216, 1518.1358, -48.796, 1518.1358, -77.307,  , ,  , 
1518.1570, -49.469, 1518.1570, -49.644, 1518.1570, -49.194, 1518.1570, -48.745, 1518.1570, -78.136,  , ,  , 
1518.1783, -49.436, 1518.1783, -49.583, 1518.1783, -49.162, 1518.1783, -48.709, 1518.1783,-210.000,  , ,  , 
1518.1995, -49.415, 1518.1995, -49.574, 1518.1995, -49.126, 1518.1995, -48.685, 1518.1995,-210.000,  , ,  , 
1518.2208, -49.384, 1518.2208, -49.544, 1518.2208, -49.105, 1518.2208, -48.631, 1518.2208,-210.000,  , ,  , 
1518.2421, -49.367, 1518.2421, -49.539, 1518.2421, -49.071, 1518.2421, -48.600, 1518.2421, -84.445,  , ,  , 
1518.2633, -49.324, 1518.2633, -49.509, 1518.2633, -49.043, 1518.2633, -48.552, 1518.2633,-210.000,  , ,  , 
1518.2846, -49.326, 1518.2846, -49.480, 1518.2846, -48.997, 1518.2846, -48.512, 1518.2846,-210.000,  , ,  , 
1518.3058, -49.294, 1518.3058, -49.471, 1518.3058, -48.979, 1518.3058, -48.476, 1518.3058,-210.000,  , ,  , 
1518.3271, -49.261, 1518.3271, -49.443, 1518.3271, -48.940, 1518.3271, -48.436, 1518.3271, -74.411,  , ,  , 
1518.3483, -49.228, 1518.3483, -49.414, 1518.3483, -48.904, 1518.3483, -48.385, 1518.3483,-210.000,  , ,  , 
1518.3696, -49.225, 1518.3696, -49.397, 1518.3696, -48.860, 1518.3696, -48.361, 1518.3696, -76.036,  , ,  , 
1518.3908, -49.197, 1518.3908, -49.371, 1518.3908, -48.834, 1518.3908, -48.310, 1518.3908, -83.941,  , ,  , 
1518.4121, -49.175, 1518.4121, -49.356, 1518.4121, -48.817, 1518.4121, -48.270, 1518.4121,-210.000,  , ,  , 
1518.4334, -49.141, 1518.4334, -49.324, 1518.4334, -48.781, 1518.4334, -48.232, 1518.4334,-210.000,  , ,  , 
1518.4546, -49.113, 1518.4546, -49.330, 1518.4546, -48.724, 1518.4546, -48.195, 1518.4546, -78.611,  , ,  , 
1518.4759, -49.098, 1518.4759, -49.309, 1518.4759, -48.719, 1518.4759, -48.152, 1518.4759, -84.244,  , ,  , 
1518.4971, -49.067, 1518.4971, -49.244, 1518.4971, -48.665, 1518.4971, -48.115, 1518.4971, -72.714,  , ,  , 
1518.5184, -49.031, 1518.5184, -49.246, 1518.5184, -48.650, 1518.5184, -48.055, 1518.5184, -78.835,  , ,  , 
1518.5396, -49.014, 1518.5396, -49.206, 1518.5396, -48.623, 1518.5396, -48.026, 1518.5396, -72.480,  , ,  , 
1518.5609, -48.994, 1518.5609, -49.200, 1518.5609, -48.571, 1518.5609, -47.985, 1518.5609, -77.553,  , ,  , 
1518.5821, -48.964, 1518.5821, -49.144, 1518.5821, -48.552, 1518.5821, -47.943, 1518.5821,-210.000,  , ,  , 
1518.6034, -48.954, 1518.6034, -49.128, 1518.6034, -48.513, 1518.6034, -47.895, 1518.6034,-210.000,  , ,  , 
1518.6247, -48.906, 1518.6247, -49.110, 1518.6247, -48.489, 1518.6247, -47.849, 1518.6247, -74.273,  , ,  , 
1518.6459, -48.893, 1518.6459, -49.094, 1518.6459, -48.441, 1518.6459, -47.818, 1518.6459, -76.482,  , ,  , 
1518.6672, -48.846, 1518.6672, -49.061, 1518.6672, -48.413, 1518.6672, -47.763, 1518.6672, -77.087,  , ,  , 
1518.6884, -48.821, 1518.6884, -48.996, 1518.6884, -48.366, 1518.6884, -47.730, 1518.6884,-210.000,  , ,  , 
1518.7097, -48.794, 1518.7097, -49.001, 1518.7097, -48.336, 1518.7097, -47.687, 1518.7097,-210.000,  , ,  , 
1518.7309, -48.765, 1518.7309, -48.952, 1518.7309, -48.301, 1518.7309, -47.635, 1518.7309,-210.000,  , ,  , 
1518.7522, -48.755, 1518.7522, -48.929, 1518.7522, -48.249, 1518.7522, -47.575, 1518.7522,-210.000,  , ,  , 
1518.7734, -48.721, 1518.7734, -48.902, 1518.7734, -48.211, 1518.7734, -47.539, 1518.7734,-210.000,  , ,  , 
1518.7947, -48.659, 1518.7947, -48.880, 1518.7947, -48.162, 1518.7947, -47.485, 1518.7947,-210.000,  , ,  , 
1518.8160, -48.642, 1518.8160, -48.835, 1518.8160, -48.130, 1518.8160, -47.429, 1518.8160,-210.000,  , ,  , 
1518.8372, -48.633, 1518.8372, -48.824, 1518.8372, -48.081, 1518.8372, -47.383, 1518.8372,-210.000,  , ,  , 
1518.8585, -48.581, 1518.8585, -48.781, 1518.8585, -48.061, 1518.8585, -47.331, 1518.8585, -84.626,  , ,  , 
1518.8797, -48.560, 1518.8797, -48.757, 1518.8797, -47.983, 1518.8797, -47.284, 1518.8797,-210.000,  , ,  , 
1518.9010, -48.545, 1518.9010, -48.732, 1518.9010, -47.954, 1518.9010, -47.232, 1518.9010, -77.658,  , ,  , 
1518.9222, -48.511, 1518.9222, -48.674, 1518.9222, -47.916, 1518.9222, -47.175, 1518.9222, -78.976,  , ,  , 
1518.9435, -48.464, 1518.9435, -48.650, 1518.9435, -47.869, 1518.9435, -47.139, 1518.9435,-210.000,  , ,  , 
1518.9647, -48.455, 1518.9647, -48.636, 1518.9647, -47.836, 1518.9647, -47.076, 1518.9647, -75.530,  , ,  , 
1518.9860, -48.426, 1518.9860, -48.604, 1518.9860, -47.783, 1518.9860, -47.027, 1518.9860,-210.000,  , ,  , 
1519.0073, -48.378, 1519.0073, -48.569, 1519.0073, -47.743, 1519.0073, -46.981, 1519.0073, -76.046,  , ,  , 
1519.0285, -48.361, 1519.0285, -48.537, 1519.0285, -47.705, 1519.0285, -46.922, 1519.0285, -73.562,  , ,  , 
1519.0498, -48.322, 1519.0498, -48.507, 1519.0498, -47.657, 1519.0498, -46.873, 1519.0498, -77.691,  , ,  , 
1519.0710, -48.297, 1519.0710, -48.462, 1519.0710, -47.611, 1519.0710, -46.831, 1519.0710,-210.000,  , ,  , 
1519.0923, -48.281, 1519.0923, -48.429, 1519.0923, -47.561, 1519.0923, -46.764, 1519.0923, -78.893,  , ,  , 
1519.1135, -48.228, 1519.1135, -48.396, 1519.1135, -47.534, 1519.1135, -46.725, 1519.1135, -76.374,  , ,  , 
1519.1348, -48.212, 1519.1348, -48.377, 1519.1348, -47.482, 1519.1348, -46.673, 1519.1348, -76.402,  , ,  , 
1519.1560, -48.183, 1519.1560, -48.332, 1519.1560, -47.434, 1519.1560, -46.614, 1519.1560, -72.826,  , ,  , 
1519.1773, -48.160, 1519.1773, -48.294, 1519.1773, -47.377, 1519.1773, -46.564, 1519.1773,-210.000,  , ,  , 
1519.1985, -48.120, 1519.1985, -48.284, 1519.1985, -47.367, 1519.1985, -46.515, 1519.1985, -75.260,  , ,  , 
1519.2198, -48.093, 1519.2198, -48.228, 1519.2198, -47.312, 1519.2198, -46.464, 1519.2198,-210.000,  , ,  , 
1519.2411, -48.069, 1519.2411, -48.202, 1519.2411, -47.251, 1519.2411, -46.407, 1519.2411, -76.782,  , ,  , 
1519.2623, -48.036, 1519.2623, -48.172, 1519.2623, -47.212, 1519.2623, -46.359, 1519.2623,-210.000,  , ,  , 
1519.2836, -48.009, 1519.2836, -48.145, 1519.2836, -47.154, 1519.2836, -46.315, 1519.2836,-210.000,  , ,  , 
1519.3048, -47.985, 1519.3048, -48.108, 1519.3048, -47.103, 1519.3048, -46.252, 1519.3048,-210.000,  , ,  , 
1519.3261, -47.958, 1519.3261, -48.062, 1519.3261, -47.066, 1519.3261, -46.195, 1519.3261, -81.638,  , ,  , 
1519.3473, -47.909, 1519.3473, -48.030, 1519.3473, -47.026, 1519.3473, -46.146, 1519.3473,-210.000,  , ,  , 
1519.3686, -47.905, 1519.3686, -47.996, 1519.3686, -46.972, 1519.3686, -46.097, 1519.3686, -81.532,  , ,  , 
1519.3898, -47.868, 1519.3898, -47.954, 1519.3898, -46.933, 1519.3898, -46.034, 1519.3898, -75.899,  , ,  , 
1519.4111, -47.826, 1519.4111, -47.923, 1519.4111, -46.879, 1519.4111, -45.995, 1519.4111,-210.000,  , ,  , 
1519.4324, -47.805, 1519.4324, -47.884, 1519.4324, -46.827, 1519.4324, -45.947, 1519.4324,-210.000,  , ,  , 
1519.4536, -47.778, 1519.4536, -47.853, 1519.4536, -46.795, 1519.4536, -45.891, 1519.4536, -72.113,  , ,  , 
1519.4749, -47.753, 1519.4749, -47.824, 1519.4749, -46.738, 1519.4749, -45.827, 1519.4749,-210.000,  , ,  , 
1519.4961, -47.724, 1519.4961, -47.798, 1519.4961, -46.688, 1519.4961, -45.779, 1519.4961, -75.021,  , ,  , 
1519.5174, -47.693, 1519.5174, -47.752, 1519.5174, -46.653, 1519.5174, -45.733, 1519.5174, -83.902,  , ,  , 
1519.5386, -47.669, 1519.5386, -47.725, 1519.5386, -46.591, 1519.5386, -45.674, 1519.5386, -77.444,  , ,  , 
1519.5599, -47.631, 1519.5599, -47.685, 1519.5599, -46.548, 1519.5599, -45.620, 1519.5599, -84.970,  , ,  , 
1519.5811, -47.606, 1519.5811, -47.641, 1519.5811, -46.510, 1519.5811, -45.577, 1519.5811, -81.522,  , ,  , 
1519.6024, -47.591, 1519.6024, -47.611, 1519.6024, -46.448, 1519.6024, -45.513, 1519.6024,-210.000,  , ,  , 
1519.6237, -47.546, 1519.6237, -47.565, 1519.6237, -46.411, 1519.6237, -45.469, 1519.6237,-210.000,  , ,  , 
1519.6449, -47.532, 1519.6449, -47.532, 1519.6449, -46.360, 1519.6449, -45.409, 1519.6449, -77.929,  , ,  , 
1519.6662, -47.498, 1519.6662, -47.499, 1519.6662, -46.316, 1519.6662, -45.357, 1519.6662,-210.000,  , ,  , 
1519.6874, -47.463, 1519.6874, -47.458, 1519.6874, -46.256, 1519.6874, -45.312, 1519.6874, -74.758,  , ,  , 
1519.7087, -47.443, 1519.7087, -47.422, 1519.7087, -46.206, 1519.7087, -45.248, 1519.7087,-210.000,  , ,  , 
1519.7299, -47.430, 1519.7299, -47.376, 1519.7299, -46.157, 1519.7299, -45.200, 1519.7299,-210.000,  , ,  , 
1519.7512, -47.377, 1519.7512, -47.348, 1519.7512, -46.120, 1519.7512, -45.152, 1519.7512,-210.000,  , ,  , 
1519.7724, -47.365, 1519.7724, -47.304, 1519.7724, -46.072, 1519.7724, -45.093, 1519.7724,-210.000,  , ,  , 
1519.7937, -47.342, 1519.7937, -47.281, 1519.7937, -46.019, 1519.7937, -45.043, 1519.7937, -75.724,  , ,  , 
1519.8150, -47.297, 1519.8150, -47.217, 1519.8150, -45.957, 1519.8150, -44.998, 1519.8150,-210.000,  , ,  , 
1519.8362, -47.267, 1519.8362, -47.185, 1519.8362, -45.916, 1519.8362, -44.935, 1519.8362,-210.000,  , ,  , 
1519.8575, -47.242, 1519.8575, -47.152, 1519.8575, -45.863, 1519.8575, -44.879, 1519.8575, -76.773,  , ,  , 
1519.8787, -47.217, 1519.8787, -47.105, 1519.8787, -45.808, 1519.8787, -44.834, 1519.8787,-210.000,  , ,  , 
1519.9000, -47.175, 1519.9000, -47.063, 1519.9000, -45.757, 1519.9000, -44.779, 1519.9000, -79.411,  , ,  , 
1519.9212, -47.149, 1519.9212, -47.020, 1519.9212, -45.706, 1519.9212, -44.723, 1519.9212,-210.000,  , ,  , 
1519.9425, -47.119, 1519.9425, -46.975, 1519.9425, -45.660, 1519.9425, -44.662, 1519.9425, -82.369,  , ,  , 
1519.9637, -47.067, 1519.9637, -46.934, 1519.9637, -45.602, 1519.9637, -44.613, 1519.9637, -75.405,  , ,  , 
1519.9850, -47.035, 1519.9850, -46.883, 1519.9850, -45.549, 1519.9850, -44.555, 1519.9850,-210.000,  , ,  , 
1520.0063, -46.998, 1520.0063, -46.815, 1520.0063, -45.489, 1520.0063, -44.501, 1520.0063, -79.851,  , ,  , 
1520.0275, -46.958, 1520.0275, -46.780, 1520.0275, -45.434, 1520.0275, -44.442, 1520.0275,-210.000,  , ,  , 
1520.0488, -46.929, 1520.0488, -46.716, 1520.0488, -45.366, 1520.0488, -44.380, 1520.0488, -80.086,  , ,  , 
1520.0700, -46.875, 1520.0700, -46.677, 1520.0700, -45.313, 1520.0700, -44.316, 1520.0700, -79.811,  , ,  , 
1520.0913, -46.830, 1520.0913, -46.621, 1520.0913, -45.253, 1520.0913, -44.251, 1520.0913, -75.614,  , ,  , 
1520.1125, -46.807, 1520.1125, -46.562, 1520.1125, -45.191, 1520.1125, -44.194, 1520.1125, -78.571,  , ,  , 
1520.1338, -46.761, 1520.1338, -46.518, 1520.1338, -45.134, 1520.1338, -44.128, 1520.1338,-210.000,  , ,  , 
1520.1550, -46.712, 1520.1550, -46.465, 1520.1550, -45.076, 1520.1550, -44.074, 1520.1550, -75.596,  , ,  , 
1520.1763, -46.663, 1520.1763, -46.408, 1520.1763, -45.013, 1520.1763, -44.011, 1520.1763,-210.000,  , ,  , 
1520.1975, -46.643, 1520.1975, -46.349, 1520.1975, -44.949, 1520.1975, -43.942, 1520.1975, -78.740,  , ,  , 
1520.2188, -46.604, 1520.2188, -46.289, 1520.2188, -44.887, 1520.2188, -43.883, 1520.2188,-210.000,  , ,  , 
1520.2401, -46.552, 1520.2401, -46.248, 1520.2401, -44.827, 1520.2401, -43.818, 1520.2401, -79.537,  , ,  , 
1520.2613, -46.528, 1520.2613, -46.187, 1520.2613, -44.759, 1520.2613, -43.754, 1520.2613, -75.114,  , ,  , 
1520.2826, -46.481, 1520.2826, -46.131, 1520.2826, -44.702, 1520.2826, -43.689, 1520.2826,-210.000,  , ,  , 
1520.3038, -46.429, 1520.3038, -46.077, 1520.3038, -44.637, 1520.3038, -43.629, 1520.3038,-210.000,  , ,  , 
1520.3251, -46.386, 1520.3251, -46.021, 1520.3251, -44.579, 1520.3251, -43.570, 1520.3251, -77.158,  , ,  , 
1520.3463, -46.347, 1520.3463, -45.971, 1520.3463, -44.518, 1520.3463, -43.503, 1520.3463, -73.124,  , ,  , 
1520.3676, -46.315, 1520.3676, -45.899, 1520.3676, -44.450, 1520.3676, -43.445, 1520.3676,-210.000,  , ,  , 
1520.3888, -46.265, 1520.3888, -45.856, 1520.3888, -44.387, 1520.3888, -43.380, 1520.3888,-210.000,  , ,  , 
1520.4101, -46.228, 1520.4101, -45.790, 1520.4101, -44.319, 1520.4101, -43.313, 1520.4101, -76.522,  , ,  , 
1520.4314, -46.183, 1520.4314, -45.734, 1520.4314, -44.255, 1520.4314, -43.250, 1520.4314, -77.269,  , ,  , 
1520.4526, -46.136, 1520.4526, -45.671, 1520.4526, -44.189, 1520.4526, -43.187, 1520.4526, -86.048,  , ,  , 
1520.4739, -46.090, 1520.4739, -45.623, 1520.4739, -44.129, 1520.4739, -43.125, 1520.4739, -74.840,  , ,  , 
1520.4951, -46.046, 1520.4951, -45.564, 1520.4951, -44.063, 1520.4951, -43.059, 1520.4951,-210.000,  , ,  , 
1520.5164, -45.998, 1520.5164, -45.501, 1520.5164, -44.005, 1520.5164, -42.996, 1520.5164,-210.000,  , ,  , 
1520.5376, -45.968, 1520.5376, -45.432, 1520.5376, -43.931, 1520.5376, -42.933, 1520.5376,-210.000,  , ,  , 
1520.5589, -45.907, 1520.5589, -45.380, 1520.5589, -43.874, 1520.5589, -42.871, 1520.5589,-210.000,  , ,  , 
1520.5801, -45.864, 1520.5801, -45.318, 1520.5801, -43.803, 1520.5801, -42.804, 1520.5801, -75.278,  , ,  , 
1520.6014, -45.826, 1520.6014, -45.252, 1520.6014, -43.737, 1520.6014, -42.733, 1520.6014, -78.333,  , ,  , 
1520.6227, -45.774, 1520.6227, -45.191, 1520.6227, -43.669, 1520.6227, -42.676, 1520.6227,-210.000,  , ,  , 
1520.6439, -45.723, 1520.6439, -45.131, 1520.6439, -43.604, 1520.6439, -42.610, 1520.6439, -77.852,  , ,  , 
1520.6652, -45.682, 1520.6652, -45.077, 1520.6652, -43.541, 1520.6652, -42.550, 1520.6652,-210.000,  , ,  , 
1520.6864, -45.638, 1520.6864, -45.006, 1520.6864, -43.466, 1520.6864, -42.481, 1520.6864,-210.000,  , ,  , 
1520.7077, -45.584, 1520.7077, -44.937, 1520.7077, -43.409, 1520.7077, -42.422, 1520.7077, -76.674,  , ,  , 
1520.7289, -45.538, 1520.7289, -44.874, 1520.7289, -43.346, 1520.7289, -42.357, 1520.7289, -74.869,  , ,  , 
1520.7502, -45.503, 1520.7502, -44.817, 1520.7502, -43.281, 1520.7502, -42.291, 1520.7502, -78.232,  , ,  , 
1520.7714, -45.448, 1520.7714, -44.753, 1520.7714, -43.209, 1520.7714, -42.227, 1520.7714, -72.423,  , ,  , 
1520.7927, -45.397, 1520.7927, -44.688, 1520.7927, -43.145, 1520.7927, -42.162, 1520.7927,-210.000,  , ,  , 
1520.8140, -45.358, 1520.8140, -44.625, 1520.8140, -43.085, 1520.8140, -42.103, 1520.8140, -74.901,  , ,  , 
1520.8352, -45.312, 1520.8352, -44.555, 1520.8352, -43.022, 1520.8352, -42.042, 1520.8352, -78.442,  , ,  , 
1520.8565, -45.258, 1520.8565, -44.510, 1520.8565, -42.958, 1520.8565, -41.980, 1520.8565, -78.573,  , ,  , 
1520.8777, -45.219, 1520.8777, -44.437, 1520.8777, -42.889, 1520.8777, -41.928, 1520.8777, -73.690,  , ,  , 
1520.8990, -45.166, 1520.8990, -44.380, 1520.8990, -42.830, 1520.8990, -41.862, 1520.8990,-210.000,  , ,  , 
1520.9202, -45.124, 1520.9202, -44.308, 1520.9202, -42.764, 1520.9202, -41.799, 1520.9202, -84.839,  , ,  , 
1520.9415, -45.079, 1520.9415, -44.256, 1520.9415, -42.703, 1520.9415, -41.736, 1520.9415, -74.564,  , ,  , 
1520.9627, -45.030, 1520.9627, -44.191, 1520.9627, -42.638, 1520.9627, -41.674, 1520.9627, -78.432,  , ,  , 
1520.9840, -44.983, 1520.9840, -44.133, 1520.9840, -42.575, 1520.9840, -41.617, 1520.9840, -78.696,  , ,  , 
1521.0053, -44.932, 1521.0053, -44.067, 1521.0053, -42.507, 1521.0053, -41.553, 1521.0053,-210.000,  , ,  , 
1521.0265, -44.891, 1521.0265, -44.008, 1521.0265, -42.453, 1521.0265, -41.498, 1521.0265, -84.814,  , ,  , 
1521.0478, -44.838, 1521.0478, -43.945, 1521.0478, -42.389, 1521.0478, -41.439, 1521.0478, -89.578,  , ,  , 
1521.0690, -44.789, 1521.0690, -43.884, 1521.0690, -42.322, 1521.0690, -41.381, 1521.0690,-210.000,  , ,  , 
1521.0903, -44.748, 1521.0903, -43.824, 1521.0903, -42.267, 1521.0903, -41.320, 1521.0903,-210.000,  , ,  , 
1521.1115, -44.701, 1521.1115, -43.763, 1521.1115, -42.201, 1521.1115, -41.264, 1521.1115, -74.947,  , ,  , 
1521.1328, -44.652, 1521.1328, -43.698, 1521.1328, -42.142, 1521.1328, -41.205, 1521.1328,-210.000,  , ,  , 
1521.1540, -44.606, 1521.1540, -43.643, 1521.1540, -42.083, 1521.1540, -41.146, 1521.1540,-210.000,  , ,  , 
1521.1753, -44.557, 1521.1753, -43.580, 1521.1753, -42.026, 1521.1753, -41.089, 1521.1753, -86.789,  , ,  , 
1521.1965, -44.505, 1521.1965, -43.514, 1521.1965, -41.963, 1521.1965, -41.032, 1521.1965, -76.250,  , ,  , 
1521.2178, -44.456, 1521.2178, -43.454, 1521.2178, -41.905, 1521.2178, -40.974, 1521.2178, -82.975,  , ,  , 
1521.2391, -44.408, 1521.2391, -43.385, 1521.2391, -41.841, 1521.2391, -40.917, 1521.2391, -75.875,  , ,  , 
1521.2603, -44.348, 1521.2603, -43.319, 1521.2603, -41.780, 1521.2603, -40.858, 1521.2603, -79.608,  , ,  , 
1521.2816, -44.289, 1521.2816, -43.253, 1521.2816, -41.717, 1521.2816, -40.802, 1521.2816, -75.634,  , ,  , 
1521.3028, -44.233, 1521.3028, -43.182, 1521.3028, -41.653, 1521.3028, -40.740, 1521.3028, -74.950,  , ,  , 
1521.3241, -44.168, 1521.3241, -43.104, 1521.3241, -41.595, 1521.3241, -40.686, 1521.3241,-210.000,  , ,  , 
1521.3453, -44.109, 1521.3453, -43.028, 1521.3453, -41.523, 1521.3453, -40.624, 1521.3453, -72.987,  , ,  , 
1521.3666, -44.038, 1521.3666, -42.952, 1521.3666, -41.456, 1521.3666, -40.559, 1521.3666, -76.116,  , ,  , 
1521.3878, -43.976, 1521.3878, -42.880, 1521.3878, -41.386, 1521.3878, -40.493, 1521.3878, -74.405,  , ,  , 
1521.4091, -43.907, 1521.4091, -42.794, 1521.4091, -41.314, 1521.4091, -40.426, 1521.4091,-210.000,  , ,  , 
1521.4304, -43.829, 1521.4304, -42.716, 1521.4304, -41.241, 1521.4304, -40.354, 1521.4304,-210.000,  , ,  , 
1521.4516, -43.757, 1521.4516, -42.629, 1521.4516, -41.168, 1521.4516, -40.285, 1521.4516, -78.953,  , ,  , 
1521.4729, -43.677, 1521.4729, -42.545, 1521.4729, -41.083, 1521.4729, -40.211, 1521.4729, -73.455,  , ,  , 
1521.4941, -43.608, 1521.4941, -42.454, 1521.4941, -41.008, 1521.4941, -40.137, 1521.4941,-210.000,  , ,  , 
1521.5154, -43.534, 1521.5154, -42.369, 1521.5154, -40.925, 1521.5154, -40.060, 1521.5154,-210.000,  , ,  , 
1521.5366, -43.460, 1521.5366, -42.286, 1521.5366, -40.846, 1521.5366, -39.983, 1521.5366, -73.939,  , ,  , 
1521.5579, -43.385, 1521.5579, -42.203, 1521.5579, -40.759, 1521.5579, -39.902, 1521.5579,-210.000,  , ,  , 
1521.5791, -43.312, 1521.5791, -42.117, 1521.5791, -40.674, 1521.5791, -39.824, 1521.5791,-210.000,  , ,  , 
1521.6004, -43.232, 1521.6004, -42.034, 1521.6004, -40.597, 1521.6004, -39.746, 1521.6004, -78.504,  , ,  , 
1521.6217, -43.156, 1521.6217, -41.950, 1521.6217, -40.518, 1521.6217, -39.671, 1521.6217,-210.000,  , ,  , 
1521.6429, -43.082, 1521.6429, -41.864, 1521.6429, -40.438, 1521.6429, -39.596, 1521.6429,-210.000,  , ,  , 
1521.6642, -43.007, 1521.6642, -41.777, 1521.6642, -40.360, 1521.6642, -39.521, 1521.6642, -78.623,  , ,  , 
1521.6854, -42.937, 1521.6854, -41.695, 1521.6854, -40.284, 1521.6854, -39.445, 1521.6854,-210.000,  , ,  , 
1521.7067, -42.867, 1521.7067, -41.614, 1521.7067, -40.200, 1521.7067, -39.372, 1521.7067, -77.803,  , ,  , 
1521.7279, -42.792, 1521.7279, -41.530, 1521.7279, -40.122, 1521.7279, -39.293, 1521.7279,-210.000,  , ,  , 
1521.7492, -42.718, 1521.7492, -41.449, 1521.7492, -40.044, 1521.7492, -39.217, 1521.7492, -78.545,  , ,  , 
1521.7704, -42.645, 1521.7704, -41.372, 1521.7704, -39.965, 1521.7704, -39.145, 1521.7704, -75.401,  , ,  , 
1521.7917, -42.564, 1521.7917, -41.290, 1521.7917, -39.890, 1521.7917, -39.071, 1521.7917,-210.000,  , ,  , 
1521.8130, -42.487, 1521.8130, -41.205, 1521.8130, -39.814, 1521.8130, -39.000, 1521.8130, -71.770,  , ,  , 
1521.8342, -42.416, 1521.8342, -41.127, 1521.8342, -39.744, 1521.8342, -38.930, 1521.8342, -76.794,  , ,  , 
1521.8555, -42.344, 1521.8555, -41.039, 1521.8555, -39.670, 1521.8555, -38.863, 1521.8555, -88.506,  , ,  , 
1521.8767, -42.276, 1521.8767, -40.956, 1521.8767, -39.594, 1521.8767, -38.791, 1521.8767,-210.000,  , ,  , 
1521.8980, -42.200, 1521.8980, -40.880, 1521.8980, -39.518, 1521.8980, -38.718, 1521.8980, -75.233,  , ,  , 
1521.9192, -42.130, 1521.9192, -40.800, 1521.9192, -39.441, 1521.9192, -38.645, 1521.9192, -89.105,  , ,  , 
1521.9405, -42.052, 1521.9405, -40.718, 1521.9405, -39.365, 1521.9405, -38.575, 1521.9405,-210.000,  , ,  , 
1521.9617, -41.975, 1521.9617, -40.642, 1521.9617, -39.288, 1521.9617, -38.506, 1521.9617,-210.000,  , ,  , 
1521.9830, -41.904, 1521.9830, -40.564, 1521.9830, -39.216, 1521.9830, -38.434, 1521.9830, -79.620,  , ,  , 
1522.0043, -41.825, 1522.0043, -40.481, 1522.0043, -39.147, 1522.0043, -38.370, 1522.0043, -72.946,  , ,  , 
1522.0255, -41.750, 1522.0255, -40.403, 1522.0255, -39.077, 1522.0255, -38.303, 1522.0255,-210.000,  , ,  , 
1522.0468, -41.677, 1522.0468, -40.318, 1522.0468, -39.002, 1522.0468, -38.233, 1522.0468, -92.043,  , ,  , 
1522.0680, -41.604, 1522.0680, -40.237, 1522.0680, -38.926, 1522.0680, -38.162, 1522.0680, -84.300,  , ,  , 
1522.0893, -41.530, 1522.0893, -40.162, 1522.0893, -38.850, 1522.0893, -38.091, 1522.0893,-210.000,  , ,  , 
1522.1105, -41.452, 1522.1105, -40.083, 1522.1105, -38.775, 1522.1105, -38.019, 1522.1105, -75.801,  , ,  , 
1522.1318, -41.383, 1522.1318, -40.006, 1522.1318, -38.701, 1522.1318, -37.948, 1522.1318,-210.000,  , ,  , 
1522.1530, -41.305, 1522.1530, -39.930, 1522.1530, -38.631, 1522.1530, -37.880, 1522.1530,-210.000,  , ,  , 
1522.1743, -41.221, 1522.1743, -39.852, 1522.1743, -38.562, 1522.1743, -37.813, 1522.1743, -78.947,  , ,  , 
1522.1955, -41.154, 1522.1955, -39.771, 1522.1955, -38.488, 1522.1955, -37.745, 1522.1955,-210.000,  , ,  , 
1522.2168, -41.077, 1522.2168, -39.689, 1522.2168, -38.418, 1522.2168, -37.682, 1522.2168,-210.000,  , ,  , 
1522.2381, -41.006, 1522.2381, -39.615, 1522.2381, -38.349, 1522.2381, -37.614, 1522.2381,-210.000,  , ,  , 
1522.2593, -40.937, 1522.2593, -39.537, 1522.2593, -38.278, 1522.2593, -37.544, 1522.2593, -80.047,  , ,  , 
1522.2806, -40.863, 1522.2806, -39.460, 1522.2806, -38.204, 1522.2806, -37.475, 1522.2806,-210.000,  , ,  , 
1522.3018, -40.788, 1522.3018, -39.385, 1522.3018, -38.133, 1522.3018, -37.409, 1522.3018,-210.000,  , ,  , 
1522.3231, -40.716, 1522.3231, -39.312, 1522.3231, -38.065, 1522.3231, -37.343, 1522.3231, -72.194,  , ,  , 
1522.3443, -40.641, 1522.3443, -39.234, 1522.3443, -37.994, 1522.3443, -37.279, 1522.3443, -75.371,  , ,  , 
1522.3656, -40.568, 1522.3656, -39.165, 1522.3656, -37.931, 1522.3656, -37.217, 1522.3656, -91.616,  , ,  , 
1522.3868, -40.494, 1522.3868, -39.086, 1522.3868, -37.862, 1522.3868, -37.155, 1522.3868, -93.152,  , ,  , 
1522.4081, -40.426, 1522.4081, -39.008, 1522.4081, -37.796, 1522.4081, -37.092, 1522.4081, -74.829,  , ,  , 
1522.4294, -40.351, 1522.4294, -38.939, 1522.4294, -37.727, 1522.4294, -37.026, 1522.4294, -76.364,  , ,  , 
1522.4506, -40.284, 1522.4506, -38.869, 1522.4506, -37.660, 1522.4506, -36.963, 1522.4506, -79.083,  , ,  , 
1522.4719, -40.214, 1522.4719, -38.796, 1522.4719, -37.594, 1522.4719, -36.899, 1522.4719, -77.002,  , ,  , 
1522.4931, -40.144, 1522.4931, -38.726, 1522.4931, -37.527, 1522.4931, -36.838, 1522.4931,-210.000,  , ,  , 
1522.5144, -40.075, 1522.5144, -38.656, 1522.5144, -37.464, 1522.5144, -36.777, 1522.5144, -81.613,  , ,  , 
1522.5356, -40.010, 1522.5356, -38.589, 1522.5356, -37.405, 1522.5356, -36.721, 1522.5356, -77.830,  , ,  , 
1522.5569, -39.940, 1522.5569, -38.523, 1522.5569, -37.344, 1522.5569, -36.664, 1522.5569, -76.340,  , ,  , 
1522.5781, -39.864, 1522.5781, -38.452, 1522.5781, -37.282, 1522.5781, -36.606, 1522.5781,-210.000,  , ,  , 
1522.5994, -39.793, 1522.5994, -38.378, 1522.5994, -37.220, 1522.5994, -36.551, 1522.5994,-210.000,  , ,  , 
1522.6207, -39.719, 1522.6207, -38.310, 1522.6207, -37.161, 1522.6207, -36.495, 1522.6207,-210.000,  , ,  , 
1522.6419, -39.636, 1522.6419, -38.234, 1522.6419, -37.096, 1522.6419, -36.433, 1522.6419,-210.000,  , ,  , 
1522.6632, -39.557, 1522.6632, -38.157, 1522.6632, -37.033, 1522.6632, -36.376, 1522.6632, -79.245,  , ,  , 
1522.6844, -39.478, 1522.6844, -38.077, 1522.6844, -36.969, 1522.6844, -36.318, 1522.6844,-210.000,  , ,  , 
1522.7057, -39.387, 1522.7057, -37.994, 1522.7057, -36.902, 1522.7057, -36.254, 1522.7057,-210.000,  , ,  , 
1522.7269, -39.294, 1522.7269, -37.911, 1522.7269, -36.835, 1522.7269, -36.191, 1522.7269,-210.000,  , ,  , 
1522.7482, -39.200, 1522.7482, -37.825, 1522.7482, -36.764, 1522.7482, -36.126, 1522.7482, -78.674,  , ,  , 
1522.7694, -39.102, 1522.7694, -37.732, 1522.7694, -36.691, 1522.7694, -36.059, 1522.7694,-210.000,  , ,  , 
1522.7907, -39.000, 1522.7907, -37.632, 1522.7907, -36.613, 1522.7907, -35.985, 1522.7907, -76.616,  , ,  , 
1522.8120, -38.898, 1522.8120, -37.531, 1522.8120, -36.531, 1522.8120, -35.906, 1522.8120, -75.896,  , ,  , 
1522.8332, -38.795, 1522.8332, -37.425, 1522.8332, -36.441, 1522.8332, -35.824, 1522.8332,-210.000,  , ,  , 
1522.8545, -38.694, 1522.8545, -37.326, 1522.8545, -36.351, 1522.8545, -35.736, 1522.8545, -72.706,  , ,  , 
1522.8757, -38.590, 1522.8757, -37.225, 1522.8757, -36.258, 1522.8757, -35.646, 1522.8757,-210.000,  , ,  , 
1522.8970, -38.488, 1522.8970, -37.128, 1522.8970, -36.165, 1522.8970, -35.556, 1522.8970, -75.276,  , ,  , 
1522.9182, -38.381, 1522.9182, -37.029, 1522.9182, -36.068, 1522.9182, -35.465, 1522.9182, -78.380,  , ,  , 
1522.9395, -38.274, 1522.9395, -36.924, 1522.9395, -35.977, 1522.9395, -35.375, 1522.9395, -78.971,  , ,  , 
1522.9607, -38.161, 1522.9607, -36.820, 1522.9607, -35.887, 1522.9607, -35.287, 1522.9607, -80.770,  , ,  , 
1522.9820, -38.063, 1522.9820, -36.716, 1522.9820, -35.793, 1522.9820, -35.201, 1522.9820,-210.000,  , ,  , 
1523.0033, -37.963, 1523.0033, -36.610, 1523.0033, -35.694, 1523.0033, -35.105, 1523.0033, -80.581,  , ,  , 
1523.0245, -37.864, 1523.0245, -36.506, 1523.0245, -35.593, 1523.0245, -35.010, 1523.0245, -74.821,  , ,  , 
1523.0458, -37.763, 1523.0458, -36.409, 1523.0458, -35.494, 1523.0458, -34.913, 1523.0458, -78.940,  , ,  , 
1523.0670, -37.661, 1523.0670, -36.315, 1523.0670, -35.397, 1523.0670, -34.818, 1523.0670, -75.891,  , ,  , 
1523.0883, -37.563, 1523.0883, -36.223, 1523.0883, -35.304, 1523.0883, -34.727, 1523.0883,-210.000,  , ,  , 
1523.1095, -37.458, 1523.1095, -36.128, 1523.1095, -35.216, 1523.1095, -34.643, 1523.1095,-210.000,  , ,  , 
1523.1308, -37.354, 1523.1308, -36.030, 1523.1308, -35.126, 1523.1308, -34.560, 1523.1308, -79.643,  , ,  , 
1523.1520, -37.253, 1523.1520, -35.933, 1523.1520, -35.042, 1523.1520, -34.475, 1523.1520,-210.000,  , ,  , 
1523.1733, -37.159, 1523.1733, -35.834, 1523.1733, -34.953, 1523.1733, -34.397, 1523.1733, -76.209,  , ,  , 
1523.1945, -37.065, 1523.1945, -35.744, 1523.1945, -34.861, 1523.1945, -34.307, 1523.1945,-210.000,  , ,  , 
1523.2158, -36.973, 1523.2158, -35.646, 1523.2158, -34.772, 1523.2158, -34.218, 1523.2158, -73.568,  , ,  , 
1523.2371, -36.880, 1523.2371, -35.561, 1523.2371, -34.681, 1523.2371, -34.129, 1523.2371,-210.000,  , ,  , 
1523.2583, -36.785, 1523.2583, -35.474, 1523.2583, -34.598, 1523.2583, -34.040, 1523.2583, -75.721,  , ,  , 
1523.2796, -36.686, 1523.2796, -35.388, 1523.2796, -34.516, 1523.2796, -33.957, 1523.2796, -78.344,  , ,  , 
1523.3008, -36.587, 1523.3008, -35.302, 1523.3008, -34.436, 1523.3008, -33.883, 1523.3008, -80.505,  , ,  , 
1523.3221, -36.494, 1523.3221, -35.210, 1523.3221, -34.359, 1523.3221, -33.807, 1523.3221,-210.000,  , ,  , 
1523.3433, -36.401, 1523.3433, -35.118, 1523.3433, -34.276, 1523.3433, -33.731, 1523.3433,-210.000,  , ,  , 
1523.3646, -36.318, 1523.3646, -35.030, 1523.3646, -34.199, 1523.3646, -33.660, 1523.3646,-210.000,  , ,  , 
1523.3858, -36.231, 1523.3858, -34.946, 1523.3858, -34.116, 1523.3858, -33.578, 1523.3858, -74.149,  , ,  , 
1523.4071, -36.146, 1523.4071, -34.860, 1523.4071, -34.026, 1523.4071, -33.497, 1523.4071,-210.000,  , ,  , 
1523.4284, -36.062, 1523.4284, -34.786, 1523.4284, -33.950, 1523.4284, -33.417, 1523.4284, -89.267,  , ,  , 
1523.4496, -35.975, 1523.4496, -34.709, 1523.4496, -33.871, 1523.4496, -33.342, 1523.4496, -76.353,  , ,  , 
1523.4709, -35.884, 1523.4709, -34.629, 1523.4709, -33.794, 1523.4709, -33.268, 1523.4709, -80.353,  , ,  , 
1523.4921, -35.799, 1523.4921, -34.551, 1523.4921, -33.727, 1523.4921, -33.202, 1523.4921,-210.000,  , ,  , 
1523.5134, -35.713, 1523.5134, -34.464, 1523.5134, -33.654, 1523.5134, -33.133, 1523.5134, -80.050,  , ,  , 
1523.5346, -35.630, 1523.5346, -34.387, 1523.5346, -33.585, 1523.5346, -33.064, 1523.5346,-210.000,  , ,  , 
1523.5559, -35.554, 1523.5559, -34.307, 1523.5559, -33.517, 1523.5559, -32.996, 1523.5559, -74.554,  , ,  , 
1523.5771, -35.476, 1523.5771, -34.229, 1523.5771, -33.440, 1523.5771, -32.922, 1523.5771, -78.925,  , ,  , 
1523.5984, -35.396, 1523.5984, -34.159, 1523.5984, -33.363, 1523.5984, -32.852, 1523.5984, -73.986,  , ,  , 
1523.6197, -35.321, 1523.6197, -34.076, 1523.6197, -33.293, 1523.6197, -32.781, 1523.6197, -76.787,  , ,  , 
1523.6409, -35.238, 1523.6409, -34.006, 1523.6409, -33.220, 1523.6409, -32.711, 1523.6409,-210.000,  , ,  , 
1523.6622, -35.157, 1523.6622, -33.936, 1523.6622, -33.153, 1523.6622, -32.647, 1523.6622, -78.841,  , ,  , 
1523.6834, -35.081, 1523.6834, -33.864, 1523.6834, -33.090, 1523.6834, -32.588, 1523.6834,-210.000,  , ,  , 
1523.7047, -35.005, 1523.7047, -33.791, 1523.7047, -33.025, 1523.7047, -32.525, 1523.7047, -83.486,  , ,  , 
1523.7259, -34.930, 1523.7259, -33.722, 1523.7259, -32.956, 1523.7259, -32.459, 1523.7259, -83.192,  , ,  , 
1523.7472, -34.854, 1523.7472, -33.647, 1523.7472, -32.887, 1523.7472, -32.395, 1523.7472,-210.000,  , ,  , 
1523.7684, -34.784, 1523.7684, -33.579, 1523.7684, -32.817, 1523.7684, -32.325, 1523.7684, -73.102,  , ,  , 
1523.7897, -34.716, 1523.7897, -33.518, 1523.7897, -32.750, 1523.7897, -32.261, 1523.7897, -76.762,  , ,  , 
1523.8110, -34.646, 1523.8110, -33.454, 1523.8110, -32.684, 1523.8110, -32.196, 1523.8110,-210.000,  , ,  , 
1523.8322, -34.583, 1523.8322, -33.395, 1523.8322, -32.624, 1523.8322, -32.134, 1523.8322,-210.000,  , ,  , 
1523.8535, -34.516, 1523.8535, -33.335, 1523.8535, -32.565, 1523.8535, -32.078, 1523.8535,-210.000,  , ,  , 
1523.8747, -34.449, 1523.8747, -33.275, 1523.8747, -32.508, 1523.8747, -32.025, 1523.8747,-210.000,  , ,  , 
1523.8960, -34.388, 1523.8960, -33.215, 1523.8960, -32.451, 1523.8960, -31.971, 1523.8960,-210.000,  , ,  , 
1523.9172, -34.321, 1523.9172, -33.159, 1523.9172, -32.401, 1523.9172, -31.916, 1523.9172, -84.421,  , ,  , 
1523.9385, -34.258, 1523.9385, -33.102, 1523.9385, -32.344, 1523.9385, -31.864, 1523.9385, -72.948,  , ,  , 
1523.9597, -34.191, 1523.9597, -33.041, 1523.9597, -32.289, 1523.9597, -31.806, 1523.9597,-210.000,  , ,  , 
1523.9810, -34.121, 1523.9810, -32.981, 1523.9810, -32.237, 1523.9810, -31.759, 1523.9810, -79.712,  , ,  , 
1524.0023, -34.042, 1524.0023, -32.919, 1524.0023, -32.186, 1524.0023, -31.710, 1524.0023,-210.000,  , ,  , 
1524.0235, -33.963, 1524.0235, -32.857, 1524.0235, -32.140, 1524.0235, -31.663, 1524.0235, -84.889,  , ,  , 
1524.0448, -33.875, 1524.0448, -32.787, 1524.0448, -32.087, 1524.0448, -31.616, 1524.0448, -78.470,  , ,  , 
1524.0660, -33.779, 1524.0660, -32.708, 1524.0660, -32.033, 1524.0660, -31.564, 1524.0660,-210.000,  , ,  , 
1524.0873, -33.677, 1524.0873, -32.622, 1524.0873, -31.977, 1524.0873, -31.513, 1524.0873, -71.754,  , ,  , 
1524.1085, -33.571, 1524.1085, -32.527, 1524.1085, -31.917, 1524.1085, -31.456, 1524.1085,-210.000,  , ,  , 
1524.1298, -33.459, 1524.1298, -32.418, 1524.1298, -31.844, 1524.1298, -31.390, 1524.1298, -74.284,  , ,  , 
1524.1510, -33.344, 1524.1510, -32.305, 1524.1510, -31.765, 1524.1510, -31.314, 1524.1510,-210.000,  , ,  , 
1524.1723, -33.223, 1524.1723, -32.195, 1524.1723, -31.674, 1524.1723, -31.230, 1524.1723, -77.180,  , ,  , 
1524.1935, -33.097, 1524.1935, -32.077, 1524.1935, -31.574, 1524.1935, -31.136, 1524.1935,-210.000,  , ,  , 
1524.2148, -32.960, 1524.2148, -31.958, 1524.2148, -31.466, 1524.2148, -31.033, 1524.2148, -77.958,  , ,  , 
1524.2361, -32.830, 1524.2361, -31.841, 1524.2361, -31.357, 1524.2361, -30.932, 1524.2361,-210.000,  , ,  , 
1524.2573, -32.697, 1524.2573, -31.722, 1524.2573, -31.248, 1524.2573, -30.827, 1524.2573, -75.153,  , ,  , 
1524.2786, -32.570, 1524.2786, -31.597, 1524.2786, -31.137, 1524.2786, -30.721, 1524.2786,-210.000,  , ,  , 
1524.2998, -32.453, 1524.2998, -31.478, 1524.2998, -31.024, 1524.2998, -30.615, 1524.2998, -77.496,  , ,  , 
1524.3211, -32.337, 1524.3211, -31.358, 1524.3211, -30.909, 1524.3211, -30.503, 1524.3211,-210.000,  , ,  , 
1524.3423, -32.226, 1524.3423, -31.237, 1524.3423, -30.785, 1524.3423, -30.381, 1524.3423,-210.000,  , ,  , 
1524.3636, -32.110, 1524.3636, -31.125, 1524.3636, -30.660, 1524.3636, -30.255, 1524.3636,-210.000,  , ,  , 
1524.3848, -31.996, 1524.3848, -31.021, 1524.3848, -30.539, 1524.3848, -30.139, 1524.3848,-210.000,  , ,  , 
1524.4061, -31.881, 1524.4061, -30.922, 1524.4061, -30.431, 1524.4061, -30.021, 1524.4061, -76.008,  , ,  , 
1524.4274, -31.761, 1524.4274, -30.817, 1524.4274, -30.321, 1524.4274, -29.914, 1524.4274, -74.527,  , ,  , 
1524.4486, -31.647, 1524.4486, -30.715, 1524.4486, -30.225, 1524.4486, -29.810, 1524.4486,-210.000,  , ,  , 
1524.4699, -31.539, 1524.4699, -30.610, 1524.4699, -30.128, 1524.4699, -29.714, 1524.4699, -77.561,  , ,  , 
1524.4911, -31.440, 1524.4911, -30.503, 1524.4911, -30.034, 1524.4911, -29.618, 1524.4911,-210.000,  , ,  , 
1524.5124, -31.342, 1524.5124, -30.400, 1524.5124, -29.932, 1524.5124, -29.517, 1524.5124,-210.000,  , ,  , 
1524.5336, -31.255, 1524.5336, -30.302, 1524.5336, -29.827, 1524.5336, -29.414, 1524.5336,-210.000,  , ,  , 
1524.5549, -31.162, 1524.5549, -30.215, 1524.5549, -29.729, 1524.5549, -29.314, 1524.5549, -73.673,  , ,  , 
1524.5761, -31.065, 1524.5761, -30.132, 1524.5761, -29.634, 1524.5761, -29.220, 1524.5761, -76.142,  , ,  , 
1524.5974, -30.964, 1524.5974, -30.051, 1524.5974, -29.544, 1524.5974, -29.130, 1524.5974,-210.000,  , ,  , 
1524.6187, -30.860, 1524.6187, -29.959, 1524.6187, -29.461, 1524.6187, -29.051, 1524.6187,-210.000,  , ,  , 
1524.6399, -30.761, 1524.6399, -29.869, 1524.6399, -29.382, 1524.6399, -28.974, 1524.6399, -72.073,  , ,  , 
1524.6612, -30.666, 1524.6612, -29.773, 1524.6612, -29.305, 1524.6612, -28.898, 1524.6612,-210.000,  , ,  , 
1524.6824, -30.582, 1524.6824, -29.678, 1524.6824, -29.220, 1524.6824, -28.817, 1524.6824,-210.000,  , ,  , 
1524.7037, -30.504, 1524.7037, -29.599, 1524.7037, -29.135, 1524.7037, -28.737, 1524.7037, -74.630,  , ,  , 
1524.7249, -30.430, 1524.7249, -29.523, 1524.7249, -29.051, 1524.7249, -28.657, 1524.7249,-210.000,  , ,  , 
1524.7462, -30.349, 1524.7462, -29.457, 1524.7462, -28.968, 1524.7462, -28.574, 1524.7462, -74.955,  , ,  , 
1524.7674, -30.261, 1524.7674, -29.384, 1524.7674, -28.890, 1524.7674, -28.499, 1524.7674, -82.475,  , ,  , 
1524.7887, -30.174, 1524.7887, -29.313, 1524.7887, -28.817, 1524.7887, -28.428, 1524.7887,-210.000,  , ,  , 
1524.8100, -30.086, 1524.8100, -29.236, 1524.8100, -28.751, 1524.8100, -28.359, 1524.8100, -73.742,  , ,  , 
1524.8312, -30.003, 1524.8312, -29.155, 1524.8312, -28.678, 1524.8312, -28.293, 1524.8312,-210.000,  , ,  , 
1524.8525, -29.928, 1524.8525, -29.074, 1524.8525, -28.609, 1524.8525, -28.224, 1524.8525,-210.000,  , ,  , 
1524.8737, -29.859, 1524.8737, -29.000, 1524.8737, -28.536, 1524.8737, -28.154, 1524.8737,-210.000,  , ,  , 
1524.8950, -29.793, 1524.8950, -28.935, 1524.8950, -28.464, 1524.8950, -28.081, 1524.8950,-210.000,  , ,  , 
1524.9162, -29.724, 1524.9162, -28.874, 1524.9162, -28.388, 1524.9162, -28.007, 1524.9162, -78.353,  , ,  , 
1524.9375, -29.654, 1524.9375, -28.815, 1524.9375, -28.316, 1524.9375, -27.936, 1524.9375,-210.000,  , ,  , 
1524.9587, -29.583, 1524.9587, -28.754, 1524.9587, -28.253, 1524.9587, -27.872, 1524.9587, -73.609,  , ,  , 
1524.9800, -29.513, 1524.9800, -28.697, 1524.9800, -28.195, 1524.9800, -27.812, 1524.9800,-210.000,  , ,  , 
1525.0013, -29.444, 1525.0013, -28.633, 1525.0013, -28.141, 1525.0013, -27.756, 1525.0013,-210.000,  , ,  , 
1525.0225, -29.382, 1525.0225, -28.569, 1525.0225, -28.083, 1525.0225, -27.700, 1525.0225,-210.000,  , ,  , 
1525.0438, -29.324, 1525.0438, -28.507, 1525.0438, -28.023, 1525.0438, -27.641, 1525.0438, -75.289,  , ,  , 
1525.0650, -29.272, 1525.0650, -28.451, 1525.0650, -27.961, 1525.0650, -27.581, 1525.0650,-210.000,  , ,  , 
1525.0863, -29.223, 1525.0863, -28.404, 1525.0863, -27.902, 1525.0863, -27.522, 1525.0863,-210.000,  , ,  , 
1525.1075, -29.172, 1525.1075, -28.357, 1525.1075, -27.843, 1525.1075, -27.466, 1525.1075, -85.830,  , ,  , 
1525.1288, -29.124, 1525.1288, -28.319, 1525.1288, -27.792, 1525.1288, -27.413, 1525.1288, -79.379,  , ,  , 
1525.1500, -29.077, 1525.1500, -28.278, 1525.1500, -27.745, 1525.1500, -27.370, 1525.1500, -76.567,  , ,  , 
1525.1713, -29.035, 1525.1713, -28.240, 1525.1713, -27.705, 1525.1713, -27.327, 1525.1713,-210.000,  , ,  , 
1525.1925, -28.998, 1525.1925, -28.206, 1525.1925, -27.669, 1525.1925, -27.291, 1525.1925,-210.000,  , ,  , 
1525.2138, -28.966, 1525.2138, -28.173, 1525.2138, -27.633, 1525.2138, -27.260, 1525.2138, -77.573,  , ,  , 
1525.2351, -28.936, 1525.2351, -28.144, 1525.2351, -27.596, 1525.2351, -27.222, 1525.2351, -84.876,  , ,  , 
1525.2563, -28.904, 1525.2563, -28.113, 1525.2563, -27.557, 1525.2563, -27.184, 1525.2563,-210.000,  , ,  , 
1525.2776, -28.875, 1525.2776, -28.087, 1525.2776, -27.519, 1525.2776, -27.148, 1525.2776, -77.218,  , ,  , 
1525.2988, -28.851, 1525.2988, -28.068, 1525.2988, -27.490, 1525.2988, -27.118, 1525.2988, -71.337,  , ,  , 
1525.3201, -28.831, 1525.3201, -28.052, 1525.3201, -27.467, 1525.3201, -27.091, 1525.3201, -74.963,  , ,  , 
1525.3413, -28.805, 1525.3413, -28.034, 1525.3413, -27.447, 1525.3413, -27.073, 1525.3413,-210.000,  , ,  , 
1525.3626, -28.777, 1525.3626, -28.019, 1525.3626, -27.437, 1525.3626, -27.067, 1525.3626,-210.000,  , ,  , 
1525.3838, -28.736, 1525.3838, -28.000, 1525.3838, -27.433, 1525.3838, -27.061, 1525.3838,-210.000,  , ,  , 
1525.4051, -28.684, 1525.4051, -27.970, 1525.4051, -27.423, 1525.4051, -27.056, 1525.4051, -74.961,  , ,  , 
1525.4264, -28.618, 1525.4264, -27.922, 1525.4264, -27.409, 1525.4264, -27.044, 1525.4264,-210.000,  , ,  , 
1525.4476, -28.540, 1525.4476, -27.859, 1525.4476, -27.385, 1525.4476, -27.023, 1525.4476, -73.933,  , ,  , 
1525.4689, -28.451, 1525.4689, -27.785, 1525.4689, -27.356, 1525.4689, -27.002, 1525.4689,-210.000,  , ,  , 
1525.4901, -28.349, 1525.4901, -27.693, 1525.4901, -27.315, 1525.4901, -26.968, 1525.4901,-210.000,  , ,  , 
1525.5114, -28.227, 1525.5114, -27.592, 1525.5114, -27.258, 1525.5114, -26.919, 1525.5114,-210.000,  , ,  , 
1525.5326, -28.096, 1525.5326, -27.481, 1525.5326, -27.190, 1525.5326, -26.859, 1525.5326,-210.000,  , ,  , 
1525.5539, -27.952, 1525.5539, -27.359, 1525.5539, -27.106, 1525.5539, -26.782, 1525.5539, -76.660,  , ,  , 
1525.5751, -27.799, 1525.5751, -27.232, 1525.5751, -27.010, 1525.5751, -26.695, 1525.5751,-210.000,  , ,  , 
1525.5964, -27.652, 1525.5964, -27.089, 1525.5964, -26.904, 1525.5964, -26.595, 1525.5964, -77.958,  , ,  , 
1525.6177, -27.510, 1525.6177, -26.943, 1525.6177, -26.786, 1525.6177, -26.481, 1525.6177,-210.000,  , ,  , 
1525.6389, -27.379, 1525.6389, -26.797, 1525.6389, -26.658, 1525.6389, -26.356, 1525.6389, -78.663,  , ,  , 
1525.6602, -27.257, 1525.6602, -26.659, 1525.6602, -26.519, 1525.6602, -26.223, 1525.6602, -81.240,  , ,  , 
1525.6814, -27.130, 1525.6814, -26.531, 1525.6814, -26.379, 1525.6814, -26.088, 1525.6814, -77.169,  , ,  , 
1525.7027, -27.001, 1525.7027, -26.406, 1525.7027, -26.231, 1525.7027, -25.936, 1525.7027, -71.342,  , ,  , 
1525.7239, -26.873, 1525.7239, -26.290, 1525.7239, -26.095, 1525.7239, -25.804, 1525.7239,-210.000,  , ,  , 
1525.7452, -26.751, 1525.7452, -26.180, 1525.7452, -25.971, 1525.7452, -25.677, 1525.7452,-210.000,  , ,  , 
1525.7664, -26.629, 1525.7664, -26.069, 1525.7664, -25.854, 1525.7664, -25.561, 1525.7664, -72.281,  , ,  , 
1525.7877, -26.526, 1525.7877, -25.962, 1525.7877, -25.746, 1525.7877, -25.454, 1525.7877,-210.000,  , ,  , 
1525.8090, -26.434, 1525.8090, -25.856, 1525.8090, -25.644, 1525.8090, -25.355, 1525.8090,-210.000,  , ,  , 
1525.8302, -26.354, 1525.8302, -25.760, 1525.8302, -25.547, 1525.8302, -25.260, 1525.8302, -73.794,  , ,  , 
1525.8515, -26.279, 1525.8515, -25.675, 1525.8515, -25.444, 1525.8515, -25.160, 1525.8515, -78.349,  , ,  , 
1525.8727, -26.199, 1525.8727, -25.594, 1525.8727, -25.340, 1525.8727, -25.057, 1525.8727,-210.000,  , ,  , 
1525.8940, -26.111, 1525.8940, -25.517, 1525.8940, -25.236, 1525.8940, -24.954, 1525.8940, -72.604,  , ,  , 
1525.9152, -26.020, 1525.9152, -25.445, 1525.9152, -25.143, 1525.9152, -24.861, 1525.9152,-210.000,  , ,  , 
1525.9365, -25.937, 1525.9365, -25.376, 1525.9365, -25.072, 1525.9365, -24.786, 1525.9365, -76.425,  , ,  , 
1525.9577, -25.861, 1525.9577, -25.309, 1525.9577, -25.007, 1525.9577, -24.721, 1525.9577,-210.000,  , ,  , 
1525.9790, -25.790, 1525.9790, -25.232, 1525.9790, -24.946, 1525.9790, -24.664, 1525.9790,-210.000,  , ,  , 
1526.0003, -25.731, 1526.0003, -25.163, 1526.0003, -24.886, 1526.0003, -24.603, 1526.0003, -73.869,  , ,  , 
1526.0215, -25.677, 1526.0215, -25.098, 1526.0215, -24.818, 1526.0215, -24.541, 1526.0215,-210.000,  , ,  , 
1526.0428, -25.630, 1526.0428, -25.043, 1526.0428, -24.748, 1526.0428, -24.472, 1526.0428,-210.000,  , ,  , 
1526.0640, -25.580, 1526.0640, -24.995, 1526.0640, -24.682, 1526.0640, -24.408, 1526.0640,-210.000,  , ,  , 
1526.0853, -25.522, 1526.0853, -24.952, 1526.0853, -24.617, 1526.0853, -24.345, 1526.0853,-210.000,  , ,  , 
1526.1065, -25.460, 1526.1065, -24.909, 1526.1065, -24.564, 1526.1065, -24.293, 1526.1065, -79.927,  , ,  , 
1526.1278, -25.398, 1526.1278, -24.860, 1526.1278, -24.523, 1526.1278, -24.250, 1526.1278, -76.230,  , ,  , 
1526.1490, -25.331, 1526.1490, -24.803, 1526.1490, -24.477, 1526.1490, -24.208, 1526.1490,-210.000,  , ,  , 
1526.1703, -25.276, 1526.1703, -24.738, 1526.1703, -24.429, 1526.1703, -24.161, 1526.1703, -77.149,  , ,  , 
1526.1915, -25.229, 1526.1915, -24.677, 1526.1915, -24.372, 1526.1915, -24.109, 1526.1915,-210.000,  , ,  , 
1526.2128, -25.189, 1526.2128, -24.628, 1526.2128, -24.314, 1526.2128, -24.065, 1526.2128,-210.000,  , ,  , 
1526.2341, -25.154, 1526.2341, -24.589, 1526.2341, -24.259, 1526.2341, -23.998, 1526.2341, -73.660,  , ,  , 
1526.2553, -25.117, 1526.2553, -24.558, 1526.2553, -24.208, 1526.2553, -23.948, 1526.2553, -78.320,  , ,  , 
1526.2766, -25.072, 1526.2766, -24.527, 1526.2766, -24.162, 1526.2766, -23.903, 1526.2766,-210.000,  , ,  , 
1526.2978, -25.026, 1526.2978, -24.493, 1526.2978, -24.127, 1526.2978, -23.867, 1526.2978,-210.000,  , ,  , 
1526.3191, -24.974, 1526.3191, -24.449, 1526.3191, -24.088, 1526.3191, -23.835, 1526.3191, -72.792,  , ,  , 
1526.3403, -24.931, 1526.3403, -24.403, 1526.3403, -24.056, 1526.3403, -23.797, 1526.3403,-210.000,  , ,  , 
1526.3616, -24.895, 1526.3616, -24.355, 1526.3616, -24.014, 1526.3616, -23.761, 1526.3616,-210.000,  , ,  , 
1526.3828, -24.866, 1526.3828, -24.315, 1526.3828, -23.957, 1526.3828, -23.715, 1526.3828, -77.678,  , ,  , 
1526.4041, -24.842, 1526.4041, -24.287, 1526.4041, -23.914, 1526.4041, -23.673, 1526.4041, -74.582,  , ,  , 
1526.4254, -24.823, 1526.4254, -24.268, 1526.4254, -23.874, 1526.4254, -23.635, 1526.4254, -77.585,  , ,  , 
1526.4466, -24.800, 1526.4466, -24.256, 1526.4466, -23.840, 1526.4466, -23.603, 1526.4466,-210.000,  , ,  , 
1526.4679, -24.780, 1526.4679, -24.241, 1526.4679, -23.814, 1526.4679, -23.580, 1526.4679, -74.679,  , ,  , 
1526.4891, -24.761, 1526.4891, -24.228, 1526.4891, -23.796, 1526.4891, -23.564, 1526.4891,-210.000,  , ,  , 
1526.5104, -24.751, 1526.5104, -24.214, 1526.5104, -23.781, 1526.5104, -23.546, 1526.5104, -76.102,  , ,  , 
1526.5316, -24.743, 1526.5316, -24.199, 1526.5316, -23.763, 1526.5316, -23.531, 1526.5316, -76.706,  , ,  , 
1526.5529, -24.742, 1526.5529, -24.191, 1526.5529, -23.746, 1526.5529, -23.514, 1526.5529, -76.363,  , ,  , 
1526.5741, -24.751, 1526.5741, -24.193, 1526.5741, -23.726, 1526.5741, -23.498, 1526.5741,-210.000,  , ,  , 
1526.5954, -24.765, 1526.5954, -24.202, 1526.5954, -23.714, 1526.5954, -23.487, 1526.5954, -72.496,  , ,  , 
1526.6167, -24.781, 1526.6167, -24.216, 1526.6167, -23.705, 1526.6167, -23.480, 1526.6167,-210.000,  , ,  , 
1526.6379, -24.800, 1526.6379, -24.237, 1526.6379, -23.705, 1526.6379, -23.481, 1526.6379,-210.000,  , ,  , 
1526.6592, -24.828, 1526.6592, -24.266, 1526.6592, -23.718, 1526.6592, -23.496, 1526.6592,-210.000,  , ,  , 
1526.6804, -24.866, 1526.6804, -24.302, 1526.6804, -23.745, 1526.6804, -23.521, 1526.6804, -79.624,  , ,  , 
1526.7017, -24.904, 1526.7017, -24.346, 1526.7017, -23.778, 1526.7017, -23.559, 1526.7017, -79.800,  , ,  , 
1526.7229, -24.940, 1526.7229, -24.389, 1526.7229, -23.819, 1526.7229, -23.599, 1526.7229, -75.589,  , ,  , 
1526.7442, -24.965, 1526.7442, -24.423, 1526.7442, -23.858, 1526.7442, -23.642, 1526.7442, -80.536,  , ,  , 
1526.7654, -24.970, 1526.7654, -24.445, 1526.7654, -23.893, 1526.7654, -23.682, 1526.7654,-210.000,  , ,  , 
1526.7867, -24.962, 1526.7867, -24.453, 1526.7867, -23.928, 1526.7867, -23.717, 1526.7867,-210.000,  , ,  , 
1526.8080, -24.940, 1526.8080, -24.444, 1526.8080, -23.957, 1526.8080, -23.751, 1526.8080, -77.116,  , ,  , 
1526.8292, -24.902, 1526.8292, -24.426, 1526.8292, -23.986, 1526.8292, -23.790, 1526.8292,-210.000,  , ,  , 
1526.8505, -24.847, 1526.8505, -24.400, 1526.8505, -24.018, 1526.8505, -23.830, 1526.8505,-210.000,  , ,  , 
1526.8717, -24.767, 1526.8717, -24.354, 1526.8717, -24.037, 1526.8717, -23.860, 1526.8717, -74.501,  , ,  , 
1526.8930, -24.666, 1526.8930, -24.285, 1526.8930, -24.041, 1526.8930, -23.878, 1526.8930,-210.000,  , ,  , 
1526.9142, -24.545, 1526.9142, -24.188, 1526.9142, -24.021, 1526.9142, -23.869, 1526.9142,-210.000,  , ,  , 
1526.9355, -24.411, 1526.9355, -24.081, 1526.9355, -23.973, 1526.9355, -23.835, 1526.9355, -73.231,  , ,  , 
1526.9567, -24.280, 1526.9567, -23.925, 1526.9567, -23.900, 1526.9567, -23.778, 1526.9567,-210.000,  , ,  , 
1526.9780, -24.146, 1526.9780, -23.786, 1526.9780, -23.801, 1526.9780, -23.688, 1526.9780, -72.561,  , ,  , 
1526.9992, -24.025, 1526.9992, -23.645, 1526.9992, -23.678, 1526.9992, -23.580, 1526.9992,-210.000,  , ,  , 
1527.0205, -23.888, 1527.0205, -23.517, 1527.0205, -23.544, 1527.0205, -23.454, 1527.0205, -86.024,  , ,  , 
1527.0418, -23.758, 1527.0418, -23.396, 1527.0418, -23.408, 1527.0418, -23.326, 1527.0418, -75.790,  , ,  , 
1527.0630, -23.628, 1527.0630, -23.279, 1527.0630, -23.273, 1527.0630, -23.193, 1527.0630, -92.561,  , ,  , 
1527.0843, -23.502, 1527.0843, -23.164, 1527.0843, -23.148, 1527.0843, -23.073, 1527.0843,-210.000,  , ,  , 
1527.1055, -23.395, 1527.1055, -23.051, 1527.1055, -23.025, 1527.1055, -22.955, 1527.1055, -85.654,  , ,  , 
1527.1268, -23.302, 1527.1268, -22.949, 1527.1268, -22.917, 1527.1268, -22.846, 1527.1268,-210.000,  , ,  , 
1527.1480, -23.227, 1527.1480, -22.853, 1527.1480, -22.806, 1527.1480, -22.737, 1527.1480, -72.198,  , ,  , 
1527.1693, -23.161, 1527.1693, -22.766, 1527.1693, -22.696, 1527.1693, -22.632, 1527.1693,-210.000,  , ,  , 
1527.1905, -23.096, 1527.1905, -22.693, 1527.1905, -22.592, 1527.1905, -22.530, 1527.1905,-210.000,  , ,  , 
1527.2118, -23.028, 1527.2118, -22.630, 1527.2118, -22.497, 1527.2118, -22.432, 1527.2118,-210.000,  , ,  , 
1527.2331, -22.956, 1527.2331, -22.567, 1527.2331, -22.412, 1527.2331, -22.349, 1527.2331,-210.000,  , ,  , 
1527.2543, -22.886, 1527.2543, -22.512, 1527.2543, -22.337, 1527.2543, -22.274, 1527.2543,-210.000,  , ,  , 
1527.2756, -22.826, 1527.2756, -22.461, 1527.2756, -22.280, 1527.2756, -22.219, 1527.2756,-210.000,  , ,  , 
1527.2968, -22.785, 1527.2968, -22.412, 1527.2968, -22.240, 1527.2968, -22.179, 1527.2968, -73.092,  , ,  , 
1527.3181, -22.753, 1527.3181, -22.371, 1527.3181, -22.204, 1527.3181, -22.148, 1527.3181,-210.000,  , ,  , 
1527.3393, -22.734, 1527.3393, -22.331, 1527.3393, -22.165, 1527.3393, -22.112, 1527.3393, -81.575,  , ,  , 
1527.3606, -22.710, 1527.3606, -22.296, 1527.3606, -22.116, 1527.3606, -22.069, 1527.3606, -79.270,  , ,  , 
1527.3818, -22.683, 1527.3818, -22.270, 1527.3818, -22.069, 1527.3818, -22.024, 1527.3818,-210.000,  , ,  , 
1527.4031, -22.647, 1527.4031, -22.244, 1527.4031, -22.025, 1527.4031, -21.983, 1527.4031, -71.748,  , ,  , 
1527.4244, -22.607, 1527.4244, -22.219, 1527.4244, -21.986, 1527.4244, -21.949, 1527.4244, -92.623,  , ,  , 
1527.4456, -22.567, 1527.4456, -22.194, 1527.4456, -21.958, 1527.4456, -21.927, 1527.4456, -74.396,  , ,  , 
1527.4669, -22.530, 1527.4669, -22.161, 1527.4669, -21.937, 1527.4669, -21.909, 1527.4669,-210.000,  , ,  , 
1527.4881, -22.502, 1527.4881, -22.127, 1527.4881, -21.917, 1527.4881, -21.893, 1527.4881, -72.741,  , ,  , 
1527.5094, -22.481, 1527.5094, -22.091, 1527.5094, -21.892, 1527.5094, -21.877, 1527.5094,-210.000,  , ,  , 
1527.5306, -22.464, 1527.5306, -22.061, 1527.5306, -21.861, 1527.5306, -21.849, 1527.5306, -77.837,  , ,  , 
1527.5519, -22.450, 1527.5519, -22.041, 1527.5519, -21.827, 1527.5519, -21.821, 1527.5519, -73.519,  , ,  , 
1527.5731, -22.436, 1527.5731, -22.026, 1527.5731, -21.793, 1527.5731, -21.791, 1527.5731,-210.000,  , ,  , 
1527.5944, -22.415, 1527.5944, -22.018, 1527.5944, -21.764, 1527.5944, -21.765, 1527.5944, -77.949,  , ,  , 
1527.6157, -22.384, 1527.6157, -22.005, 1527.6157, -21.743, 1527.6157, -21.746, 1527.6157,-210.000,  , ,  , 
1527.6369, -22.355, 1527.6369, -21.979, 1527.6369, -21.726, 1527.6369, -21.735, 1527.6369,-210.000,  , ,  , 
1527.6582, -22.329, 1527.6582, -21.955, 1527.6582, -21.712, 1527.6582, -21.725, 1527.6582,-210.000,  , ,  , 
1527.6794, -22.307, 1527.6794, -21.925, 1527.6794, -21.692, 1527.6794, -21.712, 1527.6794, -84.138,  , ,  , 
1527.7007, -22.295, 1527.7007, -21.902, 1527.7007, -21.669, 1527.7007, -21.693, 1527.7007, -77.339,  , ,  , 
1527.7219, -22.290, 1527.7219, -21.883, 1527.7219, -21.639, 1527.7219, -21.668, 1527.7219,-210.000,  , ,  , 
1527.7432, -22.291, 1527.7432, -21.876, 1527.7432, -21.613, 1527.7432, -21.646, 1527.7432,-210.000,  , ,  , 
1527.7644, -22.286, 1527.7644, -21.876, 1527.7644, -21.592, 1527.7644, -21.630, 1527.7644, -78.505,  , ,  , 
1527.7857, -22.283, 1527.7857, -21.886, 1527.7857, -21.582, 1527.7857, -21.623, 1527.7857,-210.000,  , ,  , 
1527.8070, -22.277, 1527.8070, -21.885, 1527.8070, -21.577, 1527.8070, -21.623, 1527.8070, -77.764,  , ,  , 
1527.8282, -22.273, 1527.8282, -21.882, 1527.8282, -21.577, 1527.8282, -21.625, 1527.8282,-210.000,  , ,  , 
1527.8495, -22.270, 1527.8495, -21.880, 1527.8495, -21.576, 1527.8495, -21.629, 1527.8495, -75.764,  , ,  , 
1527.8707, -22.284, 1527.8707, -21.878, 1527.8707, -21.568, 1527.8707, -21.632, 1527.8707, -78.637,  , ,  , 
1527.8920, -22.299, 1527.8920, -21.881, 1527.8920, -21.563, 1527.8920, -21.628, 1527.8920,-210.000,  , ,  , 
1527.9132, -22.328, 1527.9132, -21.899, 1527.9132, -21.558, 1527.9132, -21.629, 1527.9132,-210.000,  , ,  , 
1527.9345, -22.364, 1527.9345, -21.931, 1527.9345, -21.561, 1527.9345, -21.636, 1527.9345, -79.698,  , ,  , 
1527.9557, -22.404, 1527.9557, -21.973, 1527.9557, -21.577, 1527.9557, -21.654, 1527.9557,-210.000,  , ,  , 
1527.9770, -22.451, 1527.9770, -22.021, 1527.9770, -21.606, 1527.9770, -21.688, 1527.9770,-210.000,  , ,  , 
1527.9982, -22.505, 1527.9982, -22.073, 1527.9982, -21.640, 1527.9982, -21.725, 1527.9982, -76.937,  , ,  , 
1528.0195, -22.562, 1528.0195, -22.128, 1528.0195, -21.682, 1528.0195, -21.772, 1528.0195, -76.731,  , ,  , 
1528.0408, -22.633, 1528.0408, -22.188, 1528.0408, -21.729, 1528.0408, -21.823, 1528.0408, -88.850,  , ,  , 
1528.0620, -22.712, 1528.0620, -22.265, 1528.0620, -21.786, 1528.0620, -21.881, 1528.0620, -73.273,  , ,  , 
1528.0833, -22.792, 1528.0833, -22.342, 1528.0833, -21.845, 1528.0833, -21.947, 1528.0833,-210.000,  , ,  , 
1528.1045, -22.866, 1528.1045, -22.420, 1528.1045, -21.914, 1528.1045, -22.016, 1528.1045, -78.764,  , ,  , 
1528.1258, -22.934, 1528.1258, -22.497, 1528.1258, -21.990, 1528.1258, -22.095, 1528.1258, -81.084,  , ,  , 
1528.1470, -22.994, 1528.1470, -22.571, 1528.1470, -22.073, 1528.1470, -22.183, 1528.1470, -78.908,  , ,  , 
1528.1683, -23.038, 1528.1683, -22.632, 1528.1683, -22.163, 1528.1683, -22.280, 1528.1683, -75.269,  , ,  , 
1528.1895, -23.062, 1528.1895, -22.685, 1528.1895, -22.255, 1528.1895, -22.381, 1528.1895, -73.473,  , ,  , 
1528.2108, -23.063, 1528.2108, -22.718, 1528.2108, -22.345, 1528.2108, -22.481, 1528.2108,-210.000,  , ,  , 
1528.2321, -23.031, 1528.2321, -22.725, 1528.2321, -22.427, 1528.2321, -22.574, 1528.2321,-210.000,  , ,  , 
1528.2533, -22.975, 1528.2533, -22.699, 1528.2533, -22.487, 1528.2533, -22.651, 1528.2533, -81.227,  , ,  , 
1528.2746, -22.897, 1528.2746, -22.643, 1528.2746, -22.519, 1528.2746, -22.703, 1528.2746,-210.000,  , ,  , 
1528.2958, -22.791, 1528.2958, -22.548, 1528.2958, -22.524, 1528.2958, -22.721, 1528.2958,-210.000,  , ,  , 
1528.3171, -22.678, 1528.3171, -22.445, 1528.3171, -22.494, 1528.3171, -22.710, 1528.3171, -85.110,  , ,  , 
1528.3383, -22.558, 1528.3383, -22.333, 1528.3383, -22.440, 1528.3383, -22.674, 1528.3383, -71.030,  , ,  , 
1528.3596, -22.437, 1528.3596, -22.218, 1528.3596, -22.359, 1528.3596, -22.609, 1528.3596,-210.000,  , ,  , 
1528.3808, -22.313, 1528.3808, -22.108, 1528.3808, -22.267, 1528.3808, -22.531, 1528.3808,-210.000,  , ,  , 
1528.4021, -22.197, 1528.4021, -22.000, 1528.4021, -22.172, 1528.4021, -22.445, 1528.4021,-210.000,  , ,  , 
1528.4234, -22.085, 1528.4234, -21.894, 1528.4234, -22.075, 1528.4234, -22.352, 1528.4234, -81.946,  , ,  , 
1528.4446, -21.985, 1528.4446, -21.783, 1528.4446, -21.971, 1528.4446, -22.259, 1528.4446,-210.000,  , ,  , 
1528.4659, -21.894, 1528.4659, -21.676, 1528.4659, -21.862, 1528.4659, -22.158, 1528.4659, -86.312,  , ,  , 
1528.4871, -21.820, 1528.4871, -21.580, 1528.4871, -21.751, 1528.4871, -22.050, 1528.4871, -80.039,  , ,  , 
1528.5084, -21.759, 1528.5084, -21.500, 1528.5084, -21.642, 1528.5084, -21.948, 1528.5084, -75.482,  , ,  , 
1528.5296, -21.704, 1528.5296, -21.439, 1528.5296, -21.549, 1528.5296, -21.860, 1528.5296, -89.843,  , ,  , 
1528.5509, -21.651, 1528.5509, -21.389, 1528.5509, -21.467, 1528.5509, -21.780, 1528.5509,-210.000,  , ,  , 
1528.5721, -21.589, 1528.5721, -21.341, 1528.5721, -21.391, 1528.5721, -21.710, 1528.5721, -73.848,  , ,  , 
1528.5934, -21.535, 1528.5934, -21.296, 1528.5934, -21.333, 1528.5934, -21.654, 1528.5934, -79.602,  , ,  , 
1528.6147, -21.487, 1528.6147, -21.249, 1528.6147, -21.280, 1528.6147, -21.606, 1528.6147, -81.763,  , ,  , 
1528.6359, -21.456, 1528.6359, -21.212, 1528.6359, -21.241, 1528.6359, -21.572, 1528.6359, -74.270,  , ,  , 
1528.6572, -21.439, 1528.6572, -21.179, 1528.6572, -21.204, 1528.6572, -21.541, 1528.6572, -74.130,  , ,  , 
1528.6784, -21.433, 1528.6784, -21.157, 1528.6784, -21.171, 1528.6784, -21.515, 1528.6784, -75.665,  , ,  , 
1528.6997, -21.425, 1528.6997, -21.140, 1528.6997, -21.139, 1528.6997, -21.489, 1528.6997, -78.343,  , ,  , 
1528.7209, -21.411, 1528.7209, -21.129, 1528.7209, -21.107, 1528.7209, -21.462, 1528.7209, -76.419,  , ,  , 
1528.7422, -21.385, 1528.7422, -21.116, 1528.7422, -21.075, 1528.7422, -21.438, 1528.7422,-210.000,  , ,  , 
1528.7634, -21.357, 1528.7634, -21.103, 1528.7634, -21.055, 1528.7634, -21.422, 1528.7634, -77.897,  , ,  , 
1528.7847, -21.334, 1528.7847, -21.089, 1528.7847, -21.044, 1528.7847, -21.417, 1528.7847,-210.000,  , ,  , 
1528.8060, -21.317, 1528.8060, -21.072, 1528.8060, -21.038, 1528.8060, -21.416, 1528.8060, -77.135,  , ,  , 
1528.8272, -21.306, 1528.8272, -21.052, 1528.8272, -21.027, 1528.8272, -21.416, 1528.8272,-210.000,  , ,  , 
1528.8485, -21.302, 1528.8485, -21.032, 1528.8485, -21.014, 1528.8485, -21.410, 1528.8485,-210.000,  , ,  , 
1528.8697, -21.296, 1528.8697, -21.019, 1528.8697, -20.994, 1528.8697, -21.397, 1528.8697,-210.000,  , ,  , 
1528.8910, -21.288, 1528.8910, -21.011, 1528.8910, -20.975, 1528.8910, -21.385, 1528.8910, -72.996,  , ,  , 
1528.9122, -21.277, 1528.9122, -21.009, 1528.9122, -20.954, 1528.9122, -21.377, 1528.9122,-210.000,  , ,  , 
1528.9335, -21.256, 1528.9335, -21.004, 1528.9335, -20.940, 1528.9335, -21.367, 1528.9335,-210.000,  , ,  , 
1528.9547, -21.235, 1528.9547, -20.993, 1528.9547, -20.930, 1528.9547, -21.363, 1528.9547,-210.000,  , ,  , 
1528.9760, -21.216, 1528.9760, -20.978, 1528.9760, -20.925, 1528.9760, -21.367, 1528.9760, -73.860,  , ,  , 
1528.9972, -21.202, 1528.9972, -20.958, 1528.9972, -20.917, 1528.9972, -21.365, 1528.9972,-210.000,  , ,  , 
1529.0185, -21.192, 1529.0185, -20.939, 1529.0185, -20.906, 1529.0185, -21.365, 1529.0185, -83.839,  , ,  , 
1529.0398, -21.192, 1529.0398, -20.926, 1529.0398, -20.890, 1529.0398, -21.358, 1529.0398,-210.000,  , ,  , 
1529.0610, -21.191, 1529.0610, -20.919, 1529.0610, -20.872, 1529.0610, -21.345, 1529.0610, -81.051,  , ,  , 
1529.0823, -21.193, 1529.0823, -20.924, 1529.0823, -20.859, 1529.0823, -21.339, 1529.0823, -75.650,  , ,  , 
1529.1035, -21.191, 1529.1035, -20.932, 1529.1035, -20.850, 1529.1035, -21.337, 1529.1035,-210.000,  , ,  , 
1529.1248, -21.189, 1529.1248, -20.940, 1529.1248, -20.852, 1529.1248, -21.345, 1529.1248,-210.000,  , ,  , 
1529.1460, -21.188, 1529.1460, -20.946, 1529.1460, -20.858, 1529.1460, -21.360, 1529.1460, -73.344,  , ,  , 
1529.1673, -21.193, 1529.1673, -20.946, 1529.1673, -20.869, 1529.1673, -21.377, 1529.1673,-210.000,  , ,  , 
1529.1885, -21.203, 1529.1885, -20.949, 1529.1885, -20.877, 1529.1885, -21.395, 1529.1885, -75.489,  , ,  , 
1529.2098, -21.220, 1529.2098, -20.956, 1529.2098, -20.882, 1529.2098, -21.407, 1529.2098, -78.941,  , ,  , 
1529.2311, -21.243, 1529.2311, -20.971, 1529.2311, -20.886, 1529.2311, -21.417, 1529.2311, -94.469,  , ,  , 
1529.2523, -21.271, 1529.2523, -20.994, 1529.2523, -20.891, 1529.2523, -21.427, 1529.2523, -82.765,  , ,  , 
1529.2736, -21.302, 1529.2736, -21.028, 1529.2736, -20.904, 1529.2736, -21.446, 1529.2736,-210.000,  , ,  , 
1529.2948, -21.341, 1529.2948, -21.068, 1529.2948, -20.925, 1529.2948, -21.473, 1529.2948, -71.806,  , ,  , 
1529.3161, -21.382, 1529.3161, -21.113, 1529.3161, -20.963, 1529.3161, -21.513, 1529.3161, -82.853,  , ,  , 
1529.3373, -21.433, 1529.3373, -21.161, 1529.3373, -21.004, 1529.3373, -21.561, 1529.3373, -77.429,  , ,  , 
1529.3586, -21.491, 1529.3586, -21.214, 1529.3586, -21.051, 1529.3586, -21.613, 1529.3586,-210.000,  , ,  , 
1529.3798, -21.558, 1529.3798, -21.273, 1529.3798, -21.102, 1529.3798, -21.673, 1529.3798, -81.982,  , ,  , 
1529.4011, -21.638, 1529.4011, -21.341, 1529.4011, -21.155, 1529.4011, -21.730, 1529.4011,-210.000,  , ,  , 
1529.4224, -21.723, 1529.4224, -21.421, 1529.4224, -21.215, 1529.4224, -21.797, 1529.4224, -75.619,  , ,  , 
1529.4436, -21.822, 1529.4436, -21.515, 1529.4436, -21.286, 1529.4436, -21.871, 1529.4436,-210.000,  , ,  , 
1529.4649, -21.922, 1529.4649, -21.618, 1529.4649, -21.369, 1529.4649, -21.958, 1529.4649, -74.823,  , ,  , 
1529.4861, -22.025, 1529.4861, -21.724, 1529.4861, -21.463, 1529.4861, -22.063, 1529.4861, -83.750,  , ,  , 
1529.5074, -22.124, 1529.5074, -21.834, 1529.5074, -21.573, 1529.5074, -22.178, 1529.5074, -77.091,  , ,  , 
1529.5286, -22.215, 1529.5286, -21.935, 1529.5286, -21.688, 1529.5286, -22.301, 1529.5286, -79.916,  , ,  , 
1529.5499, -22.292, 1529.5499, -22.032, 1529.5499, -21.803, 1529.5499, -22.423, 1529.5499,-210.000,  , ,  , 
1529.5711, -22.350, 1529.5711, -22.117, 1529.5711, -21.921, 1529.5711, -22.553, 1529.5711, -73.112,  , ,  , 
1529.5924, -22.386, 1529.5924, -22.183, 1529.5924, -22.033, 1529.5924, -22.677, 1529.5924, -80.286,  , ,  , 
1529.6137, -22.395, 1529.6137, -22.222, 1529.6137, -22.143, 1529.6137, -22.800, 1529.6137, -81.634,  , ,  , 
1529.6349, -22.376, 1529.6349, -22.231, 1529.6349, -22.235, 1529.6349, -22.912, 1529.6349,-210.000,  , ,  , 
1529.6562, -22.324, 1529.6562, -22.202, 1529.6562, -22.301, 1529.6562, -22.995, 1529.6562, -75.509,  , ,  , 
1529.6774, -22.252, 1529.6774, -22.154, 1529.6774, -22.340, 1529.6774, -23.052, 1529.6774, -74.430,  , ,  , 
1529.6987, -22.163, 1529.6987, -22.084, 1529.6987, -22.353, 1529.6987, -23.083, 1529.6987, -72.020,  , ,  , 
1529.7199, -22.061, 1529.7199, -22.006, 1529.7199, -22.339, 1529.7199, -23.091, 1529.7199,-210.000,  , ,  , 
1529.7412, -21.955, 1529.7412, -21.917, 1529.7412, -22.301, 1529.7412, -23.072, 1529.7412, -76.549,  , ,  , 
1529.7624, -21.852, 1529.7624, -21.820, 1529.7624, -22.245, 1529.7624, -23.032, 1529.7624, -74.054,  , ,  , 
1529.7837, -21.756, 1529.7837, -21.720, 1529.7837, -22.176, 1529.7837, -22.979, 1529.7837,-210.000,  , ,  , 
1529.8050, -21.677, 1529.8050, -21.628, 1529.8050, -22.097, 1529.8050, -22.914, 1529.8050, -83.788,  , ,  , 
1529.8262, -21.604, 1529.8262, -21.545, 1529.8262, -22.015, 1529.8262, -22.843, 1529.8262, -75.374,  , ,  , 
1529.8475, -21.538, 1529.8475, -21.474, 1529.8475, -21.925, 1529.8475, -22.762, 1529.8475, -80.484,  , ,  , 
1529.8687, -21.477, 1529.8687, -21.411, 1529.8687, -21.835, 1529.8687, -22.678, 1529.8687,-210.000,  , ,  , 
1529.8900, -21.420, 1529.8900, -21.357, 1529.8900, -21.755, 1529.8900, -22.605, 1529.8900, -75.569,  , ,  , 
1529.9112, -21.367, 1529.9112, -21.316, 1529.9112, -21.691, 1529.9112, -22.542, 1529.9112,-210.000,  , ,  , 
1529.9325, -21.321, 1529.9325, -21.273, 1529.9325, -21.637, 1529.9325, -22.494, 1529.9325,-210.000,  , ,  , 
1529.9537, -21.282, 1529.9537, -21.233, 1529.9537, -21.596, 1529.9537, -22.459, 1529.9537,-210.000,  , ,  , 
1529.9750, -21.257, 1529.9750, -21.199, 1529.9750, -21.560, 1529.9750, -22.431, 1529.9750, -76.450,  , ,  , 
1529.9962, -21.248, 1529.9962, -21.174, 1529.9962, -21.526, 1529.9962, -22.406, 1529.9962, -78.105,  , ,  , 
1530.0175, -21.244, 1530.0175, -21.158, 1530.0175, -21.496, 1530.0175, -22.382, 1530.0175,-210.000,  , ,  , 
1530.0388, -21.240, 1530.0388, -21.154, 1530.0388, -21.469, 1530.0388, -22.361, 1530.0388, -81.823,  , ,  , 
1530.0600, -21.233, 1530.0600, -21.154, 1530.0600, -21.452, 1530.0600, -22.351, 1530.0600,-210.000,  , ,  , 
1530.0813, -21.219, 1530.0813, -21.155, 1530.0813, -21.444, 1530.0813, -22.348, 1530.0813,-210.000,  , ,  , 
1530.1025, -21.202, 1530.1025, -21.151, 1530.1025, -21.438, 1530.1025, -22.349, 1530.1025, -82.275,  , ,  , 
1530.1238, -21.182, 1530.1238, -21.136, 1530.1238, -21.434, 1530.1238, -22.355, 1530.1238,-210.000,  , ,  , 
1530.1450, -21.171, 1530.1450, -21.125, 1530.1450, -21.432, 1530.1450, -22.360, 1530.1450, -79.399,  , ,  , 
1530.1663, -21.166, 1530.1663, -21.110, 1530.1663, -21.426, 1530.1663, -22.363, 1530.1663, -77.281,  , ,  , 
1530.1875, -21.174, 1530.1875, -21.108, 1530.1875, -21.425, 1530.1875, -22.370, 1530.1875, -81.681,  , ,  , 
1530.2088, -21.175, 1530.2088, -21.110, 1530.2088, -21.421, 1530.2088, -22.374, 1530.2088,-210.000,  , ,  , 
1530.2301, -21.176, 1530.2301, -21.112, 1530.2301, -21.415, 1530.2301, -22.379, 1530.2301,-210.000,  , ,  , 
1530.2513, -21.167, 1530.2513, -21.116, 1530.2513, -21.411, 1530.2513, -22.384, 1530.2513, -78.303,  , ,  , 
1530.2726, -21.150, 1530.2726, -21.115, 1530.2726, -21.408, 1530.2726, -22.390, 1530.2726,-210.000,  , ,  , 
1530.2938, -21.131, 1530.2938, -21.104, 1530.2938, -21.406, 1530.2938, -22.398, 1530.2938, -75.493,  , ,  , 
1530.3151, -21.115, 1530.3151, -21.092, 1530.3151, -21.407, 1530.3151, -22.405, 1530.3151,-210.000,  , ,  , 
1530.3363, -21.108, 1530.3363, -21.077, 1530.3363, -21.406, 1530.3363, -22.415, 1530.3363, -76.483,  , ,  , 
1530.3576, -21.110, 1530.3576, -21.072, 1530.3576, -21.406, 1530.3576, -22.424, 1530.3576,-210.000,  , ,  , 
1530.3788, -21.117, 1530.3788, -21.072, 1530.3788, -21.407, 1530.3788, -22.434, 1530.3788,-210.000,  , ,  , 
1530.4001, -21.123, 1530.4001, -21.079, 1530.4001, -21.407, 1530.4001, -22.444, 1530.4001, -77.661,  , ,  , 
1530.4214, -21.126, 1530.4214, -21.091, 1530.4214, -21.408, 1530.4214, -22.454, 1530.4214,-210.000,  , ,  , 
1530.4426, -21.132, 1530.4426, -21.104, 1530.4426, -21.416, 1530.4426, -22.471, 1530.4426,-210.000,  , ,  , 
1530.4639, -21.133, 1530.4639, -21.122, 1530.4639, -21.429, 1530.4639, -22.493, 1530.4639, -89.586,  , ,  , 
1530.4851, -21.145, 1530.4851, -21.138, 1530.4851, -21.452, 1530.4851, -22.524, 1530.4851,-210.000,  , ,  , 
1530.5064, -21.158, 1530.5064, -21.148, 1530.5064, -21.476, 1530.5064, -22.557, 1530.5064,-210.000,  , ,  , 
1530.5276, -21.176, 1530.5276, -21.158, 1530.5276, -21.496, 1530.5276, -22.587, 1530.5276,-210.000,  , ,  , 
1530.5489, -21.201, 1530.5489, -21.177, 1530.5489, -21.514, 1530.5489, -22.616, 1530.5489,-210.000,  , ,  , 
1530.5701, -21.229, 1530.5701, -21.200, 1530.5701, -21.528, 1530.5701, -22.640, 1530.5701,-210.000,  , ,  , 
1530.5914, -21.261, 1530.5914, -21.233, 1530.5914, -21.546, 1530.5914, -22.670, 1530.5914,-210.000,  , ,  , 
1530.6127, -21.299, 1530.6127, -21.275, 1530.6127, -21.577, 1530.6127, -22.703, 1530.6127,-210.000,  , ,  , 
1530.6339, -21.341, 1530.6339, -21.325, 1530.6339, -21.617, 1530.6339, -22.753, 1530.6339,-210.000,  , ,  , 
1530.6552, -21.392, 1530.6552, -21.382, 1530.6552, -21.666, 1530.6552, -22.811, 1530.6552,-210.000,  , ,  , 
1530.6764, -21.450, 1530.6764, -21.440, 1530.6764, -21.727, 1530.6764, -22.880, 1530.6764,-210.000,  , ,  , 
1530.6977, -21.513, 1530.6977, -21.500, 1530.6977, -21.784, 1530.6977, -22.949, 1530.6977,-210.000,  , ,  , 
1530.7189, -21.586, 1530.7189, -21.566, 1530.7189, -21.846, 1530.7189, -23.018, 1530.7189, -80.058,  , ,  , 
1530.7402, -21.669, 1530.7402, -21.640, 1530.7402, -21.907, 1530.7402, -23.091, 1530.7402, -80.163,  , ,  , 
1530.7614, -21.755, 1530.7614, -21.724, 1530.7614, -21.968, 1530.7614, -23.159, 1530.7614, -78.676,  , ,  , 
1530.7827, -21.846, 1530.7827, -21.817, 1530.7827, -22.039, 1530.7827, -23.238, 1530.7827,-210.000,  , ,  , 
1530.8040, -21.951, 1530.8040, -21.924, 1530.8040, -22.129, 1530.8040, -23.333, 1530.8040, -80.002,  , ,  , 
1530.8252, -22.066, 1530.8252, -22.043, 1530.8252, -22.229, 1530.8252, -23.441, 1530.8252, -77.731,  , ,  , 
1530.8465, -22.188, 1530.8465, -22.168, 1530.8465, -22.347, 1530.8465, -23.564, 1530.8465,-210.000,  , ,  , 
1530.8677, -22.305, 1530.8677, -22.290, 1530.8677, -22.467, 1530.8677, -23.695, 1530.8677, -73.863,  , ,  , 
1530.8890, -22.427, 1530.8890, -22.417, 1530.8890, -22.593, 1530.8890, -23.828, 1530.8890, -79.522,  , ,  , 
1530.9102, -22.547, 1530.9102, -22.545, 1530.9102, -22.725, 1530.9102, -23.970, 1530.9102, -79.476,  , ,  , 
1530.9315, -22.653, 1530.9315, -22.664, 1530.9315, -22.859, 1530.9315, -24.114, 1530.9315,-210.000,  , ,  , 
1530.9527, -22.743, 1530.9527, -22.777, 1530.9527, -22.996, 1530.9527, -24.258, 1530.9527, -77.656,  , ,  , 
1530.9740, -22.810, 1530.9740, -22.867, 1530.9740, -23.128, 1530.9740, -24.404, 1530.9740, -82.952,  , ,  , 
1530.9952, -22.850, 1530.9952, -22.937, 1530.9952, -23.252, 1530.9952, -24.540, 1530.9952,-210.000,  , ,  , 
1531.0165, -22.869, 1531.0165, -22.982, 1531.0165, -23.371, 1531.0165, -24.678, 1531.0165,-210.000,  , ,  , 
1531.0378, -22.858, 1531.0378, -23.004, 1531.0378, -23.472, 1531.0378, -24.796, 1531.0378, -77.840,  , ,  , 
1531.0590, -22.826, 1531.0590, -23.005, 1531.0590, -23.552, 1531.0590, -24.891, 1531.0590,-210.000,  , ,  , 
1531.0803, -22.776, 1531.0803, -22.984, 1531.0803, -23.607, 1531.0803, -24.971, 1531.0803,-210.000,  , ,  , 
1531.1015, -22.720, 1531.1015, -22.945, 1531.1015, -23.646, 1531.1015, -25.027, 1531.1015, -76.647,  , ,  , 
1531.1228, -22.662, 1531.1228, -22.898, 1531.1228, -23.662, 1531.1228, -25.063, 1531.1228,-210.000,  , ,  , 
1531.1440, -22.599, 1531.1440, -22.840, 1531.1440, -23.656, 1531.1440, -25.076, 1531.1440,-210.000,  , ,  , 
1531.1653, -22.536, 1531.1653, -22.777, 1531.1653, -23.627, 1531.1653, -25.062, 1531.1653,-210.000,  , ,  , 
1531.1865, -22.476, 1531.1865, -22.717, 1531.1865, -23.583, 1531.1865, -25.032, 1531.1865, -74.059,  , ,  , 
1531.2078, -22.413, 1531.2078, -22.659, 1531.2078, -23.528, 1531.2078, -24.990, 1531.2078,-210.000,  , ,  , 
1531.2291, -22.357, 1531.2291, -22.608, 1531.2291, -23.471, 1531.2291, -24.941, 1531.2291,-210.000,  , ,  , 
1531.2503, -22.309, 1531.2503, -22.566, 1531.2503, -23.418, 1531.2503, -24.897, 1531.2503, -72.095,  , ,  , 
1531.2716, -22.274, 1531.2716, -22.532, 1531.2716, -23.380, 1531.2716, -24.865, 1531.2716, -83.015,  , ,  , 
1531.2928, -22.260, 1531.2928, -22.514, 1531.2928, -23.353, 1531.2928, -24.845, 1531.2928, -87.859,  , ,  , 
1531.3141, -22.252, 1531.3141, -22.500, 1531.3141, -23.337, 1531.3141, -24.835, 1531.3141, -88.039,  , ,  , 
1531.3353, -22.245, 1531.3353, -22.487, 1531.3353, -23.317, 1531.3353, -24.823, 1531.3353,-210.000,  , ,  , 
1531.3566, -22.241, 1531.3566, -22.478, 1531.3566, -23.295, 1531.3566, -24.811, 1531.3566, -74.298,  , ,  , 
1531.3778, -22.240, 1531.3778, -22.478, 1531.3778, -23.280, 1531.3778, -24.805, 1531.3778,-210.000,  , ,  , 
1531.3991, -22.235, 1531.3991, -22.486, 1531.3991, -23.270, 1531.3991, -24.797, 1531.3991, -75.256,  , ,  , 
1531.4204, -22.231, 1531.4204, -22.493, 1531.4204, -23.268, 1531.4204, -24.803, 1531.4204, -72.694,  , ,  , 
1531.4416, -22.224, 1531.4416, -22.498, 1531.4416, -23.273, 1531.4416, -24.816, 1531.4416, -78.325,  , ,  , 
1531.4629, -22.223, 1531.4629, -22.503, 1531.4629, -23.282, 1531.4629, -24.831, 1531.4629,-210.000,  , ,  , 
1531.4841, -22.230, 1531.4841, -22.507, 1531.4841, -23.297, 1531.4841, -24.856, 1531.4841, -82.057,  , ,  , 
1531.5054, -22.244, 1531.5054, -22.515, 1531.5054, -23.309, 1531.5054, -24.876, 1531.5054,-210.000,  , ,  , 
1531.5266, -22.260, 1531.5266, -22.528, 1531.5266, -23.322, 1531.5266, -24.899, 1531.5266,-210.000,  , ,  , 
1531.5479, -22.277, 1531.5479, -22.549, 1531.5479, -23.336, 1531.5479, -24.920, 1531.5479,-210.000,  , ,  , 
1531.5691, -22.291, 1531.5691, -22.571, 1531.5691, -23.352, 1531.5691, -24.942, 1531.5691, -79.904,  , ,  , 
1531.5904, -22.302, 1531.5904, -22.596, 1531.5904, -23.374, 1531.5904, -24.974, 1531.5904, -76.554,  , ,  , 
1531.6117, -22.305, 1531.6117, -22.615, 1531.6117, -23.396, 1531.6117, -25.003, 1531.6117,-210.000,  , ,  , 
1531.6329, -22.309, 1531.6329, -22.627, 1531.6329, -23.418, 1531.6329, -25.033, 1531.6329, -76.913,  , ,  , 
1531.6542, -22.311, 1531.6542, -22.634, 1531.6542, -23.437, 1531.6542, -25.065, 1531.6542,-210.000,  , ,  , 
1531.6754, -22.318, 1531.6754, -22.639, 1531.6754, -23.456, 1531.6754, -25.090, 1531.6754,-210.000,  , ,  , 
1531.6967, -22.333, 1531.6967, -22.648, 1531.6967, -23.473, 1531.6967, -25.118, 1531.6967,-210.000,  , ,  , 
1531.7179, -22.355, 1531.7179, -22.667, 1531.7179, -23.492, 1531.7179, -25.145, 1531.7179, -82.236,  , ,  , 
1531.7392, -22.382, 1531.7392, -22.700, 1531.7392, -23.517, 1531.7392, -25.178, 1531.7392, -86.035,  , ,  , 
1531.7604, -22.410, 1531.7604, -22.738, 1531.7604, -23.550, 1531.7604, -25.223, 1531.7604, -79.080,  , ,  , 
1531.7817, -22.429, 1531.7817, -22.775, 1531.7817, -23.586, 1531.7817, -25.265, 1531.7817, -82.223,  , ,  , 
1531.8030, -22.450, 1531.8030, -22.807, 1531.8030, -23.624, 1531.8030, -25.310, 1531.8030,-210.000,  , ,  , 
1531.8242, -22.470, 1531.8242, -22.836, 1531.8242, -23.660, 1531.8242, -25.358, 1531.8242, -77.326,  , ,  , 
1531.8455, -22.499, 1531.8455, -22.866, 1531.8455, -23.699, 1531.8455, -25.406, 1531.8455, -75.470,  , ,  , 
1531.8667, -22.537, 1531.8667, -22.898, 1531.8667, -23.737, 1531.8667, -25.454, 1531.8667, -86.896,  , ,  , 
1531.8880, -22.577, 1531.8880, -22.936, 1531.8880, -23.775, 1531.8880, -25.500, 1531.8880, -82.116,  , ,  , 
1531.9092, -22.622, 1531.9092, -22.986, 1531.9092, -23.819, 1531.9092, -25.552, 1531.9092, -80.693,  , ,  , 
1531.9305, -22.671, 1531.9305, -23.040, 1531.9305, -23.866, 1531.9305, -25.608, 1531.9305,-210.000,  , ,  , 
1531.9517, -22.721, 1531.9517, -23.100, 1531.9517, -23.920, 1531.9517, -25.670, 1531.9517, -73.319,  , ,  , 
1531.9730, -22.778, 1531.9730, -23.168, 1531.9730, -23.982, 1531.9730, -25.740, 1531.9730, -85.292,  , ,  , 
1531.9942, -22.843, 1531.9942, -23.235, 1531.9942, -24.052, 1531.9942, -25.815, 1531.9942,-210.000,  , ,  , 
1532.0155, -22.909, 1532.0155, -23.309, 1532.0155, -24.126, 1532.0155, -25.900, 1532.0155, -79.188,  , ,  , 
1532.0368, -22.988, 1532.0368, -23.383, 1532.0368, -24.206, 1532.0368, -25.988, 1532.0368, -81.515,  , ,  , 
1532.0580, -23.067, 1532.0580, -23.462, 1532.0580, -24.283, 1532.0580, -26.076, 1532.0580, -76.032,  , ,  , 
1532.0793, -23.156, 1532.0793, -23.548, 1532.0793, -24.361, 1532.0793, -26.164, 1532.0793,-210.000,  , ,  , 
1532.1005, -23.249, 1532.1005, -23.640, 1532.1005, -24.445, 1532.1005, -26.253, 1532.1005,-210.000,  , ,  , 
1532.1218, -23.351, 1532.1218, -23.747, 1532.1218, -24.536, 1532.1218, -26.354, 1532.1218,-210.000,  , ,  , 
1532.1430, -23.457, 1532.1430, -23.861, 1532.1430, -24.632, 1532.1430, -26.455, 1532.1430, -80.501,  , ,  , 
1532.1643, -23.574, 1532.1643, -23.978, 1532.1643, -24.748, 1532.1643, -26.581, 1532.1643,-210.000,  , ,  , 
1532.1855, -23.702, 1532.1855, -24.109, 1532.1855, -24.872, 1532.1855, -26.712, 1532.1855,-210.000,  , ,  , 
1532.2068, -23.839, 1532.2068, -24.246, 1532.2068, -25.003, 1532.2068, -26.851, 1532.2068, -80.987,  , ,  , 
1532.2281, -23.978, 1532.2281, -24.383, 1532.2281, -25.139, 1532.2281, -26.998, 1532.2281, -83.020,  , ,  , 
1532.2493, -24.112, 1532.2493, -24.527, 1532.2493, -25.278, 1532.2493, -27.138, 1532.2493,-210.000,  , ,  , 
1532.2706, -24.244, 1532.2706, -24.665, 1532.2706, -25.408, 1532.2706, -27.285, 1532.2706,-210.000,  , ,  , 
1532.2918, -24.368, 1532.2918, -24.800, 1532.2918, -25.550, 1532.2918, -27.432, 1532.2918,-210.000,  , ,  , 
1532.3131, -24.486, 1532.3131, -24.936, 1532.3131, -25.688, 1532.3131, -27.577, 1532.3131,-210.000,  , ,  , 
1532.3343, -24.594, 1532.3343, -25.060, 1532.3343, -25.831, 1532.3343, -27.727, 1532.3343,-210.000,  , ,  , 
1532.3556, -24.685, 1532.3556, -25.174, 1532.3556, -25.979, 1532.3556, -27.882, 1532.3556, -74.547,  , ,  , 
1532.3768, -24.759, 1532.3768, -25.277, 1532.3768, -26.121, 1532.3768, -28.038, 1532.3768, -77.463,  , ,  , 
1532.3981, -24.813, 1532.3981, -25.359, 1532.3981, -26.257, 1532.3981, -28.183, 1532.3981, -74.629,  , ,  , 
1532.4194, -24.848, 1532.4194, -25.423, 1532.4194, -26.379, 1532.4194, -28.317, 1532.4194,-210.000,  , ,  , 
1532.4406, -24.863, 1532.4406, -25.469, 1532.4406, -26.488, 1532.4406, -28.441, 1532.4406, -73.761,  , ,  , 
1532.4619, -24.865, 1532.4619, -25.490, 1532.4619, -26.578, 1532.4619, -28.544, 1532.4619, -74.698,  , ,  , 
1532.4831, -24.852, 1532.4831, -25.500, 1532.4831, -26.647, 1532.4831, -28.629, 1532.4831, -81.332,  , ,  , 
1532.5044, -24.832, 1532.5044, -25.494, 1532.5044, -26.697, 1532.5044, -28.697, 1532.5044, -85.479,  , ,  , 
1532.5256, -24.809, 1532.5256, -25.482, 1532.5256, -26.733, 1532.5256, -28.745, 1532.5256, -75.738,  , ,  , 
1532.5469, -24.782, 1532.5469, -25.466, 1532.5469, -26.747, 1532.5469, -28.775, 1532.5469, -77.654,  , ,  , 
1532.5681, -24.754, 1532.5681, -25.447, 1532.5681, -26.748, 1532.5681, -28.789, 1532.5681,-210.000,  , ,  , 
1532.5894, -24.723, 1532.5894, -25.431, 1532.5894, -26.746, 1532.5894, -28.797, 1532.5894, -81.158,  , ,  , 
1532.6107, -24.707, 1532.6107, -25.420, 1532.6107, -26.743, 1532.6107, -28.799, 1532.6107, -76.299,  , ,  , 
1532.6319, -24.704, 1532.6319, -25.418, 1532.6319, -26.739, 1532.6319, -28.808, 1532.6319,-210.000,  , ,  , 
1532.6532, -24.711, 1532.6532, -25.426, 1532.6532, -26.748, 1532.6532, -28.820, 1532.6532,-210.000,  , ,  , 
1532.6744, -24.727, 1532.6744, -25.439, 1532.6744, -26.757, 1532.6744, -28.839, 1532.6744,-210.000,  , ,  , 
1532.6957, -24.743, 1532.6957, -25.454, 1532.6957, -26.763, 1532.6957, -28.857, 1532.6957, -76.349,  , ,  , 
1532.7169, -24.752, 1532.7169, -25.472, 1532.7169, -26.773, 1532.7169, -28.866, 1532.7169, -75.285,  , ,  , 
1532.7382, -24.763, 1532.7382, -25.491, 1532.7382, -26.778, 1532.7382, -28.884, 1532.7382,-210.000,  , ,  , 
1532.7594, -24.774, 1532.7594, -25.514, 1532.7594, -26.791, 1532.7594, -28.901, 1532.7594, -77.895,  , ,  , 
1532.7807, -24.791, 1532.7807, -25.540, 1532.7807, -26.815, 1532.7807, -28.927, 1532.7807,-210.000,  , ,  , 
1532.8020, -24.819, 1532.8020, -25.569, 1532.8020, -26.844, 1532.8020, -28.963, 1532.8020, -83.786,  , ,  , 
1532.8232, -24.847, 1532.8232, -25.602, 1532.8232, -26.884, 1532.8232, -29.006, 1532.8232, -77.549,  , ,  , 
1532.8445, -24.883, 1532.8445, -25.637, 1532.8445, -26.924, 1532.8445, -29.056, 1532.8445, -90.432,  , ,  , 
1532.8657, -24.923, 1532.8657, -25.682, 1532.8657, -26.961, 1532.8657, -29.102, 1532.8657, -77.033,  , ,  , 
1532.8870, -24.960, 1532.8870, -25.726, 1532.8870, -27.002, 1532.8870, -29.146, 1532.8870, -79.015,  , ,  , 
1532.9082, -24.999, 1532.9082, -25.773, 1532.9082, -27.040, 1532.9082, -29.192, 1532.9082, -80.705,  , ,  , 
1532.9295, -25.028, 1532.9295, -25.820, 1532.9295, -27.081, 1532.9295, -29.241, 1532.9295,-210.000,  , ,  , 
1532.9507, -25.058, 1532.9507, -25.862, 1532.9507, -27.131, 1532.9507, -29.290, 1532.9507,-210.000,  , ,  , 
1532.9720, -25.090, 1532.9720, -25.904, 1532.9720, -27.175, 1532.9720, -29.348, 1532.9720, -76.322,  , ,  , 
1532.9932, -25.119, 1532.9932, -25.939, 1532.9932, -27.219, 1532.9932, -29.398, 1532.9932, -73.502,  , ,  , 
1533.0145, -25.153, 1533.0145, -25.979, 1533.0145, -27.269, 1533.0145, -29.451, 1533.0145,-210.000,  , ,  , 
1533.0358, -25.192, 1533.0358, -26.022, 1533.0358, -27.315, 1533.0358, -29.506, 1533.0358, -76.309,  , ,  , 
1533.0570, -25.243, 1533.0570, -26.077, 1533.0570, -27.369, 1533.0570, -29.565, 1533.0570, -78.396,  , ,  , 
1533.0783, -25.294, 1533.0783, -26.136, 1533.0783, -27.427, 1533.0783, -29.627, 1533.0783, -77.994,  , ,  , 
1533.0995, -25.344, 1533.0995, -26.199, 1533.0995, -27.483, 1533.0995, -29.690, 1533.0995, -81.366,  , ,  , 
1533.1208, -25.391, 1533.1208, -26.258, 1533.1208, -27.545, 1533.1208, -29.756, 1533.1208, -74.873,  , ,  , 
1533.1420, -25.435, 1533.1420, -26.313, 1533.1420, -27.608, 1533.1420, -29.822, 1533.1420,-210.000,  , ,  , 
1533.1633, -25.476, 1533.1633, -26.368, 1533.1633, -27.673, 1533.1633, -29.891, 1533.1633, -72.807,  , ,  , 
1533.1845, -25.528, 1533.1845, -26.420, 1533.1845, -27.730, 1533.1845, -29.957, 1533.1845, -79.691,  , ,  , 
1533.2058, -25.578, 1533.2058, -26.472, 1533.2058, -27.788, 1533.2058, -30.021, 1533.2058,-210.000,  , ,  , 
1533.2271, -25.637, 1533.2271, -26.534, 1533.2271, -27.850, 1533.2271, -30.087, 1533.2271, -76.787,  , ,  , 
1533.2483, -25.703, 1533.2483, -26.602, 1533.2483, -27.917, 1533.2483, -30.157, 1533.2483,-210.000,  , ,  , 
1533.2696, -25.776, 1533.2696, -26.685, 1533.2696, -27.994, 1533.2696, -30.238, 1533.2696, -74.140,  , ,  , 
1533.2908, -25.846, 1533.2908, -26.766, 1533.2908, -28.074, 1533.2908, -30.321, 1533.2908,-210.000,  , ,  , 
1533.3121, -25.919, 1533.3121, -26.846, 1533.3121, -28.156, 1533.3121, -30.411, 1533.3121,-210.000,  , ,  , 
1533.3333, -25.993, 1533.3333, -26.932, 1533.3333, -28.240, 1533.3333, -30.496, 1533.3333, -76.374,  , ,  , 
1533.3546, -26.069, 1533.3546, -27.013, 1533.3546, -28.327, 1533.3546, -30.589, 1533.3546,-210.000,  , ,  , 
1533.3758, -26.155, 1533.3758, -27.101, 1533.3758, -28.416, 1533.3758, -30.681, 1533.3758, -73.339,  , ,  , 
1533.3971, -26.239, 1533.3971, -27.191, 1533.3971, -28.503, 1533.3971, -30.774, 1533.3971,-210.000,  , ,  , 
1533.4184, -26.329, 1533.4184, -27.279, 1533.4184, -28.591, 1533.4184, -30.866, 1533.4184,-210.000,  , ,  , 
1533.4396, -26.423, 1533.4396, -27.384, 1533.4396, -28.684, 1533.4396, -30.961, 1533.4396,-210.000,  , ,  , 
1533.4609, -26.521, 1533.4609, -27.488, 1533.4609, -28.780, 1533.4609, -31.065, 1533.4609, -86.026,  , ,  , 
1533.4821, -26.627, 1533.4821, -27.605, 1533.4821, -28.889, 1533.4821, -31.173, 1533.4821,-210.000,  , ,  , 
1533.5034, -26.742, 1533.5034, -27.726, 1533.5034, -29.002, 1533.5034, -31.292, 1533.5034,-210.000,  , ,  , 
1533.5246, -26.862, 1533.5246, -27.851, 1533.5246, -29.126, 1533.5246, -31.417, 1533.5246, -78.447,  , ,  , 
1533.5459, -26.990, 1533.5459, -27.983, 1533.5459, -29.252, 1533.5459, -31.544, 1533.5459, -74.588,  , ,  , 
1533.5671, -27.112, 1533.5671, -28.111, 1533.5671, -29.377, 1533.5671, -31.673, 1533.5671, -74.375,  , ,  , 
1533.5884, -27.238, 1533.5884, -28.245, 1533.5884, -29.503, 1533.5884, -31.800, 1533.5884,-210.000,  , ,  , 
1533.6097, -27.374, 1533.6097, -28.382, 1533.6097, -29.634, 1533.6097, -31.939, 1533.6097,-210.000,  , ,  , 
1533.6309, -27.510, 1533.6309, -28.522, 1533.6309, -29.768, 1533.6309, -32.072, 1533.6309, -75.495,  , ,  , 
1533.6522, -27.637, 1533.6522, -28.655, 1533.6522, -29.898, 1533.6522, -32.204, 1533.6522,-210.000,  , ,  , 
1533.6734, -27.760, 1533.6734, -28.795, 1533.6734, -30.036, 1533.6734, -32.341, 1533.6734, -79.328,  , ,  , 
1533.6947, -27.880, 1533.6947, -28.932, 1533.6947, -30.178, 1533.6947, -32.487, 1533.6947,-210.000,  , ,  , 
1533.7159, -28.004, 1533.7159, -29.064, 1533.7159, -30.326, 1533.7159, -32.636, 1533.7159, -72.157,  , ,  , 
1533.7372, -28.112, 1533.7372, -29.193, 1533.7372, -30.471, 1533.7372, -32.781, 1533.7372, -84.557,  , ,  , 
1533.7584, -28.209, 1533.7584, -29.308, 1533.7584, -30.609, 1533.7584, -32.923, 1533.7584, -79.256,  , ,  , 
1533.7797, -28.295, 1533.7797, -29.411, 1533.7797, -30.746, 1533.7797, -33.065, 1533.7797, -83.555,  , ,  , 
1533.8010, -28.364, 1533.8010, -29.502, 1533.8010, -30.868, 1533.8010, -33.195, 1533.8010, -76.790,  , ,  , 
1533.8222, -28.415, 1533.8222, -29.574, 1533.8222, -30.976, 1533.8222, -33.310, 1533.8222,-210.000,  , ,  , 
1533.8435, -28.455, 1533.8435, -29.629, 1533.8435, -31.078, 1533.8435, -33.419, 1533.8435,-210.000,  , ,  , 
1533.8647, -28.487, 1533.8647, -29.674, 1533.8647, -31.167, 1533.8647, -33.514, 1533.8647, -74.148,  , ,  , 
1533.8860, -28.514, 1533.8860, -29.717, 1533.8860, -31.242, 1533.8860, -33.598, 1533.8860, -88.106,  , ,  , 
1533.9072, -28.539, 1533.9072, -29.756, 1533.9072, -31.308, 1533.9072, -33.671, 1533.9072,-210.000,  , ,  , 
1533.9285, -28.561, 1533.9285, -29.790, 1533.9285, -31.370, 1533.9285, -33.740, 1533.9285,-210.000,  , ,  , 
1533.9497, -28.587, 1533.9497, -29.827, 1533.9497, -31.420, 1533.9497, -33.798, 1533.9497, -78.067,  , ,  , 
1533.9710, -28.613, 1533.9710, -29.862, 1533.9710, -31.473, 1533.9710, -33.851, 1533.9710,-210.000,  , ,  , 
1533.9922, -28.644, 1533.9922, -29.905, 1533.9922, -31.514, 1533.9922, -33.897, 1533.9922, -83.077,  , ,  , 
1534.0135, -28.675, 1534.0135, -29.940, 1534.0135, -31.552, 1534.0135, -33.939, 1534.0135,-210.000,  , ,  , 
1534.0348, -28.706, 1534.0348, -29.977, 1534.0348, -31.587, 1534.0348, -33.975, 1534.0348, -76.887,  , ,  , 
1534.0560, -28.740, 1534.0560, -30.018, 1534.0560, -31.623, 1534.0560, -34.014, 1534.0560,-210.000,  , ,  , 
1534.0773, -28.772, 1534.0773, -30.061, 1534.0773, -31.662, 1534.0773, -34.053, 1534.0773, -75.049,  , ,  , 
1534.0985, -28.811, 1534.0985, -30.108, 1534.0985, -31.700, 1534.0985, -34.095, 1534.0985, -73.401,  , ,  , 
1534.1198, -28.853, 1534.1198, -30.158, 1534.1198, -31.747, 1534.1198, -34.141, 1534.1198, -83.406,  , ,  , 
1534.1410, -28.900, 1534.1410, -30.211, 1534.1410, -31.795, 1534.1410, -34.186, 1534.1410,-210.000,  , ,  , 
1534.1623, -28.951, 1534.1623, -30.262, 1534.1623, -31.847, 1534.1623, -34.236, 1534.1623, -76.882,  , ,  , 
1534.1835, -29.005, 1534.1835, -30.320, 1534.1835, -31.901, 1534.1835, -34.295, 1534.1835, -77.475,  , ,  , 
1534.2048, -29.060, 1534.2048, -30.384, 1534.2048, -31.960, 1534.2048, -34.351, 1534.2048, -72.738,  , ,  , 
1534.2261, -29.115, 1534.2261, -30.445, 1534.2261, -32.017, 1534.2261, -34.412, 1534.2261, -80.968,  , ,  , 
1534.2473, -29.169, 1534.2473, -30.505, 1534.2473, -32.073, 1534.2473, -34.466, 1534.2473,-210.000,  , ,  , 
1534.2686, -29.219, 1534.2686, -30.565, 1534.2686, -32.129, 1534.2686, -34.523, 1534.2686,-210.000,  , ,  , 
1534.2898, -29.272, 1534.2898, -30.625, 1534.2898, -32.186, 1534.2898, -34.583, 1534.2898, -78.792,  , ,  , 
1534.3111, -29.323, 1534.3111, -30.687, 1534.3111, -32.252, 1534.3111, -34.644, 1534.3111, -75.079,  , ,  , 
1534.3323, -29.386, 1534.3323, -30.750, 1534.3323, -32.319, 1534.3323, -34.715, 1534.3323,-210.000,  , ,  , 
1534.3536, -29.449, 1534.3536, -30.819, 1534.3536, -32.388, 1534.3536, -34.784, 1534.3536,-210.000,  , ,  , 
1534.3748, -29.513, 1534.3748, -30.886, 1534.3748, -32.458, 1534.3748, -34.850, 1534.3748,-210.000,  , ,  , 
1534.3961, -29.576, 1534.3961, -30.952, 1534.3961, -32.525, 1534.3961, -34.917, 1534.3961, -83.631,  , ,  , 
1534.4174, -29.639, 1534.4174, -31.026, 1534.4174, -32.595, 1534.4174, -34.989, 1534.4174,-210.000,  , ,  , 
1534.4386, -29.704, 1534.4386, -31.098, 1534.4386, -32.666, 1534.4386, -35.060, 1534.4386,-210.000,  , ,  , 
1534.4599, -29.770, 1534.4599, -31.174, 1534.4599, -32.740, 1534.4599, -35.134, 1534.4599,-210.000,  , ,  , 
1534.4811, -29.832, 1534.4811, -31.245, 1534.4811, -32.813, 1534.4811, -35.210, 1534.4811,-210.000,  , ,  , 
1534.5024, -29.898, 1534.5024, -31.318, 1534.5024, -32.888, 1534.5024, -35.281, 1534.5024, -79.555,  , ,  , 
1534.5236, -29.969, 1534.5236, -31.393, 1534.5236, -32.965, 1534.5236, -35.360, 1534.5236,-210.000,  , ,  , 
1534.5449, -30.042, 1534.5449, -31.473, 1534.5449, -33.043, 1534.5449, -35.440, 1534.5449,-210.000,  , ,  , 
1534.5661, -30.117, 1534.5661, -31.551, 1534.5661, -33.122, 1534.5661, -35.516, 1534.5661, -72.794,  , ,  , 
1534.5874, -30.199, 1534.5874, -31.638, 1534.5874, -33.203, 1534.5874, -35.600, 1534.5874, -95.835,  , ,  , 
1534.6087, -30.278, 1534.6087, -31.724, 1534.6087, -33.287, 1534.6087, -35.685, 1534.6087, -80.200,  , ,  , 
1534.6299, -30.358, 1534.6299, -31.811, 1534.6299, -33.369, 1534.6299, -35.765, 1534.6299, -76.303,  , ,  , 
1534.6512, -30.441, 1534.6512, -31.900, 1534.6512, -33.454, 1534.6512, -35.849, 1534.6512, -77.331,  , ,  , 
1534.6724, -30.524, 1534.6724, -31.989, 1534.6724, -33.541, 1534.6724, -35.933, 1534.6724, -92.248,  , ,  , 
1534.6937, -30.603, 1534.6937, -32.078, 1534.6937, -33.632, 1534.6937, -36.025, 1534.6937,-210.000,  , ,  , 
1534.7149, -30.688, 1534.7149, -32.165, 1534.7149, -33.717, 1534.7149, -36.113, 1534.7149, -72.881,  , ,  , 
1534.7362, -30.774, 1534.7362, -32.252, 1534.7362, -33.807, 1534.7362, -36.199, 1534.7362, -75.624,  , ,  , 
1534.7574, -30.869, 1534.7574, -32.352, 1534.7574, -33.896, 1534.7574, -36.289, 1534.7574,-210.000,  , ,  , 
1534.7787, -30.964, 1534.7787, -32.449, 1534.7787, -33.988, 1534.7787, -36.376, 1534.7787,-210.000,  , ,  , 
1534.7999, -31.059, 1534.7999, -32.546, 1534.7999, -34.081, 1534.7999, -36.471, 1534.7999, -77.619,  , ,  , 
1534.8212, -31.159, 1534.8212, -32.653, 1534.8212, -34.182, 1534.8212, -36.573, 1534.8212, -77.393,  , ,  , 
1534.8425, -31.255, 1534.8425, -32.754, 1534.8425, -34.283, 1534.8425, -36.669, 1534.8425,-210.000,  , ,  , 
1534.8637, -31.357, 1534.8637, -32.858, 1534.8637, -34.385, 1534.8637, -36.771, 1534.8637, -76.240,  , ,  , 
1534.8850, -31.455, 1534.8850, -32.964, 1534.8850, -34.489, 1534.8850, -36.875, 1534.8850,-210.000,  , ,  , 
1534.9062, -31.566, 1534.9062, -33.070, 1534.9062, -34.594, 1534.9062, -36.976, 1534.9062,-210.000,  , ,  , 
1534.9275, -31.674, 1534.9275, -33.181, 1534.9275, -34.702, 1534.9275, -37.083, 1534.9275,-210.000,  , ,  , 
1534.9487, -31.778, 1534.9487, -33.286, 1534.9487, -34.803, 1534.9487, -37.185, 1534.9487,-210.000,  , ,  , 
1534.9700, -31.884, 1534.9700, -33.395, 1534.9700, -34.906, 1534.9700, -37.292, 1534.9700, -75.811,  , ,  , 
1534.9912, -31.992, 1534.9912, -33.508, 1534.9912, -35.015, 1534.9912, -37.392, 1534.9912,-210.000,  , ,  , 
1535.0125, -32.102, 1535.0125, -33.620, 1535.0125, -35.121, 1535.0125, -37.503, 1535.0125, -87.635,  , ,  , 
1535.0338, -32.209, 1535.0338, -33.732, 1535.0338, -35.229, 1535.0338, -37.611, 1535.0338, -78.417,  , ,  , 
1535.0550, -32.319, 1535.0550, -33.846, 1535.0550, -35.340, 1535.0550, -37.722, 1535.0550,-210.000,  , ,  , 
1535.0763, -32.427, 1535.0763, -33.961, 1535.0763, -35.451, 1535.0763, -37.833, 1535.0763, -81.729,  , ,  , 
1535.0975, -32.535, 1535.0975, -34.073, 1535.0975, -35.563, 1535.0975, -37.944, 1535.0975, -75.608,  , ,  , 
1535.1188, -32.633, 1535.1188, -34.178, 1535.1188, -35.674, 1535.1188, -38.050, 1535.1188,-210.000,  , ,  , 
1535.1400, -32.723, 1535.1400, -34.274, 1535.1400, -35.775, 1535.1400, -38.156, 1535.1400,-210.000,  , ,  , 
1535.1613, -32.810, 1535.1613, -34.374, 1535.1613, -35.877, 1535.1613, -38.258, 1535.1613, -73.445,  , ,  , 
1535.1825, -32.889, 1535.1825, -34.464, 1535.1825, -35.977, 1535.1825, -38.358, 1535.1825, -78.185,  , ,  , 
1535.2038, -32.964, 1535.2038, -34.545, 1535.2038, -36.073, 1535.2038, -38.454, 1535.2038, -75.918,  , ,  , 
1535.2251, -33.030, 1535.2251, -34.621, 1535.2251, -36.168, 1535.2251, -38.546, 1535.2251, -76.548,  , ,  , 
1535.2463, -33.099, 1535.2463, -34.698, 1535.2463, -36.260, 1535.2463, -38.640, 1535.2463,-210.000,  , ,  , 
1535.2676, -33.159, 1535.2676, -34.771, 1535.2676, -36.345, 1535.2676, -38.727, 1535.2676, -72.856,  , ,  , 
1535.2888, -33.212, 1535.2888, -34.829, 1535.2888, -36.421, 1535.2888, -38.807, 1535.2888, -73.265,  , ,  , 
1535.3101, -33.264, 1535.3101, -34.885, 1535.3101, -36.495, 1535.3101, -38.879, 1535.3101, -79.702,  , ,  , 
1535.3313, -33.314, 1535.3313, -34.940, 1535.3313, -36.558, 1535.3313, -38.949, 1535.3313,-210.000,  , ,  , 
1535.3526, -33.363, 1535.3526, -34.990, 1535.3526, -36.625, 1535.3526, -39.012, 1535.3526, -73.109,  , ,  , 
1535.3738, -33.417, 1535.3738, -35.046, 1535.3738, -36.685, 1535.3738, -39.074, 1535.3738,-210.000,  , ,  , 
1535.3951, -33.466, 1535.3951, -35.097, 1535.3951, -36.735, 1535.3951, -39.128, 1535.3951,-210.000,  , ,  , 
1535.4164, -33.519, 1535.4164, -35.151, 1535.4164, -36.794, 1535.4164, -39.182, 1535.4164,-210.000,  , ,  , 
1535.4376, -33.571, 1535.4376, -35.203, 1535.4376, -36.845, 1535.4376, -39.237, 1535.4376, -71.924,  , ,  , 
1535.4589, -33.620, 1535.4589, -35.261, 1535.4589, -36.898, 1535.4589, -39.288, 1535.4589,-210.000,  , ,  , 
1535.4801, -33.677, 1535.4801, -35.311, 1535.4801, -36.954, 1535.4801, -39.340, 1535.4801, -78.643,  , ,  , 
1535.5014, -33.733, 1535.5014, -35.371, 1535.5014, -37.002, 1535.5014, -39.391, 1535.5014,-210.000,  , ,  , 
1535.5226, -33.793, 1535.5226, -35.423, 1535.5226, -37.060, 1535.5226, -39.452, 1535.5226,-210.000,  , ,  , 
1535.5439, -33.852, 1535.5439, -35.481, 1535.5439, -37.112, 1535.5439, -39.507, 1535.5439, -80.470,  , ,  , 
1535.5651, -33.912, 1535.5651, -35.546, 1535.5651, -37.164, 1535.5651, -39.563, 1535.5651,-210.000,  , ,  , 
1535.5864, -33.974, 1535.5864, -35.607, 1535.5864, -37.226, 1535.5864, -39.619, 1535.5864,-210.000,  , ,  , 
1535.6077, -34.029, 1535.6077, -35.667, 1535.6077, -37.283, 1535.6077, -39.674, 1535.6077, -77.666,  , ,  , 
1535.6289, -34.085, 1535.6289, -35.724, 1535.6289, -37.334, 1535.6289, -39.731, 1535.6289,-210.000,  , ,  , 
1535.6502, -34.144, 1535.6502, -35.780, 1535.6502, -37.389, 1535.6502, -39.786, 1535.6502, -76.297,  , ,  , 
1535.6714, -34.205, 1535.6714, -35.844, 1535.6714, -37.452, 1535.6714, -39.845, 1535.6714, -78.484,  , ,  , 
1535.6927, -34.267, 1535.6927, -35.907, 1535.6927, -37.514, 1535.6927, -39.904, 1535.6927, -84.337,  , ,  , 
1535.7139, -34.335, 1535.7139, -35.967, 1535.7139, -37.577, 1535.7139, -39.968, 1535.7139, -74.580,  , ,  , 
1535.7352, -34.397, 1535.7352, -36.036, 1535.7352, -37.634, 1535.7352, -40.030, 1535.7352,-210.000,  , ,  , 
1535.7564, -34.461, 1535.7564, -36.096, 1535.7564, -37.699, 1535.7564, -40.090, 1535.7564,-210.000,  , ,  , 
1535.7777, -34.529, 1535.7777, -36.161, 1535.7777, -37.760, 1535.7777, -40.157, 1535.7777, -71.269,  , ,  , 
1535.7989, -34.593, 1535.7989, -36.232, 1535.7989, -37.825, 1535.7989, -40.220, 1535.7989,-210.000,  , ,  , 
1535.8202, -34.661, 1535.8202, -36.296, 1535.8202, -37.895, 1535.8202, -40.289, 1535.8202, -74.085,  , ,  , 
1535.8415, -34.725, 1535.8415, -36.364, 1535.8415, -37.959, 1535.8415, -40.351, 1535.8415, -75.041,  , ,  , 
1535.8627, -34.793, 1535.8627, -36.428, 1535.8627, -38.025, 1535.8627, -40.421, 1535.8627, -90.903,  , ,  , 
1535.8840, -34.860, 1535.8840, -36.491, 1535.8840, -38.090, 1535.8840, -40.486, 1535.8840, -73.158,  , ,  , 
1535.9052, -34.931, 1535.9052, -36.565, 1535.9052, -38.160, 1535.9052, -40.559, 1535.9052,-210.000,  , ,  , 
1535.9265, -35.005, 1535.9265, -36.635, 1535.9265, -38.230, 1535.9265, -40.633, 1535.9265,-210.000,  , ,  , 
1535.9477, -35.076, 1535.9477, -36.702, 1535.9477, -38.302, 1535.9477, -40.699, 1535.9477,-210.000,  , ,  , 
1535.9690, -35.151, 1535.9690, -36.775, 1535.9690, -38.372, 1535.9690, -40.772, 1535.9690, -78.557,  , ,  , 
1535.9902, -35.225, 1535.9902, -36.845, 1535.9902, -38.442, 1535.9902, -40.845, 1535.9902, -73.040,  , ,  , 
1536.0115, -35.305, 1536.0115, -36.925, 1536.0115, -38.516, 1536.0115, -40.923, 1536.0115,-210.000,  , ,  , 
1536.0328, -35.376, 1536.0328, -36.999, 1536.0328, -38.592, 1536.0328, -41.001, 1536.0328,-210.000,  , ,  , 
1536.0540, -35.455, 1536.0540, -37.067, 1536.0540, -38.668, 1536.0540, -41.076, 1536.0540,-210.000,  , ,  , 
1536.0753, -35.532, 1536.0753, -37.142, 1536.0753, -38.737, 1536.0753, -41.150, 1536.0753,-210.000,  , ,  , 
1536.0965, -35.608, 1536.0965, -37.213, 1536.0965, -38.809, 1536.0965, -41.225, 1536.0965, -75.995,  , ,  , 
1536.1178, -35.686, 1536.1178, -37.286, 1536.1178, -38.881, 1536.1178, -41.300, 1536.1178,-210.000,  , ,  , 
1536.1390, -35.770, 1536.1390, -37.371, 1536.1390, -38.957, 1536.1390, -41.379, 1536.1390, -75.565,  , ,  , 
1536.1603, -35.848, 1536.1603, -37.444, 1536.1603, -39.035, 1536.1603, -41.458, 1536.1603, -89.921,  , ,  , 
1536.1815, -35.928, 1536.1815, -37.525, 1536.1815, -39.112, 1536.1815, -41.533, 1536.1815,-210.000,  , ,  , 
1536.2028, -36.012, 1536.2028, -37.604, 1536.2028, -39.190, 1536.2028, -41.619, 1536.2028,-210.000,  , ,  , 
1536.2241, -36.093, 1536.2241, -37.685, 1536.2241, -39.271, 1536.2241, -41.701, 1536.2241,-210.000,  , ,  , 
1536.2453, -36.178, 1536.2453, -37.765, 1536.2453, -39.345, 1536.2453, -41.776, 1536.2453,-210.000,  , ,  , 
1536.2666, -36.257, 1536.2666, -37.844, 1536.2666, -39.424, 1536.2666, -41.857, 1536.2666, -79.309,  , ,  , 
1536.2878, -36.340, 1536.2878, -37.916, 1536.2878, -39.495, 1536.2878, -41.933, 1536.2878,-210.000,  , ,  , 
1536.3091, -36.418, 1536.3091, -37.994, 1536.3091, -39.575, 1536.3091, -42.012, 1536.3091, -71.161,  , ,  , 
1536.3303, -36.500, 1536.3303, -38.071, 1536.3303, -39.654, 1536.3303, -42.090, 1536.3303, -77.363,  , ,  , 
1536.3516, -36.583, 1536.3516, -38.152, 1536.3516, -39.730, 1536.3516, -42.169, 1536.3516, -73.029,  , ,  , 
1536.3728, -36.666, 1536.3728, -38.231, 1536.3728, -39.808, 1536.3728, -42.253, 1536.3728, -79.242,  , ,  , 
1536.3941, -36.745, 1536.3941, -38.310, 1536.3941, -39.886, 1536.3941, -42.329, 1536.3941, -80.701,  , ,  , 
1536.4154, -36.824, 1536.4154, -38.382, 1536.4154, -39.963, 1536.4154, -42.409, 1536.4154,-210.000,  , ,  , 
1536.4366, -36.906, 1536.4366, -38.460, 1536.4366, -40.041, 1536.4366, -42.488, 1536.4366, -75.671,  , ,  , 
1536.4579, -36.990, 1536.4579, -38.537, 1536.4579, -40.121, 1536.4579, -42.567, 1536.4579, -89.201,  , ,  , 
1536.4791, -37.067, 1536.4791, -38.611, 1536.4791, -40.195, 1536.4791, -42.656, 1536.4791, -77.214,  , ,  , 
1536.5004, -37.137, 1536.5004, -38.684, 1536.5004, -40.275, 1536.5004, -42.729, 1536.5004, -76.132,  , ,  , 
1536.5216, -37.213, 1536.5216, -38.752, 1536.5216, -40.346, 1536.5216, -42.807, 1536.5216,-210.000,  , ,  , 
1536.5429, -37.284, 1536.5429, -38.819, 1536.5429, -40.419, 1536.5429, -42.884, 1536.5429, -84.374,  , ,  , 
1536.5641, -37.350, 1536.5641, -38.884, 1536.5641, -40.497, 1536.5641, -42.961, 1536.5641,-210.000,  , ,  , 
1536.5854, -37.421, 1536.5854, -38.947, 1536.5854, -40.566, 1536.5854, -43.039, 1536.5854, -82.741,  , ,  , 
1536.6067, -37.479, 1536.6067, -39.007, 1536.6067, -40.632, 1536.6067, -43.108, 1536.6067, -77.819,  , ,  , 
1536.6279, -37.537, 1536.6279, -39.064, 1536.6279, -40.701, 1536.6279, -43.178, 1536.6279,-210.000,  , ,  , 
1536.6492, -37.591, 1536.6492, -39.117, 1536.6492, -40.766, 1536.6492, -43.256, 1536.6492, -77.771,  , ,  , 
1536.6704, -37.649, 1536.6704, -39.171, 1536.6704, -40.833, 1536.6704, -43.320, 1536.6704,-210.000,  , ,  , 
1536.6917, -37.700, 1536.6917, -39.224, 1536.6917, -40.897, 1536.6917, -43.394, 1536.6917, -75.185,  , ,  , 
1536.7129, -37.748, 1536.7129, -39.269, 1536.7129, -40.949, 1536.7129, -43.448, 1536.7129, -75.713,  , ,  , 
1536.7342, -37.793, 1536.7342, -39.313, 1536.7342, -41.005, 1536.7342, -43.509, 1536.7342, -78.663,  , ,  , 
1536.7554, -37.837, 1536.7554, -39.355, 1536.7554, -41.055, 1536.7554, -43.563, 1536.7554,-210.000,  , ,  , 
1536.7767, -37.883, 1536.7767, -39.398, 1536.7767, -41.103, 1536.7767, -43.620, 1536.7767, -77.685,  , ,  , 
1536.7979, -37.931, 1536.7979, -39.440, 1536.7979, -41.155, 1536.7979, -43.673, 1536.7979,-210.000,  , ,  , 
1536.8192, -37.975, 1536.8192, -39.484, 1536.8192, -41.202, 1536.8192, -43.720, 1536.8192, -74.013,  , ,  , 
1536.8405, -38.020, 1536.8405, -39.522, 1536.8405, -41.243, 1536.8405, -43.775, 1536.8405, -75.672,  , ,  , 
1536.8617, -38.069, 1536.8617, -39.567, 1536.8617, -41.294, 1536.8617, -43.820, 1536.8617,-210.000,  , ,  , 
1536.8830, -38.115, 1536.8830, -39.613, 1536.8830, -41.343, 1536.8830, -43.880, 1536.8830,-210.000,  , ,  , 
1536.9042, -38.161, 1536.9042, -39.651, 1536.9042, -41.387, 1536.9042, -43.928, 1536.9042, -76.170,  , ,  , 
1536.9255, -38.212, 1536.9255, -39.698, 1536.9255, -41.435, 1536.9255, -43.970, 1536.9255, -84.135,  , ,  , 
1536.9467, -38.258, 1536.9467, -39.740, 1536.9467, -41.473, 1536.9467, -44.022, 1536.9467,-210.000,  , ,  , 
1536.9680, -38.305, 1536.9680, -39.784, 1536.9680, -41.525, 1536.9680, -44.072, 1536.9680, -74.119,  , ,  , 
1536.9892, -38.352, 1536.9892, -39.825, 1536.9892, -41.569, 1536.9892, -44.134, 1536.9892, -80.732,  , ,  , 
1537.0105, -38.401, 1537.0105, -39.868, 1537.0105, -41.617, 1537.0105, -44.175, 1537.0105, -81.574,  , ,  , 
1537.0318, -38.444, 1537.0318, -39.909, 1537.0318, -41.664, 1537.0318, -44.222, 1537.0318,-210.000,  , ,  , 
1537.0530, -38.493, 1537.0530, -39.952, 1537.0530, -41.709, 1537.0530, -44.277, 1537.0530, -82.901,  , ,  , 
1537.0743, -38.544, 1537.0743, -39.997, 1537.0743, -41.759, 1537.0743, -44.332, 1537.0743, -78.805,  , ,  , 
1537.0955, -38.595, 1537.0955, -40.044, 1537.0955, -41.805, 1537.0955, -44.383, 1537.0955, -76.541,  , ,  , 
1537.1168, -38.640, 1537.1168, -40.088, 1537.1168, -41.858, 1537.1168, -44.439, 1537.1168,-210.000,  , ,  , 
1537.1380, -38.688, 1537.1380, -40.136, 1537.1380, -41.905, 1537.1380, -44.491, 1537.1380,-210.000,  , ,  , 
1537.1593, -38.735, 1537.1593, -40.183, 1537.1593, -41.962, 1537.1593, -44.543, 1537.1593,-210.000,  , ,  , 
1537.1805, -38.788, 1537.1805, -40.224, 1537.1805, -42.004, 1537.1805, -44.610, 1537.1805, -75.250,  , ,  , 
1537.2018, -38.836, 1537.2018, -40.269, 1537.2018, -42.054, 1537.2018, -44.662, 1537.2018,-210.000,  , ,  , 
1537.2231, -38.881, 1537.2231, -40.312, 1537.2231, -42.107, 1537.2231, -44.716, 1537.2231, -87.343,  , ,  , 
1537.2443, -38.933, 1537.2443, -40.363, 1537.2443, -42.156, 1537.2443, -44.775, 1537.2443, -91.689,  , ,  , 
1537.2656, -38.983, 1537.2656, -40.413, 1537.2656, -42.212, 1537.2656, -44.835, 1537.2656, -85.401,  , ,  , 
1537.2868, -39.038, 1537.2868, -40.457, 1537.2868, -42.263, 1537.2868, -44.891, 1537.2868, -77.264,  , ,  , 
1537.3081, -39.087, 1537.3081, -40.509, 1537.3081, -42.317, 1537.3081, -44.941, 1537.3081,-210.000,  , ,  , 
1537.3293, -39.136, 1537.3293, -40.557, 1537.3293, -42.373, 1537.3293, -45.008, 1537.3293, -78.714,  , ,  , 
1537.3506, -39.189, 1537.3506, -40.601, 1537.3506, -42.425, 1537.3506, -45.072, 1537.3506, -74.245,  , ,  , 
1537.3718, -39.240, 1537.3718, -40.660, 1537.3718, -42.477, 1537.3718, -45.121, 1537.3718,-210.000,  , ,  , 
1537.3931, -39.296, 1537.3931, -40.707, 1537.3931, -42.536, 1537.3931, -45.185, 1537.3931, -74.524,  , ,  , 
1537.4144, -39.346, 1537.4144, -40.759, 1537.4144, -42.592, 1537.4144, -45.244, 1537.4144, -74.542,  , ,  , 
1537.4356, -39.399, 1537.4356, -40.808, 1537.4356, -42.642, 1537.4356, -45.297, 1537.4356, -79.718,  , ,  , 
1537.4569, -39.454, 1537.4569, -40.855, 1537.4569, -42.699, 1537.4569, -45.361, 1537.4569, -74.142,  , ,  , 
1537.4781, -39.503, 1537.4781, -40.906, 1537.4781, -42.752, 1537.4781, -45.424, 1537.4781, -77.591,  , ,  , 
1537.4994, -39.555, 1537.4994, -40.959, 1537.4994, -42.813, 1537.4994, -45.483, 1537.4994, -79.945,  , ,  , 
1537.5206, -39.614, 1537.5206, -41.013, 1537.5206, -42.873, 1537.5206, -45.553, 1537.5206, -76.200,  , ,  , 
1537.5419, -39.664, 1537.5419, -41.064, 1537.5419, -42.929, 1537.5419, -45.617, 1537.5419, -76.308,  , ,  , 
1537.5631, -39.725, 1537.5631, -41.120, 1537.5631, -42.989, 1537.5631, -45.686, 1537.5631, -85.278,  , ,  , 
1537.5844, -39.782, 1537.5844, -41.172, 1537.5844, -43.050, 1537.5844, -45.752, 1537.5844, -85.376,  , ,  , 
1537.6057, -39.834, 1537.6057, -41.228, 1537.6057, -43.114, 1537.6057, -45.816, 1537.6057, -79.406,  , ,  , 
1537.6269, -39.888, 1537.6269, -41.277, 1537.6269, -43.166, 1537.6269, -45.878, 1537.6269, -74.341,  , ,  , 
1537.6482, -39.943, 1537.6482, -41.328, 1537.6482, -43.227, 1537.6482, -45.937, 1537.6482,-210.000,  , ,  , 
1537.6694, -39.998, 1537.6694, -41.385, 1537.6694, -43.283, 1537.6694, -46.013, 1537.6694,-210.000,  , ,  , 
1537.6907, -40.048, 1537.6907, -41.431, 1537.6907, -43.335, 1537.6907, -46.065, 1537.6907, -75.438,  , ,  , 
1537.7119, -40.107, 1537.7119, -41.487, 1537.7119, -43.400, 1537.7119, -46.133, 1537.7119,-210.000,  , ,  , 
1537.7332, -40.162, 1537.7332, -41.545, 1537.7332, -43.460, 1537.7332, -46.202, 1537.7332,-210.000,  , ,  , 
1537.7544, -40.218, 1537.7544, -41.596, 1537.7544, -43.520, 1537.7544, -46.275, 1537.7544, -80.426,  , ,  , 
1537.7757, -40.271, 1537.7757, -41.651, 1537.7757, -43.585, 1537.7757, -46.333, 1537.7757, -80.797,  , ,  , 
1537.7969, -40.326, 1537.7969, -41.703, 1537.7969, -43.631, 1537.7969, -46.401, 1537.7969, -74.841,  , ,  , 
1537.8182, -40.382, 1537.8182, -41.757, 1537.8182, -43.696, 1537.8182, -46.464, 1537.8182,-210.000,  , ,  , 
1537.8395, -40.426, 1537.8395, -41.812, 1537.8395, -43.747, 1537.8395, -46.516, 1537.8395, -84.607,  , ,  , 
1537.8607, -40.477, 1537.8607, -41.853, 1537.8607, -43.798, 1537.8607, -46.586, 1537.8607,-210.000,  , ,  , 
1537.8820, -40.529, 1537.8820, -41.909, 1537.8820, -43.862, 1537.8820, -46.639, 1537.8820,-210.000,  , ,  , 
1537.9032, -40.570, 1537.9032, -41.954, 1537.9032, -43.916, 1537.9032, -46.703, 1537.9032, -71.756,  , ,  , 
1537.9245, -40.622, 1537.9245, -42.002, 1537.9245, -43.969, 1537.9245, -46.751, 1537.9245,-210.000,  , ,  , 
1537.9457, -40.666, 1537.9457, -42.053, 1537.9457, -44.032, 1537.9457, -46.823, 1537.9457, -74.541,  , ,  , 
1537.9670, -40.711, 1537.9670, -42.097, 1537.9670, -44.083, 1537.9670, -46.883, 1537.9670,-210.000,  , ,  , 
1537.9882, -40.752, 1537.9882, -42.142, 1537.9882, -44.136, 1537.9882, -46.947, 1537.9882, -77.913,  , ,  , 
1538.0095, -40.795, 1538.0095, -42.185, 1538.0095, -44.195, 1538.0095, -46.994, 1538.0095,-210.000,  , ,  , 
1538.0308, -40.831, 1538.0308, -42.231, 1538.0308, -44.244, 1538.0308, -47.065, 1538.0308,-210.000,  , ,  , 
1538.0520, -40.869, 1538.0520, -42.269, 1538.0520, -44.294, 1538.0520, -47.117, 1538.0520, -71.762,  , ,  , 
1538.0733, -40.899, 1538.0733, -42.304, 1538.0733, -44.347, 1538.0733, -47.169, 1538.0733,-210.000,  , ,  , 
1538.0945, -40.930, 1538.0945, -42.339, 1538.0945, -44.392, 1538.0945, -47.233, 1538.0945, -71.688,  , ,  , 
1538.1158, -40.961, 1538.1158, -42.372, 1538.1158, -44.440, 1538.1158, -47.264, 1538.1158,-210.000,  , ,  , 
1538.1370, -40.986, 1538.1370, -42.395, 1538.1370, -44.480, 1538.1370, -47.330, 1538.1370,-210.000,  , ,  , 
1538.1583, -41.018, 1538.1583, -42.436, 1538.1583, -44.521, 1538.1583, -47.374, 1538.1583,-210.000,  , ,  , 
1538.1795, -41.047, 1538.1795, -42.464, 1538.1795, -44.563, 1538.1795, -47.414, 1538.1795, -75.321,  , ,  , 
1538.2008, -41.072, 1538.2008, -42.489, 1538.2008, -44.610, 1538.2008, -47.458, 1538.2008, -80.817,  , ,  , 
1538.2221, -41.102, 1538.2221, -42.525, 1538.2221, -44.646, 1538.2221, -47.512, 1538.2221,-210.000,  , ,  , 
1538.2433, -41.134, 1538.2433, -42.559, 1538.2433, -44.690, 1538.2433, -47.556, 1538.2433, -84.627,  , ,  , 
1538.2646, -41.159, 1538.2646, -42.588, 1538.2646, -44.720, 1538.2646, -47.601, 1538.2646,-210.000,  , ,  , 
1538.2858, -41.188, 1538.2858, -42.613, 1538.2858, -44.754, 1538.2858, -47.639, 1538.2858,-210.000,  , ,  , 
1538.3071, -41.216, 1538.3071, -42.640, 1538.3071, -44.792, 1538.3071, -47.676, 1538.3071,-210.000,  , ,  , 
1538.3283, -41.241, 1538.3283, -42.674, 1538.3283, -44.824, 1538.3283, -47.739, 1538.3283,-210.000,  , ,  , 
1538.3496, -41.272, 1538.3496, -42.704, 1538.3496, -44.860, 1538.3496, -47.757, 1538.3496,-210.000,  , ,  , 
1538.3708, -41.301, 1538.3708, -42.737, 1538.3708, -44.906, 1538.3708, -47.804, 1538.3708,-210.000,  , ,  , 
1538.3921, -41.331, 1538.3921, -42.768, 1538.3921, -44.939, 1538.3921, -47.839, 1538.3921, -81.066,  , ,  , 
1538.4134, -41.359, 1538.4134, -42.798, 1538.4134, -44.975, 1538.4134, -47.886, 1538.4134, -77.816,  , ,  , 
1538.4346, -41.388, 1538.4346, -42.835, 1538.4346, -45.013, 1538.4346, -47.934, 1538.4346, -75.205,  , ,  , 
1538.4559, -41.425, 1538.4559, -42.871, 1538.4559, -45.049, 1538.4559, -47.965, 1538.4559,-210.000,  , ,  , 
1538.4771, -41.459, 1538.4771, -42.904, 1538.4771, -45.103, 1538.4771, -48.010, 1538.4771, -74.750,  , ,  , 
1538.4984, -41.489, 1538.4984, -42.945, 1538.4984, -45.143, 1538.4984, -48.063, 1538.4984, -89.312,  , ,  , 
1538.5196, -41.520, 1538.5196, -42.978, 1538.5196, -45.180, 1538.5196, -48.108, 1538.5196, -78.565,  , ,  , 
1538.5409, -41.551, 1538.5409, -43.009, 1538.5409, -45.216, 1538.5409, -48.156, 1538.5409, -78.107,  , ,  , 
1538.5621, -41.584, 1538.5621, -43.048, 1538.5621, -45.268, 1538.5621, -48.193, 1538.5621, -74.739,  , ,  , 
1538.5834, -41.616, 1538.5834, -43.087, 1538.5834, -45.316, 1538.5834, -48.255, 1538.5834, -72.473,  , ,  , 
1538.6047, -41.655, 1538.6047, -43.118, 1538.6047, -45.347, 1538.6047, -48.288, 1538.6047, -82.634,  , ,  , 
1538.6259, -41.692, 1538.6259, -43.158, 1538.6259, -45.409, 1538.6259, -48.331, 1538.6259, -77.918,  , ,  , 
1538.6472, -41.726, 1538.6472, -43.196, 1538.6472, -45.446, 1538.6472, -48.397, 1538.6472, -79.600,  , ,  , 
1538.6684, -41.765, 1538.6684, -43.239, 1538.6684, -45.494, 1538.6684, -48.434, 1538.6684,-210.000,  , ,  , 
1538.6897, -41.800, 1538.6897, -43.277, 1538.6897, -45.539, 1538.6897, -48.477, 1538.6897,-210.000,  , ,  , 
1538.7109, -41.837, 1538.7109, -43.318, 1538.7109, -45.585, 1538.7109, -48.530, 1538.7109, -75.746,  , ,  , 
1538.7322, -41.876, 1538.7322, -43.358, 1538.7322, -45.646, 1538.7322, -48.586, 1538.7322,-210.000,  , ,  , 
1538.7534, -41.908, 1538.7534, -43.395, 1538.7534, -45.687, 1538.7534, -48.623, 1538.7534, -73.399,  , ,  , 
1538.7747, -41.945, 1538.7747, -43.440, 1538.7747, -45.715, 1538.7747, -48.679, 1538.7747,-210.000,  , ,  , 
1538.7959, -41.985, 1538.7959, -43.475, 1538.7959, -45.773, 1538.7959, -48.728, 1538.7959, -78.191,  , ,  , 
1538.8172, -42.021, 1538.8172, -43.514, 1538.8172, -45.817, 1538.8172, -48.781, 1538.8172, -88.617,  , ,  , 
1538.8385, -42.058, 1538.8385, -43.556, 1538.8385, -45.863, 1538.8385, -48.816, 1538.8385,-210.000,  , ,  , 
1538.8597, -42.095, 1538.8597, -43.599, 1538.8597, -45.911, 1538.8597, -48.875, 1538.8597, -78.671,  , ,  , 
1538.8810, -42.134, 1538.8810, -43.640, 1538.8810, -45.958, 1538.8810, -48.908, 1538.8810, -81.836,  , ,  , 
1538.9022, -42.175, 1538.9022, -43.680, 1538.9022, -46.008, 1538.9022, -48.960, 1538.9022,-210.000,  , ,  , 
1538.9235, -42.210, 1538.9235, -43.719, 1538.9235, -46.054, 1538.9235, -49.006, 1538.9235, -75.496,  , ,  , 
1538.9447, -42.249, 1538.9447, -43.764, 1538.9447, -46.107, 1538.9447, -49.060, 1538.9447,-210.000,  , ,  , 
1538.9660, -42.286, 1538.9660, -43.803, 1538.9660, -46.145, 1538.9660, -49.109, 1538.9660, -73.412,  , ,  , 
1538.9872, -42.328, 1538.9872, -43.848, 1538.9872, -46.200, 1538.9872, -49.128, 1538.9872,-210.000,  , ,  , 
1539.0085, -42.361, 1539.0085, -43.892, 1539.0085, -46.253, 1539.0085, -49.191, 1539.0085, -80.769,  , ,  , 
1539.0298, -42.403, 1539.0298, -43.930, 1539.0298, -46.293, 1539.0298, -49.226, 1539.0298, -83.049,  , ,  , 
1539.0510, -42.442, 1539.0510, -43.974, 1539.0510, -46.342, 1539.0510, -49.266, 1539.0510, -75.623,  , ,  , 
1539.0723, -42.483, 1539.0723, -44.026, 1539.0723, -46.402, 1539.0723, -49.305, 1539.0723,-210.000,  , ,  , 
1539.0935, -42.529, 1539.0935, -44.062, 1539.0935, -46.457, 1539.0935, -49.401, 1539.0935, -72.420,  , ,  , 
1539.1148, -42.567, 1539.1148, -44.114, 1539.1148, -46.500, 1539.1148, -49.417, 1539.1148, -74.719,  , ,  , 
1539.1360, -42.613, 1539.1360, -44.155, 1539.1360, -46.550, 1539.1360, -49.464, 1539.1360,-210.000,  , ,  , 
1539.1573, -42.648, 1539.1573, -44.198, 1539.1573, -46.599, 1539.1573, -49.499, 1539.1573,-210.000,  , ,  , 
1539.1785, -42.687, 1539.1785, -44.243, 1539.1785, -46.650, 1539.1785, -49.574, 1539.1785, -74.057,  , ,  , 
1539.1998, -42.728, 1539.1998, -44.281, 1539.1998, -46.698, 1539.1998, -49.597, 1539.1998,-210.000,  , ,  , 
1539.2211, -42.767, 1539.2211, -44.319, 1539.2211, -46.748, 1539.2211, -49.658, 1539.2211, -80.109,  , ,  , 
1539.2423, -42.811, 1539.2423, -44.365, 1539.2423, -46.800, 1539.2423, -49.707, 1539.2423, -86.515,  , ,  , 
1539.2636, -42.847, 1539.2636, -44.404, 1539.2636, -46.842, 1539.2636, -49.751, 1539.2636, -83.663,  , ,  , 
1539.2848, -42.890, 1539.2848, -44.455, 1539.2848, -46.885, 1539.2848, -49.769, 1539.2848, -79.602,  , ,  , 
1539.3061, -42.934, 1539.3061, -44.494, 1539.3061, -46.953, 1539.3061, -49.830, 1539.3061, -76.807,  , ,  , 
1539.3273, -42.976, 1539.3273, -44.543, 1539.3273, -47.000, 1539.3273, -49.869, 1539.3273,-210.000,  , ,  , 
1539.3486, -43.013, 1539.3486, -44.578, 1539.3486, -47.053, 1539.3486, -49.934, 1539.3486, -73.147,  , ,  , 
1539.3698, -43.047, 1539.3698, -44.621, 1539.3698, -47.095, 1539.3698, -49.942, 1539.3698, -73.977,  , ,  , 
1539.3911, -43.087, 1539.3911, -44.659, 1539.3911, -47.154, 1539.3911, -50.014, 1539.3911,-210.000,  , ,  , 
1539.4124, -43.116, 1539.4124, -44.698, 1539.4124, -47.193, 1539.4124, -50.033, 1539.4124, -80.164,  , ,  , 
1539.4336, -43.145, 1539.4336, -44.728, 1539.4336, -47.251, 1539.4336, -50.091, 1539.4336,-210.000,  , ,  , 
1539.4549, -43.174, 1539.4549, -44.765, 1539.4549, -47.290, 1539.4549, -50.092, 1539.4549, -75.591,  , ,  , 
1539.4761, -43.207, 1539.4761, -44.794, 1539.4761, -47.334, 1539.4761, -50.152, 1539.4761,-210.000,  , ,  , 
1539.4974, -43.231, 1539.4974, -44.837, 1539.4974, -47.359, 1539.4974, -50.172, 1539.4974,-210.000,  , ,  , 
1539.5186, -43.258, 1539.5186, -44.861, 1539.5186, -47.417, 1539.5186, -50.217, 1539.5186, -73.632,  , ,  , 
1539.5399, -43.294, 1539.5399, -44.886, 1539.5399, -47.453, 1539.5399, -50.239, 1539.5399, -76.362,  , ,  , 
1539.5611, -43.307, 1539.5611, -44.919, 1539.5611, -47.506, 1539.5611, -50.275, 1539.5611,-210.000,  , ,  , 
1539.5824, -43.335, 1539.5824, -44.950, 1539.5824, -47.533, 1539.5824, -50.302, 1539.5824, -77.198,  , ,  , 
1539.6037, -43.361, 1539.6037, -44.973, 1539.6037, -47.579, 1539.6037, -50.308, 1539.6037,-210.000,  , ,  , 
1539.6249, -43.386, 1539.6249, -45.000, 1539.6249, -47.601, 1539.6249, -50.341, 1539.6249, -77.313,  , ,  , 
1539.6462, -43.405, 1539.6462, -45.021, 1539.6462, -47.643, 1539.6462, -50.364, 1539.6462, -73.218,  , ,  , 
1539.6674, -43.425, 1539.6674, -45.043, 1539.6674, -47.671, 1539.6674, -50.379, 1539.6674, -80.923,  , ,  , 
1539.6887, -43.456, 1539.6887, -45.071, 1539.6887, -47.709, 1539.6887, -50.429, 1539.6887, -76.265,  , ,  , 
1539.7099, -43.477, 1539.7099, -45.091, 1539.7099, -47.740, 1539.7099, -50.442, 1539.7099,-210.000,  , ,  , 
1539.7312, -43.495, 1539.7312, -45.122, 1539.7312, -47.762, 1539.7312, -50.444, 1539.7312, -75.539,  , ,  , 
1539.7524, -43.529, 1539.7524, -45.150, 1539.7524, -47.801, 1539.7524, -50.469, 1539.7524, -85.567,  , ,  , 
1539.7737, -43.562, 1539.7737, -45.174, 1539.7737, -47.845, 1539.7737, -50.480, 1539.7737,-210.000,  , ,  , 
1539.7949, -43.583, 1539.7949, -45.196, 1539.7949, -47.876, 1539.7949, -50.519, 1539.7949, -79.986,  , ,  , 
1539.8162, -43.615, 1539.8162, -45.235, 1539.8162, -47.911, 1539.8162, -50.518, 1539.8162, -80.783,  , ,  , 
1539.8375, -43.645, 1539.8375, -45.253, 1539.8375, -47.940, 1539.8375, -50.558, 1539.8375, -84.151,  , ,  , 
1539.8587, -43.674, 1539.8587, -45.282, 1539.8587, -47.989, 1539.8587, -50.562, 1539.8587,-210.000,  , ,  , 
1539.8800, -43.703, 1539.8800, -45.307, 1539.8800, -48.021, 1539.8800, -50.586, 1539.8800, -74.756,  , ,  , 
1539.9012, -43.740, 1539.9012, -45.349, 1539.9012, -48.055, 1539.9012, -50.616, 1539.9012,-210.000,  , ,  , 
1539.9225, -43.770, 1539.9225, -45.376, 1539.9225, -48.085, 1539.9225, -50.620, 1539.9225, -81.866,  , ,  , 
1539.9437, -43.797, 1539.9437, -45.406, 1539.9437, -48.139, 1539.9437, -50.627, 1539.9437,-210.000,  , ,  , 
1539.9650, -43.837, 1539.9650, -45.441, 1539.9650, -48.168, 1539.9650, -50.665, 1539.9650, -77.280,  , ,  , 
1539.9862, -43.873, 1539.9862, -45.479, 1539.9862, -48.203, 1539.9862, -50.665, 1539.9862, -75.808,  , ,  , 
1540.0075, -43.908, 1540.0075, -45.515, 1540.0075, -48.249, 1540.0075, -50.701, 1540.0075,-210.000,  , ,  , 
1540.0288, -43.943, 1540.0288, -45.541, 1540.0288, -48.301, 1540.0288, -50.721, 1540.0288, -79.390,  , ,  , 
1540.0500, -43.976, 1540.0500, -45.583, 1540.0500, -48.329, 1540.0500, -50.722, 1540.0500, -77.441,  , ,  , 
1540.0713, -44.019, 1540.0713, -45.619, 1540.0713, -48.376, 1540.0713, -50.752, 1540.0713,-210.000,  , ,  , 
1540.0925, -44.052, 1540.0925, -45.655, 1540.0925, -48.434, 1540.0925, -50.759, 1540.0925, -76.152,  , ,  , 
1540.1138, -44.090, 1540.1138, -45.688, 1540.1138, -48.452, 1540.1138, -50.772, 1540.1138, -80.436,  , ,  , 
1540.1350, -44.126, 1540.1350, -45.731, 1540.1350, -48.495, 1540.1350, -50.795, 1540.1350, -78.181,  , ,  , 
1540.1563, -44.158, 1540.1563, -45.759, 1540.1563, -48.536, 1540.1563, -50.808, 1540.1563, -72.685,  , ,  , 
1540.1775, -44.202, 1540.1775, -45.788, 1540.1775, -48.589, 1540.1775, -50.827, 1540.1775, -80.535,  , ,  , 
1540.1988, -44.242, 1540.1988, -45.833, 1540.1988, -48.648, 1540.1988, -50.829, 1540.1988,-210.000,  , ,  , 
1540.2201, -44.277, 1540.2201, -45.868, 1540.2201, -48.668, 1540.2201, -50.854, 1540.2201, -75.433,  , ,  , 
1540.2413, -44.315, 1540.2413, -45.905, 1540.2413, -48.720, 1540.2413, -50.882, 1540.2413,-101.390,  , ,  , 
1540.2626, -44.357, 1540.2626, -45.938, 1540.2626, -48.763, 1540.2626, -50.878, 1540.2626, -79.137,  , ,  , 
1540.2838, -44.388, 1540.2838, -45.963, 1540.2838, -48.805, 1540.2838, -50.895, 1540.2838, -76.827,  , ,  , 
1540.3051, -44.421, 1540.3051, -46.005, 1540.3051, -48.834, 1540.3051, -50.891, 1540.3051, -72.650,  , ,  , 
1540.3263, -44.464, 1540.3263, -46.039, 1540.3263, -48.870, 1540.3263, -50.934, 1540.3263,-210.000,  , ,  , 
1540.3476, -44.497, 1540.3476, -46.069, 1540.3476, -48.920, 1540.3476, -50.928, 1540.3476,-210.000,  , ,  , 
1540.3688, -44.541, 1540.3688, -46.103, 1540.3688, -48.958, 1540.3688, -50.911, 1540.3688,-210.000,  , ,  , 
1540.3901, -44.578, 1540.3901, -46.135, 1540.3901, -49.009, 1540.3901, -50.972, 1540.3901, -76.327,  , ,  , 
1540.4114, -44.617, 1540.4114, -46.171, 1540.4114, -49.035, 1540.4114, -50.957, 1540.4114,-210.000,  , ,  , 
1540.4326, -44.653, 1540.4326, -46.205, 1540.4326, -49.085, 1540.4326, -50.943, 1540.4326,-210.000,  , ,  , 
1540.4539, -44.689, 1540.4539, -46.248, 1540.4539, -49.110, 1540.4539, -50.964, 1540.4539, -79.170,  , ,  , 
1540.4751, -44.732, 1540.4751, -46.274, 1540.4751, -49.173, 1540.4751, -50.971, 1540.4751,-210.000,  , ,  , 
1540.4964, -44.768, 1540.4964, -46.311, 1540.4964, -49.184, 1540.4964, -50.983, 1540.4964, -75.974,  , ,  , 
1540.5176, -44.804, 1540.5176, -46.341, 1540.5176, -49.219, 1540.5176, -50.966, 1540.5176, -79.662,  , ,  , 
1540.5389, -44.836, 1540.5389, -46.361, 1540.5389, -49.268, 1540.5389, -50.972, 1540.5389,-210.000,  , ,  , 
1540.5601, -44.882, 1540.5601, -46.402, 1540.5601, -49.303, 1540.5601, -50.988, 1540.5601, -79.512,  , ,  , 
1540.5814, -44.913, 1540.5814, -46.428, 1540.5814, -49.318, 1540.5814, -50.977, 1540.5814, -79.425,  , ,  , 
1540.6027, -44.947, 1540.6027, -46.463, 1540.6027, -49.365, 1540.6027, -50.971, 1540.6027, -72.042,  , ,  , 
1540.6239, -44.992, 1540.6239, -46.514, 1540.6239, -49.405, 1540.6239, -50.982, 1540.6239, -75.787,  , ,  , 
1540.6452, -45.027, 1540.6452, -46.536, 1540.6452, -49.448, 1540.6452, -50.976, 1540.6452,-210.000,  , ,  , 
1540.6664, -45.064, 1540.6664, -46.569, 1540.6664, -49.480, 1540.6664, -50.968, 1540.6664, -87.294,  , ,  , 
1540.6877, -45.103, 1540.6877, -46.609, 1540.6877, -49.504, 1540.6877, -50.955, 1540.6877, -72.086,  , ,  , 
1540.7089, -45.150, 1540.7089, -46.627, 1540.7089, -49.545, 1540.7089, -50.991, 1540.7089, -75.909,  , ,  , 
1540.7302, -45.184, 1540.7302, -46.672, 1540.7302, -49.583, 1540.7302, -50.973, 1540.7302,-210.000,  , ,  , 
1540.7514, -45.210, 1540.7514, -46.710, 1540.7514, -49.614, 1540.7514, -50.954, 1540.7514, -74.207,  , ,  , 
1540.7727, -45.264, 1540.7727, -46.731, 1540.7727, -49.647, 1540.7727, -50.970, 1540.7727, -77.166,  , ,  , 
1540.7939, -45.296, 1540.7939, -46.756, 1540.7939, -49.712, 1540.7939, -50.968, 1540.7939,-210.000,  , ,  , 
1540.8152, -45.331, 1540.8152, -46.791, 1540.8152, -49.739, 1540.8152, -50.948, 1540.8152,-210.000,  , ,  , 
1540.8365, -45.372, 1540.8365, -46.836, 1540.8365, -49.757, 1540.8365, -50.945, 1540.8365, -74.592,  , ,  , 
1540.8577, -45.408, 1540.8577, -46.858, 1540.8577, -49.808, 1540.8577, -50.963, 1540.8577, -75.238,  , ,  , 
1540.8790, -45.440, 1540.8790, -46.872, 1540.8790, -49.838, 1540.8790, -50.959, 1540.8790,-210.000,  , ,  , 
1540.9002, -45.466, 1540.9002, -46.904, 1540.9002, -49.872, 1540.9002, -50.943, 1540.9002, -79.758,  , ,  , 
1540.9215, -45.502, 1540.9215, -46.929, 1540.9215, -49.883, 1540.9215, -50.943, 1540.9215, -81.686,  , ,  , 
1540.9427, -45.523, 1540.9427, -46.944, 1540.9427, -49.939, 1540.9427, -50.899, 1540.9427,-210.000,  , ,  , 
1540.9640, -45.544, 1540.9640, -46.968, 1540.9640, -49.949, 1540.9640, -50.921, 1540.9640,-210.000,  , ,  , 
1540.9852, -45.576, 1540.9852, -46.977, 1540.9852, -49.971, 1540.9852, -50.843, 1540.9852,-210.000,  , ,  , 
1541.0065, -45.595, 1541.0065, -46.986, 1541.0065, -49.992, 1541.0065, -50.876, 1541.0065, -74.795,  , ,  , 
1541.0278, -45.620, 1541.0278, -47.010, 1541.0278, -50.033, 1541.0278, -50.840, 1541.0278,-210.000,  , ,  , 
1541.0490, -45.647, 1541.0490, -47.023, 1541.0490, -50.029, 1541.0490, -50.821, 1541.0490,-210.000,  , ,  , 
1541.0703, -45.666, 1541.0703, -47.039, 1541.0703, -50.022, 1541.0703, -50.795, 1541.0703, -84.210,  , ,  , 
1541.0915, -45.700, 1541.0915, -47.055, 1541.0915, -50.062, 1541.0915, -50.779, 1541.0915,-210.000,  , ,  , 
1541.1128, -45.719, 1541.1128, -47.081, 1541.1128, -50.053, 1541.1128, -50.739, 1541.1128, -73.497,  , ,  , 
1541.1340, -45.746, 1541.1340, -47.103, 1541.1340, -50.091, 1541.1340, -50.716, 1541.1340,-210.000,  , ,  , 
1541.1553, -45.777, 1541.1553, -47.100, 1541.1553, -50.103, 1541.1553, -50.682, 1541.1553, -81.256,  , ,  , 
1541.1765, -45.798, 1541.1765, -47.135, 1541.1765, -50.107, 1541.1765, -50.666, 1541.1765, -72.896,  , ,  , 
1541.1978, -45.827, 1541.1978, -47.132, 1541.1978, -50.111, 1541.1978, -50.632, 1541.1978,-210.000,  , ,  , 
1541.2191, -45.851, 1541.2191, -47.155, 1541.2191, -50.125, 1541.2191, -50.608, 1541.2191, -73.883,  , ,  , 
1541.2403, -45.891, 1541.2403, -47.189, 1541.2403, -50.144, 1541.2403, -50.567, 1541.2403,-210.000,  , ,  , 
1541.2616, -45.914, 1541.2616, -47.189, 1541.2616, -50.155, 1541.2616, -50.566, 1541.2616, -81.135,  , ,  , 
1541.2828, -45.951, 1541.2828, -47.217, 1541.2828, -50.189, 1541.2828, -50.527, 1541.2828, -84.034,  , ,  , 
1541.3041, -45.984, 1541.3041, -47.235, 1541.3041, -50.207, 1541.3041, -50.513, 1541.3041,-210.000,  , ,  , 
1541.3253, -46.004, 1541.3253, -47.258, 1541.3253, -50.188, 1541.3253, -50.509, 1541.3253, -72.646,  , ,  , 
1541.3466, -46.046, 1541.3466, -47.284, 1541.3466, -50.230, 1541.3466, -50.482, 1541.3466, -96.122,  , ,  , 
1541.3678, -46.084, 1541.3678, -47.306, 1541.3678, -50.227, 1541.3678, -50.464, 1541.3678,-210.000,  , ,  , 
1541.3891, -46.109, 1541.3891, -47.318, 1541.3891, -50.236, 1541.3891, -50.430, 1541.3891, -74.187,  , ,  , 
1541.4104, -46.144, 1541.4104, -47.349, 1541.4104, -50.261, 1541.4104, -50.424, 1541.4104,-210.000,  , ,  , 
1541.4316, -46.183, 1541.4316, -47.361, 1541.4316, -50.286, 1541.4316, -50.400, 1541.4316, -77.074,  , ,  , 
1541.4529, -46.213, 1541.4529, -47.385, 1541.4529, -50.279, 1541.4529, -50.358, 1541.4529, -85.977,  , ,  , 
1541.4741, -46.238, 1541.4741, -47.401, 1541.4741, -50.321, 1541.4741, -50.348, 1541.4741, -78.055,  , ,  , 
1541.4954, -46.280, 1541.4954, -47.408, 1541.4954, -50.295, 1541.4954, -50.325, 1541.4954,-210.000,  , ,  , 
1541.5166, -46.308, 1541.5166, -47.446, 1541.5166, -50.332, 1541.5166, -50.312, 1541.5166,-210.000,  , ,  , 
1541.5379, -46.339, 1541.5379, -47.467, 1541.5379, -50.332, 1541.5379, -50.256, 1541.5379, -74.940,  , ,  , 
1541.5591, -46.386, 1541.5591, -47.485, 1541.5591, -50.343, 1541.5591, -50.268, 1541.5591, -75.002,  , ,  , 
1541.5804, -46.411, 1541.5804, -47.510, 1541.5804, -50.350, 1541.5804, -50.246, 1541.5804,-210.000,  , ,  , 
1541.6017, -46.451, 1541.6017, -47.509, 1541.6017, -50.355, 1541.6017, -50.217, 1541.6017,-210.000,  , ,  , 
1541.6229, -46.481, 1541.6229, -47.549, 1541.6229, -50.361, 1541.6229, -50.191, 1541.6229,-210.000,  , ,  , 
1541.6442, -46.528, 1541.6442, -47.556, 1541.6442, -50.370, 1541.6442, -50.184, 1541.6442,-210.000,  , ,  , 
1541.6654, -46.549, 1541.6654, -47.577, 1541.6654, -50.380, 1541.6654, -50.145, 1541.6654,-210.000,  , ,  , 
1541.6867, -46.569, 1541.6867, -47.594, 1541.6867, -50.347, 1541.6867, -50.107, 1541.6867,-210.000,  , ,  , 
1541.7079, -46.614, 1541.7079, -47.615, 1541.7079, -50.375, 1541.7079, -50.083, 1541.7079, -75.326,  , ,  , 
1541.7292, -46.650, 1541.7292, -47.613, 1541.7292, -50.381, 1541.7292, -50.048, 1541.7292,-210.000,  , ,  , 
1541.7504, -46.663, 1541.7504, -47.643, 1541.7504, -50.380, 1541.7504, -50.031, 1541.7504, -92.901,  , ,  , 
1541.7717, -46.704, 1541.7717, -47.664, 1541.7717, -50.379, 1541.7717, -50.014, 1541.7717, -73.124,  , ,  , 
1541.7929, -46.745, 1541.7929, -47.673, 1541.7929, -50.395, 1541.7929, -49.968, 1541.7929, -76.251,  , ,  , 
1541.8142, -46.765, 1541.8142, -47.682, 1541.8142, -50.376, 1541.8142, -49.965, 1541.8142, -76.026,  , ,  , 
1541.8355, -46.804, 1541.8355, -47.689, 1541.8355, -50.386, 1541.8355, -49.941, 1541.8355,-210.000,  , ,  , 
1541.8567, -46.830, 1541.8567, -47.714, 1541.8567, -50.358, 1541.8567, -49.885, 1541.8567, -78.549,  , ,  , 
1541.8780, -46.859, 1541.8780, -47.714, 1541.8780, -50.394, 1541.8780, -49.890, 1541.8780, -76.723,  , ,  , 
1541.8992, -46.885, 1541.8992, -47.728, 1541.8992, -50.384, 1541.8992, -49.857, 1541.8992, -76.757,  , ,  , 
1541.9205, -46.921, 1541.9205, -47.736, 1541.9205, -50.361, 1541.9205, -49.813, 1541.9205, -76.056,  , ,  , 
1541.9417, -46.949, 1541.9417, -47.753, 1541.9417, -50.345, 1541.9417, -49.808, 1541.9417,-210.000,  , ,  , 
1541.9630, -46.976, 1541.9630, -47.754, 1541.9630, -50.372, 1541.9630, -49.768, 1541.9630,-210.000,  , ,  , 
1541.9842, -47.017, 1541.9842, -47.767, 1541.9842, -50.361, 1541.9842, -49.758, 1541.9842,-210.000,  , ,  , 
1542.0055, -47.037, 1542.0055, -47.782, 1542.0055, -50.353, 1542.0055, -49.723, 1542.0055,-210.000,  , ,  , 
1542.0268, -47.057, 1542.0268, -47.785, 1542.0268, -50.311, 1542.0268, -49.697, 1542.0268,-210.000,  , ,  , 
1542.0480, -47.095, 1542.0480, -47.782, 1542.0480, -50.323, 1542.0480, -49.672, 1542.0480, -76.353,  , ,  , 
1542.0693, -47.112, 1542.0693, -47.802, 1542.0693, -50.311, 1542.0693, -49.638, 1542.0693, -76.717,  , ,  , 
1542.0905, -47.161, 1542.0905, -47.805, 1542.0905, -50.302, 1542.0905, -49.596, 1542.0905,-210.000,  , ,  , 
1542.1118, -47.181, 1542.1118, -47.815, 1542.1118, -50.308, 1542.1118, -49.605, 1542.1118,-210.000,  , ,  , 
1542.1330, -47.203, 1542.1330, -47.808, 1542.1330, -50.311, 1542.1330, -49.562, 1542.1330,-210.000,  , ,  , 
1542.1543, -47.230, 1542.1543, -47.838, 1542.1543, -50.281, 1542.1543, -49.543, 1542.1543,-210.000,  , ,  , 
1542.1755, -47.268, 1542.1755, -47.840, 1542.1755, -50.269, 1542.1755, -49.524, 1542.1755,-210.000,  , ,  , 
1542.1968, -47.286, 1542.1968, -47.846, 1542.1968, -50.282, 1542.1968, -49.503, 1542.1968, -75.651,  , ,  , 
1542.2181, -47.323, 1542.2181, -47.844, 1542.2181, -50.244, 1542.2181, -49.472, 1542.2181,-210.000,  , ,  , 
1542.2393, -47.335, 1542.2393, -47.853, 1542.2393, -50.235, 1542.2393, -49.440, 1542.2393, -76.540,  , ,  , 
1542.2606, -47.373, 1542.2606, -47.850, 1542.2606, -50.244, 1542.2606, -49.430, 1542.2606, -76.839,  , ,  , 
1542.2818, -47.387, 1542.2818, -47.875, 1542.2818, -50.206, 1542.2818, -49.410, 1542.2818, -86.433,  , ,  , 
1542.3031, -47.419, 1542.3031, -47.857, 1542.3031, -50.207, 1542.3031, -49.370, 1542.3031, -72.955,  , ,  , 
1542.3243, -47.427, 1542.3243, -47.863, 1542.3243, -50.191, 1542.3243, -49.352, 1542.3243, -77.748,  , ,  , 
1542.3456, -47.455, 1542.3456, -47.851, 1542.3456, -50.192, 1542.3456, -49.314, 1542.3456,-210.000,  , ,  , 
1542.3668, -47.467, 1542.3668, -47.837, 1542.3668, -50.154, 1542.3668, -49.309, 1542.3668, -74.275,  , ,  , 
1542.3881, -47.479, 1542.3881, -47.842, 1542.3881, -50.143, 1542.3881, -49.255, 1542.3881, -73.265,  , ,  , 
1542.4094, -47.493, 1542.4094, -47.820, 1542.4094, -50.116, 1542.4094, -49.250, 1542.4094, -74.353,  , ,  , 
1542.4306, -47.510, 1542.4306, -47.813, 1542.4306, -50.093, 1542.4306, -49.234, 1542.4306, -78.318,  , ,  , 
1542.4519, -47.528, 1542.4519, -47.786, 1542.4519, -50.049, 1542.4519, -49.186, 1542.4519, -79.096,  , ,  , 
1542.4731, -47.544, 1542.4731, -47.799, 1542.4731, -50.046, 1542.4731, -49.158, 1542.4731, -76.633,  , ,  , 
1542.4944, -47.561, 1542.4944, -47.778, 1542.4944, -50.035, 1542.4944, -49.125, 1542.4944,-210.000,  , ,  , 
1542.5156, -47.578, 1542.5156, -47.753, 1542.5156, -49.978, 1542.5156, -49.092, 1542.5156,-210.000,  , ,  , 
1542.5369, -47.577, 1542.5369, -47.746, 1542.5369, -49.944, 1542.5369, -49.044, 1542.5369, -74.994,  , ,  , 
1542.5581, -47.597, 1542.5581, -47.735, 1542.5581, -49.940, 1542.5581, -49.020, 1542.5581,-210.000,  , ,  , 
1542.5794, -47.618, 1542.5794, -47.715, 1542.5794, -49.904, 1542.5794, -49.000, 1542.5794, -78.678,  , ,  , 
1542.6007, -47.632, 1542.6007, -47.704, 1542.6007, -49.888, 1542.6007, -48.967, 1542.6007,-210.000,  , ,  , 
1542.6219, -47.640, 1542.6219, -47.695, 1542.6219, -49.878, 1542.6219, -48.936, 1542.6219, -79.270,  , ,  , 
1542.6432, -47.662, 1542.6432, -47.677, 1542.6432, -49.810, 1542.6432, -48.919, 1542.6432,-210.000,  , ,  , 
1542.6644, -47.676, 1542.6644, -47.677, 1542.6644, -49.791, 1542.6644, -48.891, 1542.6644,-210.000,  , ,  , 
1542.6857, -47.689, 1542.6857, -47.652, 1542.6857, -49.767, 1542.6857, -48.862, 1542.6857,-210.000,  , ,  , 
1542.7069, -47.696, 1542.7069, -47.653, 1542.7069, -49.742, 1542.7069, -48.831, 1542.7069, -82.537,  , ,  , 
1542.7282, -47.732, 1542.7282, -47.636, 1542.7282, -49.739, 1542.7282, -48.822, 1542.7282,-210.000,  , ,  , 
1542.7494, -47.738, 1542.7494, -47.629, 1542.7494, -49.706, 1542.7494, -48.789, 1542.7494, -74.172,  , ,  , 
1542.7707, -47.743, 1542.7707, -47.620, 1542.7707, -49.673, 1542.7707, -48.758, 1542.7707, -75.402,  , ,  , 
1542.7919, -47.770, 1542.7919, -47.609, 1542.7919, -49.626, 1542.7919, -48.737, 1542.7919, -77.878,  , ,  , 
1542.8132, -47.783, 1542.8132, -47.585, 1542.8132, -49.622, 1542.8132, -48.707, 1542.8132,-210.000,  , ,  , 
1542.8345, -47.786, 1542.8345, -47.567, 1542.8345, -49.582, 1542.8345, -48.686, 1542.8345, -79.018,  , ,  , 
1542.8557, -47.798, 1542.8557, -47.573, 1542.8557, -49.569, 1542.8557, -48.666, 1542.8557, -76.233,  , ,  , 
1542.8770, -47.814, 1542.8770, -47.555, 1542.8770, -49.542, 1542.8770, -48.641, 1542.8770, -83.065,  , ,  , 
1542.8982, -47.829, 1542.8982, -47.530, 1542.8982, -49.512, 1542.8982, -48.635, 1542.8982,-210.000,  , ,  , 
1542.9195, -47.842, 1542.9195, -47.520, 1542.9195, -49.508, 1542.9195, -48.611, 1542.9195, -72.644,  , ,  , 
1542.9407, -47.853, 1542.9407, -47.511, 1542.9407, -49.479, 1542.9407, -48.591, 1542.9407, -80.275,  , ,  , 
1542.9620, -47.869, 1542.9620, -47.483, 1542.9620, -49.466, 1542.9620, -48.573, 1542.9620, -76.787,  , ,  , 
1542.9832, -47.875, 1542.9832, -47.478, 1542.9832, -49.427, 1542.9832, -48.545, 1542.9832,-210.000,  , ,  , 
1543.0045, -47.875, 1543.0045, -47.459, 1543.0045, -49.400, 1543.0045, -48.540, 1543.0045, -77.156,  , ,  , 
1543.0258, -47.885, 1543.0258, -47.426, 1543.0258, -49.379, 1543.0258, -48.495, 1543.0258, -72.456,  , ,  , 
1543.0470, -47.889, 1543.0470, -47.421, 1543.0470, -49.346, 1543.0470, -48.495, 1543.0470,-210.000,  , ,  , 
1543.0683, -47.899, 1543.0683, -47.381, 1543.0683, -49.333, 1543.0683, -48.459, 1543.0683,-210.000,  , ,  , 
1543.0895, -47.890, 1543.0895, -47.371, 1543.0895, -49.285, 1543.0895, -48.442, 1543.0895, -73.072,  , ,  , 
1543.1108, -47.926, 1543.1108, -47.352, 1543.1108, -49.270, 1543.1108, -48.403, 1543.1108,-210.000,  , ,  , 
1543.1320, -47.911, 1543.1320, -47.334, 1543.1320, -49.249, 1543.1320, -48.399, 1543.1320,-210.000,  , ,  , 
1543.1533, -47.902, 1543.1533, -47.296, 1543.1533, -49.205, 1543.1533, -48.378, 1543.1533,-210.000,  , ,  , 
1543.1745, -47.923, 1543.1745, -47.281, 1543.1745, -49.194, 1543.1745, -48.355, 1543.1745,-210.000,  , ,  , 
1543.1958, -47.931, 1543.1958, -47.253, 1543.1958, -49.145, 1543.1958, -48.325, 1543.1958,-210.000,  , ,  , 
1543.2171, -47.915, 1543.2171, -47.228, 1543.2171, -49.141, 1543.2171, -48.319, 1543.2171, -84.195,  , ,  , 
1543.2383, -47.901, 1543.2383, -47.211, 1543.2383, -49.111, 1543.2383, -48.284, 1543.2383,-210.000,  , ,  , 
1543.2596, -47.914, 1543.2596, -47.183, 1543.2596, -49.049, 1543.2596, -48.259, 1543.2596,-210.000,  , ,  , 
1543.2808, -47.905, 1543.2808, -47.151, 1543.2808, -49.049, 1543.2808, -48.240, 1543.2808, -74.822,  , ,  , 
1543.3021, -47.903, 1543.3021, -47.139, 1543.3021, -48.993, 1543.3021, -48.227, 1543.3021, -71.838,  , ,  , 
1543.3233, -47.908, 1543.3233, -47.107, 1543.3233, -48.976, 1543.3233, -48.203, 1543.3233,-210.000,  , ,  , 
1543.3446, -47.893, 1543.3446, -47.084, 1543.3446, -48.942, 1543.3446, -48.176, 1543.3446, -85.712,  , ,  , 
1543.3658, -47.893, 1543.3658, -47.048, 1543.3658, -48.943, 1543.3658, -48.146, 1543.3658, -77.296,  , ,  , 
1543.3871, -47.889, 1543.3871, -47.030, 1543.3871, -48.877, 1543.3871, -48.132, 1543.3871, -74.821,  , ,  , 
1543.4084, -47.889, 1543.4084, -47.010, 1543.4084, -48.873, 1543.4084, -48.109, 1543.4084, -81.192,  , ,  , 
1543.4296, -47.878, 1543.4296, -46.981, 1543.4296, -48.843, 1543.4296, -48.099, 1543.4296, -74.758,  , ,  , 
1543.4509, -47.861, 1543.4509, -46.957, 1543.4509, -48.810, 1543.4509, -48.076, 1543.4509,-210.000,  , ,  , 
1543.4721, -47.857, 1543.4721, -46.922, 1543.4721, -48.791, 1543.4721, -48.061, 1543.4721, -73.848,  , ,  , 
1543.4934, -47.861, 1543.4934, -46.912, 1543.4934, -48.769, 1543.4934, -48.040, 1543.4934, -90.338,  , ,  , 
1543.5146, -47.846, 1543.5146, -46.873, 1543.5146, -48.736, 1543.5146, -48.023, 1543.5146,-210.000,  , ,  , 
1543.5359, -47.847, 1543.5359, -46.854, 1543.5359, -48.717, 1543.5359, -47.998, 1543.5359, -73.319,  , ,  , 
1543.5571, -47.845, 1543.5571, -46.834, 1543.5571, -48.685, 1543.5571, -47.997, 1543.5571, -78.057,  , ,  , 
1543.5784, -47.824, 1543.5784, -46.797, 1543.5784, -48.676, 1543.5784, -47.975, 1543.5784,-210.000,  , ,  , 
1543.5996, -47.818, 1543.5996, -46.778, 1543.5996, -48.652, 1543.5996, -47.972, 1543.5996,-210.000,  , ,  , 
1543.6209, -47.814, 1543.6209, -46.761, 1543.6209, -48.604, 1543.6209, -47.944, 1543.6209,-210.000,  , ,  , 
1543.6422, -47.796, 1543.6422, -46.735, 1543.6422, -48.599, 1543.6422, -47.948, 1543.6422,-210.000,  , ,  , 
1543.6634, -47.779, 1543.6634, -46.711, 1543.6634, -48.587, 1543.6634, -47.919, 1543.6634, -79.351,  , ,  , 
1543.6847, -47.782, 1543.6847, -46.677, 1543.6847, -48.553, 1543.6847, -47.906, 1543.6847,-210.000,  , ,  , 
1543.7059, -47.771, 1543.7059, -46.657, 1543.7059, -48.550, 1543.7059, -47.908, 1543.7059, -75.674,  , ,  , 
1543.7272, -47.736, 1543.7272, -46.630, 1543.7272, -48.506, 1543.7272, -47.880, 1543.7272,-210.000,  , ,  , 
1543.7484, -47.722, 1543.7484, -46.594, 1543.7484, -48.487, 1543.7484, -47.871, 1543.7484,-210.000,  , ,  , 
1543.7697, -47.708, 1543.7697, -46.564, 1543.7697, -48.463, 1543.7697, -47.848, 1543.7697,-210.000,  , ,  , 
1543.7909, -47.679, 1543.7909, -46.538, 1543.7909, -48.435, 1543.7909, -47.824, 1543.7909, -75.191,  , ,  , 
1543.8122, -47.649, 1543.8122, -46.508, 1543.8122, -48.407, 1543.8122, -47.821, 1543.8122,-210.000,  , ,  , 
1543.8335, -47.631, 1543.8335, -46.459, 1543.8335, -48.412, 1543.8335, -47.803, 1543.8335, -76.163,  , ,  , 
1543.8547, -47.605, 1543.8547, -46.435, 1543.8547, -48.352, 1543.8547, -47.780, 1543.8547,-210.000,  , ,  , 
1543.8760, -47.575, 1543.8760, -46.401, 1543.8760, -48.325, 1543.8760, -47.746, 1543.8760, -82.477,  , ,  , 
1543.8972, -47.561, 1543.8972, -46.374, 1543.8972, -48.304, 1543.8972, -47.740, 1543.8972, -83.478,  , ,  , 
1543.9185, -47.533, 1543.9185, -46.338, 1543.9185, -48.277, 1543.9185, -47.711, 1543.9185,-210.000,  , ,  , 
1543.9397, -47.491, 1543.9397, -46.312, 1543.9397, -48.253, 1543.9397, -47.706, 1543.9397, -79.402,  , ,  , 
1543.9610, -47.495, 1543.9610, -46.277, 1543.9610, -48.227, 1543.9610, -47.665, 1543.9610, -71.549,  , ,  , 
1543.9822, -47.460, 1543.9822, -46.237, 1543.9822, -48.193, 1543.9822, -47.652, 1543.9822, -86.872,  , ,  , 
1544.0035, -47.438, 1544.0035, -46.202, 1544.0035, -48.174, 1544.0035, -47.639, 1544.0035, -78.882,  , ,  , 
1544.0248, -47.398, 1544.0248, -46.183, 1544.0248, -48.138, 1544.0248, -47.606, 1544.0248, -80.968,  , ,  , 
1544.0460, -47.395, 1544.0460, -46.152, 1544.0460, -48.132, 1544.0460, -47.603, 1544.0460, -85.637,  , ,  , 
1544.0673, -47.365, 1544.0673, -46.118, 1544.0673, -48.098, 1544.0673, -47.584, 1544.0673,-210.000,  , ,  , 
1544.0885, -47.336, 1544.0885, -46.091, 1544.0885, -48.081, 1544.0885, -47.561, 1544.0885, -73.376,  , ,  , 
1544.1098, -47.307, 1544.1098, -46.066, 1544.1098, -48.042, 1544.1098, -47.549, 1544.1098, -76.573,  , ,  , 
1544.1310, -47.287, 1544.1310, -46.038, 1544.1310, -48.034, 1544.1310, -47.544, 1544.1310, -99.924,  , ,  , 
1544.1523, -47.256, 1544.1523, -46.005, 1544.1523, -48.016, 1544.1523, -47.516, 1544.1523, -76.761,  , ,  , 
1544.1735, -47.217, 1544.1735, -45.979, 1544.1735, -47.986, 1544.1735, -47.494, 1544.1735,-210.000,  , ,  , 
1544.1948, -47.200, 1544.1948, -45.948, 1544.1948, -47.962, 1544.1948, -47.492, 1544.1948, -84.075,  , ,  , 
1544.2161, -47.184, 1544.2161, -45.924, 1544.2161, -47.956, 1544.2161, -47.469, 1544.2161,-210.000,  , ,  , 
1544.2373, -47.143, 1544.2373, -45.904, 1544.2373, -47.932, 1544.2373, -47.443, 1544.2373,-210.000,  , ,  , 
1544.2586, -47.126, 1544.2586, -45.869, 1544.2586, -47.894, 1544.2586, -47.443, 1544.2586,-210.000,  , ,  , 
1544.2798, -47.101, 1544.2798, -45.859, 1544.2798, -47.893, 1544.2798, -47.428, 1544.2798, -79.752,  , ,  , 
1544.3011, -47.064, 1544.3011, -45.818, 1544.3011, -47.874, 1544.3011, -47.416, 1544.3011,-210.000,  , ,  , 
1544.3223, -47.035, 1544.3223, -45.798, 1544.3223, -47.851, 1544.3223, -47.400, 1544.3223,-210.000,  , ,  , 
1544.3436, -47.018, 1544.3436, -45.779, 1544.3436, -47.836, 1544.3436, -47.383, 1544.3436,-210.000,  , ,  , 
1544.3648, -46.984, 1544.3648, -45.743, 1544.3648, -47.809, 1544.3648, -47.370, 1544.3648, -76.913,  , ,  , 
1544.3861, -46.945, 1544.3861, -45.717, 1544.3861, -47.787, 1544.3861, -47.346, 1544.3861, -86.726,  , ,  , 
1544.4074, -46.913, 1544.4074, -45.688, 1544.4074, -47.767, 1544.4074, -47.330, 1544.4074, -81.135,  , ,  , 
1544.4286, -46.893, 1544.4286, -45.661, 1544.4286, -47.742, 1544.4286, -47.315, 1544.4286, -79.184,  , ,  , 
1544.4499, -46.862, 1544.4499, -45.640, 1544.4499, -47.748, 1544.4499, -47.303, 1544.4499,-210.000,  , ,  , 
1544.4711, -46.822, 1544.4711, -45.613, 1544.4711, -47.715, 1544.4711, -47.284, 1544.4711, -76.797,  , ,  , 
1544.4924, -46.796, 1544.4924, -45.591, 1544.4924, -47.695, 1544.4924, -47.259, 1544.4924, -73.616,  , ,  , 
1544.5136, -46.768, 1544.5136, -45.561, 1544.5136, -47.686, 1544.5136, -47.257, 1544.5136,-210.000,  , ,  , 
1544.5349, -46.729, 1544.5349, -45.529, 1544.5349, -47.661, 1544.5349, -47.245, 1544.5349,-210.000,  , ,  , 
1544.5561, -46.699, 1544.5561, -45.505, 1544.5561, -47.643, 1544.5561, -47.226, 1544.5561,-210.000,  , ,  , 
1544.5774, -46.679, 1544.5774, -45.481, 1544.5774, -47.624, 1544.5774, -47.196, 1544.5774, -83.051,  , ,  , 
1544.5986, -46.642, 1544.5986, -45.452, 1544.5986, -47.608, 1544.5986, -47.186, 1544.5986, -75.012,  , ,  , 
1544.6199, -46.605, 1544.6199, -45.429, 1544.6199, -47.587, 1544.6199, -47.164, 1544.6199,-210.000,  , ,  , 
1544.6412, -46.568, 1544.6412, -45.405, 1544.6412, -47.565, 1544.6412, -47.138, 1544.6412, -83.458,  , ,  , 
1544.6624, -46.535, 1544.6624, -45.380, 1544.6624, -47.539, 1544.6624, -47.126, 1544.6624, -73.442,  , ,  , 
1544.6837, -46.496, 1544.6837, -45.349, 1544.6837, -47.541, 1544.6837, -47.107, 1544.6837,-210.000,  , ,  , 
1544.7049, -46.462, 1544.7049, -45.326, 1544.7049, -47.517, 1544.7049, -47.100, 1544.7049,-210.000,  , ,  , 
1544.7262, -46.433, 1544.7262, -45.300, 1544.7262, -47.488, 1544.7262, -47.078, 1544.7262, -73.762,  , ,  , 
1544.7474, -46.405, 1544.7474, -45.282, 1544.7474, -47.476, 1544.7474, -47.057, 1544.7474,-210.000,  , ,  , 
1544.7687, -46.373, 1544.7687, -45.261, 1544.7687, -47.464, 1544.7687, -47.039, 1544.7687,-210.000,  , ,  , 
1544.7899, -46.328, 1544.7899, -45.237, 1544.7899, -47.443, 1544.7899, -47.018, 1544.7899, -83.442,  , ,  , 
1544.8112, -46.295, 1544.8112, -45.209, 1544.8112, -47.429, 1544.8112, -47.007, 1544.8112,-210.000,  , ,  , 
1544.8325, -46.261, 1544.8325, -45.182, 1544.8325, -47.412, 1544.8325, -46.979, 1544.8325,-210.000,  , ,  , 
1544.8537, -46.227, 1544.8537, -45.155, 1544.8537, -47.381, 1544.8537, -46.965, 1544.8537,-210.000,  , ,  , 
1544.8750, -46.204, 1544.8750, -45.143, 1544.8750, -47.382, 1544.8750, -46.939, 1544.8750,-210.000,  , ,  , 
1544.8962, -46.172, 1544.8962, -45.124, 1544.8962, -47.364, 1544.8962, -46.927, 1544.8962,-210.000,  , ,  , 
1544.9175, -46.135, 1544.9175, -45.105, 1544.9175, -47.353, 1544.9175, -46.916, 1544.9175, -90.794,  , ,  , 
1544.9387, -46.118, 1544.9387, -45.089, 1544.9387, -47.347, 1544.9387, -46.890, 1544.9387,-210.000,  , ,  , 
1544.9600, -46.084, 1544.9600, -45.062, 1544.9600, -47.314, 1544.9600, -46.878, 1544.9600, -79.227,  , ,  , 
1544.9812, -46.064, 1544.9812, -45.054, 1544.9812, -47.311, 1544.9812, -46.853, 1544.9812,-210.000,  , ,  , 
1545.0025, -46.017, 1545.0025, -45.039, 1545.0025, -47.316, 1545.0025, -46.843, 1545.0025, -74.626,  , ,  , 
1545.0238, -45.991, 1545.0238, -45.012, 1545.0238, -47.292, 1545.0238, -46.829, 1545.0238, -75.185,  , ,  , 
1545.0450, -45.960, 1545.0450, -44.998, 1545.0450, -47.282, 1545.0450, -46.814, 1545.0450, -78.999,  , ,  , 
1545.0663, -45.934, 1545.0663, -44.984, 1545.0663, -47.269, 1545.0663, -46.792, 1545.0663, -78.491,  , ,  , 
1545.0875, -45.905, 1545.0875, -44.960, 1545.0875, -47.266, 1545.0875, -46.791, 1545.0875,-210.000,  , ,  , 
1545.1088, -45.874, 1545.1088, -44.954, 1545.1088, -47.251, 1545.1088, -46.754, 1545.1088, -72.316,  , ,  , 
1545.1300, -45.840, 1545.1300, -44.930, 1545.1300, -47.242, 1545.1300, -46.757, 1545.1300,-210.000,  , ,  , 
1545.1513, -45.816, 1545.1513, -44.911, 1545.1513, -47.247, 1545.1513, -46.734, 1545.1513, -76.368,  , ,  , 
1545.1725, -45.780, 1545.1725, -44.898, 1545.1725, -47.228, 1545.1725, -46.720, 1545.1725,-210.000,  , ,  , 
1545.1938, -45.752, 1545.1938, -44.877, 1545.1938, -47.214, 1545.1938, -46.710, 1545.1938, -75.092,  , ,  , 
1545.2151, -45.719, 1545.2151, -44.864, 1545.2151, -47.203, 1545.2151, -46.688, 1545.2151,-210.000,  , ,  , 
1545.2363, -45.683, 1545.2363, -44.833, 1545.2363, -47.192, 1545.2363, -46.660, 1545.2363,-210.000,  , ,  , 
1545.2576, -45.642, 1545.2576, -44.825, 1545.2576, -47.174, 1545.2576, -46.628, 1545.2576,-210.000,  , ,  , 
1545.2788, -45.607, 1545.2788, -44.792, 1545.2788, -47.158, 1545.2788, -46.616, 1545.2788,-210.000,  , ,  , 
1545.3001, -45.583, 1545.3001, -44.776, 1545.3001, -47.157, 1545.3001, -46.595, 1545.3001,-210.000,  , ,  , 
1545.3213, -45.543, 1545.3213, -44.756, 1545.3213, -47.127, 1545.3213, -46.560, 1545.3213,-210.000,  , ,  , 
1545.3426, -45.514, 1545.3426, -44.739, 1545.3426, -47.100, 1545.3426, -46.548, 1545.3426,-210.000,  , ,  , 
1545.3638, -45.481, 1545.3638, -44.725, 1545.3638, -47.098, 1545.3638, -46.522, 1545.3638, -76.530,  , ,  , 
1545.3851, -45.452, 1545.3851, -44.703, 1545.3851, -47.090, 1545.3851, -46.498, 1545.3851, -90.153,  , ,  , 
1545.4064, -45.428, 1545.4064, -44.691, 1545.4064, -47.060, 1545.4064, -46.467, 1545.4064,-210.000,  , ,  , 
1545.4276, -45.385, 1545.4276, -44.679, 1545.4276, -47.060, 1545.4276, -46.447, 1545.4276, -71.343,  , ,  , 
1545.4489, -45.369, 1545.4489, -44.661, 1545.4489, -47.037, 1545.4489, -46.435, 1545.4489,-210.000,  , ,  , 
1545.4701, -45.328, 1545.4701, -44.645, 1545.4701, -47.025, 1545.4701, -46.396, 1545.4701,-210.000,  , ,  , 
1545.4914, -45.302, 1545.4914, -44.632, 1545.4914, -47.015, 1545.4914, -46.375, 1545.4914,-210.000,  , ,  , 
1545.5126, -45.271, 1545.5126, -44.614, 1545.5126, -46.998, 1545.5126, -46.352, 1545.5126,-210.000,  , ,  , 
1545.5339, -45.249, 1545.5339, -44.605, 1545.5339, -46.993, 1545.5339, -46.328, 1545.5339, -75.496,  , ,  , 
1545.5551, -45.215, 1545.5551, -44.597, 1545.5551, -46.985, 1545.5551, -46.295, 1545.5551,-210.000,  , ,  , 
1545.5764, -45.185, 1545.5764, -44.578, 1545.5764, -46.967, 1545.5764, -46.270, 1545.5764, -73.747,  , ,  , 
1545.5976, -45.161, 1545.5976, -44.570, 1545.5976, -46.962, 1545.5976, -46.257, 1545.5976, -80.293,  , ,  , 
1545.6189, -45.138, 1545.6189, -44.555, 1545.6189, -46.958, 1545.6189, -46.227, 1545.6189, -75.893,  , ,  , 
1545.6402, -45.111, 1545.6402, -44.541, 1545.6402, -46.936, 1545.6402, -46.211, 1545.6402, -75.561,  , ,  , 
1545.6614, -45.080, 1545.6614, -44.537, 1545.6614, -46.921, 1545.6614, -46.180, 1545.6614,-210.000,  , ,  , 
1545.6827, -45.061, 1545.6827, -44.514, 1545.6827, -46.921, 1545.6827, -46.162, 1545.6827,-210.000,  , ,  , 
1545.7039, -45.027, 1545.7039, -44.502, 1545.7039, -46.900, 1545.7039, -46.125, 1545.7039, -77.457,  , ,  , 
1545.7252, -44.993, 1545.7252, -44.497, 1545.7252, -46.884, 1545.7252, -46.103, 1545.7252,-210.000,  , ,  , 
1545.7464, -44.968, 1545.7464, -44.472, 1545.7464, -46.875, 1545.7464, -46.074, 1545.7464, -74.659,  , ,  , 
1545.7677, -44.945, 1545.7677, -44.459, 1545.7677, -46.868, 1545.7677, -46.056, 1545.7677,-210.000,  , ,  , 
1545.7889, -44.913, 1545.7889, -44.450, 1545.7889, -46.843, 1545.7889, -46.026, 1545.7889,-210.000,  , ,  , 
1545.8102, -44.895, 1545.8102, -44.444, 1545.8102, -46.841, 1545.8102, -45.997, 1545.8102,-210.000,  , ,  , 
1545.8315, -44.878, 1545.8315, -44.429, 1545.8315, -46.819, 1545.8315, -45.974, 1545.8315,-210.000,  , ,  , 
1545.8527, -44.841, 1545.8527, -44.421, 1545.8527, -46.803, 1545.8527, -45.948, 1545.8527,-210.000,  , ,  , 
1545.8740, -44.817, 1545.8740, -44.410, 1545.8740, -46.803, 1545.8740, -45.910, 1545.8740, -75.824,  , ,  , 
1545.8952, -44.789, 1545.8952, -44.398, 1545.8952, -46.783, 1545.8952, -45.890, 1545.8952,-210.000,  , ,  , 
1545.9165, -44.766, 1545.9165, -44.385, 1545.9165, -46.767, 1545.9165, -45.862, 1545.9165,-210.000,  , ,  , 
1545.9377, -44.736, 1545.9377, -44.371, 1545.9377, -46.762, 1545.9377, -45.826, 1545.9377,-210.000,  , ,  , 
1545.9590, -44.710, 1545.9590, -44.356, 1545.9590, -46.729, 1545.9590, -45.804, 1545.9590,-210.000,  , ,  , 
1545.9802, -44.692, 1545.9802, -44.354, 1545.9802, -46.724, 1545.9802, -45.777, 1545.9802,-210.000,  , ,  , 
1546.0015, -44.670, 1546.0015, -44.335, 1546.0015, -46.712, 1546.0015, -45.746, 1546.0015,-210.000,  , ,  , 
1546.0228, -44.635, 1546.0228, -44.334, 1546.0228, -46.694, 1546.0228, -45.721, 1546.0228, -72.612,  , ,  , 
1546.0440, -44.618, 1546.0440, -44.330, 1546.0440, -46.689, 1546.0440, -45.685, 1546.0440, -77.660,  , ,  , 
1546.0653, -44.605, 1546.0653, -44.308, 1546.0653, -46.673, 1546.0653, -45.659, 1546.0653, -73.921,  , ,  , 
1546.0865, -44.574, 1546.0865, -44.303, 1546.0865, -46.657, 1546.0865, -45.633, 1546.0865,-210.000,  , ,  , 
1546.1078, -44.549, 1546.1078, -44.297, 1546.1078, -46.645, 1546.1078, -45.599, 1546.1078, -90.655,  , ,  , 
1546.1290, -44.534, 1546.1290, -44.289, 1546.1290, -46.632, 1546.1290, -45.577, 1546.1290,-210.000,  , ,  , 
1546.1503, -44.512, 1546.1503, -44.278, 1546.1503, -46.614, 1546.1503, -45.544, 1546.1503, -75.152,  , ,  , 
1546.1715, -44.481, 1546.1715, -44.265, 1546.1715, -46.609, 1546.1715, -45.512, 1546.1715, -82.278,  , ,  , 
1546.1928, -44.465, 1546.1928, -44.261, 1546.1928, -46.580, 1546.1928, -45.476, 1546.1928, -78.730,  , ,  , 
1546.2141, -44.445, 1546.2141, -44.247, 1546.2141, -46.575, 1546.2141, -45.452, 1546.2141,-210.000,  , ,  , 
1546.2353, -44.433, 1546.2353, -44.248, 1546.2353, -46.562, 1546.2353, -45.427, 1546.2353, -84.268,  , ,  , 
1546.2566, -44.410, 1546.2566, -44.245, 1546.2566, -46.555, 1546.2566, -45.399, 1546.2566,-210.000,  , ,  , 
1546.2778, -44.398, 1546.2778, -44.234, 1546.2778, -46.543, 1546.2778, -45.374, 1546.2778, -72.702,  , ,  , 
1546.2991, -44.379, 1546.2991, -44.233, 1546.2991, -46.525, 1546.2991, -45.355, 1546.2991, -82.171,  , ,  , 
1546.3203, -44.361, 1546.3203, -44.229, 1546.3203, -46.516, 1546.3203, -45.317, 1546.3203, -81.020,  , ,  , 
1546.3416, -44.353, 1546.3416, -44.228, 1546.3416, -46.498, 1546.3416, -45.285, 1546.3416,-210.000,  , ,  , 
1546.3628, -44.335, 1546.3628, -44.224, 1546.3628, -46.493, 1546.3628, -45.257, 1546.3628, -77.524,  , ,  , 
1546.3841, -44.311, 1546.3841, -44.219, 1546.3841, -46.474, 1546.3841, -45.227, 1546.3841,-210.000,  , ,  , 
1546.4054, -44.301, 1546.4054, -44.206, 1546.4054, -46.466, 1546.4054, -45.200, 1546.4054, -76.546,  , ,  , 
1546.4266, -44.282, 1546.4266, -44.214, 1546.4266, -46.446, 1546.4266, -45.175, 1546.4266,-210.000,  , ,  , 
1546.4479, -44.274, 1546.4479, -44.202, 1546.4479, -46.431, 1546.4479, -45.151, 1546.4479, -87.656,  , ,  , 
1546.4691, -44.248, 1546.4691, -44.206, 1546.4691, -46.419, 1546.4691, -45.112, 1546.4691,-210.000,  , ,  , 
1546.4904, -44.243, 1546.4904, -44.199, 1546.4904, -46.417, 1546.4904, -45.089, 1546.4904,-210.000,  , ,  , 
1546.5116, -44.226, 1546.5116, -44.206, 1546.5116, -46.399, 1546.5116, -45.059, 1546.5116, -75.675,  , ,  , 
1546.5329, -44.214, 1546.5329, -44.197, 1546.5329, -46.392, 1546.5329, -45.043, 1546.5329,-210.000,  , ,  , 
1546.5541, -44.198, 1546.5541, -44.188, 1546.5541, -46.375, 1546.5541, -45.007, 1546.5541,-210.000,  , ,  , 
1546.5754, -44.183, 1546.5754, -44.193, 1546.5754, -46.357, 1546.5754, -44.978, 1546.5754, -83.739,  , ,  , 
1546.5966, -44.163, 1546.5966, -44.179, 1546.5966, -46.343, 1546.5966, -44.949, 1546.5966,-210.000,  , ,  , 
1546.6179, -44.139, 1546.6179, -44.175, 1546.6179, -46.329, 1546.6179, -44.924, 1546.6179,-210.000,  , ,  , 
1546.6392, -44.134, 1546.6392, -44.174, 1546.6392, -46.315, 1546.6392, -44.881, 1546.6392, -73.816,  , ,  , 
1546.6604, -44.112, 1546.6604, -44.162, 1546.6604, -46.296, 1546.6604, -44.855, 1546.6604, -74.426,  , ,  , 
1546.6817, -44.092, 1546.6817, -44.158, 1546.6817, -46.272, 1546.6817, -44.826, 1546.6817, -75.096,  , ,  , 
1546.7029, -44.082, 1546.7029, -44.152, 1546.7029, -46.262, 1546.7029, -44.795, 1546.7029, -88.475,  , ,  , 
1546.7242, -44.073, 1546.7242, -44.151, 1546.7242, -46.252, 1546.7242, -44.760, 1546.7242,-210.000,  , ,  , 
1546.7454, -44.053, 1546.7454, -44.148, 1546.7454, -46.228, 1546.7454, -44.736, 1546.7454, -75.138,  , ,  , 
1546.7667, -44.046, 1546.7667, -44.142, 1546.7667, -46.213, 1546.7667, -44.709, 1546.7667, -75.681,  , ,  , 
1546.7879, -44.031, 1546.7879, -44.133, 1546.7879, -46.195, 1546.7879, -44.667, 1546.7879, -92.435,  , ,  , 
1546.8092, -44.014, 1546.8092, -44.127, 1546.8092, -46.165, 1546.8092, -44.633, 1546.8092, -75.623,  , ,  , 
1546.8305, -44.005, 1546.8305, -44.120, 1546.8305, -46.153, 1546.8305, -44.599, 1546.8305,-210.000,  , ,  , 
1546.8517, -43.992, 1546.8517, -44.109, 1546.8517, -46.130, 1546.8517, -44.568, 1546.8517, -78.028,  , ,  , 
1546.8730, -43.972, 1546.8730, -44.104, 1546.8730, -46.112, 1546.8730, -44.537, 1546.8730,-210.000,  , ,  , 
1546.8942, -43.961, 1546.8942, -44.106, 1546.8942, -46.095, 1546.8942, -44.505, 1546.8942, -74.540,  , ,  , 
1546.9155, -43.950, 1546.9155, -44.097, 1546.9155, -46.078, 1546.9155, -44.478, 1546.9155,-210.000,  , ,  , 
1546.9367, -43.946, 1546.9367, -44.095, 1546.9367, -46.049, 1546.9367, -44.440, 1546.9367, -75.908,  , ,  , 
1546.9580, -43.934, 1546.9580, -44.096, 1546.9580, -46.030, 1546.9580, -44.410, 1546.9580, -79.580,  , ,  , 
1546.9792, -43.920, 1546.9792, -44.093, 1546.9792, -46.018, 1546.9792, -44.386, 1546.9792, -78.971,  , ,  , 
1547.0005, -43.915, 1547.0005, -44.091, 1547.0005, -46.000, 1547.0005, -44.346, 1547.0005,-210.000,  , ,  , 
1547.0218, -43.901, 1547.0218, -44.082, 1547.0218, -45.983, 1547.0218, -44.321, 1547.0218,-210.000,  , ,  , 
1547.0430, -43.889, 1547.0430, -44.081, 1547.0430, -45.951, 1547.0430, -44.283, 1547.0430, -78.821,  , ,  , 
1547.0643, -43.873, 1547.0643, -44.077, 1547.0643, -45.927, 1547.0643, -44.256, 1547.0643,-210.000,  , ,  , 
1547.0855, -43.866, 1547.0855, -44.068, 1547.0855, -45.911, 1547.0855, -44.219, 1547.0855, -74.883,  , ,  , 
1547.1068, -43.854, 1547.1068, -44.067, 1547.1068, -45.883, 1547.1068, -44.187, 1547.1068,-210.000,  , ,  , 
1547.1280, -43.844, 1547.1280, -44.061, 1547.1280, -45.868, 1547.1280, -44.156, 1547.1280, -74.324,  , ,  , 
1547.1493, -43.832, 1547.1493, -44.053, 1547.1493, -45.843, 1547.1493, -44.122, 1547.1493,-210.000,  , ,  , 
1547.1705, -43.827, 1547.1705, -44.055, 1547.1705, -45.823, 1547.1705, -44.092, 1547.1705, -77.387,  , ,  , 
1547.1918, -43.814, 1547.1918, -44.048, 1547.1918, -45.798, 1547.1918, -44.067, 1547.1918, -81.081,  , ,  , 
1547.2131, -43.806, 1547.2131, -44.045, 1547.2131, -45.774, 1547.2131, -44.031, 1547.2131, -75.309,  , ,  , 
1547.2343, -43.803, 1547.2343, -44.030, 1547.2343, -45.760, 1547.2343, -43.999, 1547.2343,-210.000,  , ,  , 
1547.2556, -43.788, 1547.2556, -44.031, 1547.2556, -45.727, 1547.2556, -43.961, 1547.2556,-210.000,  , ,  , 
1547.2768, -43.773, 1547.2768, -44.020, 1547.2768, -45.705, 1547.2768, -43.932, 1547.2768, -73.514,  , ,  , 
1547.2981, -43.773, 1547.2981, -44.019, 1547.2981, -45.681, 1547.2981, -43.895, 1547.2981, -84.234,  , ,  , 
1547.3193, -43.754, 1547.3193, -44.012, 1547.3193, -45.659, 1547.3193, -43.859, 1547.3193, -77.692,  , ,  , 
1547.3406, -43.743, 1547.3406, -44.003, 1547.3406, -45.633, 1547.3406, -43.837, 1547.3406, -74.863,  , ,  , 
1547.3618, -43.742, 1547.3618, -44.003, 1547.3618, -45.609, 1547.3618, -43.800, 1547.3618,-210.000,  , ,  , 
1547.3831, -43.733, 1547.3831, -43.991, 1547.3831, -45.580, 1547.3831, -43.773, 1547.3831, -77.611,  , ,  , 
1547.4044, -43.726, 1547.4044, -43.990, 1547.4044, -45.558, 1547.4044, -43.737, 1547.4044, -81.879,  , ,  , 
1547.4256, -43.716, 1547.4256, -43.982, 1547.4256, -45.525, 1547.4256, -43.708, 1547.4256, -81.516,  , ,  , 
1547.4469, -43.708, 1547.4469, -43.975, 1547.4469, -45.508, 1547.4469, -43.677, 1547.4469, -77.228,  , ,  , 
1547.4681, -43.703, 1547.4681, -43.973, 1547.4681, -45.490, 1547.4681, -43.643, 1547.4681,-210.000,  , ,  , 
1547.4894, -43.690, 1547.4894, -43.961, 1547.4894, -45.452, 1547.4894, -43.613, 1547.4894, -76.244,  , ,  , 
1547.5106, -43.683, 1547.5106, -43.955, 1547.5106, -45.428, 1547.5106, -43.584, 1547.5106, -98.801,  , ,  , 
1547.5319, -43.677, 1547.5319, -43.948, 1547.5319, -45.402, 1547.5319, -43.553, 1547.5319, -80.169,  , ,  , 
1547.5531, -43.672, 1547.5531, -43.948, 1547.5531, -45.377, 1547.5531, -43.524, 1547.5531,-210.000,  , ,  , 
1547.5744, -43.663, 1547.5744, -43.946, 1547.5744, -45.353, 1547.5744, -43.501, 1547.5744, -74.025,  , ,  , 
1547.5956, -43.663, 1547.5956, -43.939, 1547.5956, -45.325, 1547.5956, -43.465, 1547.5956, -87.486,  , ,  , 
1547.6169, -43.660, 1547.6169, -43.935, 1547.6169, -45.311, 1547.6169, -43.443, 1547.6169,-210.000,  , ,  , 
1547.6382, -43.655, 1547.6382, -43.926, 1547.6382, -45.284, 1547.6382, -43.407, 1547.6382, -78.538,  , ,  , 
1547.6594, -43.648, 1547.6594, -43.927, 1547.6594, -45.255, 1547.6594, -43.388, 1547.6594,-210.000,  , ,  , 
1547.6807, -43.643, 1547.6807, -43.926, 1547.6807, -45.233, 1547.6807, -43.359, 1547.6807, -76.550,  , ,  , 
1547.7019, -43.640, 1547.7019, -43.912, 1547.7019, -45.205, 1547.7019, -43.325, 1547.7019,-210.000,  , ,  , 
1547.7232, -43.634, 1547.7232, -43.910, 1547.7232, -45.182, 1547.7232, -43.297, 1547.7232, -73.442,  , ,  , 
1547.7444, -43.635, 1547.7444, -43.909, 1547.7444, -45.158, 1547.7444, -43.271, 1547.7444,-210.000,  , ,  , 
1547.7657, -43.630, 1547.7657, -43.903, 1547.7657, -45.131, 1547.7657, -43.247, 1547.7657,-210.000,  , ,  , 
1547.7869, -43.626, 1547.7869, -43.896, 1547.7869, -45.106, 1547.7869, -43.219, 1547.7869, -72.061,  , ,  , 
1547.8082, -43.620, 1547.8082, -43.896, 1547.8082, -45.085, 1547.8082, -43.195, 1547.8082, -72.100,  , ,  , 
1547.8295, -43.628, 1547.8295, -43.889, 1547.8295, -45.052, 1547.8295, -43.172, 1547.8295, -78.650,  , ,  , 
1547.8507, -43.619, 1547.8507, -43.876, 1547.8507, -45.042, 1547.8507, -43.146, 1547.8507,-210.000,  , ,  , 
1547.8720, -43.618, 1547.8720, -43.876, 1547.8720, -45.009, 1547.8720, -43.118, 1547.8720, -76.658,  , ,  , 
1547.8932, -43.615, 1547.8932, -43.871, 1547.8932, -44.982, 1547.8932, -43.096, 1547.8932, -81.770,  , ,  , 
1547.9145, -43.615, 1547.9145, -43.868, 1547.9145, -44.957, 1547.9145, -43.069, 1547.9145,-210.000,  , ,  , 
1547.9357, -43.604, 1547.9357, -43.856, 1547.9357, -44.933, 1547.9357, -43.041, 1547.9357,-210.000,  , ,  , 
1547.9570, -43.598, 1547.9570, -43.844, 1547.9570, -44.900, 1547.9570, -43.014, 1547.9570, -73.654,  , ,  , 
1547.9782, -43.597, 1547.9782, -43.838, 1547.9782, -44.876, 1547.9782, -42.991, 1547.9782,-210.000,  , ,  , 
1547.9995, -43.594, 1547.9995, -43.828, 1547.9995, -44.853, 1547.9995, -42.966, 1547.9995,-210.000,  , ,  , 
1548.0208, -43.587, 1548.0208, -43.812, 1548.0208, -44.819, 1548.0208, -42.936, 1548.0208,-210.000,  , ,  , 
1548.0420, -43.582, 1548.0420, -43.810, 1548.0420, -44.784, 1548.0420, -42.908, 1548.0420,-210.000,  , ,  , 
1548.0633, -43.579, 1548.0633, -43.796, 1548.0633, -44.760, 1548.0633, -42.887, 1548.0633,-210.000,  , ,  , 
1548.0845, -43.566, 1548.0845, -43.790, 1548.0845, -44.745, 1548.0845, -42.861, 1548.0845,-210.000,  , ,  , 
1548.1058, -43.566, 1548.1058, -43.779, 1548.1058, -44.712, 1548.1058, -42.838, 1548.1058, -73.804,  , ,  , 
1548.1270, -43.565, 1548.1270, -43.770, 1548.1270, -44.678, 1548.1270, -42.809, 1548.1270,-210.000,  , ,  , 
1548.1483, -43.561, 1548.1483, -43.753, 1548.1483, -44.647, 1548.1483, -42.781, 1548.1483,-210.000,  , ,  , 
1548.1695, -43.549, 1548.1695, -43.745, 1548.1695, -44.613, 1548.1695, -42.749, 1548.1695,-210.000,  , ,  , 
1548.1908, -43.547, 1548.1908, -43.741, 1548.1908, -44.587, 1548.1908, -42.734, 1548.1908, -78.637,  , ,  , 
1548.2121, -43.543, 1548.2121, -43.721, 1548.2121, -44.555, 1548.2121, -42.706, 1548.2121, -76.685,  , ,  , 
1548.2333, -43.533, 1548.2333, -43.714, 1548.2333, -44.528, 1548.2333, -42.677, 1548.2333,-210.000,  , ,  , 
1548.2546, -43.534, 1548.2546, -43.700, 1548.2546, -44.498, 1548.2546, -42.662, 1548.2546, -75.264,  , ,  , 
1548.2758, -43.530, 1548.2758, -43.691, 1548.2758, -44.469, 1548.2758, -42.629, 1548.2758, -75.030,  , ,  , 
1548.2971, -43.521, 1548.2971, -43.677, 1548.2971, -44.446, 1548.2971, -42.608, 1548.2971,-210.000,  , ,  , 
1548.3183, -43.519, 1548.3183, -43.670, 1548.3183, -44.415, 1548.3183, -42.583, 1548.3183, -76.651,  , ,  , 
1548.3396, -43.518, 1548.3396, -43.659, 1548.3396, -44.388, 1548.3396, -42.563, 1548.3396,-210.000,  , ,  , 
1548.3608, -43.512, 1548.3608, -43.642, 1548.3608, -44.356, 1548.3608, -42.539, 1548.3608, -76.670,  , ,  , 
1548.3821, -43.507, 1548.3821, -43.633, 1548.3821, -44.326, 1548.3821, -42.514, 1548.3821,-210.000,  , ,  , 
1548.4034, -43.503, 1548.4034, -43.616, 1548.4034, -44.301, 1548.4034, -42.494, 1548.4034, -78.396,  , ,  , 
1548.4246, -43.498, 1548.4246, -43.608, 1548.4246, -44.273, 1548.4246, -42.473, 1548.4246, -72.380,  , ,  , 
1548.4459, -43.495, 1548.4459, -43.595, 1548.4459, -44.237, 1548.4459, -42.453, 1548.4459, -80.163,  , ,  , 
1548.4671, -43.486, 1548.4671, -43.573, 1548.4671, -44.212, 1548.4671, -42.428, 1548.4671,-210.000,  , ,  , 
1548.4884, -43.485, 1548.4884, -43.562, 1548.4884, -44.189, 1548.4884, -42.403, 1548.4884, -78.709,  , ,  , 
1548.5096, -43.477, 1548.5096, -43.551, 1548.5096, -44.145, 1548.5096, -42.378, 1548.5096, -79.998,  , ,  , 
1548.5309, -43.473, 1548.5309, -43.537, 1548.5309, -44.121, 1548.5309, -42.363, 1548.5309,-210.000,  , ,  , 
1548.5521, -43.463, 1548.5521, -43.518, 1548.5521, -44.094, 1548.5521, -42.338, 1548.5521,-210.000,  , ,  , 
1548.5734, -43.458, 1548.5734, -43.503, 1548.5734, -44.060, 1548.5734, -42.315, 1548.5734, -75.220,  , ,  , 
1548.5946, -43.455, 1548.5946, -43.495, 1548.5946, -44.037, 1548.5946, -42.298, 1548.5946,-210.000,  , ,  , 
1548.6159, -43.444, 1548.6159, -43.471, 1548.6159, -44.007, 1548.6159, -42.269, 1548.6159,-210.000,  , ,  , 
1548.6372, -43.443, 1548.6372, -43.457, 1548.6372, -43.972, 1548.6372, -42.249, 1548.6372,-210.000,  , ,  , 
1548.6584, -43.437, 1548.6584, -43.444, 1548.6584, -43.937, 1548.6584, -42.228, 1548.6584, -75.514,  , ,  , 
1548.6797, -43.430, 1548.6797, -43.422, 1548.6797, -43.918, 1548.6797, -42.207, 1548.6797,-210.000,  , ,  , 
1548.7009, -43.420, 1548.7009, -43.406, 1548.7009, -43.883, 1548.7009, -42.186, 1548.7009,-210.000,  , ,  , 
1548.7222, -43.415, 1548.7222, -43.394, 1548.7222, -43.853, 1548.7222, -42.165, 1548.7222, -78.604,  , ,  , 
1548.7434, -43.411, 1548.7434, -43.377, 1548.7434, -43.820, 1548.7434, -42.145, 1548.7434, -74.118,  , ,  , 
1548.7647, -43.402, 1548.7647, -43.364, 1548.7647, -43.790, 1548.7647, -42.122, 1548.7647,-210.000,  , ,  , 
1548.7859, -43.397, 1548.7859, -43.337, 1548.7859, -43.765, 1548.7859, -42.101, 1548.7859, -79.705,  , ,  , 
1548.8072, -43.388, 1548.8072, -43.323, 1548.8072, -43.735, 1548.8072, -42.085, 1548.8072, -83.928,  , ,  , 
1548.8285, -43.383, 1548.8285, -43.305, 1548.8285, -43.707, 1548.8285, -42.068, 1548.8285, -84.295,  , ,  , 
1548.8497, -43.375, 1548.8497, -43.287, 1548.8497, -43.674, 1548.8497, -42.044, 1548.8497, -74.085,  , ,  , 
1548.8710, -43.359, 1548.8710, -43.272, 1548.8710, -43.645, 1548.8710, -42.027, 1548.8710, -77.978,  , ,  , 
1548.8922, -43.358, 1548.8922, -43.250, 1548.8922, -43.614, 1548.8922, -42.008, 1548.8922, -72.517,  , ,  , 
1548.9135, -43.356, 1548.9135, -43.228, 1548.9135, -43.593, 1548.9135, -41.991, 1548.9135, -83.372,  , ,  , 
1548.9347, -43.349, 1548.9347, -43.218, 1548.9347, -43.564, 1548.9347, -41.976, 1548.9347,-210.000,  , ,  , 
1548.9560, -43.336, 1548.9560, -43.193, 1548.9560, -43.531, 1548.9560, -41.952, 1548.9560, -75.834,  , ,  , 
1548.9772, -43.334, 1548.9772, -43.181, 1548.9772, -43.505, 1548.9772, -41.938, 1548.9772, -75.243,  , ,  , 
1548.9985, -43.326, 1548.9985, -43.159, 1548.9985, -43.481, 1548.9985, -41.922, 1548.9985,-210.000,  , ,  , 
1549.0198, -43.322, 1549.0198, -43.142, 1549.0198, -43.453, 1549.0198, -41.909, 1549.0198, -76.735,  , ,  , 
1549.0410, -43.316, 1549.0410, -43.127, 1549.0410, -43.428, 1549.0410, -41.894, 1549.0410, -81.102,  , ,  , 
1549.0623, -43.302, 1549.0623, -43.108, 1549.0623, -43.397, 1549.0623, -41.875, 1549.0623, -82.099,  , ,  , 
1549.0835, -43.300, 1549.0835, -43.088, 1549.0835, -43.372, 1549.0835, -41.862, 1549.0835,-210.000,  , ,  , 
1549.1048, -43.288, 1549.1048, -43.069, 1549.1048, -43.348, 1549.1048, -41.846, 1549.1048, -79.093,  , ,  , 
1549.1260, -43.289, 1549.1260, -43.048, 1549.1260, -43.314, 1549.1260, -41.828, 1549.1260, -78.163,  , ,  , 
1549.1473, -43.278, 1549.1473, -43.035, 1549.1473, -43.293, 1549.1473, -41.820, 1549.1473,-210.000,  , ,  , 
1549.1685, -43.269, 1549.1685, -43.013, 1549.1685, -43.268, 1549.1685, -41.810, 1549.1685,-210.000,  , ,  , 
1549.1898, -43.262, 1549.1898, -43.002, 1549.1898, -43.237, 1549.1898, -41.793, 1549.1898, -81.278,  , ,  , 
1549.2111, -43.258, 1549.2111, -42.972, 1549.2111, -43.219, 1549.2111, -41.780, 1549.2111, -75.979,  , ,  , 
1549.2323, -43.246, 1549.2323, -42.954, 1549.2323, -43.189, 1549.2323, -41.767, 1549.2323,-210.000,  , ,  , 
1549.2536, -43.237, 1549.2536, -42.945, 1549.2536, -43.167, 1549.2536, -41.754, 1549.2536,-210.000,  , ,  , 
1549.2748, -43.233, 1549.2748, -42.917, 1549.2748, -43.142, 1549.2748, -41.747, 1549.2748, -75.885,  , ,  , 
1549.2961, -43.222, 1549.2961, -42.900, 1549.2961, -43.114, 1549.2961, -41.730, 1549.2961,-210.000,  , ,  , 
1549.3173, -43.213, 1549.3173, -42.883, 1549.3173, -43.095, 1549.3173, -41.718, 1549.3173, -77.057,  , ,  , 
1549.3386, -43.205, 1549.3386, -42.863, 1549.3386, -43.067, 1549.3386, -41.712, 1549.3386,-210.000,  , ,  , 
1549.3598, -43.190, 1549.3598, -42.839, 1549.3598, -43.038, 1549.3598, -41.690, 1549.3598, -76.642,  , ,  , 
1549.3811, -43.180, 1549.3811, -42.819, 1549.3811, -43.013, 1549.3811, -41.686, 1549.3811, -78.237,  , ,  , 
1549.4024, -43.171, 1549.4024, -42.795, 1549.4024, -42.992, 1549.4024, -41.673, 1549.4024, -77.079,  , ,  , 
1549.4236, -43.161, 1549.4236, -42.780, 1549.4236, -42.968, 1549.4236, -41.662, 1549.4236, -77.193,  , ,  , 
1549.4449, -43.149, 1549.4449, -42.760, 1549.4449, -42.943, 1549.4449, -41.655, 1549.4449, -86.832,  , ,  , 
1549.4661, -43.142, 1549.4661, -42.732, 1549.4661, -42.919, 1549.4661, -41.642, 1549.4661, -72.802,  , ,  , 
1549.4874, -43.128, 1549.4874, -42.714, 1549.4874, -42.895, 1549.4874, -41.630, 1549.4874, -77.297,  , ,  , 
1549.5086, -43.108, 1549.5086, -42.688, 1549.5086, -42.861, 1549.5086, -41.623, 1549.5086,-210.000,  , ,  , 
1549.5299, -43.105, 1549.5299, -42.665, 1549.5299, -42.842, 1549.5299, -41.611, 1549.5299,-210.000,  , ,  , 
1549.5511, -43.094, 1549.5511, -42.639, 1549.5511, -42.817, 1549.5511, -41.599, 1549.5511, -88.174,  , ,  , 
1549.5724, -43.076, 1549.5724, -42.614, 1549.5724, -42.795, 1549.5724, -41.587, 1549.5724, -75.400,  , ,  , 
1549.5936, -43.066, 1549.5936, -42.600, 1549.5936, -42.768, 1549.5936, -41.577, 1549.5936, -81.790,  , ,  , 
1549.6149, -43.052, 1549.6149, -42.576, 1549.6149, -42.744, 1549.6149, -41.570, 1549.6149,-210.000,  , ,  , 
1549.6362, -43.040, 1549.6362, -42.550, 1549.6362, -42.721, 1549.6362, -41.562, 1549.6362, -79.589,  , ,  , 
1549.6574, -43.025, 1549.6574, -42.527, 1549.6574, -42.694, 1549.6574, -41.554, 1549.6574,-210.000,  , ,  , 
1549.6787, -43.015, 1549.6787, -42.508, 1549.6787, -42.673, 1549.6787, -41.544, 1549.6787, -75.530,  , ,  , 
1549.6999, -43.002, 1549.6999, -42.484, 1549.6999, -42.651, 1549.6999, -41.537, 1549.6999,-210.000,  , ,  , 
1549.7212, -42.983, 1549.7212, -42.460, 1549.7212, -42.628, 1549.7212, -41.530, 1549.7212, -76.240,  , ,  , 
1549.7424, -42.973, 1549.7424, -42.445, 1549.7424, -42.603, 1549.7424, -41.523, 1549.7424,-210.000,  , ,  , 
1549.7637, -42.965, 1549.7637, -42.416, 1549.7637, -42.580, 1549.7637, -41.512, 1549.7637,-210.000,  , ,  , 
1549.7849, -42.942, 1549.7849, -42.399, 1549.7849, -42.556, 1549.7849, -41.510, 1549.7849,-210.000,  , ,  , 
1549.8062, -42.930, 1549.8062, -42.375, 1549.8062, -42.536, 1549.8062, -41.498, 1549.8062, -75.780,  , ,  , 
1549.8275, -42.912, 1549.8275, -42.347, 1549.8275, -42.512, 1549.8275, -41.493, 1549.8275, -75.367,  , ,  , 
1549.8487, -42.905, 1549.8487, -42.326, 1549.8487, -42.495, 1549.8487, -41.485, 1549.8487, -78.100,  , ,  , 
1549.8700, -42.884, 1549.8700, -42.306, 1549.8700, -42.472, 1549.8700, -41.482, 1549.8700,-210.000,  , ,  , 
1549.8912, -42.872, 1549.8912, -42.281, 1549.8912, -42.452, 1549.8912, -41.473, 1549.8912, -73.466,  , ,  , 
1549.9125, -42.858, 1549.9125, -42.265, 1549.9125, -42.433, 1549.9125, -41.472, 1549.9125, -81.013,  , ,  , 
1549.9337, -42.839, 1549.9337, -42.235, 1549.9337, -42.411, 1549.9337, -41.465, 1549.9337, -74.621,  , ,  , 
1549.9550, -42.823, 1549.9550, -42.213, 1549.9550, -42.389, 1549.9550, -41.463, 1549.9550, -76.381,  , ,  , 
1549.9762, -42.814, 1549.9762, -42.197, 1549.9762, -42.368, 1549.9762, -41.456, 1549.9762,-210.000,  , ,  , 
1549.9975, -42.797, 1549.9975, -42.166, 1549.9975, -42.348, 1549.9975, -41.447, 1549.9975,-210.000,  , ,  , 
1550.0188, -42.771, 1550.0188, -42.144, 1550.0188, -42.328, 1550.0188, -41.443, 1550.0188,-210.000,  , ,  , 
1550.0400, -42.759, 1550.0400, -42.120, 1550.0400, -42.306, 1550.0400, -41.439, 1550.0400,-210.000,  , ,  , 
1550.0613, -42.744, 1550.0613, -42.101, 1550.0613, -42.284, 1550.0613, -41.435, 1550.0613, -75.308,  , ,  , 
1550.0825, -42.731, 1550.0825, -42.075, 1550.0825, -42.269, 1550.0825, -41.433, 1550.0825,-210.000,  , ,  , 
1550.1038, -42.708, 1550.1038, -42.054, 1550.1038, -42.248, 1550.1038, -41.428, 1550.1038, -91.681,  , ,  , 
1550.1250, -42.689, 1550.1250, -42.031, 1550.1250, -42.222, 1550.1250, -41.425, 1550.1250, -81.670,  , ,  , 
1550.1463, -42.678, 1550.1463, -42.007, 1550.1463, -42.214, 1550.1463, -41.425, 1550.1463,-210.000,  , ,  , 
1550.1675, -42.657, 1550.1675, -41.984, 1550.1675, -42.191, 1550.1675, -41.421, 1550.1675,-210.000,  , ,  , 
1550.1888, -42.641, 1550.1888, -41.969, 1550.1888, -42.176, 1550.1888, -41.419, 1550.1888, -78.882,  , ,  , 
1550.2101, -42.626, 1550.2101, -41.941, 1550.2101, -42.158, 1550.2101, -41.419, 1550.2101,-210.000,  , ,  , 
1550.2313, -42.602, 1550.2313, -41.915, 1550.2313, -42.134, 1550.2313, -41.415, 1550.2313,-210.000,  , ,  , 
1550.2526, -42.585, 1550.2526, -41.894, 1550.2526, -42.114, 1550.2526, -41.415, 1550.2526,-210.000,  , ,  , 
1550.2738, -42.562, 1550.2738, -41.869, 1550.2738, -42.097, 1550.2738, -41.410, 1550.2738,-210.000,  , ,  , 
1550.2951, -42.546, 1550.2951, -41.850, 1550.2951, -42.079, 1550.2951, -41.411, 1550.2951, -75.343,  , ,  , 
1550.3163, -42.531, 1550.3163, -41.825, 1550.3163, -42.061, 1550.3163, -41.409, 1550.3163,-210.000,  , ,  , 
1550.3376, -42.507, 1550.3376, -41.810, 1550.3376, -42.045, 1550.3376, -41.407, 1550.3376, -72.851,  , ,  , 
1550.3588, -42.494, 1550.3588, -41.782, 1550.3588, -42.028, 1550.3588, -41.412, 1550.3588,-210.000,  , ,  , 
1550.3801, -42.478, 1550.3801, -41.764, 1550.3801, -42.020, 1550.3801, -41.414, 1550.3801,-210.000,  , ,  , 
1550.4014, -42.456, 1550.4014, -41.743, 1550.4014, -41.995, 1550.4014, -41.414, 1550.4014, -79.227,  , ,  , 
1550.4226, -42.437, 1550.4226, -41.716, 1550.4226, -41.982, 1550.4226, -41.412, 1550.4226, -73.201,  , ,  , 
1550.4439, -42.420, 1550.4439, -41.696, 1550.4439, -41.965, 1550.4439, -41.412, 1550.4439,-210.000,  , ,  , 
1550.4651, -42.402, 1550.4651, -41.672, 1550.4651, -41.950, 1550.4651, -41.412, 1550.4651, -72.587,  , ,  , 
1550.4864, -42.374, 1550.4864, -41.648, 1550.4864, -41.933, 1550.4864, -41.416, 1550.4864,-210.000,  , ,  , 
1550.5076, -42.358, 1550.5076, -41.631, 1550.5076, -41.917, 1550.5076, -41.414, 1550.5076,-210.000,  , ,  , 
1550.5289, -42.337, 1550.5289, -41.610, 1550.5289, -41.902, 1550.5289, -41.419, 1550.5289,-210.000,  , ,  , 
1550.5501, -42.319, 1550.5501, -41.588, 1550.5501, -41.888, 1550.5501, -41.421, 1550.5501, -74.464,  , ,  , 
1550.5714, -42.306, 1550.5714, -41.571, 1550.5714, -41.877, 1550.5714, -41.426, 1550.5714,-210.000,  , ,  , 
1550.5926, -42.282, 1550.5926, -41.549, 1550.5926, -41.859, 1550.5926, -41.432, 1550.5926, -76.442,  , ,  , 
1550.6139, -42.265, 1550.6139, -41.526, 1550.6139, -41.850, 1550.6139, -41.433, 1550.6139,-210.000,  , ,  , 
1550.6352, -42.240, 1550.6352, -41.508, 1550.6352, -41.838, 1550.6352, -41.438, 1550.6352, -78.117,  , ,  , 
1550.6564, -42.227, 1550.6564, -41.493, 1550.6564, -41.819, 1550.6564, -41.439, 1550.6564, -81.449,  , ,  , 
1550.6777, -42.207, 1550.6777, -41.469, 1550.6777, -41.810, 1550.6777, -41.442, 1550.6777,-210.000,  , ,  , 
1550.6989, -42.180, 1550.6989, -41.452, 1550.6989, -41.794, 1550.6989, -41.445, 1550.6989,-210.000,  , ,  , 
1550.7202, -42.160, 1550.7202, -41.433, 1550.7202, -41.787, 1550.7202, -41.457, 1550.7202,-210.000,  , ,  , 
1550.7414, -42.141, 1550.7414, -41.411, 1550.7414, -41.771, 1550.7414, -41.459, 1550.7414,-210.000,  , ,  , 
1550.7627, -42.121, 1550.7627, -41.388, 1550.7627, -41.758, 1550.7627, -41.464, 1550.7627,-210.000,  , ,  , 
1550.7839, -42.098, 1550.7839, -41.372, 1550.7839, -41.748, 1550.7839, -41.468, 1550.7839,-210.000,  , ,  , 
1550.8052, -42.078, 1550.8052, -41.352, 1550.8052, -41.737, 1550.8052, -41.475, 1550.8052,-210.000,  , ,  , 
1550.8265, -42.061, 1550.8265, -41.332, 1550.8265, -41.726, 1550.8265, -41.483, 1550.8265, -80.527,  , ,  , 
1550.8477, -42.043, 1550.8477, -41.318, 1550.8477, -41.716, 1550.8477, -41.486, 1550.8477, -82.466,  , ,  , 
1550.8690, -42.018, 1550.8690, -41.292, 1550.8690, -41.701, 1550.8690, -41.496, 1550.8690,-210.000,  , ,  , 
1550.8902, -42.000, 1550.8902, -41.276, 1550.8902, -41.691, 1550.8902, -41.500, 1550.8902, -73.443,  , ,  , 
1550.9115, -41.981, 1550.9115, -41.256, 1550.9115, -41.681, 1550.9115, -41.507, 1550.9115, -78.723,  , ,  , 
1550.9327, -41.955, 1550.9327, -41.236, 1550.9327, -41.673, 1550.9327, -41.512, 1550.9327,-210.000,  , ,  , 
1550.9540, -41.935, 1550.9540, -41.222, 1550.9540, -41.661, 1550.9540, -41.519, 1550.9540, -74.701,  , ,  , 
1550.9752, -41.913, 1550.9752, -41.204, 1550.9752, -41.650, 1550.9752, -41.528, 1550.9752,-210.000,  , ,  , 
1550.9965, -41.893, 1550.9965, -41.180, 1550.9965, -41.640, 1550.9965, -41.538, 1550.9965,-210.000,  , ,  , 
1551.0178, -41.875, 1551.0178, -41.164, 1551.0178, -41.635, 1551.0178, -41.547, 1551.0178, -75.610,  , ,  , 
1551.0390, -41.854, 1551.0390, -41.151, 1551.0390, -41.622, 1551.0390, -41.555, 1551.0390, -73.643,  , ,  , 
1551.0603, -41.834, 1551.0603, -41.132, 1551.0603, -41.618, 1551.0603, -41.567, 1551.0603,-210.000,  , ,  , 
1551.0815, -41.810, 1551.0815, -41.113, 1551.0815, -41.610, 1551.0815, -41.573, 1551.0815,-210.000,  , ,  , 
1551.1028, -41.789, 1551.1028, -41.098, 1551.1028, -41.598, 1551.1028, -41.584, 1551.1028, -75.824,  , ,  , 
1551.1240, -41.771, 1551.1240, -41.078, 1551.1240, -41.593, 1551.1240, -41.595, 1551.1240, -76.630,  , ,  , 
1551.1453, -41.747, 1551.1453, -41.057, 1551.1453, -41.583, 1551.1453, -41.604, 1551.1453,-210.000,  , ,  , 
1551.1665, -41.724, 1551.1665, -41.042, 1551.1665, -41.576, 1551.1665, -41.613, 1551.1665,-210.000,  , ,  , 
1551.1878, -41.707, 1551.1878, -41.024, 1551.1878, -41.572, 1551.1878, -41.626, 1551.1878, -80.357,  , ,  , 
1551.2091, -41.684, 1551.2091, -41.010, 1551.2091, -41.559, 1551.2091, -41.640, 1551.2091,-210.000,  , ,  , 
1551.2303, -41.661, 1551.2303, -40.994, 1551.2303, -41.553, 1551.2303, -41.644, 1551.2303,-210.000,  , ,  , 
1551.2516, -41.641, 1551.2516, -40.978, 1551.2516, -41.551, 1551.2516, -41.661, 1551.2516, -73.231,  , ,  , 
1551.2728, -41.624, 1551.2728, -40.966, 1551.2728, -41.543, 1551.2728, -41.671, 1551.2728, -74.313,  , ,  , 
1551.2941, -41.604, 1551.2941, -40.946, 1551.2941, -41.539, 1551.2941, -41.686, 1551.2941,-210.000,  , ,  , 
1551.3153, -41.580, 1551.3153, -40.932, 1551.3153, -41.531, 1551.3153, -41.699, 1551.3153,-210.000,  , ,  , 
1551.3366, -41.561, 1551.3366, -40.918, 1551.3366, -41.524, 1551.3366, -41.708, 1551.3366, -78.805,  , ,  , 
1551.3578, -41.542, 1551.3578, -40.901, 1551.3578, -41.518, 1551.3578, -41.723, 1551.3578,-210.000,  , ,  , 
1551.3791, -41.517, 1551.3791, -40.889, 1551.3791, -41.515, 1551.3791, -41.733, 1551.3791,-210.000,  , ,  , 
1551.4004, -41.495, 1551.4004, -40.870, 1551.4004, -41.504, 1551.4004, -41.749, 1551.4004,-210.000,  , ,  , 
1551.4216, -41.475, 1551.4216, -40.857, 1551.4216, -41.501, 1551.4216, -41.759, 1551.4216, -76.192,  , ,  , 
1551.4429, -41.457, 1551.4429, -40.845, 1551.4429, -41.498, 1551.4429, -41.774, 1551.4429, -91.051,  , ,  , 
1551.4641, -41.436, 1551.4641, -40.827, 1551.4641, -41.491, 1551.4641, -41.787, 1551.4641, -82.163,  , ,  , 
1551.4854, -41.414, 1551.4854, -40.817, 1551.4854, -41.487, 1551.4854, -41.803, 1551.4854, -70.591,  , ,  , 
1551.5066, -41.399, 1551.5066, -40.803, 1551.5066, -41.487, 1551.5066, -41.816, 1551.5066, -80.879,  , ,  , 
1551.5279, -41.378, 1551.5279, -40.793, 1551.5279, -41.491, 1551.5279, -41.835, 1551.5279,-210.000,  , ,  , 
1551.5491, -41.357, 1551.5491, -40.776, 1551.5491, -41.484, 1551.5491, -41.844, 1551.5491, -75.157,  , ,  , 
1551.5704, -41.333, 1551.5704, -40.763, 1551.5704, -41.480, 1551.5704, -41.860, 1551.5704, -82.188,  , ,  , 
1551.5916, -41.316, 1551.5916, -40.752, 1551.5916, -41.477, 1551.5916, -41.877, 1551.5916, -75.588,  , ,  , 
1551.6129, -41.295, 1551.6129, -40.734, 1551.6129, -41.471, 1551.6129, -41.895, 1551.6129,-210.000,  , ,  , 
1551.6342, -41.276, 1551.6342, -40.724, 1551.6342, -41.469, 1551.6342, -41.909, 1551.6342, -77.889,  , ,  , 
1551.6554, -41.254, 1551.6554, -40.713, 1551.6554, -41.467, 1551.6554, -41.925, 1551.6554,-210.000,  , ,  , 
1551.6767, -41.236, 1551.6767, -40.698, 1551.6767, -41.467, 1551.6767, -41.943, 1551.6767, -80.463,  , ,  , 
1551.6979, -41.216, 1551.6979, -40.688, 1551.6979, -41.467, 1551.6979, -41.962, 1551.6979, -83.133,  , ,  , 
1551.7192, -41.200, 1551.7192, -40.676, 1551.7192, -41.461, 1551.7192, -41.981, 1551.7192, -93.830,  , ,  , 
1551.7404, -41.179, 1551.7404, -40.670, 1551.7404, -41.467, 1551.7404, -41.999, 1551.7404,-210.000,  , ,  , 
1551.7617, -41.158, 1551.7617, -40.656, 1551.7617, -41.466, 1551.7617, -42.019, 1551.7617,-210.000,  , ,  , 
1551.7829, -41.139, 1551.7829, -40.643, 1551.7829, -41.464, 1551.7829, -42.040, 1551.7829, -99.906,  , ,  , 
1551.8042, -41.119, 1551.8042, -40.633, 1551.8042, -41.463, 1551.8042, -42.054, 1551.8042,-210.000,  , ,  , 
1551.8255, -41.101, 1551.8255, -40.620, 1551.8255, -41.461, 1551.8255, -42.074, 1551.8255, -78.131,  , ,  , 
1551.8467, -41.073, 1551.8467, -40.606, 1551.8467, -41.459, 1551.8467, -42.095, 1551.8467,-210.000,  , ,  , 
1551.8680, -41.059, 1551.8680, -40.597, 1551.8680, -41.458, 1551.8680, -42.111, 1551.8680, -79.571,  , ,  , 
1551.8892, -41.040, 1551.8892, -40.584, 1551.8892, -41.458, 1551.8892, -42.129, 1551.8892,-210.000,  , ,  , 
1551.9105, -41.019, 1551.9105, -40.576, 1551.9105, -41.464, 1551.9105, -42.154, 1551.9105,-210.000,  , ,  , 
1551.9317, -41.002, 1551.9317, -40.567, 1551.9317, -41.461, 1551.9317, -42.175, 1551.9317, -80.565,  , ,  , 
1551.9530, -40.988, 1551.9530, -40.562, 1551.9530, -41.467, 1551.9530, -42.195, 1551.9530, -77.522,  , ,  , 
1551.9742, -40.968, 1551.9742, -40.555, 1551.9742, -41.469, 1551.9742, -42.221, 1551.9742, -76.316,  , ,  , 
1551.9955, -40.948, 1551.9955, -40.544, 1551.9955, -41.474, 1551.9955, -42.239, 1551.9955,-210.000,  , ,  , 
1552.0168, -40.933, 1552.0168, -40.536, 1552.0168, -41.477, 1552.0168, -42.266, 1552.0168, -86.130,  , ,  , 
1552.0380, -40.912, 1552.0380, -40.525, 1552.0380, -41.478, 1552.0380, -42.282, 1552.0380, -73.385,  , ,  , 
1552.0593, -40.895, 1552.0593, -40.518, 1552.0593, -41.480, 1552.0593, -42.309, 1552.0593, -79.205,  , ,  , 
1552.0805, -40.877, 1552.0805, -40.507, 1552.0805, -41.479, 1552.0805, -42.333, 1552.0805, -77.722,  , ,  , 
1552.1018, -40.862, 1552.1018, -40.502, 1552.1018, -41.486, 1552.1018, -42.351, 1552.1018, -79.942,  , ,  , 
1552.1230, -40.845, 1552.1230, -40.495, 1552.1230, -41.489, 1552.1230, -42.383, 1552.1230, -76.883,  , ,  , 
1552.1443, -40.829, 1552.1443, -40.488, 1552.1443, -41.496, 1552.1443, -42.404, 1552.1443, -77.165,  , ,  , 
1552.1655, -40.818, 1552.1655, -40.485, 1552.1655, -41.506, 1552.1655, -42.431, 1552.1655, -74.859,  , ,  , 
1552.1868, -40.801, 1552.1868, -40.483, 1552.1868, -41.506, 1552.1868, -42.457, 1552.1868, -75.979,  , ,  , 
1552.2081, -40.787, 1552.2081, -40.476, 1552.2081, -41.518, 1552.2081, -42.484, 1552.2081,-210.000,  , ,  , 
1552.2293, -40.770, 1552.2293, -40.468, 1552.2293, -41.521, 1552.2293, -42.514, 1552.2293, -85.602,  , ,  , 
1552.2506, -40.754, 1552.2506, -40.461, 1552.2506, -41.529, 1552.2506, -42.535, 1552.2506,-210.000,  , ,  , 
1552.2718, -40.737, 1552.2718, -40.458, 1552.2718, -41.533, 1552.2718, -42.564, 1552.2718, -82.902,  , ,  , 
1552.2931, -40.720, 1552.2931, -40.452, 1552.2931, -41.536, 1552.2931, -42.589, 1552.2931,-210.000,  , ,  , 
1552.3143, -40.703, 1552.3143, -40.442, 1552.3143, -41.541, 1552.3143, -42.620, 1552.3143,-210.000,  , ,  , 
1552.3356, -40.691, 1552.3356, -40.437, 1552.3356, -41.549, 1552.3356, -42.645, 1552.3356, -73.552,  , ,  , 
1552.3568, -40.679, 1552.3568, -40.435, 1552.3568, -41.558, 1552.3568, -42.676, 1552.3568, -83.722,  , ,  , 
1552.3781, -40.660, 1552.3781, -40.435, 1552.3781, -41.566, 1552.3781, -42.704, 1552.3781,-210.000,  , ,  , 
1552.3993, -40.648, 1552.3993, -40.427, 1552.3993, -41.575, 1552.3993, -42.734, 1552.3993, -75.905,  , ,  , 
1552.4206, -40.635, 1552.4206, -40.426, 1552.4206, -41.582, 1552.4206, -42.764, 1552.4206, -78.381,  , ,  , 
1552.4419, -40.618, 1552.4419, -40.423, 1552.4419, -41.593, 1552.4419, -42.794, 1552.4419,-210.000,  , ,  , 
1552.4631, -40.607, 1552.4631, -40.417, 1552.4631, -41.601, 1552.4631, -42.820, 1552.4631, -75.434,  , ,  , 
1552.4844, -40.593, 1552.4844, -40.416, 1552.4844, -41.604, 1552.4844, -42.852, 1552.4844, -75.784,  , ,  , 
1552.5056, -40.577, 1552.5056, -40.412, 1552.5056, -41.613, 1552.5056, -42.883, 1552.5056, -73.340,  , ,  , 
1552.5269, -40.564, 1552.5269, -40.407, 1552.5269, -41.621, 1552.5269, -42.906, 1552.5269,-210.000,  , ,  , 
1552.5481, -40.547, 1552.5481, -40.401, 1552.5481, -41.630, 1552.5481, -42.941, 1552.5481, -73.524,  , ,  , 
1552.5694, -40.538, 1552.5694, -40.401, 1552.5694, -41.641, 1552.5694, -42.974, 1552.5694, -87.704,  , ,  , 
1552.5906, -40.525, 1552.5906, -40.401, 1552.5906, -41.655, 1552.5906, -43.007, 1552.5906,-210.000,  , ,  , 
1552.6119, -40.514, 1552.6119, -40.400, 1552.6119, -41.663, 1552.6119, -43.039, 1552.6119,-210.000,  , ,  , 
1552.6332, -40.499, 1552.6332, -40.400, 1552.6332, -41.676, 1552.6332, -43.075, 1552.6332, -74.363,  , ,  , 
1552.6544, -40.491, 1552.6544, -40.399, 1552.6544, -41.688, 1552.6544, -43.109, 1552.6544,-210.000,  , ,  , 
1552.6757, -40.474, 1552.6757, -40.396, 1552.6757, -41.702, 1552.6757, -43.146, 1552.6757, -77.587,  , ,  , 
1552.6969, -40.461, 1552.6969, -40.398, 1552.6969, -41.715, 1552.6969, -43.182, 1552.6969,-210.000,  , ,  , 
1552.7182, -40.450, 1552.7182, -40.398, 1552.7182, -41.722, 1552.7182, -43.218, 1552.7182,-210.000,  , ,  , 
1552.7394, -40.440, 1552.7394, -40.398, 1552.7394, -41.734, 1552.7394, -43.255, 1552.7394, -74.409,  , ,  , 
1552.7607, -40.424, 1552.7607, -40.387, 1552.7607, -41.748, 1552.7607, -43.290, 1552.7607,-210.000,  , ,  , 
1552.7819, -40.411, 1552.7819, -40.390, 1552.7819, -41.757, 1552.7819, -43.322, 1552.7819, -89.174,  , ,  , 
1552.8032, -40.401, 1552.8032, -40.393, 1552.8032, -41.768, 1552.8032, -43.361, 1552.8032, -75.291,  , ,  , 
1552.8245, -40.392, 1552.8245, -40.390, 1552.8245, -41.785, 1552.8245, -43.398, 1552.8245,-210.000,  , ,  , 
1552.8457, -40.385, 1552.8457, -40.397, 1552.8457, -41.798, 1552.8457, -43.436, 1552.8457, -73.983,  , ,  , 
1552.8670, -40.373, 1552.8670, -40.395, 1552.8670, -41.810, 1552.8670, -43.477, 1552.8670,-210.000,  , ,  , 
1552.8882, -40.365, 1552.8882, -40.398, 1552.8882, -41.830, 1552.8882, -43.517, 1552.8882, -78.282,  , ,  , 
1552.9095, -40.351, 1552.9095, -40.396, 1552.9095, -41.840, 1552.9095, -43.552, 1552.9095,-210.000,  , ,  , 
1552.9307, -40.343, 1552.9307, -40.398, 1552.9307, -41.851, 1552.9307, -43.588, 1552.9307, -76.512,  , ,  , 
1552.9520, -40.328, 1552.9520, -40.397, 1552.9520, -41.866, 1552.9520, -43.624, 1552.9520,-210.000,  , ,  , 
1552.9732, -40.317, 1552.9732, -40.395, 1552.9732, -41.876, 1552.9732, -43.668, 1552.9732,-210.000,  , ,  , 
1552.9945, -40.308, 1552.9945, -40.401, 1552.9945, -41.899, 1552.9945, -43.709, 1552.9945,-210.000,  , ,  , 
1553.0158, -40.301, 1553.0158, -40.401, 1553.0158, -41.908, 1553.0158, -43.750, 1553.0158, -79.007,  , ,  , 
1553.0370, -40.293, 1553.0370, -40.408, 1553.0370, -41.923, 1553.0370, -43.789, 1553.0370, -77.282,  , ,  , 
1553.0583, -40.286, 1553.0583, -40.412, 1553.0583, -41.938, 1553.0583, -43.823, 1553.0583,-210.000,  , ,  , 
1553.0795, -40.277, 1553.0795, -40.408, 1553.0795, -41.957, 1553.0795, -43.874, 1553.0795, -71.957,  , ,  , 
1553.1008, -40.267, 1553.1008, -40.415, 1553.1008, -41.973, 1553.1008, -43.912, 1553.1008, -78.702,  , ,  , 
1553.1220, -40.260, 1553.1220, -40.418, 1553.1220, -41.987, 1553.1220, -43.950, 1553.1220, -75.039,  , ,  , 
1553.1433, -40.251, 1553.1433, -40.421, 1553.1433, -42.008, 1553.1433, -44.001, 1553.1433,-210.000,  , ,  , 
1553.1645, -40.240, 1553.1645, -40.425, 1553.1645, -42.024, 1553.1645, -44.037, 1553.1645, -75.167,  , ,  , 
1553.1858, -40.234, 1553.1858, -40.423, 1553.1858, -42.039, 1553.1858, -44.083, 1553.1858, -82.260,  , ,  , 
1553.2071, -40.225, 1553.2071, -40.432, 1553.2071, -42.060, 1553.2071, -44.126, 1553.2071, -77.806,  , ,  , 
1553.2283, -40.217, 1553.2283, -40.432, 1553.2283, -42.073, 1553.2283, -44.172, 1553.2283,-210.000,  , ,  , 
1553.2496, -40.210, 1553.2496, -40.437, 1553.2496, -42.092, 1553.2496, -44.219, 1553.2496, -71.980,  , ,  , 
1553.2708, -40.206, 1553.2708, -40.448, 1553.2708, -42.113, 1553.2708, -44.265, 1553.2708,-210.000,  , ,  , 
1553.2921, -40.202, 1553.2921, -40.448, 1553.2921, -42.136, 1553.2921, -44.317, 1553.2921,-210.000,  , ,  , 
1553.3133, -40.196, 1553.3133, -40.456, 1553.3133, -42.154, 1553.3133, -44.360, 1553.3133, -78.024,  , ,  , 
1553.3346, -40.190, 1553.3346, -40.459, 1553.3346, -42.175, 1553.3346, -44.409, 1553.3346, -81.692,  , ,  , 
1553.3558, -40.184, 1553.3558, -40.467, 1553.3558, -42.191, 1553.3558, -44.464, 1553.3558,-210.000,  , ,  , 
1553.3771, -40.180, 1553.3771, -40.472, 1553.3771, -42.221, 1553.3771, -44.516, 1553.3771, -78.167,  , ,  , 
1553.3983, -40.172, 1553.3983, -40.475, 1553.3983, -42.234, 1553.3983, -44.564, 1553.3983,-210.000,  , ,  , 
1553.4196, -40.168, 1553.4196, -40.484, 1553.4196, -42.252, 1553.4196, -44.609, 1553.4196,-210.000,  , ,  , 
1553.4409, -40.162, 1553.4409, -40.490, 1553.4409, -42.274, 1553.4409, -44.659, 1553.4409,-210.000,  , ,  , 
1553.4621, -40.159, 1553.4621, -40.500, 1553.4621, -42.304, 1553.4621, -44.720, 1553.4621,-210.000,  , ,  , 
1553.4834, -40.149, 1553.4834, -40.510, 1553.4834, -42.324, 1553.4834, -44.764, 1553.4834, -81.116,  , ,  , 
1553.5046, -40.153, 1553.5046, -40.516, 1553.5046, -42.348, 1553.5046, -44.833, 1553.5046,-210.000,  , ,  , 
1553.5259, -40.148, 1553.5259, -40.529, 1553.5259, -42.376, 1553.5259, -44.873, 1553.5259,-210.000,  , ,  , 
1553.5471, -40.146, 1553.5471, -40.538, 1553.5471, -42.394, 1553.5471, -44.940, 1553.5471, -77.981,  , ,  , 
1553.5684, -40.144, 1553.5684, -40.546, 1553.5684, -42.426, 1553.5684, -44.986, 1553.5684,-210.000,  , ,  , 
1553.5896, -40.144, 1553.5896, -40.556, 1553.5896, -42.449, 1553.5896, -45.050, 1553.5896,-210.000,  , ,  , 
1553.6109, -40.142, 1553.6109, -40.565, 1553.6109, -42.474, 1553.6109, -45.107, 1553.6109,-210.000,  , ,  , 
1553.6322, -40.137, 1553.6322, -40.575, 1553.6322, -42.499, 1553.6322, -45.153, 1553.6322, -84.387,  , ,  , 
1553.6534, -40.136, 1553.6534, -40.585, 1553.6534, -42.525, 1553.6534, -45.224, 1553.6534, -76.941,  , ,  , 
1553.6747, -40.135, 1553.6747, -40.592, 1553.6747, -42.549, 1553.6747, -45.272, 1553.6747,-210.000,  , ,  , 
1553.6959, -40.133, 1553.6959, -40.602, 1553.6959, -42.575, 1553.6959, -45.329, 1553.6959, -75.926,  , ,  , 
1553.7172, -40.132, 1553.7172, -40.614, 1553.7172, -42.606, 1553.7172, -45.395, 1553.7172, -70.444,  , ,  , 
1553.7384, -40.135, 1553.7384, -40.623, 1553.7384, -42.633, 1553.7384, -45.450, 1553.7384,-210.000,  , ,  , 
1553.7597, -40.135, 1553.7597, -40.639, 1553.7597, -42.667, 1553.7597, -45.515, 1553.7597, -80.831,  , ,  , 
1553.7809, -40.132, 1553.7809, -40.652, 1553.7809, -42.690, 1553.7809, -45.578, 1553.7809, -75.857,  , ,  , 
1553.8022, -40.134, 1553.8022, -40.663, 1553.8022, -42.724, 1553.8022, -45.635, 1553.8022, -72.707,  , ,  , 
1553.8235, -40.135, 1553.8235, -40.674, 1553.8235, -42.742, 1553.8235, -45.699, 1553.8235,-210.000,  , ,  , 
1553.8447, -40.131, 1553.8447, -40.684, 1553.8447, -42.773, 1553.8447, -45.759, 1553.8447,-210.000,  , ,  , 
1553.8660, -40.133, 1553.8660, -40.695, 1553.8660, -42.804, 1553.8660, -45.823, 1553.8660,-210.000,  , ,  , 
1553.8872, -40.133, 1553.8872, -40.704, 1553.8872, -42.833, 1553.8872, -45.895, 1553.8872, -76.105,  , ,  , 
1553.9085, -40.135, 1553.9085, -40.717, 1553.9085, -42.859, 1553.9085, -45.950, 1553.9085,-210.000,  , ,  , 
1553.9297, -40.134, 1553.9297, -40.732, 1553.9297, -42.891, 1553.9297, -46.023, 1553.9297,-210.000,  , ,  , 
1553.9510, -40.137, 1553.9510, -40.746, 1553.9510, -42.924, 1553.9510, -46.086, 1553.9510, -88.529,  , ,  , 
1553.9722, -40.142, 1553.9722, -40.760, 1553.9722, -42.955, 1553.9722, -46.158, 1553.9722,-210.000,  , ,  , 
1553.9935, -40.142, 1553.9935, -40.769, 1553.9935, -42.984, 1553.9935, -46.220, 1553.9935, -79.290,  , ,  , 
1554.0148, -40.146, 1554.0148, -40.784, 1554.0148, -43.018, 1554.0148, -46.300, 1554.0148, -88.023,  , ,  , 
1554.0360, -40.146, 1554.0360, -40.802, 1554.0360, -43.048, 1554.0360, -46.365, 1554.0360,-210.000,  , ,  , 
1554.0573, -40.149, 1554.0573, -40.812, 1554.0573, -43.082, 1554.0573, -46.432, 1554.0573, -80.137,  , ,  , 
1554.0785, -40.150, 1554.0785, -40.826, 1554.0785, -43.108, 1554.0785, -46.505, 1554.0785, -79.806,  , ,  , 
1554.0998, -40.150, 1554.0998, -40.844, 1554.0998, -43.141, 1554.0998, -46.572, 1554.0998, -72.705,  , ,  , 
1554.1210, -40.154, 1554.1210, -40.852, 1554.1210, -43.177, 1554.1210, -46.646, 1554.1210, -87.868,  , ,  , 
1554.1423, -40.157, 1554.1423, -40.867, 1554.1423, -43.208, 1554.1423, -46.718, 1554.1423,-210.000,  , ,  , 
1554.1635, -40.158, 1554.1635, -40.883, 1554.1635, -43.240, 1554.1635, -46.791, 1554.1635, -75.046,  , ,  , 
1554.1848, -40.166, 1554.1848, -40.901, 1554.1848, -43.283, 1554.1848, -46.881, 1554.1848,-210.000,  , ,  , 
1554.2061, -40.172, 1554.2061, -40.916, 1554.2061, -43.316, 1554.2061, -46.948, 1554.2061,-210.000,  , ,  , 
1554.2273, -40.175, 1554.2273, -40.933, 1554.2273, -43.358, 1554.2273, -47.033, 1554.2273, -74.956,  , ,  , 
1554.2486, -40.178, 1554.2486, -40.948, 1554.2486, -43.392, 1554.2486, -47.110, 1554.2486, -73.390,  , ,  , 
1554.2698, -40.180, 1554.2698, -40.963, 1554.2698, -43.426, 1554.2698, -47.194, 1554.2698, -80.270,  , ,  , 
1554.2911, -40.189, 1554.2911, -40.982, 1554.2911, -43.461, 1554.2911, -47.281, 1554.2911,-210.000,  , ,  , 
1554.3123, -40.187, 1554.3123, -40.996, 1554.3123, -43.500, 1554.3123, -47.343, 1554.3123, -76.590,  , ,  , 
1554.3336, -40.193, 1554.3336, -41.012, 1554.3336, -43.539, 1554.3336, -47.445, 1554.3336, -78.310,  , ,  , 
1554.3548, -40.200, 1554.3548, -41.028, 1554.3548, -43.571, 1554.3548, -47.525, 1554.3548,-210.000,  , ,  , 
1554.3761, -40.205, 1554.3761, -41.041, 1554.3761, -43.617, 1554.3761, -47.610, 1554.3761,-210.000,  , ,  , 
1554.3973, -40.208, 1554.3973, -41.059, 1554.3973, -43.652, 1554.3973, -47.694, 1554.3973, -74.013,  , ,  , 
1554.4186, -40.213, 1554.4186, -41.081, 1554.4186, -43.692, 1554.4186, -47.780, 1554.4186, -72.913,  , ,  , 
1554.4399, -40.223, 1554.4399, -41.093, 1554.4399, -43.728, 1554.4399, -47.855, 1554.4399,-210.000,  , ,  , 
1554.4611, -40.228, 1554.4611, -41.112, 1554.4611, -43.777, 1554.4611, -47.956, 1554.4611,-210.000,  , ,  , 
1554.4824, -40.235, 1554.4824, -41.133, 1554.4824, -43.808, 1554.4824, -48.050, 1554.4824,-210.000,  , ,  , 
1554.5036, -40.239, 1554.5036, -41.149, 1554.5036, -43.858, 1554.5036, -48.151, 1554.5036,-210.000,  , ,  , 
1554.5249, -40.247, 1554.5249, -41.166, 1554.5249, -43.888, 1554.5249, -48.239, 1554.5249,-210.000,  , ,  , 
1554.5461, -40.250, 1554.5461, -41.184, 1554.5461, -43.931, 1554.5461, -48.325, 1554.5461, -78.424,  , ,  , 
1554.5674, -40.256, 1554.5674, -41.203, 1554.5674, -43.978, 1554.5674, -48.418, 1554.5674,-210.000,  , ,  , 
1554.5886, -40.267, 1554.5886, -41.222, 1554.5886, -44.014, 1554.5886, -48.507, 1554.5886,-210.000,  , ,  , 
1554.6099, -40.275, 1554.6099, -41.243, 1554.6099, -44.061, 1554.6099, -48.600, 1554.6099, -75.028,  , ,  , 
1554.6312, -40.285, 1554.6312, -41.260, 1554.6312, -44.103, 1554.6312, -48.697, 1554.6312, -82.694,  , ,  , 
1554.6524, -40.293, 1554.6524, -41.282, 1554.6524, -44.143, 1554.6524, -48.801, 1554.6524,-210.000,  , ,  , 
1554.6737, -40.302, 1554.6737, -41.302, 1554.6737, -44.188, 1554.6737, -48.886, 1554.6737,-210.000,  , ,  , 
1554.6949, -40.311, 1554.6949, -41.323, 1554.6949, -44.226, 1554.6949, -48.997, 1554.6949, -85.368,  , ,  , 
1554.7162, -40.315, 1554.7162, -41.344, 1554.7162, -44.276, 1554.7162, -49.093, 1554.7162, -73.583,  , ,  , 
1554.7374, -40.329, 1554.7374, -41.369, 1554.7374, -44.329, 1554.7374, -49.192, 1554.7374,-210.000,  , ,  , 
1554.7587, -40.336, 1554.7587, -41.383, 1554.7587, -44.371, 1554.7587, -49.291, 1554.7587, -71.218,  , ,  , 
1554.7799, -40.345, 1554.7799, -41.409, 1554.7799, -44.410, 1554.7799, -49.406, 1554.7799, -78.884,  , ,  , 
1554.8012, -40.358, 1554.8012, -41.431, 1554.8012, -44.467, 1554.8012, -49.511, 1554.8012, -80.946,  , ,  , 
1554.8225, -40.366, 1554.8225, -41.455, 1554.8225, -44.519, 1554.8225, -49.619, 1554.8225, -78.162,  , ,  , 
1554.8437, -40.378, 1554.8437, -41.478, 1554.8437, -44.567, 1554.8437, -49.731, 1554.8437,-210.000,  , ,  , 
1554.8650, -40.391, 1554.8650, -41.500, 1554.8650, -44.619, 1554.8650, -49.844, 1554.8650, -76.130,  , ,  , 
1554.8862, -40.405, 1554.8862, -41.529, 1554.8862, -44.677, 1554.8862, -49.958, 1554.8862,-210.000,  , ,  , 
1554.9075, -40.417, 1554.9075, -41.556, 1554.9075, -44.722, 1554.9075, -50.078, 1554.9075, -80.686,  , ,  , 
1554.9287, -40.431, 1554.9287, -41.582, 1554.9287, -44.776, 1554.9287, -50.209, 1554.9287, -81.659,  , ,  , 
1554.9500, -40.444, 1554.9500, -41.604, 1554.9500, -44.836, 1554.9500, -50.334, 1554.9500, -75.981,  , ,  , 
1554.9712, -40.461, 1554.9712, -41.628, 1554.9712, -44.893, 1554.9712, -50.456, 1554.9712,-210.000,  , ,  , 
1554.9925, -40.471, 1554.9925, -41.656, 1554.9925, -44.945, 1554.9925, -50.577, 1554.9925,-210.000,  , ,  , 
1555.0138, -40.487, 1555.0138, -41.683, 1555.0138, -45.000, 1555.0138, -50.687, 1555.0138,-210.000,  , ,  , 
1555.0350, -40.502, 1555.0350, -41.707, 1555.0350, -45.058, 1555.0350, -50.826, 1555.0350, -79.325,  , ,  , 
1555.0563, -40.517, 1555.0563, -41.739, 1555.0563, -45.116, 1555.0563, -50.928, 1555.0563,-210.000,  , ,  , 
1555.0775, -40.528, 1555.0775, -41.761, 1555.0775, -45.175, 1555.0775, -51.077, 1555.0775, -77.177,  , ,  , 
1555.0988, -40.540, 1555.0988, -41.790, 1555.0988, -45.229, 1555.0988, -51.222, 1555.0988, -76.963,  , ,  , 
1555.1200, -40.560, 1555.1200, -41.822, 1555.1200, -45.297, 1555.1200, -51.361, 1555.1200,-210.000,  , ,  , 
1555.1413, -40.576, 1555.1413, -41.848, 1555.1413, -45.353, 1555.1413, -51.480, 1555.1413,-210.000,  , ,  , 
1555.1625, -40.587, 1555.1625, -41.880, 1555.1625, -45.411, 1555.1625, -51.607, 1555.1625, -78.794,  , ,  , 
1555.1838, -40.607, 1555.1838, -41.902, 1555.1838, -45.467, 1555.1838, -51.759, 1555.1838, -77.412,  , ,  , 
1555.2051, -40.619, 1555.2051, -41.935, 1555.2051, -45.537, 1555.2051, -51.856, 1555.2051, -72.173,  , ,  , 
1555.2263, -40.631, 1555.2263, -41.960, 1555.2263, -45.595, 1555.2263, -52.035, 1555.2263,-210.000,  , ,  , 
1555.2476, -40.646, 1555.2476, -41.991, 1555.2476, -45.658, 1555.2476, -52.153, 1555.2476, -77.838,  , ,  , 
1555.2688, -40.664, 1555.2688, -42.021, 1555.2688, -45.717, 1555.2688, -52.309, 1555.2688, -77.685,  , ,  , 
1555.2901, -40.677, 1555.2901, -42.044, 1555.2901, -45.775, 1555.2901, -52.446, 1555.2901, -75.412,  , ,  , 
1555.3113, -40.693, 1555.3113, -42.080, 1555.3113, -45.842, 1555.3113, -52.587, 1555.3113, -79.465,  , ,  , 
1555.3326, -40.712, 1555.3326, -42.109, 1555.3326, -45.914, 1555.3326, -52.712, 1555.3326, -92.280,  , ,  , 
1555.3538, -40.727, 1555.3538, -42.133, 1555.3538, -45.975, 1555.3538, -52.851, 1555.3538, -76.917,  , ,  , 
1555.3751, -40.741, 1555.3751, -42.166, 1555.3751, -46.032, 1555.3751, -53.018, 1555.3751, -80.267,  , ,  , 
1555.3963, -40.759, 1555.3963, -42.196, 1555.3963, -46.097, 1555.3963, -53.147, 1555.3963,-210.000,  , ,  , 
1555.4176, -40.777, 1555.4176, -42.224, 1555.4176, -46.173, 1555.4176, -53.297, 1555.4176,-210.000,  , ,  , 
1555.4389, -40.792, 1555.4389, -42.256, 1555.4389, -46.237, 1555.4389, -53.496, 1555.4389,-210.000,  , ,  , 
1555.4601, -40.807, 1555.4601, -42.288, 1555.4601, -46.304, 1555.4601, -53.591, 1555.4601,-210.000,  , ,  , 
1555.4814, -40.828, 1555.4814, -42.318, 1555.4814, -46.375, 1555.4814, -53.745, 1555.4814, -80.927,  , ,  , 
1555.5026, -40.845, 1555.5026, -42.344, 1555.5026, -46.452, 1555.5026, -53.914, 1555.5026,-210.000,  , ,  , 
1555.5239, -40.861, 1555.5239, -42.381, 1555.5239, -46.512, 1555.5239, -53.997, 1555.5239, -75.882,  , ,  , 
1555.5451, -40.879, 1555.5451, -42.412, 1555.5451, -46.587, 1555.5451, -54.147, 1555.5451,-210.000,  , ,  , 
1555.5664, -40.902, 1555.5664, -42.448, 1555.5664, -46.660, 1555.5664, -54.393, 1555.5664,-210.000,  , ,  , 
1555.5876, -40.914, 1555.5876, -42.478, 1555.5876, -46.731, 1555.5876, -54.542, 1555.5876,-210.000,  , ,  , 
1555.6089, -40.935, 1555.6089, -42.507, 1555.6089, -46.801, 1555.6089, -54.688, 1555.6089, -90.716,  , ,  , 
1555.6302, -40.954, 1555.6302, -42.544, 1555.6302, -46.874, 1555.6302, -54.802, 1555.6302,-210.000,  , ,  , 
1555.6514, -40.970, 1555.6514, -42.580, 1555.6514, -46.948, 1555.6514, -54.982, 1555.6514, -74.858,  , ,  , 
1555.6727, -40.988, 1555.6727, -42.613, 1555.6727, -47.035, 1555.6727, -55.043, 1555.6727,-210.000,  , ,  , 
1555.6939, -41.007, 1555.6939, -42.641, 1555.6939, -47.105, 1555.6939, -55.153, 1555.6939,-210.000,  , ,  , 
1555.7152, -41.030, 1555.7152, -42.681, 1555.7152, -47.181, 1555.7152, -55.402, 1555.7152,-210.000,  , ,  , 
1555.7364, -41.043, 1555.7364, -42.715, 1555.7364, -47.266, 1555.7364, -55.491, 1555.7364, -75.334,  , ,  , 
1555.7577, -41.065, 1555.7577, -42.750, 1555.7577, -47.335, 1555.7577, -55.632, 1555.7577,-210.000,  , ,  , 
1555.7789, -41.084, 1555.7789, -42.783, 1555.7789, -47.418, 1555.7789, -55.703, 1555.7789, -77.907,  , ,  , 
1555.8002, -41.106, 1555.8002, -42.830, 1555.8002, -47.506, 1555.8002, -55.846, 1555.8002, -78.857,  , ,  , 
1555.8215, -41.125, 1555.8215, -42.860, 1555.8215, -47.602, 1555.8215, -55.875, 1555.8215, -80.279,  , ,  , 
1555.8427, -41.144, 1555.8427, -42.897, 1555.8427, -47.671, 1555.8427, -56.125, 1555.8427, -74.323,  , ,  , 
1555.8640, -41.171, 1555.8640, -42.934, 1555.8640, -47.771, 1555.8640, -56.186, 1555.8640,-210.000,  , ,  , 
1555.8852, -41.187, 1555.8852, -42.968, 1555.8852, -47.851, 1555.8852, -56.293, 1555.8852, -82.026,  , ,  , 
1555.9065, -41.207, 1555.9065, -43.013, 1555.9065, -47.935, 1555.9065, -56.414, 1555.9065,-210.000,  , ,  , 
1555.9277, -41.229, 1555.9277, -43.048, 1555.9277, -48.033, 1555.9277, -56.528, 1555.9277,-210.000,  , ,  , 
1555.9490, -41.255, 1555.9490, -43.085, 1555.9490, -48.115, 1555.9490, -56.525, 1555.9490,-210.000,  , ,  , 
1555.9702, -41.270, 1555.9702, -43.125, 1555.9702, -48.210, 1555.9702, -56.594, 1555.9702,-210.000,  , ,  , 
1555.9915, -41.294, 1555.9915, -43.159, 1555.9915, -48.296, 1555.9915, -56.641, 1555.9915, -74.463,  , ,  , 
1556.0128, -41.318, 1556.0128, -43.201, 1556.0128, -48.393, 1556.0128, -56.700, 1556.0128,-210.000,  , ,  , 
1556.0340, -41.343, 1556.0340, -43.239, 1556.0340, -48.488, 1556.0340, -56.757, 1556.0340,-210.000,  , ,  , 
1556.0553, -41.366, 1556.0553, -43.284, 1556.0553, -48.574, 1556.0553, -56.784, 1556.0553, -79.885,  , ,  , 
1556.0765, -41.385, 1556.0765, -43.324, 1556.0765, -48.665, 1556.0765, -56.759, 1556.0765,-210.000,  , ,  , 
1556.0978, -41.415, 1556.0978, -43.365, 1556.0978, -48.779, 1556.0978, -56.790, 1556.0978,-210.000,  , ,  , 
1556.1190, -41.441, 1556.1190, -43.409, 1556.1190, -48.870, 1556.1190, -56.694, 1556.1190,-210.000,  , ,  , 
1556.1403, -41.461, 1556.1403, -43.440, 1556.1403, -48.939, 1556.1403, -56.611, 1556.1403, -74.909,  , ,  , 
1556.1615, -41.488, 1556.1615, -43.488, 1556.1615, -49.045, 1556.1615, -56.673, 1556.1615,-210.000,  , ,  , 
1556.1828, -41.513, 1556.1828, -43.530, 1556.1828, -49.161, 1556.1828, -56.634, 1556.1828, -76.502,  , ,  , 
1556.2041, -41.536, 1556.2041, -43.573, 1556.2041, -49.242, 1556.2041, -56.531, 1556.2041,-210.000,  , ,  , 
1556.2253, -41.558, 1556.2253, -43.629, 1556.2253, -49.365, 1556.2253, -56.499, 1556.2253,-210.000,  , ,  , 
1556.2466, -41.598, 1556.2466, -43.668, 1556.2466, -49.462, 1556.2466, -56.323, 1556.2466,-210.000,  , ,  , 
1556.2678, -41.621, 1556.2678, -43.711, 1556.2678, -49.571, 1556.2678, -56.348, 1556.2678,-210.000,  , ,  , 
1556.2891, -41.647, 1556.2891, -43.772, 1556.2891, -49.668, 1556.2891, -56.166, 1556.2891, -76.055,  , ,  , 
1556.3103, -41.675, 1556.3103, -43.811, 1556.3103, -49.774, 1556.3103, -56.061, 1556.3103, -74.318,  , ,  , 
1556.3316, -41.712, 1556.3316, -43.865, 1556.3316, -49.906, 1556.3316, -55.988, 1556.3316, -76.841,  , ,  , 
1556.3528, -41.736, 1556.3528, -43.911, 1556.3528, -50.015, 1556.3528, -55.869, 1556.3528,-210.000,  , ,  , 
1556.3741, -41.765, 1556.3741, -43.963, 1556.3741, -50.131, 1556.3741, -55.788, 1556.3741, -89.833,  , ,  , 
1556.3953, -41.798, 1556.3953, -44.017, 1556.3953, -50.249, 1556.3953, -55.644, 1556.3953, -72.511,  , ,  , 
1556.4166, -41.827, 1556.4166, -44.067, 1556.4166, -50.389, 1556.4166, -55.551, 1556.4166,-210.000,  , ,  , 
1556.4379, -41.857, 1556.4379, -44.110, 1556.4379, -50.476, 1556.4379, -55.355, 1556.4379, -79.290,  , ,  , 
1556.4591, -41.889, 1556.4591, -44.166, 1556.4591, -50.603, 1556.4591, -55.216, 1556.4591, -74.281,  , ,  , 
1556.4804, -41.923, 1556.4804, -44.224, 1556.4804, -50.757, 1556.4804, -55.073, 1556.4804, -75.196,  , ,  , 
1556.5016, -41.952, 1556.5016, -44.282, 1556.5016, -50.869, 1556.5016, -54.953, 1556.5016, -80.369,  , ,  , 
1556.5229, -41.990, 1556.5229, -44.332, 1556.5229, -51.005, 1556.5229, -54.745, 1556.5229,-210.000,  , ,  , 
1556.5441, -42.020, 1556.5441, -44.387, 1556.5441, -51.104, 1556.5441, -54.636, 1556.5441, -89.471,  , ,  , 
1556.5654, -42.056, 1556.5654, -44.440, 1556.5654, -51.275, 1556.5654, -54.480, 1556.5654, -76.885,  , ,  , 
1556.5866, -42.081, 1556.5866, -44.498, 1556.5866, -51.413, 1556.5866, -54.289, 1556.5866,-210.000,  , ,  , 
1556.6079, -42.116, 1556.6079, -44.548, 1556.6079, -51.504, 1556.6079, -54.088, 1556.6079,-210.000,  , ,  , 
1556.6292, -42.149, 1556.6292, -44.606, 1556.6292, -51.646, 1556.6292, -53.947, 1556.6292, -77.456,  , ,  , 
1556.6504, -42.180, 1556.6504, -44.653, 1556.6504, -51.785, 1556.6504, -53.808, 1556.6504,-210.000,  , ,  , 
1556.6717, -42.206, 1556.6717, -44.707, 1556.6717, -51.925, 1556.6717, -53.617, 1556.6717, -75.259,  , ,  , 
1556.6929, -42.242, 1556.6929, -44.761, 1556.6929, -52.057, 1556.6929, -53.500, 1556.6929, -80.155,  , ,  , 
1556.7142, -42.275, 1556.7142, -44.825, 1556.7142, -52.179, 1556.7142, -53.297, 1556.7142,-210.000,  , ,  , 
1556.7354, -42.306, 1556.7354, -44.877, 1556.7354, -52.314, 1556.7354, -53.138, 1556.7354,-210.000,  , ,  , 
1556.7567, -42.341, 1556.7567, -44.938, 1556.7567, -52.442, 1556.7567, -52.973, 1556.7567, -74.280,  , ,  , 
1556.7779, -42.369, 1556.7779, -44.996, 1556.7779, -52.606, 1556.7779, -52.821, 1556.7779,-210.000,  , ,  , 
1556.7992, -42.410, 1556.7992, -45.048, 1556.7992, -52.716, 1556.7992, -52.681, 1556.7992, -89.746,  , ,  , 
1556.8205, -42.440, 1556.8205, -45.105, 1556.8205, -52.901, 1556.8205, -52.519, 1556.8205, -76.414,  , ,  , 
1556.8417, -42.477, 1556.8417, -45.172, 1556.8417, -53.019, 1556.8417, -52.355, 1556.8417, -84.257,  , ,  , 
1556.8630, -42.510, 1556.8630, -45.234, 1556.8630, -53.139, 1556.8630, -52.189, 1556.8630, -80.653,  , ,  , 
1556.8842, -42.545, 1556.8842, -45.287, 1556.8842, -53.298, 1556.8842, -52.053, 1556.8842, -82.504,  , ,  , 
1556.9055, -42.576, 1556.9055, -45.355, 1556.9055, -53.431, 1556.9055, -51.889, 1556.9055, -74.936,  , ,  , 
1556.9267, -42.615, 1556.9267, -45.417, 1556.9267, -53.564, 1556.9267, -51.711, 1556.9267, -77.822,  , ,  , 
1556.9480, -42.649, 1556.9480, -45.475, 1556.9480, -53.703, 1556.9480, -51.634, 1556.9480,-210.000,  , ,  , 
1556.9692, -42.682, 1556.9692, -45.533, 1556.9692, -53.901, 1556.9692, -51.461, 1556.9692, -76.085,  , ,  , 
1556.9905, -42.725, 1556.9905, -45.605, 1556.9905, -53.999, 1556.9905, -51.336, 1556.9905,-210.000,  , ,  , 
1557.0118, -42.756, 1557.0118, -45.659, 1557.0118, -54.142, 1557.0118, -51.159, 1557.0118,-210.000,  , ,  , 
1557.0330, -42.791, 1557.0330, -45.729, 1557.0330, -54.300, 1557.0330, -51.044, 1557.0330, -75.858,  , ,  , 
1557.0543, -42.829, 1557.0543, -45.787, 1557.0543, -54.476, 1557.0543, -50.866, 1557.0543,-210.000,  , ,  , 
1557.0755, -42.866, 1557.0755, -45.853, 1557.0755, -54.592, 1557.0755, -50.732, 1557.0755, -75.234,  , ,  , 
1557.0968, -42.903, 1557.0968, -45.918, 1557.0968, -54.711, 1557.0968, -50.595, 1557.0968,-210.000,  , ,  , 
1557.1180, -42.940, 1557.1180, -45.976, 1557.1180, -54.910, 1557.1180, -50.465, 1557.1180,-210.000,  , ,  , 
1557.1393, -42.980, 1557.1393, -46.052, 1557.1393, -54.954, 1557.1393, -50.331, 1557.1393,-210.000,  , ,  , 
1557.1605, -43.019, 1557.1605, -46.115, 1557.1605, -55.098, 1557.1605, -50.197, 1557.1605,-210.000,  , ,  , 
1557.1818, -43.060, 1557.1818, -46.184, 1557.1818, -55.300, 1557.1818, -50.068, 1557.1818, -74.177,  , ,  , 
1557.2031, -43.097, 1557.2031, -46.248, 1557.2031, -55.374, 1557.2031, -49.918, 1557.2031,-210.000,  , ,  , 
1557.2243, -43.139, 1557.2243, -46.326, 1557.2243, -55.489, 1557.2243, -49.812, 1557.2243, -84.887,  , ,  , 
1557.2456, -43.181, 1557.2456, -46.409, 1557.2456, -55.560, 1557.2456, -49.660, 1557.2456, -80.061,  , ,  , 
1557.2668, -43.224, 1557.2668, -46.474, 1557.2668, -55.713, 1557.2668, -49.527, 1557.2668,-210.000,  , ,  , 
1557.2881, -43.264, 1557.2881, -46.538, 1557.2881, -55.774, 1557.2881, -49.413, 1557.2881, -82.498,  , ,  , 
1557.3093, -43.305, 1557.3093, -46.613, 1557.3093, -55.891, 1557.3093, -49.284, 1557.3093, -85.913,  , ,  , 
1557.3306, -43.345, 1557.3306, -46.692, 1557.3306, -56.002, 1557.3306, -49.156, 1557.3306,-210.000,  , ,  , 
1557.3518, -43.392, 1557.3518, -46.772, 1557.3518, -56.076, 1557.3518, -49.028, 1557.3518, -78.040,  , ,  , 
1557.3731, -43.437, 1557.3731, -46.842, 1557.3731, -56.087, 1557.3731, -48.912, 1557.3731, -76.172,  , ,  , 
1557.3943, -43.483, 1557.3943, -46.939, 1557.3943, -56.307, 1557.3943, -48.778, 1557.3943, -86.057,  , ,  , 
1557.4156, -43.525, 1557.4156, -47.007, 1557.4156, -56.362, 1557.4156, -48.677, 1557.4156, -76.185,  , ,  , 
1557.4369, -43.575, 1557.4369, -47.079, 1557.4369, -56.441, 1557.4369, -48.555, 1557.4369,-210.000,  , ,  , 
1557.4581, -43.620, 1557.4581, -47.174, 1557.4581, -56.431, 1557.4581, -48.446, 1557.4581,-210.000,  , ,  , 
1557.4794, -43.668, 1557.4794, -47.259, 1557.4794, -56.561, 1557.4794, -48.333, 1557.4794,-210.000,  , ,  , 
1557.5006, -43.716, 1557.5006, -47.330, 1557.5006, -56.547, 1557.5006, -48.222, 1557.5006, -85.950,  , ,  , 
1557.5219, -43.768, 1557.5219, -47.422, 1557.5219, -56.488, 1557.5219, -48.102, 1557.5219, -86.917,  , ,  , 
1557.5431, -43.812, 1557.5431, -47.519, 1557.5431, -56.526, 1557.5431, -47.996, 1557.5431, -75.500,  , ,  , 
1557.5644, -43.866, 1557.5644, -47.589, 1557.5644, -56.561, 1557.5644, -47.899, 1557.5644,-210.000,  , ,  , 
1557.5856, -43.915, 1557.5856, -47.667, 1557.5856, -56.602, 1557.5856, -47.791, 1557.5856, -84.973,  , ,  , 
1557.6069, -43.967, 1557.6069, -47.753, 1557.6069, -56.526, 1557.6069, -47.673, 1557.6069,-210.000,  , ,  , 
1557.6282, -44.018, 1557.6282, -47.845, 1557.6282, -56.489, 1557.6282, -47.592, 1557.6282,-210.000,  , ,  , 
1557.6494, -44.068, 1557.6494, -47.939, 1557.6494, -56.386, 1557.6494, -47.485, 1557.6494,-210.000,  , ,  , 
1557.6707, -44.127, 1557.6707, -48.020, 1557.6707, -56.400, 1557.6707, -47.386, 1557.6707,-210.000,  , ,  , 
1557.6919, -44.178, 1557.6919, -48.126, 1557.6919, -56.312, 1557.6919, -47.291, 1557.6919,-210.000,  , ,  , 
1557.7132, -44.233, 1557.7132, -48.202, 1557.7132, -56.236, 1557.7132, -47.196, 1557.7132, -74.680,  , ,  , 
1557.7344, -44.289, 1557.7344, -48.295, 1557.7344, -56.162, 1557.7344, -47.089, 1557.7344,-210.000,  , ,  , 
1557.7557, -44.342, 1557.7557, -48.396, 1557.7557, -56.088, 1557.7557, -46.994, 1557.7557,-210.000,  , ,  , 
1557.7769, -44.403, 1557.7769, -48.486, 1557.7769, -56.001, 1557.7769, -46.918, 1557.7769,-210.000,  , ,  , 
1557.7982, -44.458, 1557.7982, -48.592, 1557.7982, -55.905, 1557.7982, -46.819, 1557.7982, -79.401,  , ,  , 
1557.8195, -44.516, 1557.8195, -48.668, 1557.8195, -55.830, 1557.8195, -46.719, 1557.8195, -73.902,  , ,  , 
1557.8407, -44.578, 1557.8407, -48.799, 1557.8407, -55.712, 1557.8407, -46.629, 1557.8407, -79.109,  , ,  , 
1557.8620, -44.635, 1557.8620, -48.885, 1557.8620, -55.590, 1557.8620, -46.549, 1557.8620,-210.000,  , ,  , 
1557.8832, -44.690, 1557.8832, -48.988, 1557.8832, -55.459, 1557.8832, -46.466, 1557.8832, -77.531,  , ,  , 
1557.9045, -44.763, 1557.9045, -49.093, 1557.9045, -55.364, 1557.9045, -46.371, 1557.9045, -82.618,  , ,  , 
1557.9257, -44.811, 1557.9257, -49.185, 1557.9257, -55.284, 1557.9257, -46.291, 1557.9257, -72.001,  , ,  , 
1557.9470, -44.880, 1557.9470, -49.286, 1557.9470, -55.125, 1557.9470, -46.210, 1557.9470, -80.029,  , ,  , 
1557.9682, -44.936, 1557.9682, -49.385, 1557.9682, -54.954, 1557.9682, -46.107, 1557.9682, -76.855,  , ,  , 
1557.9895, -44.996, 1557.9895, -49.508, 1557.9895, -54.844, 1557.9895, -46.030, 1557.9895, -72.619,  , ,  , 
1558.0108, -45.062, 1558.0108, -49.623, 1558.0108, -54.669, 1558.0108, -45.947, 1558.0108,-210.000,  , ,  , 
1558.0320, -45.116, 1558.0320, -49.705, 1558.0320, -54.519, 1558.0320, -45.858, 1558.0320,-210.000,  , ,  , 
1558.0533, -45.187, 1558.0533, -49.825, 1558.0533, -54.392, 1558.0533, -45.769, 1558.0533, -71.814,  , ,  , 
1558.0745, -45.252, 1558.0745, -49.913, 1558.0745, -54.259, 1558.0745, -45.699, 1558.0745, -80.158,  , ,  , 
1558.0958, -45.324, 1558.0958, -50.042, 1558.0958, -54.094, 1558.0958, -45.621, 1558.0958,-210.000,  , ,  , 
1558.1170, -45.379, 1558.1170, -50.171, 1558.1170, -53.946, 1558.1170, -45.521, 1558.1170, -74.625,  , ,  , 
1558.1383, -45.456, 1558.1383, -50.249, 1558.1383, -53.802, 1558.1383, -45.450, 1558.1383,-210.000,  , ,  , 
1558.1595, -45.502, 1558.1595, -50.371, 1558.1595, -53.679, 1558.1595, -45.374, 1558.1595, -77.134,  , ,  , 
1558.1808, -45.567, 1558.1808, -50.460, 1558.1808, -53.535, 1558.1808, -45.289, 1558.1808,-210.000,  , ,  , 
1558.2021, -45.639, 1558.2021, -50.575, 1558.2021, -53.339, 1558.2021, -45.203, 1558.2021, -89.547,  , ,  , 
1558.2233, -45.706, 1558.2233, -50.685, 1558.2233, -53.210, 1558.2233, -45.128, 1558.2233,-210.000,  , ,  , 
1558.2446, -45.768, 1558.2446, -50.812, 1558.2446, -53.018, 1558.2446, -45.053, 1558.2446,-210.000,  , ,  , 
1558.2658, -45.833, 1558.2658, -50.887, 1558.2658, -52.867, 1558.2658, -44.976, 1558.2658,-210.000,  , ,  , 
1558.2871, -45.906, 1558.2871, -51.046, 1558.2871, -52.707, 1558.2871, -44.893, 1558.2871,-210.000,  , ,  , 
1558.3083, -45.975, 1558.3083, -51.123, 1558.3083, -52.586, 1558.3083, -44.823, 1558.3083, -82.025,  , ,  , 
1558.3296, -46.035, 1558.3296, -51.225, 1558.3296, -52.431, 1558.3296, -44.748, 1558.3296, -77.174,  , ,  , 
1558.3508, -46.112, 1558.3508, -51.333, 1558.3508, -52.252, 1558.3508, -44.676, 1558.3508, -73.299,  , ,  , 
1558.3721, -46.188, 1558.3721, -51.479, 1558.3721, -52.167, 1558.3721, -44.608, 1558.3721,-210.000,  , ,  , 
1558.3933, -46.251, 1558.3933, -51.560, 1558.3933, -52.027, 1558.3933, -44.535, 1558.3933, -74.310,  , ,  , 
1558.4146, -46.313, 1558.4146, -51.667, 1558.4146, -51.865, 1558.4146, -44.465, 1558.4146,-210.000,  , ,  , 
1558.4359, -46.386, 1558.4359, -51.803, 1558.4359, -51.717, 1558.4359, -44.381, 1558.4359, -72.851,  , ,  , 
1558.4571, -46.468, 1558.4571, -51.892, 1558.4571, -51.591, 1558.4571, -44.325, 1558.4571, -85.681,  , ,  , 
1558.4784, -46.540, 1558.4784, -52.021, 1558.4784, -51.482, 1558.4784, -44.251, 1558.4784, -74.658,  , ,  , 
1558.4996, -46.594, 1558.4996, -52.102, 1558.4996, -51.311, 1558.4996, -44.183, 1558.4996,-210.000,  , ,  , 
1558.5209, -46.684, 1558.5209, -52.245, 1558.5209, -51.176, 1558.5209, -44.120, 1558.5209,-210.000,  , ,  , 
1558.5421, -46.753, 1558.5421, -52.308, 1558.5421, -51.065, 1558.5421, -44.054, 1558.5421, -81.344,  , ,  , 
1558.5634, -46.828, 1558.5634, -52.444, 1558.5634, -50.921, 1558.5634, -43.995, 1558.5634, -72.666,  , ,  , 
1558.5846, -46.908, 1558.5846, -52.558, 1558.5846, -50.806, 1558.5846, -43.920, 1558.5846, -73.312,  , ,  , 
1558.6059, -46.993, 1558.6059, -52.644, 1558.6059, -50.674, 1558.6059, -43.862, 1558.6059,-210.000,  , ,  , 
1558.6272, -47.063, 1558.6272, -52.790, 1558.6272, -50.535, 1558.6272, -43.796, 1558.6272,-210.000,  , ,  , 
1558.6484, -47.137, 1558.6484, -52.889, 1558.6484, -50.411, 1558.6484, -43.730, 1558.6484, -75.364,  , ,  , 
1558.6697, -47.223, 1558.6697, -52.943, 1558.6697, -50.279, 1558.6697, -43.666, 1558.6697,-210.000,  , ,  , 
1558.6909, -47.311, 1558.6909, -53.077, 1558.6909, -50.145, 1558.6909, -43.603, 1558.6909,-210.000,  , ,  , 
1558.7122, -47.390, 1558.7122, -53.161, 1558.7122, -50.054, 1558.7122, -43.543, 1558.7122,-210.000,  , ,  , 
1558.7334, -47.464, 1558.7334, -53.199, 1558.7334, -49.882, 1558.7334, -43.477, 1558.7334,-210.000,  , ,  , 
1558.7547, -47.561, 1558.7547, -53.399, 1558.7547, -49.785, 1558.7547, -43.417, 1558.7547, -76.263,  , ,  , 
1558.7759, -47.636, 1558.7759, -53.394, 1558.7759, -49.667, 1558.7759, -43.362, 1558.7759,-210.000,  , ,  , 
1558.7972, -47.716, 1558.7972, -53.460, 1558.7972, -49.551, 1558.7972, -43.303, 1558.7972, -72.821,  , ,  , 
1558.8185, -47.838, 1558.8185, -53.601, 1558.8185, -49.441, 1558.8185, -43.244, 1558.8185, -89.672,  , ,  , 
1558.8397, -47.901, 1558.8397, -53.678, 1558.8397, -49.323, 1558.8397, -43.185, 1558.8397,-210.000,  , ,  , 
1558.8610, -47.987, 1558.8610, -53.753, 1558.8610, -49.193, 1558.8610, -43.128, 1558.8610,-210.000,  , ,  , 
1558.8822, -48.076, 1558.8822, -53.833, 1558.8822, -49.084, 1558.8822, -43.071, 1558.8822, -77.634,  , ,  , 
1558.9035, -48.184, 1558.9035, -53.933, 1558.9035, -48.984, 1558.9035, -43.015, 1558.9035,-210.000,  , ,  , 
1558.9247, -48.268, 1558.9247, -53.945, 1558.9247, -48.870, 1558.9247, -42.960, 1558.9247, -76.617,  , ,  , 
1558.9460, -48.349, 1558.9460, -54.037, 1558.9460, -48.763, 1558.9460, -42.908, 1558.9460, -73.880,  , ,  , 
1558.9672, -48.463, 1558.9672, -54.113, 1558.9672, -48.655, 1558.9672, -42.854, 1558.9672, -83.100,  , ,  , 
1558.9885, -48.565, 1558.9885, -54.149, 1558.9885, -48.544, 1558.9885, -42.799, 1558.9885,-210.000,  , ,  , 
1559.0098, -48.651, 1559.0098, -54.194, 1559.0098, -48.449, 1559.0098, -42.754, 1559.0098,-210.000,  , ,  , 
1559.0310, -48.760, 1559.0310, -54.260, 1559.0310, -48.341, 1559.0310, -42.704, 1559.0310, -72.082,  , ,  , 
1559.0523, -48.859, 1559.0523, -54.315, 1559.0523, -48.243, 1559.0523, -42.655, 1559.0523, -79.762,  , ,  , 
1559.0735, -48.955, 1559.0735, -54.303, 1559.0735, -48.170, 1559.0735, -42.612, 1559.0735,-210.000,  , ,  , 
1559.0948, -49.021, 1559.0948, -54.336, 1559.0948, -48.060, 1559.0948, -42.566, 1559.0948, -71.236,  , ,  , 
1559.1160, -49.164, 1559.1160, -54.360, 1559.1160, -47.953, 1559.1160, -42.515, 1559.1160,-210.000,  , ,  , 
1559.1373, -49.255, 1559.1373, -54.352, 1559.1373, -47.879, 1559.1373, -42.468, 1559.1373, -79.141,  , ,  , 
1559.1585, -49.369, 1559.1585, -54.359, 1559.1585, -47.773, 1559.1585, -42.428, 1559.1585, -91.237,  , ,  , 
1559.1798, -49.448, 1559.1798, -54.367, 1559.1798, -47.684, 1559.1798, -42.382, 1559.1798,-210.000,  , ,  , 
1559.2011, -49.572, 1559.2011, -54.364, 1559.2011, -47.607, 1559.2011, -42.335, 1559.2011,-210.000,  , ,  , 
1559.2223, -49.679, 1559.2223, -54.341, 1559.2223, -47.515, 1559.2223, -42.296, 1559.2223,-210.000,  , ,  , 
1559.2436, -49.772, 1559.2436, -54.308, 1559.2436, -47.432, 1559.2436, -42.250, 1559.2436,-210.000,  , ,  , 
1559.2648, -49.887, 1559.2648, -54.338, 1559.2648, -47.340, 1559.2648, -42.207, 1559.2648, -74.341,  , ,  , 
1559.2861, -49.995, 1559.2861, -54.252, 1559.2861, -47.237, 1559.2861, -42.169, 1559.2861,-210.000,  , ,  , 
1559.3073, -50.093, 1559.3073, -54.216, 1559.3073, -47.183, 1559.3073, -42.125, 1559.3073,-210.000,  , ,  , 
1559.3286, -50.213, 1559.3286, -54.169, 1559.3286, -47.082, 1559.3286, -42.083, 1559.3286, -73.544,  , ,  , 
1559.3498, -50.319, 1559.3498, -54.149, 1559.3498, -47.008, 1559.3498, -42.039, 1559.3498,-210.000,  , ,  , 
1559.3711, -50.417, 1559.3711, -54.080, 1559.3711, -46.917, 1559.3711, -42.003, 1559.3711,-210.000,  , ,  , 
1559.3923, -50.518, 1559.3923, -54.036, 1559.3923, -46.847, 1559.3923, -41.954, 1559.3923,-210.000,  , ,  , 
1559.4136, -50.643, 1559.4136, -53.953, 1559.4136, -46.758, 1559.4136, -41.913, 1559.4136, -77.678,  , ,  , 
1559.4349, -50.776, 1559.4349, -53.959, 1559.4349, -46.684, 1559.4349, -41.878, 1559.4349, -74.616,  , ,  , 
1559.4561, -50.854, 1559.4561, -53.827, 1559.4561, -46.609, 1559.4561, -41.840, 1559.4561,-210.000,  , ,  , 
1559.4774, -50.942, 1559.4774, -53.776, 1559.4774, -46.521, 1559.4774, -41.797, 1559.4774, -72.516,  , ,  , 
1559.4986, -51.075, 1559.4986, -53.765, 1559.4986, -46.454, 1559.4986, -41.762, 1559.4986, -76.221,  , ,  , 
1559.5199, -51.198, 1559.5199, -53.602, 1559.5199, -46.370, 1559.5199, -41.721, 1559.5199, -77.454,  , ,  , 
1559.5411, -51.285, 1559.5411, -53.492, 1559.5411, -46.304, 1559.5411, -41.682, 1559.5411, -76.813,  , ,  , 
1559.5624, -51.448, 1559.5624, -53.442, 1559.5624, -46.215, 1559.5624, -41.642, 1559.5624, -73.801,  , ,  , 
1559.5836, -51.521, 1559.5836, -53.333, 1559.5836, -46.140, 1559.5836, -41.599, 1559.5836,-210.000,  , ,  , 
1559.6049, -51.623, 1559.6049, -53.265, 1559.6049, -46.068, 1559.6049, -41.565, 1559.6049,-210.000,  , ,  , 
1559.6262, -51.780, 1559.6262, -53.105, 1559.6262, -45.990, 1559.6262, -41.523, 1559.6262, -77.644,  , ,  , 
1559.6474, -51.902, 1559.6474, -53.052, 1559.6474, -45.915, 1559.6474, -41.483, 1559.6474, -80.770,  , ,  , 
1559.6687, -52.011, 1559.6687, -52.944, 1559.6687, -45.841, 1559.6687, -41.442, 1559.6687,-210.000,  , ,  , 
1559.6899, -52.115, 1559.6899, -52.858, 1559.6899, -45.770, 1559.6899, -41.406, 1559.6899, -74.398,  , ,  , 
1559.7112, -52.219, 1559.7112, -52.738, 1559.7112, -45.693, 1559.7112, -41.369, 1559.7112,-210.000,  , ,  , 
1559.7324, -52.360, 1559.7324, -52.596, 1559.7324, -45.617, 1559.7324, -41.327, 1559.7324,-210.000,  , ,  , 
1559.7537, -52.447, 1559.7537, -52.517, 1559.7537, -45.551, 1559.7537, -41.293, 1559.7537,-210.000,  , ,  , 
1559.7749, -52.574, 1559.7749, -52.367, 1559.7749, -45.477, 1559.7749, -41.251, 1559.7749, -76.858,  , ,  , 
1559.7962, -52.686, 1559.7962, -52.308, 1559.7962, -45.400, 1559.7962, -41.214, 1559.7962, -77.247,  , ,  , 
1559.8175, -52.819, 1559.8175, -52.178, 1559.8175, -45.342, 1559.8175, -41.177, 1559.8175,-210.000,  , ,  , 
1559.8387, -52.908, 1559.8387, -52.047, 1559.8387, -45.260, 1559.8387, -41.139, 1559.8387,-210.000,  , ,  , 
1559.8600, -53.004, 1559.8600, -51.927, 1559.8600, -45.194, 1559.8600, -41.104, 1559.8600, -80.250,  , ,  , 
1559.8812, -53.124, 1559.8812, -51.861, 1559.8812, -45.132, 1559.8812, -41.069, 1559.8812, -88.481,  , ,  , 
1559.9025, -53.220, 1559.9025, -51.722, 1559.9025, -45.064, 1559.9025, -41.032, 1559.9025,-210.000,  , ,  , 
1559.9237, -53.317, 1559.9237, -51.618, 1559.9237, -45.002, 1559.9237, -40.997, 1559.9237, -76.634,  , ,  , 
1559.9450, -53.432, 1559.9450, -51.499, 1559.9450, -44.938, 1559.9450, -40.965, 1559.9450,-104.031,  , ,  , 
1559.9662, -53.539, 1559.9662, -51.411, 1559.9662, -44.868, 1559.9662, -40.929, 1559.9662,-210.000,  , ,  , 
1559.9875, -53.603, 1559.9875, -51.307, 1559.9875, -44.819, 1559.9875, -40.896, 1559.9875,-210.000,  , ,  , 
1560.0088, -53.753, 1560.0088, -51.185, 1560.0088, -44.745, 1560.0088, -40.860, 1560.0088, -75.279,  , ,  , 
1560.0300, -53.780, 1560.0300, -51.081, 1560.0300, -44.687, 1560.0300, -40.830, 1560.0300, -75.490,  , ,  , 
1560.0513, -53.895, 1560.0513, -50.976, 1560.0513, -44.632, 1560.0513, -40.797, 1560.0513, -73.297,  , ,  , 
1560.0725, -53.986, 1560.0725, -50.836, 1560.0725, -44.572, 1560.0725, -40.768, 1560.0725,-210.000,  , ,  , 
1560.0938, -54.109, 1560.0938, -50.743, 1560.0938, -44.511, 1560.0938, -40.736, 1560.0938, -73.865,  , ,  , 
1560.1150, -54.175, 1560.1150, -50.656, 1560.1150, -44.459, 1560.1150, -40.708, 1560.1150,-210.000,  , ,  , 
1560.1363, -54.291, 1560.1363, -50.536, 1560.1363, -44.397, 1560.1363, -40.678, 1560.1363, -77.515,  , ,  , 
1560.1575, -54.331, 1560.1575, -50.420, 1560.1575, -44.340, 1560.1575, -40.649, 1560.1575, -82.957,  , ,  , 
1560.1788, -54.445, 1560.1788, -50.320, 1560.1788, -44.282, 1560.1788, -40.623, 1560.1788, -76.301,  , ,  , 
1560.2001, -54.435, 1560.2001, -50.222, 1560.2001, -44.232, 1560.2001, -40.596, 1560.2001,-210.000,  , ,  , 
1560.2213, -54.580, 1560.2213, -50.110, 1560.2213, -44.178, 1560.2213, -40.567, 1560.2213, -80.419,  , ,  , 
1560.2426, -54.555, 1560.2426, -49.995, 1560.2426, -44.119, 1560.2426, -40.541, 1560.2426, -76.502,  , ,  , 
1560.2638, -54.707, 1560.2638, -49.899, 1560.2638, -44.065, 1560.2638, -40.512, 1560.2638,-210.000,  , ,  , 
1560.2851, -54.745, 1560.2851, -49.807, 1560.2851, -44.018, 1560.2851, -40.485, 1560.2851,-210.000,  , ,  , 
1560.3063, -54.742, 1560.3063, -49.690, 1560.3063, -43.964, 1560.3063, -40.459, 1560.3063,-210.000,  , ,  , 
1560.3276, -54.823, 1560.3276, -49.594, 1560.3276, -43.918, 1560.3276, -40.436, 1560.3276,-210.000,  , ,  , 
1560.3488, -54.842, 1560.3488, -49.508, 1560.3488, -43.864, 1560.3488, -40.408, 1560.3488,-210.000,  , ,  , 
1560.3701, -54.897, 1560.3701, -49.394, 1560.3701, -43.816, 1560.3701, -40.388, 1560.3701, -77.435,  , ,  , 
1560.3913, -54.905, 1560.3913, -49.323, 1560.3913, -43.772, 1560.3913, -40.365, 1560.3913, -77.225,  , ,  , 
1560.4126, -54.943, 1560.4126, -49.214, 1560.4126, -43.718, 1560.4126, -40.340, 1560.4126,-210.000,  , ,  , 
1560.4339, -54.889, 1560.4339, -49.117, 1560.4339, -43.667, 1560.4339, -40.318, 1560.4339,-210.000,  , ,  , 
1560.4551, -54.990, 1560.4551, -49.035, 1560.4551, -43.625, 1560.4551, -40.294, 1560.4551,-210.000,  , ,  , 
1560.4764, -54.955, 1560.4764, -48.916, 1560.4764, -43.575, 1560.4764, -40.272, 1560.4764, -75.556,  , ,  , 
1560.4976, -54.971, 1560.4976, -48.853, 1560.4976, -43.532, 1560.4976, -40.252, 1560.4976,-210.000,  , ,  , 
1560.5189, -54.973, 1560.5189, -48.755, 1560.5189, -43.493, 1560.5189, -40.230, 1560.5189,-210.000,  , ,  , 
1560.5401, -54.938, 1560.5401, -48.657, 1560.5401, -43.444, 1560.5401, -40.210, 1560.5401, -77.519,  , ,  , 
1560.5614, -54.876, 1560.5614, -48.563, 1560.5614, -43.402, 1560.5614, -40.193, 1560.5614,-210.000,  , ,  , 
1560.5826, -54.847, 1560.5826, -48.470, 1560.5826, -43.363, 1560.5826, -40.173, 1560.5826, -75.457,  , ,  , 
1560.6039, -54.899, 1560.6039, -48.413, 1560.6039, -43.316, 1560.6039, -40.155, 1560.6039,-210.000,  , ,  , 
1560.6252, -54.798, 1560.6252, -48.306, 1560.6252, -43.277, 1560.6252, -40.137, 1560.6252, -74.697,  , ,  , 
1560.6464, -54.775, 1560.6464, -48.242, 1560.6464, -43.237, 1560.6464, -40.121, 1560.6464,-210.000,  , ,  , 
1560.6677, -54.720, 1560.6677, -48.135, 1560.6677, -43.198, 1560.6677, -40.103, 1560.6677, -72.781,  , ,  , 
1560.6889, -54.678, 1560.6889, -48.047, 1560.6889, -43.159, 1560.6889, -40.085, 1560.6889,-210.000,  , ,  , 
1560.7102, -54.624, 1560.7102, -47.989, 1560.7102, -43.119, 1560.7102, -40.069, 1560.7102, -81.539,  , ,  , 
1560.7314, -54.610, 1560.7314, -47.892, 1560.7314, -43.073, 1560.7314, -40.052, 1560.7314,-210.000,  , ,  , 
1560.7527, -54.488, 1560.7527, -47.819, 1560.7527, -43.033, 1560.7527, -40.033, 1560.7527,-210.000,  , ,  , 
1560.7739, -54.440, 1560.7739, -47.738, 1560.7739, -42.996, 1560.7739, -40.018, 1560.7739,-210.000,  , ,  , 
1560.7952, -54.359, 1560.7952, -47.668, 1560.7952, -42.965, 1560.7952, -40.000, 1560.7952,-210.000,  , ,  , 
1560.8165, -54.309, 1560.8165, -47.577, 1560.8165, -42.928, 1560.8165, -39.988, 1560.8165,-210.000,  , ,  , 
1560.8377, -54.189, 1560.8377, -47.500, 1560.8377, -42.890, 1560.8377, -39.972, 1560.8377,-210.000,  , ,  , 
1560.8590, -54.211, 1560.8590, -47.434, 1560.8590, -42.849, 1560.8590, -39.954, 1560.8590,-210.000,  , ,  , 
1560.8802, -54.025, 1560.8802, -47.349, 1560.8802, -42.821, 1560.8802, -39.943, 1560.8802, -77.261,  , ,  , 
1560.9015, -53.939, 1560.9015, -47.280, 1560.9015, -42.781, 1560.9015, -39.926, 1560.9015, -80.654,  , ,  , 
1560.9227, -53.864, 1560.9227, -47.199, 1560.9227, -42.744, 1560.9227, -39.911, 1560.9227, -74.235,  , ,  , 
1560.9440, -53.762, 1560.9440, -47.141, 1560.9440, -42.711, 1560.9440, -39.896, 1560.9440,-210.000,  , ,  , 
1560.9652, -53.715, 1560.9652, -47.067, 1560.9652, -42.675, 1560.9652, -39.878, 1560.9652, -79.326,  , ,  , 
1560.9865, -53.562, 1560.9865, -46.993, 1560.9865, -42.638, 1560.9865, -39.868, 1560.9865,-210.000,  , ,  , 
1561.0078, -53.487, 1561.0078, -46.922, 1561.0078, -42.606, 1561.0078, -39.853, 1561.0078, -73.788,  , ,  , 
1561.0290, -53.387, 1561.0290, -46.852, 1561.0290, -42.572, 1561.0290, -39.841, 1561.0290,-210.000,  , ,  , 
1561.0503, -53.303, 1561.0503, -46.769, 1561.0503, -42.537, 1561.0503, -39.823, 1561.0503,-210.000,  , ,  , 
1561.0715, -53.175, 1561.0715, -46.705, 1561.0715, -42.508, 1561.0715, -39.813, 1561.0715, -77.368,  , ,  , 
1561.0928, -53.056, 1561.0928, -46.634, 1561.0928, -42.471, 1561.0928, -39.799, 1561.0928, -73.721,  , ,  , 
1561.1140, -52.977, 1561.1140, -46.568, 1561.1140, -42.440, 1561.1140, -39.788, 1561.1140,-210.000,  , ,  , 
1561.1353, -52.852, 1561.1353, -46.487, 1561.1353, -42.404, 1561.1353, -39.768, 1561.1353, -78.279,  , ,  , 
1561.1565, -52.756, 1561.1565, -46.421, 1561.1565, -42.373, 1561.1565, -39.757, 1561.1565, -75.365,  , ,  , 
1561.1778, -52.648, 1561.1778, -46.361, 1561.1778, -42.340, 1561.1778, -39.744, 1561.1778, -75.841,  , ,  , 
1561.1990, -52.538, 1561.1990, -46.277, 1561.1990, -42.306, 1561.1990, -39.726, 1561.1990, -80.072,  , ,  , 
1561.2203, -52.449, 1561.2203, -46.213, 1561.2203, -42.272, 1561.2203, -39.713, 1561.2203, -74.461,  , ,  , 
1561.2416, -52.322, 1561.2416, -46.155, 1561.2416, -42.234, 1561.2416, -39.700, 1561.2416,-210.000,  , ,  , 
1561.2628, -52.218, 1561.2628, -46.080, 1561.2628, -42.204, 1561.2628, -39.682, 1561.2628, -79.156,  , ,  , 
1561.2841, -52.113, 1561.2841, -46.011, 1561.2841, -42.174, 1561.2841, -39.672, 1561.2841, -78.195,  , ,  , 
1561.3053, -52.000, 1561.3053, -45.957, 1561.3053, -42.137, 1561.3053, -39.659, 1561.3053, -84.322,  , ,  , 
1561.3266, -51.904, 1561.3266, -45.893, 1561.3266, -42.108, 1561.3266, -39.641, 1561.3266,-210.000,  , ,  , 
1561.3478, -51.813, 1561.3478, -45.824, 1561.3478, -42.073, 1561.3478, -39.631, 1561.3478, -78.070,  , ,  , 
1561.3691, -51.683, 1561.3691, -45.759, 1561.3691, -42.047, 1561.3691, -39.615, 1561.3691, -81.305,  , ,  , 
1561.3903, -51.568, 1561.3903, -45.714, 1561.3903, -42.013, 1561.3903, -39.603, 1561.3903, -84.456,  , ,  , 
1561.4116, -51.462, 1561.4116, -45.646, 1561.4116, -41.990, 1561.4116, -39.593, 1561.4116, -81.962,  , ,  , 
1561.4329, -51.365, 1561.4329, -45.587, 1561.4329, -41.954, 1561.4329, -39.578, 1561.4329, -75.953,  , ,  , 
1561.4541, -51.255, 1561.4541, -45.527, 1561.4541, -41.926, 1561.4541, -39.568, 1561.4541, -78.662,  , ,  , 
1561.4754, -51.147, 1561.4754, -45.468, 1561.4754, -41.900, 1561.4754, -39.558, 1561.4754,-210.000,  , ,  , 
1561.4966, -51.076, 1561.4966, -45.421, 1561.4966, -41.875, 1561.4966, -39.551, 1561.4966, -79.728,  , ,  , 
1561.5179, -50.979, 1561.5179, -45.369, 1561.5179, -41.848, 1561.5179, -39.541, 1561.5179,-210.000,  , ,  , 
1561.5391, -50.855, 1561.5391, -45.307, 1561.5391, -41.824, 1561.5391, -39.533, 1561.5391, -86.064,  , ,  , 
1561.5604, -50.790, 1561.5604, -45.264, 1561.5604, -41.799, 1561.5604, -39.523, 1561.5604, -73.852,  , ,  , 
1561.5816, -50.670, 1561.5816, -45.209, 1561.5816, -41.777, 1561.5816, -39.515, 1561.5816, -90.701,  , ,  , 
1561.6029, -50.576, 1561.6029, -45.155, 1561.6029, -41.747, 1561.6029, -39.503, 1561.6029, -75.129,  , ,  , 
1561.6242, -50.492, 1561.6242, -45.114, 1561.6242, -41.730, 1561.6242, -39.499, 1561.6242,-210.000,  , ,  , 
1561.6454, -50.401, 1561.6454, -45.057, 1561.6454, -41.705, 1561.6454, -39.490, 1561.6454, -79.422,  , ,  , 
1561.6667, -50.303, 1561.6667, -45.008, 1561.6667, -41.683, 1561.6667, -39.487, 1561.6667, -73.542,  , ,  , 
1561.6879, -50.198, 1561.6879, -44.963, 1561.6879, -41.658, 1561.6879, -39.480, 1561.6879, -71.664,  , ,  , 
1561.7092, -50.128, 1561.7092, -44.915, 1561.7092, -41.642, 1561.7092, -39.472, 1561.7092, -81.375,  , ,  , 
1561.7304, -50.040, 1561.7304, -44.864, 1561.7304, -41.618, 1561.7304, -39.467, 1561.7304, -74.543,  , ,  , 
1561.7517, -49.956, 1561.7517, -44.820, 1561.7517, -41.596, 1561.7517, -39.466, 1561.7517,-210.000,  , ,  , 
1561.7729, -49.845, 1561.7729, -44.780, 1561.7729, -41.580, 1561.7729, -39.459, 1561.7729, -88.163,  , ,  , 
1561.7942, -49.785, 1561.7942, -44.736, 1561.7942, -41.559, 1561.7942, -39.457, 1561.7942,-210.000,  , ,  , 
1561.8155, -49.701, 1561.8155, -44.690, 1561.8155, -41.541, 1561.8155, -39.451, 1561.8155,-210.000,  , ,  , 
1561.8367, -49.583, 1561.8367, -44.640, 1561.8367, -41.519, 1561.8367, -39.445, 1561.8367,-210.000,  , ,  , 
1561.8580, -49.513, 1561.8580, -44.599, 1561.8580, -41.502, 1561.8580, -39.443, 1561.8580, -86.373,  , ,  , 
1561.8792, -49.424, 1561.8792, -44.551, 1561.8792, -41.482, 1561.8792, -39.440, 1561.8792, -75.328,  , ,  , 
1561.9005, -49.332, 1561.9005, -44.507, 1561.9005, -41.465, 1561.9005, -39.436, 1561.9005,-210.000,  , ,  , 
1561.9217, -49.252, 1561.9217, -44.471, 1561.9217, -41.451, 1561.9217, -39.436, 1561.9217,-210.000,  , ,  , 
1561.9430, -49.195, 1561.9430, -44.431, 1561.9430, -41.431, 1561.9430, -39.432, 1561.9430,-210.000,  , ,  , 
1561.9642, -49.094, 1561.9642, -44.389, 1561.9642, -41.413, 1561.9642, -39.430, 1561.9642, -72.530,  , ,  , 
1561.9855, -49.011, 1561.9855, -44.358, 1561.9855, -41.399, 1561.9855, -39.427, 1561.9855,-210.000,  , ,  , 
1562.0068, -48.942, 1562.0068, -44.316, 1562.0068, -41.382, 1562.0068, -39.425, 1562.0068,-210.000,  , ,  , 
1562.0280, -48.872, 1562.0280, -44.277, 1562.0280, -41.368, 1562.0280, -39.423, 1562.0280,-210.000,  , ,  , 
1562.0493, -48.778, 1562.0493, -44.235, 1562.0493, -41.353, 1562.0493, -39.423, 1562.0493, -72.734,  , ,  , 
1562.0705, -48.712, 1562.0705, -44.206, 1562.0705, -41.339, 1562.0705, -39.425, 1562.0705, -81.410,  , ,  , 
1562.0918, -48.640, 1562.0918, -44.167, 1562.0918, -41.326, 1562.0918, -39.422, 1562.0918,-210.000,  , ,  , 
1562.1130, -48.558, 1562.1130, -44.125, 1562.1130, -41.310, 1562.1130, -39.421, 1562.1130, -75.917,  , ,  , 
1562.1343, -48.477, 1562.1343, -44.095, 1562.1343, -41.297, 1562.1343, -39.419, 1562.1343,-210.000,  , ,  , 
1562.1555, -48.420, 1562.1555, -44.062, 1562.1555, -41.284, 1562.1555, -39.417, 1562.1555,-210.000,  , ,  , 
1562.1768, -48.354, 1562.1768, -44.025, 1562.1768, -41.273, 1562.1768, -39.420, 1562.1768, -74.902,  , ,  , 
1562.1980, -48.273, 1562.1980, -43.991, 1562.1980, -41.259, 1562.1980, -39.421, 1562.1980, -73.404,  , ,  , 
1562.2193, -48.216, 1562.2193, -43.959, 1562.2193, -41.241, 1562.2193, -39.422, 1562.2193, -76.186,  , ,  , 
1562.2406, -48.146, 1562.2406, -43.928, 1562.2406, -41.237, 1562.2406, -39.424, 1562.2406, -75.697,  , ,  , 
1562.2618, -48.081, 1562.2618, -43.892, 1562.2618, -41.225, 1562.2618, -39.427, 1562.2618, -86.397,  , ,  , 
1562.2831, -48.005, 1562.2831, -43.860, 1562.2831, -41.210, 1562.2831, -39.425, 1562.2831,-210.000,  , ,  , 
1562.3043, -47.931, 1562.3043, -43.830, 1562.3043, -41.202, 1562.3043, -39.424, 1562.3043, -79.659,  , ,  , 
1562.3256, -47.875, 1562.3256, -43.802, 1562.3256, -41.190, 1562.3256, -39.427, 1562.3256, -74.487,  , ,  , 
1562.3468, -47.809, 1562.3468, -43.767, 1562.3468, -41.170, 1562.3468, -39.432, 1562.3468,-210.000,  , ,  , 
1562.3681, -47.743, 1562.3681, -43.736, 1562.3681, -41.164, 1562.3681, -39.427, 1562.3681,-210.000,  , ,  , 
1562.3893, -47.677, 1562.3893, -43.706, 1562.3893, -41.159, 1562.3893, -39.432, 1562.3893, -75.408,  , ,  , 
1562.4106, -47.625, 1562.4106, -43.674, 1562.4106, -41.148, 1562.4106, -39.436, 1562.4106,-210.000,  , ,  , 
1562.4319, -47.558, 1562.4319, -43.650, 1562.4319, -41.134, 1562.4319, -39.435, 1562.4319, -76.415,  , ,  , 
1562.4531, -47.502, 1562.4531, -43.621, 1562.4531, -41.129, 1562.4531, -39.441, 1562.4531,-210.000,  , ,  , 
1562.4744, -47.440, 1562.4744, -43.584, 1562.4744, -41.121, 1562.4744, -39.442, 1562.4744,-210.000,  , ,  , 
1562.4956, -47.377, 1562.4956, -43.558, 1562.4956, -41.104, 1562.4956, -39.446, 1562.4956, -75.740,  , ,  , 
1562.5169, -47.315, 1562.5169, -43.534, 1562.5169, -41.100, 1562.5169, -39.448, 1562.5169,-210.000,  , ,  , 
1562.5381, -47.259, 1562.5381, -43.506, 1562.5381, -41.092, 1562.5381, -39.449, 1562.5381,-210.000,  , ,  , 
1562.5594, -47.196, 1562.5594, -43.468, 1562.5594, -41.082, 1562.5594, -39.450, 1562.5594, -81.042,  , ,  , 
1562.5806, -47.120, 1562.5806, -43.443, 1562.5806, -41.066, 1562.5806, -39.450, 1562.5806, -75.918,  , ,  , 
1562.6019, -47.069, 1562.6019, -43.415, 1562.6019, -41.057, 1562.6019, -39.452, 1562.6019, -76.138,  , ,  , 
1562.6232, -47.013, 1562.6232, -43.385, 1562.6232, -41.047, 1562.6232, -39.454, 1562.6232, -82.416,  , ,  , 
1562.6444, -46.954, 1562.6444, -43.354, 1562.6444, -41.035, 1562.6444, -39.453, 1562.6444, -99.318,  , ,  , 
1562.6657, -46.887, 1562.6657, -43.331, 1562.6657, -41.024, 1562.6657, -39.454, 1562.6657, -76.226,  , ,  , 
1562.6869, -46.836, 1562.6869, -43.298, 1562.6869, -41.017, 1562.6869, -39.454, 1562.6869, -78.339,  , ,  , 
1562.7082, -46.784, 1562.7082, -43.270, 1562.7082, -41.004, 1562.7082, -39.451, 1562.7082, -76.623,  , ,  , 
1562.7294, -46.717, 1562.7294, -43.244, 1562.7294, -40.992, 1562.7294, -39.454, 1562.7294, -74.063,  , ,  , 
1562.7507, -46.673, 1562.7507, -43.223, 1562.7507, -40.985, 1562.7507, -39.457, 1562.7507, -75.061,  , ,  , 
1562.7719, -46.611, 1562.7719, -43.195, 1562.7719, -40.978, 1562.7719, -39.458, 1562.7719,-210.000,  , ,  , 
1562.7932, -46.559, 1562.7932, -43.163, 1562.7932, -40.967, 1562.7932, -39.457, 1562.7932, -73.301,  , ,  , 
1562.8145, -46.499, 1562.8145, -43.143, 1562.8145, -40.957, 1562.8145, -39.459, 1562.8145, -75.832,  , ,  , 
1562.8357, -46.453, 1562.8357, -43.123, 1562.8357, -40.952, 1562.8357, -39.462, 1562.8357,-210.000,  , ,  , 
1562.8570, -46.409, 1562.8570, -43.093, 1562.8570, -40.941, 1562.8570, -39.462, 1562.8570,-210.000,  , ,  , 
1562.8782, -46.346, 1562.8782, -43.083, 1562.8782, -40.939, 1562.8782, -39.470, 1562.8782, -76.837,  , ,  , 
1562.8995, -46.299, 1562.8995, -43.054, 1562.8995, -40.929, 1562.8995, -39.472, 1562.8995,-210.000,  , ,  , 
1562.9207, -46.263, 1562.9207, -43.036, 1562.9207, -40.926, 1562.9207, -39.477, 1562.9207,-210.000,  , ,  , 
1562.9420, -46.211, 1562.9420, -43.017, 1562.9420, -40.920, 1562.9420, -39.484, 1562.9420, -77.376,  , ,  , 
1562.9632, -46.165, 1562.9632, -42.996, 1562.9632, -40.913, 1562.9632, -39.487, 1562.9632,-210.000,  , ,  , 
1562.9845, -46.126, 1562.9845, -42.984, 1562.9845, -40.910, 1562.9845, -39.493, 1562.9845, -82.179,  , ,  , 
1563.0058, -46.079, 1563.0058, -42.962, 1563.0058, -40.910, 1563.0058, -39.498, 1563.0058,-210.000,  , ,  , 
1563.0270, -46.030, 1563.0270, -42.944, 1563.0270, -40.904, 1563.0270, -39.503, 1563.0270, -74.442,  , ,  , 
1563.0483, -45.993, 1563.0483, -42.929, 1563.0483, -40.903, 1563.0483, -39.510, 1563.0483,-210.000,  , ,  , 
1563.0695, -45.966, 1563.0695, -42.912, 1563.0695, -40.900, 1563.0695, -39.516, 1563.0695,-210.000,  , ,  , 
1563.0908, -45.914, 1563.0908, -42.900, 1563.0908, -40.897, 1563.0908, -39.523, 1563.0908, -78.745,  , ,  , 
1563.1120, -45.864, 1563.1120, -42.884, 1563.1120, -40.893, 1563.1120, -39.530, 1563.1120, -93.922,  , ,  , 
1563.1333, -45.840, 1563.1333, -42.868, 1563.1333, -40.892, 1563.1333, -39.539, 1563.1333,-210.000,  , ,  , 
1563.1545, -45.804, 1563.1545, -42.855, 1563.1545, -40.893, 1563.1545, -39.547, 1563.1545, -77.456,  , ,  , 
1563.1758, -45.758, 1563.1758, -42.841, 1563.1758, -40.892, 1563.1758, -39.552, 1563.1758, -75.566,  , ,  , 
1563.1970, -45.725, 1563.1970, -42.828, 1563.1970, -40.894, 1563.1970, -39.560, 1563.1970, -91.470,  , ,  , 
1563.2183, -45.694, 1563.2183, -42.820, 1563.2183, -40.890, 1563.2183, -39.572, 1563.2183,-210.000,  , ,  , 
1563.2396, -45.656, 1563.2396, -42.804, 1563.2396, -40.893, 1563.2396, -39.579, 1563.2396, -78.734,  , ,  , 
1563.2608, -45.606, 1563.2608, -42.788, 1563.2608, -40.891, 1563.2608, -39.585, 1563.2608, -74.107,  , ,  , 
1563.2821, -45.586, 1563.2821, -42.783, 1563.2821, -40.891, 1563.2821, -39.593, 1563.2821, -76.266,  , ,  , 
1563.3033, -45.557, 1563.3033, -42.766, 1563.3033, -40.893, 1563.3033, -39.603, 1563.3033,-210.000,  , ,  , 
1563.3246, -45.512, 1563.3246, -42.752, 1563.3246, -40.894, 1563.3246, -39.611, 1563.3246, -72.773,  , ,  , 
1563.3458, -45.481, 1563.3458, -42.751, 1563.3458, -40.897, 1563.3458, -39.623, 1563.3458,-210.000,  , ,  , 
1563.3671, -45.453, 1563.3671, -42.735, 1563.3671, -40.898, 1563.3671, -39.631, 1563.3671,-210.000,  , ,  , 
1563.3883, -45.420, 1563.3883, -42.730, 1563.3883, -40.901, 1563.3883, -39.642, 1563.3883,-210.000,  , ,  , 
1563.4096, -45.383, 1563.4096, -42.716, 1563.4096, -40.900, 1563.4096, -39.651, 1563.4096,-210.000,  , ,  , 
1563.4309, -45.356, 1563.4309, -42.713, 1563.4309, -40.905, 1563.4309, -39.660, 1563.4309, -78.942,  , ,  , 
1563.4521, -45.325, 1563.4521, -42.697, 1563.4521, -40.906, 1563.4521, -39.669, 1563.4521,-210.000,  , ,  , 
1563.4734, -45.287, 1563.4734, -42.690, 1563.4734, -40.911, 1563.4734, -39.678, 1563.4734,-210.000,  , ,  , 
1563.4946, -45.254, 1563.4946, -42.685, 1563.4946, -40.913, 1563.4946, -39.691, 1563.4946,-210.000,  , ,  , 
1563.5159, -45.226, 1563.5159, -42.676, 1563.5159, -40.914, 1563.5159, -39.699, 1563.5159,-210.000,  , ,  , 
1563.5371, -45.194, 1563.5371, -42.664, 1563.5371, -40.918, 1563.5371, -39.706, 1563.5371,-210.000,  , ,  , 
1563.5584, -45.168, 1563.5584, -42.656, 1563.5584, -40.919, 1563.5584, -39.719, 1563.5584, -79.376,  , ,  , 
1563.5796, -45.141, 1563.5796, -42.655, 1563.5796, -40.924, 1563.5796, -39.728, 1563.5796,-210.000,  , ,  , 
1563.6009, -45.118, 1563.6009, -42.646, 1563.6009, -40.927, 1563.6009, -39.736, 1563.6009, -78.132,  , ,  , 
1563.6222, -45.085, 1563.6222, -42.642, 1563.6222, -40.932, 1563.6222, -39.752, 1563.6222,-210.000,  , ,  , 
1563.6434, -45.058, 1563.6434, -42.632, 1563.6434, -40.936, 1563.6434, -39.762, 1563.6434, -79.536,  , ,  , 
1563.6647, -45.037, 1563.6647, -42.633, 1563.6647, -40.944, 1563.6647, -39.771, 1563.6647, -79.935,  , ,  , 
1563.6859, -45.018, 1563.6859, -42.623, 1563.6859, -40.947, 1563.6859, -39.782, 1563.6859,-210.000,  , ,  , 
1563.7072, -44.980, 1563.7072, -42.621, 1563.7072, -40.956, 1563.7072, -39.794, 1563.7072, -77.598,  , ,  , 
1563.7284, -44.967, 1563.7284, -42.620, 1563.7284, -40.959, 1563.7284, -39.802, 1563.7284,-210.000,  , ,  , 
1563.7497, -44.943, 1563.7497, -42.611, 1563.7497, -40.962, 1563.7497, -39.817, 1563.7497, -75.736,  , ,  , 
1563.7709, -44.914, 1563.7709, -42.608, 1563.7709, -40.971, 1563.7709, -39.827, 1563.7709, -73.853,  , ,  , 
1563.7922, -44.890, 1563.7922, -42.606, 1563.7922, -40.977, 1563.7922, -39.838, 1563.7922,-210.000,  , ,  , 
1563.8135, -44.873, 1563.8135, -42.606, 1563.8135, -40.982, 1563.8135, -39.851, 1563.8135,-210.000,  , ,  , 
1563.8347, -44.854, 1563.8347, -42.599, 1563.8347, -40.990, 1563.8347, -39.865, 1563.8347, -80.872,  , ,  , 
1563.8560, -44.822, 1563.8560, -42.596, 1563.8560, -40.998, 1563.8560, -39.873, 1563.8560,-210.000,  , ,  , 
1563.8772, -44.815, 1563.8772, -42.594, 1563.8772, -41.003, 1563.8772, -39.889, 1563.8772, -80.474,  , ,  , 
1563.8985, -44.787, 1563.8985, -42.595, 1563.8985, -41.008, 1563.8985, -39.900, 1563.8985,-210.000,  , ,  , 
1563.9197, -44.757, 1563.9197, -42.590, 1563.9197, -41.016, 1563.9197, -39.910, 1563.9197,-210.000,  , ,  , 
1563.9410, -44.736, 1563.9410, -42.585, 1563.9410, -41.021, 1563.9410, -39.920, 1563.9410, -75.873,  , ,  , 
1563.9622, -44.722, 1563.9622, -42.584, 1563.9622, -41.025, 1563.9622, -39.934, 1563.9622,-210.000,  , ,  , 
1563.9835, -44.690, 1563.9835, -42.580, 1563.9835, -41.034, 1563.9835, -39.943, 1563.9835,-210.000,  , ,  , 
1564.0048, -44.667, 1564.0048, -42.574, 1564.0048, -41.037, 1564.0048, -39.953, 1564.0048, -74.184,  , ,  , 
1564.0260, -44.654, 1564.0260, -42.574, 1564.0260, -41.041, 1564.0260, -39.962, 1564.0260,-210.000,  , ,  , 
1564.0473, -44.631, 1564.0473, -42.567, 1564.0473, -41.051, 1564.0473, -39.973, 1564.0473,-210.000,  , ,  , 
1564.0685, -44.611, 1564.0685, -42.562, 1564.0685, -41.053, 1564.0685, -39.983, 1564.0685, -82.145,  , ,  , 
1564.0898, -44.588, 1564.0898, -42.559, 1564.0898, -41.058, 1564.0898, -39.988, 1564.0898,-210.000,  , ,  , 
1564.1110, -44.576, 1564.1110, -42.561, 1564.1110, -41.065, 1564.1110, -39.997, 1564.1110,-210.000,  , ,  , 
1564.1323, -44.548, 1564.1323, -42.556, 1564.1323, -41.065, 1564.1323, -40.007, 1564.1323, -74.643,  , ,  , 
1564.1535, -44.524, 1564.1535, -42.553, 1564.1535, -41.067, 1564.1535, -40.015, 1564.1535, -82.621,  , ,  , 
1564.1748, -44.513, 1564.1748, -42.553, 1564.1748, -41.075, 1564.1748, -40.023, 1564.1748, -72.935,  , ,  , 
1564.1960, -44.496, 1564.1960, -42.555, 1564.1960, -41.081, 1564.1960, -40.033, 1564.1960, -84.420,  , ,  , 
1564.2173, -44.474, 1564.2173, -42.552, 1564.2173, -41.085, 1564.2173, -40.040, 1564.2173, -73.343,  , ,  , 
1564.2386, -44.457, 1564.2386, -42.558, 1564.2386, -41.092, 1564.2386, -40.049, 1564.2386, -78.963,  , ,  , 
1564.2598, -44.444, 1564.2598, -42.552, 1564.2598, -41.098, 1564.2598, -40.059, 1564.2598, -79.793,  , ,  , 
1564.2811, -44.428, 1564.2811, -42.558, 1564.2811, -41.107, 1564.2811, -40.068, 1564.2811, -79.177,  , ,  , 
1564.3023, -44.412, 1564.3023, -42.557, 1564.3023, -41.112, 1564.3023, -40.079, 1564.3023, -72.352,  , ,  , 
1564.3236, -44.404, 1564.3236, -42.557, 1564.3236, -41.119, 1564.3236, -40.090, 1564.3236, -74.743,  , ,  , 
1564.3448, -44.395, 1564.3448, -42.563, 1564.3448, -41.128, 1564.3448, -40.097, 1564.3448,-210.000,  , ,  , 
1564.3661, -44.378, 1564.3661, -42.571, 1564.3661, -41.137, 1564.3661, -40.111, 1564.3661, -74.029,  , ,  , 
1564.3873, -44.363, 1564.3873, -42.569, 1564.3873, -41.147, 1564.3873, -40.125, 1564.3873, -82.463,  , ,  , 
1564.4086, -44.360, 1564.4086, -42.574, 1564.4086, -41.156, 1564.4086, -40.134, 1564.4086, -81.477,  , ,  , 
1564.4299, -44.345, 1564.4299, -42.575, 1564.4299, -41.164, 1564.4299, -40.145, 1564.4299,-210.000,  , ,  , 
1564.4511, -44.335, 1564.4511, -42.584, 1564.4511, -41.171, 1564.4511, -40.160, 1564.4511, -90.081,  , ,  , 
1564.4724, -44.323, 1564.4724, -42.589, 1564.4724, -41.181, 1564.4724, -40.168, 1564.4724, -79.280,  , ,  , 
1564.4936, -44.319, 1564.4936, -42.593, 1564.4936, -41.194, 1564.4936, -40.185, 1564.4936,-210.000,  , ,  , 
1564.5149, -44.306, 1564.5149, -42.599, 1564.5149, -41.202, 1564.5149, -40.199, 1564.5149, -76.888,  , ,  , 
1564.5361, -44.291, 1564.5361, -42.608, 1564.5361, -41.217, 1564.5361, -40.210, 1564.5361,-210.000,  , ,  , 
1564.5574, -44.292, 1564.5574, -42.610, 1564.5574, -41.228, 1564.5574, -40.222, 1564.5574,-210.000,  , ,  , 
1564.5786, -44.282, 1564.5786, -42.623, 1564.5786, -41.237, 1564.5786, -40.235, 1564.5786,-210.000,  , ,  , 
1564.5999, -44.271, 1564.5999, -42.623, 1564.5999, -41.245, 1564.5999, -40.247, 1564.5999,-210.000,  , ,  , 
1564.6212, -44.264, 1564.6212, -42.630, 1564.6212, -41.256, 1564.6212, -40.261, 1564.6212, -81.532,  , ,  , 
1564.6424, -44.266, 1564.6424, -42.640, 1564.6424, -41.265, 1564.6424, -40.271, 1564.6424,-210.000,  , ,  , 
1564.6637, -44.247, 1564.6637, -42.645, 1564.6637, -41.280, 1564.6637, -40.285, 1564.6637,-210.000,  , ,  , 
1564.6849, -44.244, 1564.6849, -42.656, 1564.6849, -41.286, 1564.6849, -40.297, 1564.6849, -71.892,  , ,  , 
1564.7062, -44.242, 1564.7062, -42.666, 1564.7062, -41.298, 1564.7062, -40.312, 1564.7062, -78.614,  , ,  , 
1564.7274, -44.239, 1564.7274, -42.673, 1564.7274, -41.308, 1564.7274, -40.323, 1564.7274,-210.000,  , ,  , 
1564.7487, -44.230, 1564.7487, -42.679, 1564.7487, -41.321, 1564.7487, -40.338, 1564.7487, -76.115,  , ,  , 
1564.7699, -44.225, 1564.7699, -42.687, 1564.7699, -41.331, 1564.7699, -40.346, 1564.7699,-210.000,  , ,  , 
1564.7912, -44.230, 1564.7912, -42.701, 1564.7912, -41.347, 1564.7912, -40.363, 1564.7912,-210.000,  , ,  , 
1564.8125, -44.217, 1564.8125, -42.711, 1564.8125, -41.358, 1564.8125, -40.378, 1564.8125, -76.530,  , ,  , 
1564.8337, -44.216, 1564.8337, -42.716, 1564.8337, -41.372, 1564.8337, -40.390, 1564.8337, -73.586,  , ,  , 
1564.8550, -44.212, 1564.8550, -42.727, 1564.8550, -41.385, 1564.8550, -40.405, 1564.8550,-210.000,  , ,  , 
1564.8762, -44.215, 1564.8762, -42.736, 1564.8762, -41.395, 1564.8762, -40.418, 1564.8762, -80.920,  , ,  , 
1564.8975, -44.210, 1564.8975, -42.744, 1564.8975, -41.407, 1564.8975, -40.429, 1564.8975, -74.814,  , ,  , 
1564.9187, -44.204, 1564.9187, -42.757, 1564.9187, -41.421, 1564.9187, -40.441, 1564.9187,-210.000,  , ,  , 
1564.9400, -44.200, 1564.9400, -42.764, 1564.9400, -41.427, 1564.9400, -40.458, 1564.9400,-210.000,  , ,  , 
1564.9612, -44.203, 1564.9612, -42.779, 1564.9612, -41.445, 1564.9612, -40.473, 1564.9612,-210.000,  , ,  , 
1564.9825, -44.196, 1564.9825, -42.783, 1564.9825, -41.455, 1564.9825, -40.483, 1564.9825, -74.403,  , ,  , 
1565.0038, -44.205, 1565.0038, -42.799, 1565.0038, -41.469, 1565.0038, -40.502, 1565.0038, -77.361,  , ,  , 
1565.0250, -44.202, 1565.0250, -42.808, 1565.0250, -41.481, 1565.0250, -40.515, 1565.0250,-210.000,  , ,  , 
1565.0463, -44.198, 1565.0463, -42.815, 1565.0463, -41.495, 1565.0463, -40.527, 1565.0463,-210.000,  , ,  , 
1565.0675, -44.198, 1565.0675, -42.831, 1565.0675, -41.507, 1565.0675, -40.543, 1565.0675,-210.000,  , ,  , 
1565.0888, -44.204, 1565.0888, -42.838, 1565.0888, -41.519, 1565.0888, -40.555, 1565.0888,-210.000,  , ,  , 
1565.1100, -44.197, 1565.1100, -42.849, 1565.1100, -41.533, 1565.1100, -40.565, 1565.1100, -76.275,  , ,  , 
1565.1313, -44.192, 1565.1313, -42.862, 1565.1313, -41.545, 1565.1313, -40.581, 1565.1313,-210.000,  , ,  , 
1565.1525, -44.200, 1565.1525, -42.874, 1565.1525, -41.556, 1565.1525, -40.591, 1565.1525, -75.612,  , ,  , 
1565.1738, -44.196, 1565.1738, -42.885, 1565.1738, -41.569, 1565.1738, -40.606, 1565.1738, -88.211,  , ,  , 
1565.1950, -44.199, 1565.1950, -42.896, 1565.1950, -41.582, 1565.1950, -40.618, 1565.1950, -72.863,  , ,  , 
1565.2163, -44.198, 1565.2163, -42.909, 1565.2163, -41.593, 1565.2163, -40.632, 1565.2163, -79.383,  , ,  , 
1565.2376, -44.202, 1565.2376, -42.923, 1565.2376, -41.610, 1565.2376, -40.649, 1565.2376, -76.496,  , ,  , 
1565.2588, -44.210, 1565.2588, -42.934, 1565.2588, -41.623, 1565.2588, -40.660, 1565.2588, -75.120,  , ,  , 
1565.2801, -44.204, 1565.2801, -42.945, 1565.2801, -41.635, 1565.2801, -40.675, 1565.2801, -74.108,  , ,  , 
1565.3013, -44.212, 1565.3013, -42.961, 1565.3013, -41.652, 1565.3013, -40.689, 1565.3013, -74.159,  , ,  , 
1565.3226, -44.217, 1565.3226, -42.970, 1565.3226, -41.662, 1565.3226, -40.703, 1565.3226,-210.000,  , ,  , 
1565.3438, -44.217, 1565.3438, -42.990, 1565.3438, -41.678, 1565.3438, -40.718, 1565.3438, -74.398,  , ,  , 
1565.3651, -44.216, 1565.3651, -43.000, 1565.3651, -41.691, 1565.3651, -40.726, 1565.3651,-210.000,  , ,  , 
1565.3863, -44.226, 1565.3863, -43.010, 1565.3863, -41.707, 1565.3863, -40.743, 1565.3863, -79.629,  , ,  , 
1565.4076, -44.221, 1565.4076, -43.022, 1565.4076, -41.719, 1565.4076, -40.755, 1565.4076, -75.525,  , ,  , 
1565.4289, -44.225, 1565.4289, -43.029, 1565.4289, -41.731, 1565.4289, -40.773, 1565.4289,-210.000,  , ,  , 
1565.4501, -44.227, 1565.4501, -43.045, 1565.4501, -41.743, 1565.4501, -40.783, 1565.4501, -71.683,  , ,  , 
1565.4714, -44.232, 1565.4714, -43.050, 1565.4714, -41.758, 1565.4714, -40.798, 1565.4714,-210.000,  , ,  , 
1565.4926, -44.237, 1565.4926, -43.069, 1565.4926, -41.771, 1565.4926, -40.808, 1565.4926,-210.000,  , ,  , 
1565.5139, -44.229, 1565.5139, -43.073, 1565.5139, -41.778, 1565.5139, -40.821, 1565.5139, -73.896,  , ,  , 
1565.5351, -44.239, 1565.5351, -43.088, 1565.5351, -41.790, 1565.5351, -40.826, 1565.5351,-210.000,  , ,  , 
1565.5564, -44.245, 1565.5564, -43.098, 1565.5564, -41.802, 1565.5564, -40.839, 1565.5564,-210.000,  , ,  , 
1565.5776, -44.246, 1565.5776, -43.105, 1565.5776, -41.808, 1565.5776, -40.853, 1565.5776, -71.660,  , ,  , 
1565.5989, -44.241, 1565.5989, -43.117, 1565.5989, -41.825, 1565.5989, -40.862, 1565.5989,-210.000,  , ,  , 
1565.6202, -44.253, 1565.6202, -43.135, 1565.6202, -41.837, 1565.6202, -40.877, 1565.6202,-210.000,  , ,  , 
1565.6414, -44.253, 1565.6414, -43.143, 1565.6414, -41.839, 1565.6414, -40.886, 1565.6414, -75.612,  , ,  , 
1565.6627, -44.255, 1565.6627, -43.155, 1565.6627, -41.854, 1565.6627, -40.893, 1565.6627,-210.000,  , ,  , 
1565.6839, -44.266, 1565.6839, -43.168, 1565.6839, -41.863, 1565.6839, -40.908, 1565.6839,-210.000,  , ,  , 
1565.7052, -44.271, 1565.7052, -43.179, 1565.7052, -41.875, 1565.7052, -40.913, 1565.7052, -75.401,  , ,  , 
1565.7264, -44.279, 1565.7264, -43.194, 1565.7264, -41.885, 1565.7264, -40.930, 1565.7264, -81.213,  , ,  , 
1565.7477, -44.281, 1565.7477, -43.212, 1565.7477, -41.899, 1565.7477, -40.938, 1565.7477, -76.841,  , ,  , 
1565.7689, -44.290, 1565.7689, -43.224, 1565.7689, -41.911, 1565.7689, -40.952, 1565.7689,-210.000,  , ,  , 
1565.7902, -44.302, 1565.7902, -43.233, 1565.7902, -41.924, 1565.7902, -40.962, 1565.7902, -76.207,  , ,  , 
1565.8115, -44.299, 1565.8115, -43.253, 1565.8115, -41.933, 1565.8115, -40.975, 1565.8115, -93.906,  , ,  , 
1565.8327, -44.312, 1565.8327, -43.267, 1565.8327, -41.949, 1565.8327, -40.986, 1565.8327,-210.000,  , ,  , 
1565.8540, -44.322, 1565.8540, -43.281, 1565.8540, -41.964, 1565.8540, -41.001, 1565.8540, -72.967,  , ,  , 
1565.8752, -44.330, 1565.8752, -43.298, 1565.8752, -41.976, 1565.8752, -41.013, 1565.8752, -80.950,  , ,  , 
1565.8965, -44.337, 1565.8965, -43.306, 1565.8965, -41.988, 1565.8965, -41.025, 1565.8965, -73.079,  , ,  , 
1565.9177, -44.349, 1565.9177, -43.331, 1565.9177, -42.004, 1565.9177, -41.039, 1565.9177, -90.651,  , ,  , 
1565.9390, -44.367, 1565.9390, -43.338, 1565.9390, -42.012, 1565.9390, -41.051, 1565.9390, -79.452,  , ,  , 
1565.9602, -44.367, 1565.9602, -43.355, 1565.9602, -42.029, 1565.9602, -41.065, 1565.9602, -75.057,  , ,  , 
1565.9815, -44.378, 1565.9815, -43.373, 1565.9815, -42.043, 1565.9815, -41.079, 1565.9815,-210.000,  , ,  , 
1566.0028, -44.396, 1566.0028, -43.378, 1566.0028, -42.057, 1566.0028, -41.091, 1566.0028, -85.945,  , ,  , 
1566.0240, -44.391, 1566.0240, -43.400, 1566.0240, -42.068, 1566.0240, -41.103, 1566.0240, -77.933,  , ,  , 
1566.0453, -44.406, 1566.0453, -43.415, 1566.0453, -42.082, 1566.0453, -41.116, 1566.0453, -84.570,  , ,  , 
1566.0665, -44.423, 1566.0665, -43.430, 1566.0665, -42.095, 1566.0665, -41.125, 1566.0665, -77.268,  , ,  , 
1566.0878, -44.425, 1566.0878, -43.444, 1566.0878, -42.106, 1566.0878, -41.143, 1566.0878,-210.000,  , ,  , 
1566.1090, -44.441, 1566.1090, -43.457, 1566.1090, -42.120, 1566.1090, -41.154, 1566.1090,-210.000,  , ,  , 
1566.1303, -44.450, 1566.1303, -43.478, 1566.1303, -42.135, 1566.1303, -41.165, 1566.1303,-210.000,  , ,  , 
1566.1515, -44.465, 1566.1515, -43.489, 1566.1515, -42.150, 1566.1515, -41.179, 1566.1515, -85.398,  , ,  , 
1566.1728, -44.474, 1566.1728, -43.502, 1566.1728, -42.163, 1566.1728, -41.192, 1566.1728,-210.000,  , ,  , 
1566.1940, -44.479, 1566.1940, -43.518, 1566.1940, -42.171, 1566.1940, -41.203, 1566.1940, -75.168,  , ,  , 
1566.2153, -44.486, 1566.2153, -43.533, 1566.2153, -42.183, 1566.2153, -41.218, 1566.2153, -76.494,  , ,  , 
1566.2366, -44.506, 1566.2366, -43.544, 1566.2366, -42.199, 1566.2366, -41.231, 1566.2366,-210.000,  , ,  , 
1566.2578, -44.514, 1566.2578, -43.563, 1566.2578, -42.211, 1566.2578, -41.243, 1566.2578, -77.022,  , ,  , 
1566.2791, -44.531, 1566.2791, -43.584, 1566.2791, -42.220, 1566.2791, -41.253, 1566.2791, -73.810,  , ,  , 
1566.3003, -44.536, 1566.3003, -43.597, 1566.3003, -42.237, 1566.3003, -41.267, 1566.3003,-210.000,  , ,  , 
1566.3216, -44.558, 1566.3216, -43.602, 1566.3216, -42.252, 1566.3216, -41.280, 1566.3216, -76.456,  , ,  , 
1566.3428, -44.559, 1566.3428, -43.628, 1566.3428, -42.260, 1566.3428, -41.288, 1566.3428, -82.730,  , ,  , 
1566.3641, -44.576, 1566.3641, -43.649, 1566.3641, -42.280, 1566.3641, -41.306, 1566.3641, -75.276,  , ,  , 
1566.3853, -44.588, 1566.3853, -43.658, 1566.3853, -42.289, 1566.3853, -41.318, 1566.3853, -76.907,  , ,  , 
1566.4066, -44.603, 1566.4066, -43.678, 1566.4066, -42.303, 1566.4066, -41.323, 1566.4066, -75.085,  , ,  , 
1566.4279, -44.607, 1566.4279, -43.687, 1566.4279, -42.318, 1566.4279, -41.341, 1566.4279, -85.197,  , ,  , 
1566.4491, -44.628, 1566.4491, -43.706, 1566.4491, -42.329, 1566.4491, -41.357, 1566.4491,-210.000,  , ,  , 
1566.4704, -44.634, 1566.4704, -43.717, 1566.4704, -42.339, 1566.4704, -41.365, 1566.4704, -79.711,  , ,  , 
1566.4916, -44.651, 1566.4916, -43.733, 1566.4916, -42.356, 1566.4916, -41.378, 1566.4916, -81.235,  , ,  , 
1566.5129, -44.663, 1566.5129, -43.752, 1566.5129, -42.372, 1566.5129, -41.391, 1566.5129, -86.649,  , ,  , 
1566.5341, -44.677, 1566.5341, -43.758, 1566.5341, -42.380, 1566.5341, -41.402, 1566.5341,-210.000,  , ,  , 
1566.5554, -44.687, 1566.5554, -43.784, 1566.5554, -42.395, 1566.5554, -41.415, 1566.5554,-106.428,  , ,  , 
1566.5766, -44.699, 1566.5766, -43.794, 1566.5766, -42.410, 1566.5766, -41.432, 1566.5766, -80.054,  , ,  , 
1566.5979, -44.722, 1566.5979, -43.809, 1566.5979, -42.425, 1566.5979, -41.438, 1566.5979, -82.258,  , ,  , 
1566.6192, -44.728, 1566.6192, -43.822, 1566.6192, -42.438, 1566.6192, -41.457, 1566.6192, -74.731,  , ,  , 
1566.6404, -44.745, 1566.6404, -43.837, 1566.6404, -42.447, 1566.6404, -41.472, 1566.6404,-210.000,  , ,  , 
1566.6617, -44.757, 1566.6617, -43.854, 1566.6617, -42.463, 1566.6617, -41.482, 1566.6617,-210.000,  , ,  , 
1566.6829, -44.779, 1566.6829, -43.872, 1566.6829, -42.473, 1566.6829, -41.496, 1566.6829, -76.239,  , ,  , 
1566.7042, -44.792, 1566.7042, -43.885, 1566.7042, -42.488, 1566.7042, -41.508, 1566.7042, -78.382,  , ,  , 
1566.7254, -44.799, 1566.7254, -43.908, 1566.7254, -42.503, 1566.7254, -41.520, 1566.7254,-210.000,  , ,  , 
1566.7467, -44.816, 1566.7467, -43.920, 1566.7467, -42.516, 1566.7467, -41.532, 1566.7467, -87.555,  , ,  , 
1566.7679, -44.835, 1566.7679, -43.933, 1566.7679, -42.527, 1566.7679, -41.545, 1566.7679, -80.016,  , ,  , 
1566.7892, -44.840, 1566.7892, -43.955, 1566.7892, -42.543, 1566.7892, -41.559, 1566.7892,-210.000,  , ,  , 
1566.8105, -44.860, 1566.8105, -43.964, 1566.8105, -42.555, 1566.8105, -41.571, 1566.8105,-210.000,  , ,  , 
1566.8317, -44.873, 1566.8317, -43.987, 1566.8317, -42.571, 1566.8317, -41.583, 1566.8317, -74.933,  , ,  , 
1566.8530, -44.894, 1566.8530, -43.999, 1566.8530, -42.580, 1566.8530, -41.594, 1566.8530, -73.602,  , ,  , 
1566.8742, -44.903, 1566.8742, -44.010, 1566.8742, -42.596, 1566.8742, -41.609, 1566.8742, -78.461,  , ,  , 
1566.8955, -44.920, 1566.8955, -44.035, 1566.8955, -42.611, 1566.8955, -41.619, 1566.8955, -75.719,  , ,  , 
1566.9167, -44.932, 1566.9167, -44.037, 1566.9167, -42.623, 1566.9167, -41.636, 1566.9167, -78.188,  , ,  , 
1566.9380, -44.944, 1566.9380, -44.058, 1566.9380, -42.637, 1566.9380, -41.644, 1566.9380, -73.752,  , ,  , 
1566.9592, -44.953, 1566.9592, -44.069, 1566.9592, -42.644, 1566.9592, -41.656, 1566.9592,-210.000,  , ,  , 
1566.9805, -44.976, 1566.9805, -44.086, 1566.9805, -42.659, 1566.9805, -41.672, 1566.9805, -74.800,  , ,  , 
1567.0018, -44.982, 1567.0018, -44.097, 1567.0018, -42.669, 1567.0018, -41.677, 1567.0018, -73.546,  , ,  , 
1567.0230, -45.000, 1567.0230, -44.112, 1567.0230, -42.685, 1567.0230, -41.690, 1567.0230, -77.873,  , ,  , 
1567.0443, -45.016, 1567.0443, -44.123, 1567.0443, -42.689, 1567.0443, -41.699, 1567.0443,-210.000,  , ,  , 
1567.0655, -45.032, 1567.0655, -44.137, 1567.0655, -42.704, 1567.0655, -41.711, 1567.0655,-210.000,  , ,  , 
1567.0868, -45.036, 1567.0868, -44.144, 1567.0868, -42.717, 1567.0868, -41.718, 1567.0868, -89.785,  , ,  , 
1567.1080, -45.052, 1567.1080, -44.170, 1567.1080, -42.729, 1567.1080, -41.730, 1567.1080,-210.000,  , ,  , 
1567.1293, -45.071, 1567.1293, -44.181, 1567.1293, -42.740, 1567.1293, -41.745, 1567.1293, -77.414,  , ,  , 
1567.1505, -45.091, 1567.1505, -44.186, 1567.1505, -42.752, 1567.1505, -41.753, 1567.1505, -75.323,  , ,  , 
1567.1718, -45.107, 1567.1718, -44.203, 1567.1718, -42.765, 1567.1718, -41.763, 1567.1718,-210.000,  , ,  , 
1567.1930, -45.112, 1567.1930, -44.217, 1567.1930, -42.778, 1567.1930, -41.772, 1567.1930,-210.000,  , ,  , 
1567.2143, -45.137, 1567.2143, -44.232, 1567.2143, -42.788, 1567.2143, -41.784, 1567.2143, -77.714,  , ,  , 
1567.2356, -45.148, 1567.2356, -44.250, 1567.2356, -42.799, 1567.2356, -41.801, 1567.2356,-210.000,  , ,  , 
1567.2568, -45.161, 1567.2568, -44.266, 1567.2568, -42.808, 1567.2568, -41.810, 1567.2568, -74.458,  , ,  , 
1567.2781, -45.179, 1567.2781, -44.278, 1567.2781, -42.824, 1567.2781, -41.824, 1567.2781, -76.702,  , ,  , 
1567.2993, -45.195, 1567.2993, -44.291, 1567.2993, -42.834, 1567.2993, -41.832, 1567.2993, -75.134,  , ,  , 
1567.3206, -45.210, 1567.3206, -44.311, 1567.3206, -42.847, 1567.3206, -41.848, 1567.3206, -79.415,  , ,  , 
1567.3418, -45.226, 1567.3418, -44.323, 1567.3418, -42.862, 1567.3418, -41.858, 1567.3418, -75.279,  , ,  , 
1567.3631, -45.243, 1567.3631, -44.341, 1567.3631, -42.871, 1567.3631, -41.868, 1567.3631, -72.372,  , ,  , 
1567.3843, -45.263, 1567.3843, -44.350, 1567.3843, -42.888, 1567.3843, -41.884, 1567.3843,-210.000,  , ,  , 
1567.4056, -45.283, 1567.4056, -44.374, 1567.4056, -42.901, 1567.4056, -41.893, 1567.4056, -93.480,  , ,  , 
1567.4269, -45.290, 1567.4269, -44.377, 1567.4269, -42.912, 1567.4269, -41.908, 1567.4269, -73.890,  , ,  , 
1567.4481, -45.312, 1567.4481, -44.404, 1567.4481, -42.927, 1567.4481, -41.919, 1567.4481, -80.190,  , ,  , 
1567.4694, -45.332, 1567.4694, -44.417, 1567.4694, -42.939, 1567.4694, -41.930, 1567.4694,-210.000,  , ,  , 
1567.4906, -45.337, 1567.4906, -44.426, 1567.4906, -42.956, 1567.4906, -41.942, 1567.4906, -74.448,  , ,  , 
1567.5119, -45.358, 1567.5119, -44.444, 1567.5119, -42.965, 1567.5119, -41.955, 1567.5119, -80.225,  , ,  , 
1567.5331, -45.385, 1567.5331, -44.459, 1567.5331, -42.971, 1567.5331, -41.965, 1567.5331, -88.531,  , ,  , 
1567.5544, -45.391, 1567.5544, -44.467, 1567.5544, -42.995, 1567.5544, -41.977, 1567.5544,-210.000,  , ,  , 
1567.5756, -45.404, 1567.5756, -44.482, 1567.5756, -43.002, 1567.5756, -41.991, 1567.5756,-210.000,  , ,  , 
1567.5969, -45.422, 1567.5969, -44.496, 1567.5969, -43.016, 1567.5969, -42.004, 1567.5969, -71.827,  , ,  , 
1567.6182, -45.439, 1567.6182, -44.512, 1567.6182, -43.027, 1567.6182, -42.015, 1567.6182,-210.000,  , ,  , 
1567.6394, -45.458, 1567.6394, -44.524, 1567.6394, -43.041, 1567.6394, -42.031, 1567.6394,-210.000,  , ,  , 
1567.6607, -45.472, 1567.6607, -44.541, 1567.6607, -43.051, 1567.6607, -42.040, 1567.6607, -81.077,  , ,  , 
1567.6819, -45.489, 1567.6819, -44.553, 1567.6819, -43.064, 1567.6819, -42.049, 1567.6819, -78.393,  , ,  , 
1567.7032, -45.505, 1567.7032, -44.564, 1567.7032, -43.080, 1567.7032, -42.062, 1567.7032,-210.000,  , ,  , 
1567.7244, -45.517, 1567.7244, -44.579, 1567.7244, -43.091, 1567.7244, -42.079, 1567.7244,-210.000,  , ,  , 
1567.7457, -45.540, 1567.7457, -44.592, 1567.7457, -43.105, 1567.7457, -42.092, 1567.7457, -77.596,  , ,  , 
1567.7669, -45.557, 1567.7669, -44.617, 1567.7669, -43.111, 1567.7669, -42.096, 1567.7669, -77.414,  , ,  , 
1567.7882, -45.560, 1567.7882, -44.615, 1567.7882, -43.126, 1567.7882, -42.112, 1567.7882,-210.000,  , ,  , 
1567.8095, -45.586, 1567.8095, -44.635, 1567.8095, -43.141, 1567.8095, -42.127, 1567.8095, -86.241,  , ,  , 
1567.8307, -45.597, 1567.8307, -44.647, 1567.8307, -43.150, 1567.8307, -42.134, 1567.8307,-210.000,  , ,  , 
1567.8520, -45.612, 1567.8520, -44.663, 1567.8520, -43.161, 1567.8520, -42.146, 1567.8520,-210.000,  , ,  , 
1567.8732, -45.616, 1567.8732, -44.680, 1567.8732, -43.178, 1567.8732, -42.157, 1567.8732,-210.000,  , ,  , 
1567.8945, -45.639, 1567.8945, -44.692, 1567.8945, -43.188, 1567.8945, -42.167, 1567.8945, -83.333,  , ,  , 
1567.9157, -45.653, 1567.9157, -44.700, 1567.9157, -43.204, 1567.9157, -42.177, 1567.9157, -78.674,  , ,  , 
1567.9370, -45.681, 1567.9370, -44.707, 1567.9370, -43.215, 1567.9370, -42.191, 1567.9370, -78.159,  , ,  , 
1567.9582, -45.685, 1567.9582, -44.731, 1567.9582, -43.225, 1567.9582, -42.205, 1567.9582, -73.400,  , ,  , 
1567.9795, -45.711, 1567.9795, -44.744, 1567.9795, -43.236, 1567.9795, -42.215, 1567.9795, -72.929,  , ,  , 
1568.0008, -45.718, 1568.0008, -44.759, 1568.0008, -43.253, 1568.0008, -42.228, 1568.0008, -75.907,  , ,  , 
1568.0220, -45.739, 1568.0220, -44.764, 1568.0220, -43.261, 1568.0220, -42.239, 1568.0220,-210.000,  , ,  , 
1568.0433, -45.753, 1568.0433, -44.780, 1568.0433, -43.274, 1568.0433, -42.253, 1568.0433,-210.000,  , ,  , 
1568.0645, -45.768, 1568.0645, -44.800, 1568.0645, -43.292, 1568.0645, -42.263, 1568.0645, -79.943,  , ,  , 
1568.0858, -45.789, 1568.0858, -44.812, 1568.0858, -43.304, 1568.0858, -42.277, 1568.0858,-210.000,  , ,  , 
1568.1070, -45.802, 1568.1070, -44.817, 1568.1070, -43.313, 1568.1070, -42.287, 1568.1070, -75.040,  , ,  , 
1568.1283, -45.818, 1568.1283, -44.842, 1568.1283, -43.333, 1568.1283, -42.298, 1568.1283,-210.000,  , ,  , 
1568.1495, -45.840, 1568.1495, -44.858, 1568.1495, -43.340, 1568.1495, -42.311, 1568.1495,-210.000,  , ,  , 
1568.1708, -45.857, 1568.1708, -44.860, 1568.1708, -43.352, 1568.1708, -42.325, 1568.1708, -78.115,  , ,  , 
1568.1920, -45.865, 1568.1920, -44.884, 1568.1920, -43.367, 1568.1920, -42.342, 1568.1920, -75.378,  , ,  , 
1568.2133, -45.886, 1568.2133, -44.887, 1568.2133, -43.384, 1568.2133, -42.346, 1568.2133, -77.798,  , ,  , 
1568.2346, -45.908, 1568.2346, -44.916, 1568.2346, -43.397, 1568.2346, -42.366, 1568.2346,-210.000,  , ,  , 
1568.2558, -45.910, 1568.2558, -44.918, 1568.2558, -43.410, 1568.2558, -42.376, 1568.2558, -83.567,  , ,  , 
1568.2771, -45.927, 1568.2771, -44.930, 1568.2771, -43.414, 1568.2771, -42.387, 1568.2771, -79.750,  , ,  , 
1568.2983, -45.948, 1568.2983, -44.946, 1568.2983, -43.435, 1568.2983, -42.398, 1568.2983, -83.856,  , ,  , 
1568.3196, -45.960, 1568.3196, -44.957, 1568.3196, -43.449, 1568.3196, -42.412, 1568.3196,-210.000,  , ,  , 
1568.3408, -45.975, 1568.3408, -44.979, 1568.3408, -43.455, 1568.3408, -42.425, 1568.3408, -80.856,  , ,  , 
1568.3621, -45.991, 1568.3621, -44.987, 1568.3621, -43.478, 1568.3621, -42.439, 1568.3621, -75.451,  , ,  , 
1568.3833, -46.010, 1568.3833, -44.997, 1568.3833, -43.482, 1568.3833, -42.445, 1568.3833,-210.000,  , ,  , 
1568.4046, -46.009, 1568.4046, -45.011, 1568.4046, -43.495, 1568.4046, -42.461, 1568.4046, -73.246,  , ,  , 
1568.4259, -46.037, 1568.4259, -45.021, 1568.4259, -43.510, 1568.4259, -42.469, 1568.4259, -74.785,  , ,  , 
1568.4471, -46.049, 1568.4471, -45.042, 1568.4471, -43.514, 1568.4471, -42.485, 1568.4471,-210.000,  , ,  , 
1568.4684, -46.059, 1568.4684, -45.052, 1568.4684, -43.534, 1568.4684, -42.491, 1568.4684, -75.789,  , ,  , 
1568.4896, -46.078, 1568.4896, -45.058, 1568.4896, -43.544, 1568.4896, -42.499, 1568.4896, -72.963,  , ,  , 
1568.5109, -46.081, 1568.5109, -45.063, 1568.5109, -43.554, 1568.5109, -42.511, 1568.5109, -74.108,  , ,  , 
1568.5321, -46.109, 1568.5321, -45.089, 1568.5321, -43.567, 1568.5321, -42.524, 1568.5321, -72.501,  , ,  , 
1568.5534, -46.117, 1568.5534, -45.090, 1568.5534, -43.575, 1568.5534, -42.538, 1568.5534,-210.000,  , ,  , 
1568.5746, -46.116, 1568.5746, -45.102, 1568.5746, -43.591, 1568.5746, -42.548, 1568.5746,-210.000,  , ,  , 
1568.5959, -46.157, 1568.5959, -45.119, 1568.5959, -43.601, 1568.5959, -42.553, 1568.5959,-210.000,  , ,  , 
1568.6172, -46.159, 1568.6172, -45.131, 1568.6172, -43.608, 1568.6172, -42.565, 1568.6172,-210.000,  , ,  , 
1568.6384, -46.170, 1568.6384, -45.128, 1568.6384, -43.617, 1568.6384, -42.577, 1568.6384, -85.139,  , ,  , 
1568.6597, -46.184, 1568.6597, -45.151, 1568.6597, -43.630, 1568.6597, -42.588, 1568.6597,-210.000,  , ,  , 
1568.6809, -46.199, 1568.6809, -45.155, 1568.6809, -43.637, 1568.6809, -42.592, 1568.6809, -78.507,  , ,  , 
1568.7022, -46.218, 1568.7022, -45.171, 1568.7022, -43.657, 1568.7022, -42.612, 1568.7022,-210.000,  , ,  , 
1568.7234, -46.224, 1568.7234, -45.176, 1568.7234, -43.666, 1568.7234, -42.622, 1568.7234,-210.000,  , ,  , 
1568.7447, -46.250, 1568.7447, -45.198, 1568.7447, -43.680, 1568.7447, -42.627, 1568.7447,-210.000,  , ,  , 
1568.7659, -46.262, 1568.7659, -45.201, 1568.7659, -43.685, 1568.7659, -42.641, 1568.7659,-210.000,  , ,  , 
1568.7872, -46.273, 1568.7872, -45.222, 1568.7872, -43.698, 1568.7872, -42.654, 1568.7872, -83.542,  , ,  , 
1568.8085, -46.287, 1568.8085, -45.230, 1568.8085, -43.713, 1568.8085, -42.663, 1568.8085,-210.000,  , ,  , 
1568.8297, -46.297, 1568.8297, -45.250, 1568.8297, -43.722, 1568.8297, -42.676, 1568.8297,-210.000,  , ,  , 
1568.8510, -46.318, 1568.8510, -45.255, 1568.8510, -43.739, 1568.8510, -42.686, 1568.8510, -77.088,  , ,  , 
1568.8722, -46.321, 1568.8722, -45.269, 1568.8722, -43.746, 1568.8722, -42.700, 1568.8722, -75.590,  , ,  , 
1568.8935, -46.336, 1568.8935, -45.280, 1568.8935, -43.752, 1568.8935, -42.709, 1568.8935, -74.212,  , ,  , 
1568.9147, -46.365, 1568.9147, -45.292, 1568.9147, -43.769, 1568.9147, -42.720, 1568.9147,-210.000,  , ,  , 
1568.9360, -46.367, 1568.9360, -45.306, 1568.9360, -43.778, 1568.9360, -42.734, 1568.9360, -84.246,  , ,  , 
1568.9572, -46.389, 1568.9572, -45.324, 1568.9572, -43.790, 1568.9572, -42.745, 1568.9572, -75.524,  , ,  , 
1568.9785, -46.398, 1568.9785, -45.332, 1568.9785, -43.804, 1568.9785, -42.756, 1568.9785, -72.220,  , ,  , 
1568.9997, -46.403, 1568.9997, -45.337, 1568.9997, -43.817, 1568.9997, -42.771, 1568.9997, -75.320,  , ,  , 
1569.0210, -46.415, 1569.0210, -45.354, 1569.0210, -43.827, 1569.0210, -42.777, 1569.0210, -78.736,  , ,  , 
1569.0423, -46.438, 1569.0423, -45.364, 1569.0423, -43.836, 1569.0423, -42.788, 1569.0423, -75.141,  , ,  , 
1569.0635, -46.458, 1569.0635, -45.377, 1569.0635, -43.848, 1569.0635, -42.798, 1569.0635, -79.223,  , ,  , 
1569.0848, -46.458, 1569.0848, -45.384, 1569.0848, -43.863, 1569.0848, -42.810, 1569.0848, -74.389,  , ,  , 
1569.1060, -46.473, 1569.1060, -45.395, 1569.1060, -43.873, 1569.1060, -42.823, 1569.1060,-210.000,  , ,  , 
1569.1273, -46.504, 1569.1273, -45.404, 1569.1273, -43.881, 1569.1273, -42.832, 1569.1273,-210.000,  , ,  , 
1569.1485, -46.497, 1569.1485, -45.421, 1569.1485, -43.893, 1569.1485, -42.848, 1569.1485, -76.911,  , ,  , 
1569.1698, -46.515, 1569.1698, -45.426, 1569.1698, -43.910, 1569.1698, -42.857, 1569.1698, -78.280,  , ,  , 
1569.1910, -46.520, 1569.1910, -45.446, 1569.1910, -43.923, 1569.1910, -42.873, 1569.1910,-210.000,  , ,  , 
1569.2123, -46.535, 1569.2123, -45.446, 1569.2123, -43.927, 1569.2123, -42.885, 1569.2123,-210.000,  , ,  , 
1569.2336, -46.559, 1569.2336, -45.453, 1569.2336, -43.939, 1569.2336, -42.899, 1569.2336, -81.756,  , ,  , 
1569.2548, -46.555, 1569.2548, -45.470, 1569.2548, -43.950, 1569.2548, -42.906, 1569.2548,-210.000,  , ,  , 
1569.2761, -46.581, 1569.2761, -45.487, 1569.2761, -43.964, 1569.2761, -42.918, 1569.2761,-210.000,  , ,  , 
1569.2973, -46.591, 1569.2973, -45.492, 1569.2973, -43.970, 1569.2973, -42.931, 1569.2973, -84.437,  , ,  , 
1569.3186, -46.585, 1569.3186, -45.491, 1569.3186, -43.979, 1569.3186, -42.947, 1569.3186, -74.446,  , ,  , 
1569.3398, -46.612, 1569.3398, -45.504, 1569.3398, -43.991, 1569.3398, -42.953, 1569.3398,-210.000,  , ,  , 
1569.3611, -46.626, 1569.3611, -45.519, 1569.3611, -44.000, 1569.3611, -42.963, 1569.3611, -82.271,  , ,  , 
1569.3823, -46.641, 1569.3823, -45.534, 1569.3823, -44.010, 1569.3823, -42.974, 1569.3823,-210.000,  , ,  , 
1569.4036, -46.634, 1569.4036, -45.550, 1569.4036, -44.018, 1569.4036, -42.989, 1569.4036,-210.000,  , ,  , 
1569.4249, -46.661, 1569.4249, -45.552, 1569.4249, -44.038, 1569.4249, -42.998, 1569.4249,-210.000,  , ,  , 
1569.4461, -46.661, 1569.4461, -45.554, 1569.4461, -44.043, 1569.4461, -43.017, 1569.4461,-210.000,  , ,  , 
1569.4674, -46.684, 1569.4674, -45.571, 1569.4674, -44.053, 1569.4674, -43.026, 1569.4674, -74.209,  , ,  , 
1569.4886, -46.686, 1569.4886, -45.593, 1569.4886, -44.070, 1569.4886, -43.035, 1569.4886, -72.465,  , ,  , 
1569.5099, -46.709, 1569.5099, -45.595, 1569.5099, -44.075, 1569.5099, -43.054, 1569.5099, -74.193,  , ,  , 
1569.5311, -46.718, 1569.5311, -45.607, 1569.5311, -44.086, 1569.5311, -43.060, 1569.5311, -80.598,  , ,  , 
1569.5524, -46.733, 1569.5524, -45.611, 1569.5524, -44.095, 1569.5524, -43.077, 1569.5524, -78.935,  , ,  , 
1569.5736, -46.736, 1569.5736, -45.631, 1569.5736, -44.116, 1569.5736, -43.088, 1569.5736, -75.831,  , ,  , 
1569.5949, -46.755, 1569.5949, -45.644, 1569.5949, -44.123, 1569.5949, -43.103, 1569.5949, -74.957,  , ,  , 
1569.6162, -46.765, 1569.6162, -45.654, 1569.6162, -44.132, 1569.6162, -43.114, 1569.6162, -77.343,  , ,  , 
1569.6374, -46.776, 1569.6374, -45.658, 1569.6374, -44.150, 1569.6374, -43.134, 1569.6374,-210.000,  , ,  , 
1569.6587, -46.795, 1569.6587, -45.665, 1569.6587, -44.160, 1569.6587, -43.147, 1569.6587,-210.000,  , ,  , 
1569.6799, -46.811, 1569.6799, -45.683, 1569.6799, -44.172, 1569.6799, -43.153, 1569.6799, -87.903,  , ,  , 
1569.7012, -46.812, 1569.7012, -45.696, 1569.7012, -44.177, 1569.7012, -43.174, 1569.7012,-210.000,  , ,  , 
1569.7224, -46.840, 1569.7224, -45.707, 1569.7224, -44.198, 1569.7224, -43.189, 1569.7224, -75.298,  , ,  , 
1569.7437, -46.842, 1569.7437, -45.715, 1569.7437, -44.200, 1569.7437, -43.198, 1569.7437,-210.000,  , ,  , 
1569.7649, -46.862, 1569.7649, -45.725, 1569.7649, -44.222, 1569.7649, -43.219, 1569.7649,-210.000,  , ,  , 
1569.7862, -46.857, 1569.7862, -45.733, 1569.7862, -44.232, 1569.7862, -43.225, 1569.7862, -77.309,  , ,  , 
1569.8075, -46.875, 1569.8075, -45.753, 1569.8075, -44.242, 1569.8075, -43.249, 1569.8075, -78.350,  , ,  , 
1569.8287, -46.886, 1569.8287, -45.753, 1569.8287, -44.257, 1569.8287, -43.261, 1569.8287,-210.000,  , ,  , 
1569.8500, -46.901, 1569.8500, -45.766, 1569.8500, -44.263, 1569.8500, -43.265, 1569.8500, -85.747,  , ,  , 
1569.8712, -46.913, 1569.8712, -45.778, 1569.8712, -44.272, 1569.8712, -43.287, 1569.8712, -73.384,  , ,  , 
1569.8925, -46.922, 1569.8925, -45.789, 1569.8925, -44.283, 1569.8925, -43.298, 1569.8925, -76.271,  , ,  , 
1569.9137, -46.923, 1569.9137, -45.798, 1569.9137, -44.289, 1569.9137, -43.311, 1569.9137, -74.027,  , ,  , 
1569.9350, -46.940, 1569.9350, -45.807, 1569.9350, -44.309, 1569.9350, -43.329, 1569.9350, -80.770,  , ,  , 
1569.9562, -46.955, 1569.9562, -45.814, 1569.9562, -44.322, 1569.9562, -43.341, 1569.9562, -77.562,  , ,  , 
1569.9775, -46.958, 1569.9775, -45.822, 1569.9775, -44.327, 1569.9775, -43.350, 1569.9775, -83.578,  , ,  , 
1569.9987, -46.974, 1569.9987, -45.833, 1569.9987, -44.334, 1569.9987, -43.358, 1569.9987,-210.000,  , ,  , 
1570.0200, -46.976, 1570.0200, -45.847, 1570.0200, -44.345, 1570.0200, -43.375, 1570.0200, -72.911,  , ,  , 
1570.0413, -46.992, 1570.0413, -45.849, 1570.0413, -44.355, 1570.0413, -43.389, 1570.0413, -89.212,  , ,  , 
1570.0625, -47.002, 1570.0625, -45.857, 1570.0625, -44.362, 1570.0625, -43.401, 1570.0625, -76.149,  , ,  , 
1570.0838, -47.004, 1570.0838, -45.874, 1570.0838, -44.382, 1570.0838, -43.418, 1570.0838, -74.888,  , ,  , 
1570.1050, -47.021, 1570.1050, -45.882, 1570.1050, -44.384, 1570.1050, -43.430, 1570.1050, -82.879,  , ,  , 
1570.1263, -47.038, 1570.1263, -45.877, 1570.1263, -44.392, 1570.1263, -43.444, 1570.1263,-210.000,  , ,  , 
1570.1475, -47.047, 1570.1475, -45.894, 1570.1475, -44.401, 1570.1475, -43.456, 1570.1475, -78.548,  , ,  , 
1570.1688, -47.045, 1570.1688, -45.902, 1570.1688, -44.419, 1570.1688, -43.470, 1570.1688,-210.000,  , ,  , 
1570.1900, -47.074, 1570.1900, -45.903, 1570.1900, -44.427, 1570.1900, -43.487, 1570.1900, -83.559,  , ,  , 
1570.2113, -47.071, 1570.2113, -45.912, 1570.2113, -44.437, 1570.2113, -43.495, 1570.2113, -76.467,  , ,  , 
1570.2326, -47.090, 1570.2326, -45.921, 1570.2326, -44.439, 1570.2326, -43.515, 1570.2326,-210.000,  , ,  , 
1570.2538, -47.092, 1570.2538, -45.935, 1570.2538, -44.458, 1570.2538, -43.526, 1570.2538, -89.210,  , ,  , 
1570.2751, -47.113, 1570.2751, -45.948, 1570.2751, -44.462, 1570.2751, -43.547, 1570.2751, -77.040,  , ,  , 
1570.2963, -47.114, 1570.2963, -45.942, 1570.2963, -44.472, 1570.2963, -43.553, 1570.2963,-210.000,  , ,  , 
1570.3176, -47.124, 1570.3176, -45.959, 1570.3176, -44.484, 1570.3176, -43.572, 1570.3176,-210.000,  , ,  , 
1570.3388, -47.141, 1570.3388, -45.971, 1570.3388, -44.499, 1570.3388, -43.584, 1570.3388, -90.928,  , ,  , 
1570.3601, -47.142, 1570.3601, -45.972, 1570.3601, -44.499, 1570.3601, -43.599, 1570.3601,-210.000,  , ,  , 
1570.3813, -47.156, 1570.3813, -45.996, 1570.3813, -44.509, 1570.3813, -43.621, 1570.3813,-210.000,  , ,  , 
1570.4026, -47.149, 1570.4026, -45.995, 1570.4026, -44.529, 1570.4026, -43.632, 1570.4026, -83.218,  , ,  , 
1570.4239, -47.175, 1570.4239, -46.008, 1570.4239, -44.539, 1570.4239, -43.652, 1570.4239,-210.000,  , ,  , 
1570.4451, -47.190, 1570.4451, -46.009, 1570.4451, -44.543, 1570.4451, -43.659, 1570.4451, -76.656,  , ,  , 
1570.4664, -47.184, 1570.4664, -46.018, 1570.4664, -44.555, 1570.4664, -43.676, 1570.4664,-210.000,  , ,  , 
1570.4876, -47.194, 1570.4876, -46.026, 1570.4876, -44.563, 1570.4876, -43.693, 1570.4876, -82.194,  , ,  , 
1570.5089, -47.208, 1570.5089, -46.026, 1570.5089, -44.578, 1570.5089, -43.705, 1570.5089, -83.915,  , ,  , 
1570.5301, -47.209, 1570.5301, -46.048, 1570.5301, -44.591, 1570.5301, -43.722, 1570.5301, -75.944,  , ,  , 
1570.5514, -47.217, 1570.5514, -46.052, 1570.5514, -44.598, 1570.5514, -43.740, 1570.5514, -74.020,  , ,  , 
1570.5726, -47.228, 1570.5726, -46.064, 1570.5726, -44.614, 1570.5726, -43.752, 1570.5726, -75.343,  , ,  , 
1570.5939, -47.252, 1570.5939, -46.082, 1570.5939, -44.617, 1570.5939, -43.766, 1570.5939, -81.539,  , ,  , 
1570.6152, -47.257, 1570.6152, -46.076, 1570.6152, -44.635, 1570.6152, -43.791, 1570.6152, -76.683,  , ,  , 
1570.6364, -47.252, 1570.6364, -46.089, 1570.6364, -44.645, 1570.6364, -43.800, 1570.6364,-210.000,  , ,  , 
1570.6577, -47.279, 1570.6577, -46.094, 1570.6577, -44.651, 1570.6577, -43.822, 1570.6577,-210.000,  , ,  , 
1570.6789, -47.280, 1570.6789, -46.097, 1570.6789, -44.666, 1570.6789, -43.834, 1570.6789, -92.261,  , ,  , 
1570.7002, -47.300, 1570.7002, -46.106, 1570.7002, -44.678, 1570.7002, -43.857, 1570.7002, -84.851,  , ,  , 
1570.7214, -47.301, 1570.7214, -46.114, 1570.7214, -44.684, 1570.7214, -43.874, 1570.7214, -78.804,  , ,  , 
1570.7427, -47.314, 1570.7427, -46.120, 1570.7427, -44.700, 1570.7427, -43.886, 1570.7427,-210.000,  , ,  , 
1570.7639, -47.314, 1570.7639, -46.134, 1570.7639, -44.708, 1570.7639, -43.898, 1570.7639,-210.000,  , ,  , 
1570.7852, -47.321, 1570.7852, -46.137, 1570.7852, -44.721, 1570.7852, -43.920, 1570.7852, -74.648,  , ,  , 
1570.8065, -47.335, 1570.8065, -46.138, 1570.8065, -44.730, 1570.8065, -43.938, 1570.8065, -75.175,  , ,  , 
1570.8277, -47.342, 1570.8277, -46.153, 1570.8277, -44.745, 1570.8277, -43.947, 1570.8277,-210.000,  , ,  , 
1570.8490, -47.353, 1570.8490, -46.159, 1570.8490, -44.749, 1570.8490, -43.975, 1570.8490,-210.000,  , ,  , 
1570.8702, -47.358, 1570.8702, -46.169, 1570.8702, -44.762, 1570.8702, -43.992, 1570.8702, -73.708,  , ,  , 
1570.8915, -47.367, 1570.8915, -46.177, 1570.8915, -44.770, 1570.8915, -44.003, 1570.8915,-210.000,  , ,  , 
1570.9127, -47.368, 1570.9127, -46.186, 1570.9127, -44.782, 1570.9127, -44.019, 1570.9127, -81.988,  , ,  , 
1570.9340, -47.377, 1570.9340, -46.194, 1570.9340, -44.791, 1570.9340, -44.036, 1570.9340,-210.000,  , ,  , 
1570.9552, -47.392, 1570.9552, -46.192, 1570.9552, -44.803, 1570.9552, -44.054, 1570.9552, -74.545,  , ,  , 
1570.9765, -47.404, 1570.9765, -46.211, 1570.9765, -44.812, 1570.9765, -44.075, 1570.9765,-210.000,  , ,  , 
1570.9977, -47.410, 1570.9977, -46.212, 1570.9977, -44.836, 1570.9977, -44.087, 1570.9977,-210.000,  , ,  , 
1571.0190, -47.413, 1571.0190, -46.229, 1571.0190, -44.844, 1571.0190, -44.112, 1571.0190, -75.909,  , ,  , 
1571.0403, -47.445, 1571.0403, -46.221, 1571.0403, -44.851, 1571.0403, -44.127, 1571.0403, -76.175,  , ,  , 
1571.0615, -47.432, 1571.0615, -46.250, 1571.0615, -44.871, 1571.0615, -44.141, 1571.0615, -76.459,  , ,  , 
1571.0828, -47.447, 1571.0828, -46.249, 1571.0828, -44.876, 1571.0828, -44.160, 1571.0828, -93.810,  , ,  , 
1571.1040, -47.456, 1571.1040, -46.265, 1571.1040, -44.886, 1571.1040, -44.182, 1571.1040, -88.429,  , ,  , 
1571.1253, -47.469, 1571.1253, -46.272, 1571.1253, -44.902, 1571.1253, -44.202, 1571.1253,-210.000,  , ,  , 
1571.1465, -47.482, 1571.1465, -46.278, 1571.1465, -44.922, 1571.1465, -44.224, 1571.1465, -73.915,  , ,  , 
1571.1678, -47.477, 1571.1678, -46.279, 1571.1678, -44.930, 1571.1678, -44.246, 1571.1678, -76.234,  , ,  , 
1571.1890, -47.498, 1571.1890, -46.292, 1571.1890, -44.945, 1571.1890, -44.260, 1571.1890,-210.000,  , ,  , 
1571.2103, -47.504, 1571.2103, -46.299, 1571.2103, -44.960, 1571.2103, -44.282, 1571.2103,-210.000,  , ,  , 
1571.2316, -47.517, 1571.2316, -46.316, 1571.2316, -44.964, 1571.2316, -44.307, 1571.2316,-210.000,  , ,  , 
1571.2528, -47.514, 1571.2528, -46.312, 1571.2528, -44.975, 1571.2528, -44.325, 1571.2528,-210.000,  , ,  , 
1571.2741, -47.526, 1571.2741, -46.328, 1571.2741, -44.997, 1571.2741, -44.337, 1571.2741,-210.000,  , ,  , 
1571.2953, -47.533, 1571.2953, -46.329, 1571.2953, -45.011, 1571.2953, -44.363, 1571.2953,-210.000,  , ,  , 
1571.3166, -47.530, 1571.3166, -46.337, 1571.3166, -45.019, 1571.3166, -44.384, 1571.3166,-210.000,  , ,  , 
1571.3378, -47.546, 1571.3378, -46.356, 1571.3378, -45.029, 1571.3378, -44.403, 1571.3378, -75.480,  , ,  , 
1571.3591, -47.558, 1571.3591, -46.347, 1571.3591, -45.043, 1571.3591, -44.425, 1571.3591,-210.000,  , ,  , 
1571.3803, -47.551, 1571.3803, -46.374, 1571.3803, -45.051, 1571.3803, -44.441, 1571.3803,-210.000,  , ,  , 
1571.4016, -47.558, 1571.4016, -46.362, 1571.4016, -45.065, 1571.4016, -44.456, 1571.4016,-210.000,  , ,  , 
1571.4229, -47.587, 1571.4229, -46.372, 1571.4229, -45.073, 1571.4229, -44.473, 1571.4229,-210.000,  , ,  , 
1571.4441, -47.579, 1571.4441, -46.388, 1571.4441, -45.094, 1571.4441, -44.501, 1571.4441,-210.000,  , ,  , 
1571.4654, -47.575, 1571.4654, -46.376, 1571.4654, -45.095, 1571.4654, -44.518, 1571.4654, -77.589,  , ,  , 
1571.4866, -47.601, 1571.4866, -46.393, 1571.4866, -45.104, 1571.4866, -44.533, 1571.4866, -87.169,  , ,  , 
1571.5079, -47.611, 1571.5079, -46.416, 1571.5079, -45.125, 1571.5079, -44.553, 1571.5079, -77.197,  , ,  , 
1571.5291, -47.595, 1571.5291, -46.404, 1571.5291, -45.134, 1571.5291, -44.575, 1571.5291,-210.000,  , ,  , 
1571.5504, -47.607, 1571.5504, -46.414, 1571.5504, -45.150, 1571.5504, -44.593, 1571.5504, -74.230,  , ,  , 
1571.5716, -47.618, 1571.5716, -46.428, 1571.5716, -45.157, 1571.5716, -44.606, 1571.5716, -76.626,  , ,  , 
1571.5929, -47.624, 1571.5929, -46.429, 1571.5929, -45.163, 1571.5929, -44.628, 1571.5929, -72.341,  , ,  , 
1571.6142, -47.614, 1571.6142, -46.427, 1571.6142, -45.181, 1571.6142, -44.653, 1571.6142, -74.461,  , ,  , 
1571.6354, -47.628, 1571.6354, -46.458, 1571.6354, -45.196, 1571.6354, -44.667, 1571.6354,-210.000,  , ,  , 
1571.6567, -47.649, 1571.6567, -46.450, 1571.6567, -45.217, 1571.6567, -44.687, 1571.6567,-210.000,  , ,  , 
1571.6779, -47.645, 1571.6779, -46.462, 1571.6779, -45.216, 1571.6779, -44.705, 1571.6779, -80.260,  , ,  , 
1571.6992, -47.650, 1571.6992, -46.464, 1571.6992, -45.235, 1571.6992, -44.727, 1571.6992,-210.000,  , ,  , 
1571.7204, -47.658, 1571.7204, -46.479, 1571.7204, -45.248, 1571.7204, -44.747, 1571.7204,-210.000,  , ,  , 
1571.7417, -47.665, 1571.7417, -46.478, 1571.7417, -45.253, 1571.7417, -44.771, 1571.7417,-210.000,  , ,  , 
1571.7629, -47.673, 1571.7629, -46.484, 1571.7629, -45.272, 1571.7629, -44.797, 1571.7629,-210.000,  , ,  , 
1571.7842, -47.678, 1571.7842, -46.485, 1571.7842, -45.287, 1571.7842, -44.813, 1571.7842,-210.000,  , ,  , 
1571.8055, -47.694, 1571.8055, -46.498, 1571.8055, -45.297, 1571.8055, -44.837, 1571.8055, -78.404,  , ,  , 
1571.8267, -47.677, 1571.8267, -46.493, 1571.8267, -45.311, 1571.8267, -44.860, 1571.8267, -76.582,  , ,  , 
1571.8480, -47.695, 1571.8480, -46.517, 1571.8480, -45.326, 1571.8480, -44.879, 1571.8480,-210.000,  , ,  , 
1571.8692, -47.711, 1571.8692, -46.516, 1571.8692, -45.340, 1571.8692, -44.904, 1571.8692, -77.818,  , ,  , 
1571.8905, -47.709, 1571.8905, -46.523, 1571.8905, -45.364, 1571.8905, -44.913, 1571.8905,-210.000,  , ,  , 
1571.9117, -47.720, 1571.9117, -46.535, 1571.9117, -45.371, 1571.9117, -44.940, 1571.9117, -80.970,  , ,  , 
1571.9330, -47.710, 1571.9330, -46.551, 1571.9330, -45.380, 1571.9330, -44.965, 1571.9330, -76.991,  , ,  , 
1571.9542, -47.736, 1571.9542, -46.558, 1571.9542, -45.387, 1571.9542, -44.990, 1571.9542,-210.000,  , ,  , 
1571.9755, -47.728, 1571.9755, -46.562, 1571.9755, -45.405, 1571.9755, -45.012, 1571.9755, -72.204,  , ,  , 
1571.9967, -47.734, 1571.9967, -46.559, 1571.9967, -45.427, 1571.9967, -45.032, 1571.9967,-210.000,  , ,  , 
1572.0180, -47.750, 1572.0180, -46.581, 1572.0180, -45.435, 1572.0180, -45.050, 1572.0180, -72.237,  , ,  , 
1572.0393, -47.742, 1572.0393, -46.590, 1572.0393, -45.463, 1572.0393, -45.080, 1572.0393, -76.037,  , ,  , 
1572.0605, -47.748, 1572.0605, -46.597, 1572.0605, -45.466, 1572.0605, -45.102, 1572.0605,-210.000,  , ,  , 
1572.0818, -47.742, 1572.0818, -46.603, 1572.0818, -45.480, 1572.0818, -45.115, 1572.0818, -72.046,  , ,  , 
1572.1030, -47.768, 1572.1030, -46.607, 1572.1030, -45.495, 1572.1030, -45.146, 1572.1030,-210.000,  , ,  , 
1572.1243, -47.776, 1572.1243, -46.614, 1572.1243, -45.512, 1572.1243, -45.169, 1572.1243, -75.649,  , ,  , 
1572.1455, -47.770, 1572.1455, -46.627, 1572.1455, -45.524, 1572.1455, -45.184, 1572.1455, -79.477,  , ,  , 
1572.1668, -47.776, 1572.1668, -46.639, 1572.1668, -45.550, 1572.1668, -45.214, 1572.1668, -78.966,  , ,  , 
1572.1880, -47.791, 1572.1880, -46.640, 1572.1880, -45.563, 1572.1880, -45.234, 1572.1880, -82.434,  , ,  , 
1572.2093, -47.789, 1572.2093, -46.644, 1572.2093, -45.563, 1572.2093, -45.257, 1572.2093,-210.000,  , ,  , 
1572.2306, -47.796, 1572.2306, -46.655, 1572.2306, -45.597, 1572.2306, -45.276, 1572.2306,-210.000,  , ,  , 
1572.2518, -47.804, 1572.2518, -46.668, 1572.2518, -45.604, 1572.2518, -45.304, 1572.2518,-210.000,  , ,  , 
1572.2731, -47.815, 1572.2731, -46.669, 1572.2731, -45.619, 1572.2731, -45.333, 1572.2731,-210.000,  , ,  , 
1572.2943, -47.810, 1572.2943, -46.681, 1572.2943, -45.625, 1572.2943, -45.336, 1572.2943, -75.394,  , ,  , 
1572.3156, -47.811, 1572.3156, -46.688, 1572.3156, -45.642, 1572.3156, -45.368, 1572.3156,-210.000,  , ,  , 
1572.3368, -47.830, 1572.3368, -46.687, 1572.3368, -45.656, 1572.3368, -45.394, 1572.3368, -90.481,  , ,  , 
1572.3581, -47.833, 1572.3581, -46.696, 1572.3581, -45.681, 1572.3581, -45.423, 1572.3581, -77.320,  , ,  , 
1572.3793, -47.847, 1572.3793, -46.715, 1572.3793, -45.694, 1572.3793, -45.437, 1572.3793,-210.000,  , ,  , 
1572.4006, -47.836, 1572.4006, -46.728, 1572.4006, -45.710, 1572.4006, -45.465, 1572.4006,-210.000,  , ,  , 
1572.4219, -47.855, 1572.4219, -46.731, 1572.4219, -45.726, 1572.4219, -45.488, 1572.4219, -73.791,  , ,  , 
1572.4431, -47.845, 1572.4431, -46.736, 1572.4431, -45.739, 1572.4431, -45.511, 1572.4431, -80.459,  , ,  , 
1572.4644, -47.853, 1572.4644, -46.752, 1572.4644, -45.754, 1572.4644, -45.526, 1572.4644, -74.972,  , ,  , 
1572.4856, -47.853, 1572.4856, -46.757, 1572.4856, -45.771, 1572.4856, -45.565, 1572.4856, -75.438,  , ,  , 
1572.5069, -47.870, 1572.5069, -46.780, 1572.5069, -45.788, 1572.5069, -45.576, 1572.5069, -87.437,  , ,  , 
1572.5281, -47.867, 1572.5281, -46.783, 1572.5281, -45.815, 1572.5281, -45.605, 1572.5281, -93.250,  , ,  , 
1572.5494, -47.885, 1572.5494, -46.787, 1572.5494, -45.827, 1572.5494, -45.633, 1572.5494, -74.879,  , ,  , 
1572.5706, -47.881, 1572.5706, -46.801, 1572.5706, -45.840, 1572.5706, -45.649, 1572.5706, -72.688,  , ,  , 
1572.5919, -47.890, 1572.5919, -46.807, 1572.5919, -45.858, 1572.5919, -45.679, 1572.5919, -76.422,  , ,  , 
1572.6132, -47.892, 1572.6132, -46.826, 1572.6132, -45.880, 1572.6132, -45.687, 1572.6132,-210.000,  , ,  , 
1572.6344, -47.898, 1572.6344, -46.833, 1572.6344, -45.893, 1572.6344, -45.733, 1572.6344, -72.712,  , ,  , 
1572.6557, -47.911, 1572.6557, -46.838, 1572.6557, -45.917, 1572.6557, -45.759, 1572.6557,-210.000,  , ,  , 
1572.6769, -47.920, 1572.6769, -46.852, 1572.6769, -45.933, 1572.6769, -45.776, 1572.6769,-210.000,  , ,  , 
1572.6982, -47.920, 1572.6982, -46.868, 1572.6982, -45.947, 1572.6982, -45.800, 1572.6982, -83.565,  , ,  , 
1572.7194, -47.928, 1572.7194, -46.858, 1572.7194, -45.962, 1572.7194, -45.827, 1572.7194, -75.311,  , ,  , 
1572.7407, -47.931, 1572.7407, -46.879, 1572.7407, -45.992, 1572.7407, -45.853, 1572.7407,-210.000,  , ,  , 
1572.7619, -47.943, 1572.7619, -46.896, 1572.7619, -45.999, 1572.7619, -45.874, 1572.7619, -92.091,  , ,  , 
1572.7832, -47.936, 1572.7832, -46.900, 1572.7832, -46.026, 1572.7832, -45.913, 1572.7832, -85.451,  , ,  , 
1572.8045, -47.950, 1572.8045, -46.900, 1572.8045, -46.032, 1572.8045, -45.930, 1572.8045, -82.974,  , ,  , 
1572.8257, -47.958, 1572.8257, -46.918, 1572.8257, -46.058, 1572.8257, -45.948, 1572.8257,-210.000,  , ,  , 
1572.8470, -47.961, 1572.8470, -46.928, 1572.8470, -46.070, 1572.8470, -45.986, 1572.8470, -74.582,  , ,  , 
1572.8682, -47.974, 1572.8682, -46.930, 1572.8682, -46.090, 1572.8682, -46.006, 1572.8682,-210.000,  , ,  , 
1572.8895, -47.965, 1572.8895, -46.943, 1572.8895, -46.102, 1572.8895, -46.021, 1572.8895,-210.000,  , ,  , 
1572.9107, -47.968, 1572.9107, -46.964, 1572.9107, -46.127, 1572.9107, -46.055, 1572.9107, -78.698,  , ,  , 
1572.9320, -47.970, 1572.9320, -46.964, 1572.9320, -46.141, 1572.9320, -46.076, 1572.9320, -81.213,  , ,  , 
1572.9532, -47.972, 1572.9532, -46.964, 1572.9532, -46.155, 1572.9532, -46.096, 1572.9532, -73.737,  , ,  , 
1572.9745, -47.999, 1572.9745, -46.982, 1572.9745, -46.171, 1572.9745, -46.119, 1572.9745, -87.797,  , ,  , 
1572.9957, -47.985, 1572.9957, -46.989, 1572.9957, -46.201, 1572.9957, -46.148, 1572.9957,-210.000,  , ,  , 
1573.0170, -47.981, 1573.0170, -47.006, 1573.0170, -46.205, 1573.0170, -46.171, 1573.0170, -76.905,  , ,  , 
1573.0383, -48.002, 1573.0383, -47.006, 1573.0383, -46.225, 1573.0383, -46.200, 1573.0383, -80.323,  , ,  , 
1573.0595, -48.008, 1573.0595, -47.034, 1573.0595, -46.239, 1573.0595, -46.212, 1573.0595,-210.000,  , ,  , 
1573.0808, -48.013, 1573.0808, -47.044, 1573.0808, -46.260, 1573.0808, -46.244, 1573.0808, -72.451,  , ,  , 
1573.1020, -48.009, 1573.1020, -47.048, 1573.1020, -46.287, 1573.1020, -46.259, 1573.1020,-210.000,  , ,  , 
1573.1233, -48.033, 1573.1233, -47.062, 1573.1233, -46.297, 1573.1233, -46.281, 1573.1233,-210.000,  , ,  , 
1573.1445, -48.039, 1573.1445, -47.081, 1573.1445, -46.320, 1573.1445, -46.310, 1573.1445, -72.751,  , ,  , 
1573.1658, -48.011, 1573.1658, -47.083, 1573.1658, -46.337, 1573.1658, -46.344, 1573.1658,-210.000,  , ,  , 
1573.1870, -48.050, 1573.1870, -47.097, 1573.1870, -46.357, 1573.1870, -46.357, 1573.1870, -84.823,  , ,  , 
1573.2083, -48.056, 1573.2083, -47.109, 1573.2083, -46.377, 1573.2083, -46.391, 1573.2083, -87.225,  , ,  , 
1573.2296, -48.046, 1573.2296, -47.123, 1573.2296, -46.401, 1573.2296, -46.409, 1573.2296, -76.690,  , ,  , 
1573.2508, -48.049, 1573.2508, -47.138, 1573.2508, -46.410, 1573.2508, -46.435, 1573.2508, -72.653,  , ,  , 
1573.2721, -48.078, 1573.2721, -47.149, 1573.2721, -46.445, 1573.2721, -46.474, 1573.2721,-210.000,  , ,  , 
1573.2933, -48.075, 1573.2933, -47.155, 1573.2933, -46.457, 1573.2933, -46.490, 1573.2933, -75.856,  , ,  , 
1573.3146, -48.082, 1573.3146, -47.170, 1573.3146, -46.476, 1573.3146, -46.528, 1573.3146,-210.000,  , ,  , 
1573.3358, -48.083, 1573.3358, -47.188, 1573.3358, -46.496, 1573.3358, -46.548, 1573.3358,-210.000,  , ,  , 
1573.3571, -48.105, 1573.3571, -47.203, 1573.3571, -46.528, 1573.3571, -46.575, 1573.3571,-210.000,  , ,  , 
1573.3783, -48.094, 1573.3783, -47.207, 1573.3783, -46.536, 1573.3783, -46.594, 1573.3783, -86.921,  , ,  , 
1573.3996, -48.092, 1573.3996, -47.220, 1573.3996, -46.566, 1573.3996, -46.627, 1573.3996, -85.037,  , ,  , 
1573.4209, -48.113, 1573.4209, -47.230, 1573.4209, -46.585, 1573.4209, -46.648, 1573.4209, -82.437,  , ,  , 
1573.4421, -48.123, 1573.4421, -47.250, 1573.4421, -46.602, 1573.4421, -46.685, 1573.4421,-210.000,  , ,  , 
1573.4634, -48.120, 1573.4634, -47.269, 1573.4634, -46.620, 1573.4634, -46.705, 1573.4634, -73.401,  , ,  , 
1573.4846, -48.122, 1573.4846, -47.271, 1573.4846, -46.640, 1573.4846, -46.737, 1573.4846,-210.000,  , ,  , 
1573.5059, -48.140, 1573.5059, -47.289, 1573.5059, -46.666, 1573.5059, -46.755, 1573.5059, -73.958,  , ,  , 
1573.5271, -48.147, 1573.5271, -47.301, 1573.5271, -46.685, 1573.5271, -46.783, 1573.5271,-210.000,  , ,  , 
1573.5484, -48.133, 1573.5484, -47.312, 1573.5484, -46.704, 1573.5484, -46.807, 1573.5484, -87.035,  , ,  , 
1573.5696, -48.172, 1573.5696, -47.333, 1573.5696, -46.725, 1573.5696, -46.832, 1573.5696, -88.204,  , ,  , 
1573.5909, -48.161, 1573.5909, -47.349, 1573.5909, -46.746, 1573.5909, -46.860, 1573.5909, -75.024,  , ,  , 
1573.6122, -48.165, 1573.6122, -47.357, 1573.6122, -46.766, 1573.6122, -46.889, 1573.6122,-210.000,  , ,  , 
1573.6334, -48.172, 1573.6334, -47.368, 1573.6334, -46.794, 1573.6334, -46.913, 1573.6334, -77.454,  , ,  , 
1573.6547, -48.186, 1573.6547, -47.395, 1573.6547, -46.816, 1573.6547, -46.934, 1573.6547, -81.914,  , ,  , 
1573.6759, -48.190, 1573.6759, -47.406, 1573.6759, -46.827, 1573.6759, -46.965, 1573.6759, -77.692,  , ,  , 
1573.6972, -48.192, 1573.6972, -47.420, 1573.6972, -46.842, 1573.6972, -46.987, 1573.6972, -76.652,  , ,  , 
1573.7184, -48.196, 1573.7184, -47.422, 1573.7184, -46.880, 1573.7184, -47.008, 1573.7184, -74.206,  , ,  , 
1573.7397, -48.225, 1573.7397, -47.443, 1573.7397, -46.900, 1573.7397, -47.041, 1573.7397,-210.000,  , ,  , 
1573.7609, -48.223, 1573.7609, -47.463, 1573.7609, -46.918, 1573.7609, -47.075, 1573.7609, -74.028,  , ,  , 
1573.7822, -48.235, 1573.7822, -47.490, 1573.7822, -46.935, 1573.7822, -47.089, 1573.7822, -82.405,  , ,  , 
1573.8035, -48.235, 1573.8035, -47.486, 1573.8035, -46.960, 1573.8035, -47.118, 1573.8035,-210.000,  , ,  , 
1573.8247, -48.256, 1573.8247, -47.498, 1573.8247, -46.990, 1573.8247, -47.153, 1573.8247, -77.498,  , ,  , 
1573.8460, -48.263, 1573.8460, -47.522, 1573.8460, -47.001, 1573.8460, -47.168, 1573.8460, -80.184,  , ,  , 
1573.8672, -48.272, 1573.8672, -47.540, 1573.8672, -47.028, 1573.8672, -47.193, 1573.8672,-210.000,  , ,  , 
1573.8885, -48.285, 1573.8885, -47.553, 1573.8885, -47.067, 1573.8885, -47.225, 1573.8885, -74.641,  , ,  , 
1573.9097, -48.275, 1573.9097, -47.566, 1573.9097, -47.074, 1573.9097, -47.251, 1573.9097,-210.000,  , ,  , 
1573.9310, -48.294, 1573.9310, -47.573, 1573.9310, -47.095, 1573.9310, -47.274, 1573.9310,-210.000,  , ,  , 
1573.9522, -48.301, 1573.9522, -47.594, 1573.9522, -47.119, 1573.9522, -47.298, 1573.9522,-210.000,  , ,  , 
1573.9735, -48.319, 1573.9735, -47.623, 1573.9735, -47.138, 1573.9735, -47.348, 1573.9735, -79.119,  , ,  , 
1573.9947, -48.320, 1573.9947, -47.641, 1573.9947, -47.156, 1573.9947, -47.349, 1573.9947,-210.000,  , ,  , 
1574.0160, -48.332, 1574.0160, -47.645, 1574.0160, -47.177, 1574.0160, -47.377, 1574.0160, -74.747,  , ,  , 
1574.0373, -48.345, 1574.0373, -47.679, 1574.0373, -47.206, 1574.0373, -47.406, 1574.0373,-210.000,  , ,  , 
1574.0585, -48.344, 1574.0585, -47.674, 1574.0585, -47.226, 1574.0585, -47.438, 1574.0585, -77.140,  , ,  , 
1574.0798, -48.357, 1574.0798, -47.701, 1574.0798, -47.242, 1574.0798, -47.463, 1574.0798, -75.597,  , ,  , 
1574.1010, -48.370, 1574.1010, -47.737, 1574.1010, -47.267, 1574.1010, -47.495, 1574.1010,-210.000,  , ,  , 
1574.1223, -48.382, 1574.1223, -47.727, 1574.1223, -47.291, 1574.1223, -47.522, 1574.1223, -76.919,  , ,  , 
1574.1435, -48.377, 1574.1435, -47.742, 1574.1435, -47.317, 1574.1435, -47.529, 1574.1435, -75.011,  , ,  , 
1574.1648, -48.396, 1574.1648, -47.770, 1574.1648, -47.345, 1574.1648, -47.564, 1574.1648, -73.245,  , ,  , 
1574.1860, -48.399, 1574.1860, -47.789, 1574.1860, -47.369, 1574.1860, -47.589, 1574.1860, -77.190,  , ,  , 
1574.2073, -48.421, 1574.2073, -47.811, 1574.2073, -47.398, 1574.2073, -47.626, 1574.2073, -80.134,  , ,  , 
1574.2286, -48.411, 1574.2286, -47.814, 1574.2286, -47.418, 1574.2286, -47.650, 1574.2286,-210.000,  , ,  , 
1574.2498, -48.444, 1574.2498, -47.853, 1574.2498, -47.447, 1574.2498, -47.672, 1574.2498, -91.402,  , ,  , 
1574.2711, -48.455, 1574.2711, -47.841, 1574.2711, -47.460, 1574.2711, -47.709, 1574.2711,-210.000,  , ,  , 
1574.2923, -48.463, 1574.2923, -47.874, 1574.2923, -47.487, 1574.2923, -47.718, 1574.2923, -73.549,  , ,  , 
1574.3136, -48.474, 1574.3136, -47.884, 1574.3136, -47.512, 1574.3136, -47.753, 1574.3136,-210.000,  , ,  , 
1574.3348, -48.482, 1574.3348, -47.911, 1574.3348, -47.540, 1574.3348, -47.784, 1574.3348,-210.000,  , ,  , 
1574.3561, -48.495, 1574.3561, -47.926, 1574.3561, -47.554, 1574.3561, -47.811, 1574.3561, -78.663,  , ,  , 
1574.3773, -48.514, 1574.3773, -47.936, 1574.3773, -47.581, 1574.3773, -47.837, 1574.3773,-210.000,  , ,  , 
1574.3986, -48.517, 1574.3986, -47.960, 1574.3986, -47.598, 1574.3986, -47.864, 1574.3986, -75.947,  , ,  , 
1574.4199, -48.536, 1574.4199, -47.969, 1574.4199, -47.624, 1574.4199, -47.896, 1574.4199,-210.000,  , ,  , 
1574.4411, -48.529, 1574.4411, -47.982, 1574.4411, -47.645, 1574.4411, -47.908, 1574.4411,-210.000,  , ,  , 
1574.4624, -48.551, 1574.4624, -48.024, 1574.4624, -47.678, 1574.4624, -47.930, 1574.4624,-210.000,  , ,  , 
1574.4836, -48.559, 1574.4836, -48.024, 1574.4836, -47.691, 1574.4836, -47.962, 1574.4836, -79.311,  , ,  , 
1574.5049, -48.565, 1574.5049, -48.046, 1574.5049, -47.722, 1574.5049, -47.991, 1574.5049, -74.916,  , ,  , 
1574.5261, -48.586, 1574.5261, -48.057, 1574.5261, -47.729, 1574.5261, -48.026, 1574.5261,-210.000,  , ,  , 
1574.5474, -48.583, 1574.5474, -48.092, 1574.5474, -47.755, 1574.5474, -48.042, 1574.5474, -74.419,  , ,  , 
1574.5686, -48.598, 1574.5686, -48.101, 1574.5686, -47.777, 1574.5686, -48.066, 1574.5686,-210.000,  , ,  , 
1574.5899, -48.605, 1574.5899, -48.128, 1574.5899, -47.807, 1574.5899, -48.091, 1574.5899, -82.854,  , ,  , 
1574.6112, -48.627, 1574.6112, -48.140, 1574.6112, -47.827, 1574.6112, -48.100, 1574.6112,-210.000,  , ,  , 
1574.6324, -48.631, 1574.6324, -48.162, 1574.6324, -47.857, 1574.6324, -48.145, 1574.6324,-210.000,  , ,  , 
1574.6537, -48.636, 1574.6537, -48.181, 1574.6537, -47.878, 1574.6537, -48.157, 1574.6537, -77.939,  , ,  , 
1574.6749, -48.661, 1574.6749, -48.206, 1574.6749, -47.886, 1574.6749, -48.197, 1574.6749, -79.816,  , ,  , 
1574.6962, -48.672, 1574.6962, -48.216, 1574.6962, -47.943, 1574.6962, -48.208, 1574.6962,-210.000,  , ,  , 
1574.7174, -48.675, 1574.7174, -48.227, 1574.7174, -47.954, 1574.7174, -48.247, 1574.7174, -74.260,  , ,  , 
1574.7387, -48.723, 1574.7387, -48.264, 1574.7387, -47.975, 1574.7387, -48.264, 1574.7387, -75.824,  , ,  , 
1574.7599, -48.704, 1574.7599, -48.293, 1574.7599, -48.000, 1574.7599, -48.293, 1574.7599,-210.000,  , ,  , 
1574.7812, -48.719, 1574.7812, -48.298, 1574.7812, -48.024, 1574.7812, -48.320, 1574.7812, -77.412,  , ,  , 
1574.8025, -48.726, 1574.8025, -48.306, 1574.8025, -48.047, 1574.8025, -48.351, 1574.8025,-210.000,  , ,  , 
1574.8237, -48.765, 1574.8237, -48.338, 1574.8237, -48.076, 1574.8237, -48.366, 1574.8237,-210.000,  , ,  , 
1574.8450, -48.757, 1574.8450, -48.349, 1574.8450, -48.095, 1574.8450, -48.407, 1574.8450, -86.109,  , ,  , 
1574.8662, -48.775, 1574.8662, -48.374, 1574.8662, -48.123, 1574.8662, -48.438, 1574.8662, -77.131,  , ,  , 
1574.8875, -48.792, 1574.8875, -48.390, 1574.8875, -48.145, 1574.8875, -48.439, 1574.8875,-210.000,  , ,  , 
1574.9087, -48.820, 1574.9087, -48.405, 1574.9087, -48.176, 1574.9087, -48.476, 1574.9087, -81.074,  , ,  , 
1574.9300, -48.818, 1574.9300, -48.430, 1574.9300, -48.205, 1574.9300, -48.501, 1574.9300, -77.666,  , ,  , 
1574.9512, -48.830, 1574.9512, -48.461, 1574.9512, -48.207, 1574.9512, -48.541, 1574.9512,-210.000,  , ,  , 
1574.9725, -48.866, 1574.9725, -48.468, 1574.9725, -48.251, 1574.9725, -48.567, 1574.9725,-210.000,  , ,  , 
1574.9937, -48.847, 1574.9937, -48.489, 1574.9937, -48.276, 1574.9937, -48.576, 1574.9937,-210.000,  , ,  , 
1575.0150, -48.852, 1575.0150, -48.507, 1575.0150, -48.277, 1575.0150, -48.619, 1575.0150, -75.877,  , ,  , 
1575.0363, -48.887, 1575.0363, -48.526, 1575.0363, -48.307, 1575.0363, -48.619, 1575.0363, -78.664,  , ,  , 
1575.0575, -48.915, 1575.0575, -48.552, 1575.0575, -48.339, 1575.0575, -48.659, 1575.0575,-210.000,  , ,  , 
1575.0788, -48.910, 1575.0788, -48.572, 1575.0788, -48.352, 1575.0788, -48.676, 1575.0788, -80.927,  , ,  , 
1575.1000, -48.922, 1575.1000, -48.587, 1575.1000, -48.374, 1575.1000, -48.709, 1575.1000, -79.862,  , ,  , 
1575.1213, -48.946, 1575.1213, -48.607, 1575.1213, -48.415, 1575.1213, -48.732, 1575.1213, -76.523,  , ,  , 
1575.1425, -48.954, 1575.1425, -48.623, 1575.1425, -48.432, 1575.1425, -48.740, 1575.1425, -81.439,  , ,  , 
1575.1638, -48.949, 1575.1638, -48.648, 1575.1638, -48.444, 1575.1638, -48.769, 1575.1638,-210.000,  , ,  , 
1575.1850, -48.986, 1575.1850, -48.680, 1575.1850, -48.474, 1575.1850, -48.796, 1575.1850, -72.701,  , ,  , 
1575.2063, -48.990, 1575.2063, -48.696, 1575.2063, -48.503, 1575.2063, -48.835, 1575.2063, -79.647,  , ,  , 
1575.2276, -48.994, 1575.2276, -48.715, 1575.2276, -48.515, 1575.2276, -48.833, 1575.2276, -73.697,  , ,  , 
1575.2488, -49.020, 1575.2488, -48.719, 1575.2488, -48.549, 1575.2488, -48.881, 1575.2488, -82.870,  , ,  , 
1575.2701, -49.059, 1575.2701, -48.756, 1575.2701, -48.590, 1575.2701, -48.893, 1575.2701,-210.000,  , ,  , 
1575.2913, -49.052, 1575.2913, -48.776, 1575.2913, -48.581, 1575.2913, -48.935, 1575.2913, -79.705,  , ,  , 
1575.3126, -49.062, 1575.3126, -48.782, 1575.3126, -48.630, 1575.3126, -48.946, 1575.3126,-210.000,  , ,  , 
1575.3338, -49.087, 1575.3338, -48.803, 1575.3338, -48.637, 1575.3338, -48.990, 1575.3338,-210.000,  , ,  , 
1575.3551, -49.111, 1575.3551, -48.822, 1575.3551, -48.669, 1575.3551, -49.000, 1575.3551,-210.000,  , ,  , 
1575.3763, -49.110, 1575.3763, -48.841, 1575.3763, -48.693, 1575.3763, -49.013, 1575.3763, -74.834,  , ,  , 
1575.3976, -49.120, 1575.3976, -48.861, 1575.3976, -48.720, 1575.3976, -49.033, 1575.3976,-210.000,  , ,  , 
1575.4189, -49.154, 1575.4189, -48.898, 1575.4189, -48.746, 1575.4189, -49.088, 1575.4189,-210.000,  , ,  , 
1575.4401, -49.157, 1575.4401, -48.900, 1575.4401, -48.744, 1575.4401, -49.095, 1575.4401, -75.048,  , ,  , 
1575.4614, -49.200, 1575.4614, -48.916, 1575.4614, -48.775, 1575.4614, -49.114, 1575.4614,-210.000,  , ,  , 
1575.4826, -49.180, 1575.4826, -48.937, 1575.4826, -48.814, 1575.4826, -49.136, 1575.4826,-210.000,  , ,  , 
1575.5039, -49.208, 1575.5039, -48.971, 1575.5039, -48.813, 1575.5039, -49.155, 1575.5039,-210.000,  , ,  , 
1575.5251, -49.219, 1575.5251, -48.989, 1575.5251, -48.838, 1575.5251, -49.187, 1575.5251, -75.312,  , ,  , 
1575.5464, -49.259, 1575.5464, -48.992, 1575.5464, -48.864, 1575.5464, -49.216, 1575.5464, -77.180,  , ,  , 
1575.5676, -49.251, 1575.5676, -49.034, 1575.5676, -48.897, 1575.5676, -49.257, 1575.5676,-210.000,  , ,  , 
1575.5889, -49.294, 1575.5889, -49.050, 1575.5889, -48.906, 1575.5889, -49.288, 1575.5889, -79.353,  , ,  , 
1575.6102, -49.275, 1575.6102, -49.075, 1575.6102, -48.949, 1575.6102, -49.296, 1575.6102, -77.165,  , ,  , 
1575.6314, -49.291, 1575.6314, -49.075, 1575.6314, -48.947, 1575.6314, -49.297, 1575.6314,-210.000,  , ,  , 
1575.6527, -49.322, 1575.6527, -49.125, 1575.6527, -48.970, 1575.6527, -49.327, 1575.6527,-210.000,  , ,  , 
1575.6739, -49.336, 1575.6739, -49.144, 1575.6739, -49.008, 1575.6739, -49.344, 1575.6739, -74.060,  , ,  , 
1575.6952, -49.327, 1575.6952, -49.141, 1575.6952, -49.026, 1575.6952, -49.374, 1575.6952, -89.338,  , ,  , 
1575.7164, -49.368, 1575.7164, -49.186, 1575.7164, -49.056, 1575.7164, -49.393, 1575.7164, -74.076,  , ,  , 
1575.7377, -49.395, 1575.7377, -49.205, 1575.7377, -49.100, 1575.7377, -49.428, 1575.7377, -77.653,  , ,  , 
1575.7589, -49.403, 1575.7589, -49.215, 1575.7589, -49.084, 1575.7589, -49.437, 1575.7589, -74.165,  , ,  , 
1575.7802, -49.408, 1575.7802, -49.212, 1575.7802, -49.118, 1575.7802, -49.464, 1575.7802,-210.000,  , ,  , 
1575.8015, -49.430, 1575.8015, -49.262, 1575.8015, -49.149, 1575.8015, -49.484, 1575.8015,-210.000,  , ,  , 
1575.8227, -49.464, 1575.8227, -49.260, 1575.8227, -49.160, 1575.8227, -49.532, 1575.8227, -77.474,  , ,  , 
1575.8440, -49.473, 1575.8440, -49.296, 1575.8440, -49.179, 1575.8440, -49.545, 1575.8440,-210.000,  , ,  , 
1575.8652, -49.470, 1575.8652, -49.319, 1575.8652, -49.229, 1575.8652, -49.551, 1575.8652, -82.015,  , ,  , 
1575.8865, -49.500, 1575.8865, -49.308, 1575.8865, -49.229, 1575.8865, -49.601, 1575.8865, -83.732,  , ,  , 
1575.9077, -49.510, 1575.9077, -49.331, 1575.9077, -49.265, 1575.9077, -49.611, 1575.9077, -78.995,  , ,  , 
1575.9290, -49.534, 1575.9290, -49.371, 1575.9290, -49.286, 1575.9290, -49.631, 1575.9290, -78.008,  , ,  , 
1575.9502, -49.556, 1575.9502, -49.380, 1575.9502, -49.294, 1575.9502, -49.655, 1575.9502,-210.000,  , ,  , 
1575.9715, -49.562, 1575.9715, -49.407, 1575.9715, -49.323, 1575.9715, -49.690, 1575.9715,-210.000,  , ,  , 
1575.9927, -49.587, 1575.9927, -49.418, 1575.9927, -49.346, 1575.9927, -49.689, 1575.9927, -77.547,  , ,  , 
1576.0140, -49.582, 1576.0140, -49.437, 1576.0140, -49.368, 1576.0140, -49.744, 1576.0140,-210.000,  , ,  , 
1576.0353, -49.624, 1576.0353, -49.453, 1576.0353, -49.376, 1576.0353, -49.734, 1576.0353, -82.503,  , ,  , 
1576.0565, -49.631, 1576.0565, -49.480, 1576.0565, -49.399, 1576.0565, -49.777, 1576.0565,-210.000,  , ,  , 
1576.0778, -49.671, 1576.0778, -49.509, 1576.0778, -49.429, 1576.0778, -49.797, 1576.0778,-210.000,  , ,  , 
1576.0990, -49.650, 1576.0990, -49.498, 1576.0990, -49.459, 1576.0990, -49.811, 1576.0990, -80.100,  , ,  , 
1576.1203, -49.663, 1576.1203, -49.534, 1576.1203, -49.472, 1576.1203, -49.834, 1576.1203, -75.164,  , ,  , 
1576.1415, -49.688, 1576.1415, -49.552, 1576.1415, -49.470, 1576.1415, -49.841, 1576.1415, -83.575,  , ,  , 
1576.1628, -49.726, 1576.1628, -49.580, 1576.1628, -49.505, 1576.1628, -49.870, 1576.1628, -76.795,  , ,  , 
1576.1840, -49.706, 1576.1840, -49.607, 1576.1840, -49.528, 1576.1840, -49.896, 1576.1840, -72.037,  , ,  , 
1576.2053, -49.759, 1576.2053, -49.588, 1576.2053, -49.546, 1576.2053, -49.921, 1576.2053,-210.000,  , ,  , 
1576.2266, -49.780, 1576.2266, -49.630, 1576.2266, -49.579, 1576.2266, -49.941, 1576.2266, -72.522,  , ,  , 
1576.2478, -49.763, 1576.2478, -49.670, 1576.2478, -49.608, 1576.2478, -49.957, 1576.2478, -73.874,  , ,  , 
1576.2691, -49.801, 1576.2691, -49.680, 1576.2691, -49.595, 1576.2691, -49.970, 1576.2691,-210.000,  , ,  , 
1576.2903, -49.819, 1576.2903, -49.691, 1576.2903, -49.643, 1576.2903, -49.983, 1576.2903,-210.000,  , ,  , 
1576.3116, -49.836, 1576.3116, -49.712, 1576.3116, -49.669, 1576.3116, -50.031, 1576.3116, -74.417,  , ,  , 
1576.3328, -49.830, 1576.3328, -49.715, 1576.3328, -49.698, 1576.3328, -50.042, 1576.3328, -77.162,  , ,  , 
1576.3541, -49.847, 1576.3541, -49.754, 1576.3541, -49.718, 1576.3541, -50.066, 1576.3541, -93.718,  , ,  , 
1576.3753, -49.892, 1576.3753, -49.760, 1576.3753, -49.738, 1576.3753, -50.113, 1576.3753,-210.000,  , ,  , 
1576.3966, -49.908, 1576.3966, -49.790, 1576.3966, -49.749, 1576.3966, -50.108, 1576.3966, -76.903,  , ,  , 
1576.4179, -49.910, 1576.4179, -49.804, 1576.4179, -49.759, 1576.4179, -50.131, 1576.4179,-210.000,  , ,  , 
1576.4391, -49.949, 1576.4391, -49.800, 1576.4391, -49.795, 1576.4391, -50.167, 1576.4391,-210.000,  , ,  , 
1576.4604, -49.951, 1576.4604, -49.855, 1576.4604, -49.820, 1576.4604, -50.156, 1576.4604, -77.996,  , ,  , 
1576.4816, -49.957, 1576.4816, -49.855, 1576.4816, -49.832, 1576.4816, -50.205, 1576.4816,-210.000,  , ,  , 
1576.5029, -49.994, 1576.5029, -49.852, 1576.5029, -49.853, 1576.5029, -50.206, 1576.5029, -77.264,  , ,  , 
1576.5241, -49.998, 1576.5241, -49.907, 1576.5241, -49.877, 1576.5241, -50.254, 1576.5241,-210.000,  , ,  , 
1576.5454, -50.028, 1576.5454, -49.906, 1576.5454, -49.916, 1576.5454, -50.268, 1576.5454, -80.339,  , ,  , 
1576.5666, -50.019, 1576.5666, -49.923, 1576.5666, -49.890, 1576.5666, -50.285, 1576.5666,-210.000,  , ,  , 
1576.5879, -50.047, 1576.5879, -49.939, 1576.5879, -49.934, 1576.5879, -50.291, 1576.5879, -81.974,  , ,  , 
1576.6092, -50.068, 1576.6092, -49.955, 1576.6092, -49.963, 1576.6092, -50.326, 1576.6092, -80.748,  , ,  , 
1576.6304, -50.072, 1576.6304, -49.987, 1576.6304, -49.963, 1576.6304, -50.329, 1576.6304, -74.591,  , ,  , 
1576.6517, -50.100, 1576.6517, -49.985, 1576.6517, -49.991, 1576.6517, -50.360, 1576.6517, -74.166,  , ,  , 
1576.6729, -50.135, 1576.6729, -50.016, 1576.6729, -50.021, 1576.6729, -50.383, 1576.6729,-210.000,  , ,  , 
1576.6942, -50.140, 1576.6942, -50.041, 1576.6942, -50.034, 1576.6942, -50.396, 1576.6942, -77.041,  , ,  , 
1576.7154, -50.149, 1576.7154, -50.058, 1576.7154, -50.031, 1576.7154, -50.444, 1576.7154,-210.000,  , ,  , 
1576.7367, -50.174, 1576.7367, -50.074, 1576.7367, -50.088, 1576.7367, -50.414, 1576.7367, -82.499,  , ,  , 
1576.7579, -50.185, 1576.7579, -50.086, 1576.7579, -50.095, 1576.7579, -50.445, 1576.7579, -74.112,  , ,  , 
1576.7792, -50.201, 1576.7792, -50.083, 1576.7792, -50.123, 1576.7792, -50.481, 1576.7792, -78.933,  , ,  , 
1576.8005, -50.215, 1576.8005, -50.135, 1576.8005, -50.124, 1576.8005, -50.529, 1576.8005,-210.000,  , ,  , 
1576.8217, -50.233, 1576.8217, -50.125, 1576.8217, -50.157, 1576.8217, -50.521, 1576.8217, -76.510,  , ,  , 
1576.8430, -50.257, 1576.8430, -50.169, 1576.8430, -50.181, 1576.8430, -50.514, 1576.8430,-210.000,  , ,  , 
1576.8642, -50.238, 1576.8642, -50.158, 1576.8642, -50.201, 1576.8642, -50.554, 1576.8642, -78.887,  , ,  , 
1576.8855, -50.298, 1576.8855, -50.187, 1576.8855, -50.202, 1576.8855, -50.587, 1576.8855,-210.000,  , ,  , 
1576.9067, -50.323, 1576.9067, -50.211, 1576.9067, -50.240, 1576.9067, -50.601, 1576.9067, -73.702,  , ,  , 
1576.9280, -50.336, 1576.9280, -50.244, 1576.9280, -50.258, 1576.9280, -50.607, 1576.9280,-210.000,  , ,  , 
1576.9492, -50.329, 1576.9492, -50.225, 1576.9492, -50.286, 1576.9492, -50.647, 1576.9492, -93.883,  , ,  , 
1576.9705, -50.366, 1576.9705, -50.250, 1576.9705, -50.295, 1576.9705, -50.664, 1576.9705, -79.200,  , ,  , 
1576.9917, -50.368, 1576.9917, -50.283, 1576.9917, -50.333, 1576.9917, -50.675, 1576.9917,-210.000,  , ,  , 
1577.0130, -50.385, 1577.0130, -50.275, 1577.0130, -50.298, 1577.0130, -50.719, 1577.0130, -81.404,  , ,  , 
1577.0343, -50.399, 1577.0343, -50.321, 1577.0343, -50.363, 1577.0343, -50.736, 1577.0343,-210.000,  , ,  , 
1577.0555, -50.392, 1577.0555, -50.312, 1577.0555, -50.385, 1577.0555, -50.739, 1577.0555, -75.295,  , ,  , 
1577.0768, -50.442, 1577.0768, -50.342, 1577.0768, -50.398, 1577.0768, -50.753, 1577.0768,-210.000,  , ,  , 
1577.0980, -50.467, 1577.0980, -50.334, 1577.0980, -50.405, 1577.0980, -50.791, 1577.0980,-210.000,  , ,  , 
1577.1193, -50.465, 1577.1193, -50.390, 1577.1193, -50.437, 1577.1193, -50.796, 1577.1193,-210.000,  , ,  , 
1577.1405, -50.512, 1577.1405, -50.398, 1577.1405, -50.443, 1577.1405, -50.843, 1577.1405, -75.331,  , ,  , 
1577.1618, -50.503, 1577.1618, -50.438, 1577.1618, -50.464, 1577.1618, -50.817, 1577.1618,-210.000,  , ,  , 
1577.1830, -50.515, 1577.1830, -50.434, 1577.1830, -50.497, 1577.1830, -50.888, 1577.1830, -88.948,  , ,  , 
1577.2043, -50.538, 1577.2043, -50.428, 1577.2043, -50.509, 1577.2043, -50.875, 1577.2043, -78.012,  , ,  , 
1577.2256, -50.553, 1577.2256, -50.448, 1577.2256, -50.550, 1577.2256, -50.901, 1577.2256, -79.323,  , ,  , 
1577.2468, -50.579, 1577.2468, -50.487, 1577.2468, -50.555, 1577.2468, -50.905, 1577.2468, -72.869,  , ,  , 
1577.2681, -50.589, 1577.2681, -50.506, 1577.2681, -50.577, 1577.2681, -50.942, 1577.2681,-210.000,  , ,  , 
1577.2893, -50.616, 1577.2893, -50.519, 1577.2893, -50.586, 1577.2893, -50.948, 1577.2893, -74.668,  , ,  , 
1577.3106, -50.621, 1577.3106, -50.506, 1577.3106, -50.622, 1577.3106, -50.980, 1577.3106, -76.502,  , ,  , 
1577.3318, -50.636, 1577.3318, -50.564, 1577.3318, -50.638, 1577.3318, -50.991, 1577.3318,-210.000,  , ,  , 
1577.3531, -50.650, 1577.3531, -50.552, 1577.3531, -50.661, 1577.3531, -51.016, 1577.3531, -74.823,  , ,  , 
1577.3743, -50.687, 1577.3743, -50.586, 1577.3743, -50.667, 1577.3743, -51.039, 1577.3743,-210.000,  , ,  , 
1577.3956, -50.688, 1577.3956, -50.599, 1577.3956, -50.705, 1577.3956, -51.054, 1577.3956, -77.349,  , ,  , 
1577.4169, -50.697, 1577.4169, -50.597, 1577.4169, -50.694, 1577.4169, -51.054, 1577.4169, -76.748,  , ,  , 
1577.4381, -50.714, 1577.4381, -50.626, 1577.4381, -50.755, 1577.4381, -51.126, 1577.4381,-210.000,  , ,  , 
1577.4594, -50.780, 1577.4594, -50.656, 1577.4594, -50.741, 1577.4594, -51.096, 1577.4594,-210.000,  , ,  , 
1577.4806, -50.755, 1577.4806, -50.683, 1577.4806, -50.789, 1577.4806, -51.139, 1577.4806, -82.287,  , ,  , 
1577.5019, -50.768, 1577.5019, -50.670, 1577.5019, -50.784, 1577.5019, -51.130, 1577.5019,-210.000,  , ,  , 
1577.5231, -50.801, 1577.5231, -50.657, 1577.5231, -50.804, 1577.5231, -51.212, 1577.5231,-210.000,  , ,  , 
1577.5444, -50.813, 1577.5444, -50.710, 1577.5444, -50.839, 1577.5444, -51.192, 1577.5444,-210.000,  , ,  , 
1577.5656, -50.804, 1577.5656, -50.707, 1577.5656, -50.856, 1577.5656, -51.221, 1577.5656,-210.000,  , ,  , 
1577.5869, -50.841, 1577.5869, -50.708, 1577.5869, -50.853, 1577.5869, -51.259, 1577.5869, -74.582,  , ,  , 
1577.6082, -50.851, 1577.6082, -50.749, 1577.6082, -50.911, 1577.6082, -51.260, 1577.6082, -79.901,  , ,  , 
1577.6294, -50.859, 1577.6294, -50.752, 1577.6294, -50.878, 1577.6294, -51.263, 1577.6294, -81.132,  , ,  , 
1577.6507, -50.868, 1577.6507, -50.784, 1577.6507, -50.932, 1577.6507, -51.281, 1577.6507, -72.372,  , ,  , 
1577.6719, -50.898, 1577.6719, -50.784, 1577.6719, -50.914, 1577.6719, -51.288, 1577.6719,-210.000,  , ,  , 
1577.6932, -50.920, 1577.6932, -50.830, 1577.6932, -50.943, 1577.6932, -51.329, 1577.6932,-210.000,  , ,  , 
1577.7144, -50.919, 1577.7144, -50.841, 1577.7144, -50.996, 1577.7144, -51.340, 1577.7144, -82.082,  , ,  , 
1577.7357, -50.957, 1577.7357, -50.836, 1577.7357, -50.983, 1577.7357, -51.349, 1577.7357, -76.612,  , ,  , 
1577.7569, -50.964, 1577.7569, -50.876, 1577.7569, -50.992, 1577.7569, -51.363, 1577.7569, -76.186,  , ,  , 
1577.7782, -50.962, 1577.7782, -50.911, 1577.7782, -51.032, 1577.7782, -51.375, 1577.7782, -79.589,  , ,  , 
1577.7994, -50.980, 1577.7994, -50.885, 1577.7994, -51.072, 1577.7994, -51.399, 1577.7994, -78.009,  , ,  , 
1577.8207, -51.003, 1577.8207, -50.910, 1577.8207, -51.056, 1577.8207, -51.408, 1577.8207,-210.000,  , ,  , 
1577.8420, -51.060, 1577.8420, -50.931, 1577.8420, -51.129, 1577.8420, -51.438, 1577.8420, -77.159,  , ,  , 
1577.8632, -51.026, 1577.8632, -50.942, 1577.8632, -51.139, 1577.8632, -51.441, 1577.8632,-210.000,  , ,  , 
1577.8845, -51.030, 1577.8845, -50.938, 1577.8845, -51.100, 1577.8845, -51.485, 1577.8845, -73.209,  , ,  , 
1577.9057, -51.083, 1577.9057, -50.987, 1577.9057, -51.163, 1577.9057, -51.499, 1577.9057,-210.000,  , ,  , 
1577.9270, -51.083, 1577.9270, -50.993, 1577.9270, -51.172, 1577.9270, -51.480, 1577.9270,-210.000,  , ,  , 
1577.9482, -51.063, 1577.9482, -51.008, 1577.9482, -51.200, 1577.9482, -51.538, 1577.9482, -73.508,  , ,  , 
1577.9695, -51.127, 1577.9695, -50.997, 1577.9695, -51.199, 1577.9695, -51.545, 1577.9695,-210.000,  , ,  , 
1577.9907, -51.147, 1577.9907, -51.030, 1577.9907, -51.230, 1577.9907, -51.587, 1577.9907,-210.000,  , ,  , 
1578.0120, -51.135, 1578.0120, -51.026, 1578.0120, -51.261, 1578.0120, -51.573, 1578.0120,-210.000,  , ,  , 
1578.0333, -51.151, 1578.0333, -51.047, 1578.0333, -51.255, 1578.0333, -51.600, 1578.0333, -80.691,  , ,  , 
1578.0545, -51.181, 1578.0545, -51.078, 1578.0545, -51.264, 1578.0545, -51.618, 1578.0545,-210.000,  , ,  , 
1578.0758, -51.188, 1578.0758, -51.066, 1578.0758, -51.315, 1578.0758, -51.592, 1578.0758, -76.259,  , ,  , 
1578.0970, -51.192, 1578.0970, -51.081, 1578.0970, -51.293, 1578.0970, -51.655, 1578.0970,-210.000,  , ,  , 
1578.1183, -51.207, 1578.1183, -51.113, 1578.1183, -51.352, 1578.1183, -51.652, 1578.1183, -97.542,  , ,  , 
1578.1395, -51.231, 1578.1395, -51.145, 1578.1395, -51.330, 1578.1395, -51.666, 1578.1395, -78.619,  , ,  , 
1578.1608, -51.247, 1578.1608, -51.127, 1578.1608, -51.356, 1578.1608, -51.679, 1578.1608, -78.149,  , ,  , 
1578.1820, -51.235, 1578.1820, -51.133, 1578.1820, -51.373, 1578.1820, -51.726, 1578.1820,-210.000,  , ,  , 
1578.2033, -51.274, 1578.2033, -51.192, 1578.2033, -51.388, 1578.2033, -51.695, 1578.2033, -79.135,  , ,  , 
1578.2246, -51.267, 1578.2246, -51.196, 1578.2246, -51.458, 1578.2246, -51.732, 1578.2246, -71.462,  , ,  , 
1578.2458, -51.319, 1578.2458, -51.220, 1578.2458, -51.431, 1578.2458, -51.767, 1578.2458,-210.000,  , ,  , 
1578.2671, -51.308, 1578.2671, -51.236, 1578.2671, -51.442, 1578.2671, -51.766, 1578.2671, -73.036,  , ,  , 
1578.2883, -51.335, 1578.2883, -51.250, 1578.2883, -51.480, 1578.2883, -51.757, 1578.2883,-210.000,  , ,  , 
1578.3096, -51.351, 1578.3096, -51.267, 1578.3096, -51.486, 1578.3096, -51.777, 1578.3096, -75.706,  , ,  , 
1578.3308, -51.361, 1578.3308, -51.255, 1578.3308, -51.517, 1578.3308, -51.819, 1578.3308,-210.000,  , ,  , 
1578.3521, -51.353, 1578.3521, -51.286, 1578.3521, -51.516, 1578.3521, -51.806, 1578.3521, -73.395,  , ,  , 
1578.3733, -51.391, 1578.3733, -51.309, 1578.3733, -51.568, 1578.3733, -51.847, 1578.3733, -76.077,  , ,  , 
1578.3946, -51.390, 1578.3946, -51.300, 1578.3946, -51.575, 1578.3946, -51.868, 1578.3946, -77.406,  , ,  , 
1578.4159, -51.420, 1578.4159, -51.304, 1578.4159, -51.564, 1578.4159, -51.898, 1578.4159,-210.000,  , ,  , 
1578.4371, -51.438, 1578.4371, -51.332, 1578.4371, -51.607, 1578.4371, -51.891, 1578.4371,-210.000,  , ,  , 
1578.4584, -51.450, 1578.4584, -51.328, 1578.4584, -51.631, 1578.4584, -51.922, 1578.4584, -72.931,  , ,  , 
1578.4796, -51.482, 1578.4796, -51.374, 1578.4796, -51.648, 1578.4796, -51.928, 1578.4796,-210.000,  , ,  , 
1578.5009, -51.499, 1578.5009, -51.355, 1578.5009, -51.651, 1578.5009, -51.949, 1578.5009,-210.000,  , ,  , 
1578.5221, -51.491, 1578.5221, -51.408, 1578.5221, -51.661, 1578.5221, -51.948, 1578.5221,-210.000,  , ,  , 
1578.5434, -51.496, 1578.5434, -51.416, 1578.5434, -51.689, 1578.5434, -52.008, 1578.5434,-210.000,  , ,  , 
1578.5646, -51.509, 1578.5646, -51.433, 1578.5646, -51.718, 1578.5646, -51.962, 1578.5646,-210.000,  , ,  , 
1578.5859, -51.550, 1578.5859, -51.434, 1578.5859, -51.743, 1578.5859, -52.022, 1578.5859,-210.000,  , ,  , 
1578.6072, -51.532, 1578.6072, -51.452, 1578.6072, -51.744, 1578.6072, -52.014, 1578.6072, -78.872,  , ,  , 
1578.6284, -51.568, 1578.6284, -51.462, 1578.6284, -51.720, 1578.6284, -52.044, 1578.6284,-210.000,  , ,  , 
1578.6497, -51.611, 1578.6497, -51.489, 1578.6497, -51.795, 1578.6497, -52.065, 1578.6497, -75.015,  , ,  , 
1578.6709, -51.564, 1578.6709, -51.521, 1578.6709, -51.785, 1578.6709, -52.081, 1578.6709, -76.962,  , ,  , 
1578.6922, -51.609, 1578.6922, -51.488, 1578.6922, -51.810, 1578.6922, -52.101, 1578.6922, -77.363,  , ,  , 
1578.7134, -51.606, 1578.7134, -51.532, 1578.7134, -51.840, 1578.7134, -52.097, 1578.7134,-210.000,  , ,  , 
1578.7347, -51.606, 1578.7347, -51.574, 1578.7347, -51.895, 1578.7347, -52.098, 1578.7347, -77.652,  , ,  , 
1578.7559, -51.629, 1578.7559, -51.520, 1578.7559, -51.837, 1578.7559, -52.176, 1578.7559, -70.045,  , ,  , 
1578.7772, -51.682, 1578.7772, -51.623, 1578.7772, -51.876, 1578.7772, -52.116, 1578.7772,-210.000,  , ,  , 
1578.7984, -51.644, 1578.7984, -51.603, 1578.7984, -51.899, 1578.7984, -52.130, 1578.7984, -73.927,  , ,  , 
1578.8197, -51.681, 1578.8197, -51.603, 1578.8197, -51.905, 1578.8197, -52.158, 1578.8197,-210.000,  , ,  , 
1578.8410, -51.683, 1578.8410, -51.634, 1578.8410, -51.958, 1578.8410, -52.189, 1578.8410, -73.936,  , ,  , 
1578.8622, -51.723, 1578.8622, -51.654, 1578.8622, -51.979, 1578.8622, -52.154, 1578.8622,-210.000,  , ,  , 
1578.8835, -51.726, 1578.8835, -51.672, 1578.8835, -51.969, 1578.8835, -52.219, 1578.8835,-210.000,  , ,  , 
1578.9047, -51.736, 1578.9047, -51.650, 1578.9047, -51.994, 1578.9047, -52.244, 1578.9047, -72.520,  , ,  , 
1578.9260, -51.747, 1578.9260, -51.657, 1578.9260, -52.005, 1578.9260, -52.218, 1578.9260,-210.000,  , ,  , 
1578.9472, -51.780, 1578.9472, -51.698, 1578.9472, -52.050, 1578.9472, -52.250, 1578.9472, -78.817,  , ,  , 
1578.9685, -51.768, 1578.9685, -51.712, 1578.9685, -52.049, 1578.9685, -52.293, 1578.9685, -76.827,  , ,  , 
1578.9897, -51.773, 1578.9897, -51.737, 1578.9897, -52.067, 1578.9897, -52.267, 1578.9897, -76.365,  , ,  , 
1579.0110, -51.819, 1579.0110, -51.742, 1579.0110, -52.063, 1579.0110, -52.283, 1579.0110,-210.000,  , ,  , 
1579.0323, -51.818, 1579.0323, -51.727, 1579.0323, -52.097, 1579.0323, -52.290, 1579.0323, -75.522,  , ,  , 
1579.0535, -51.803, 1579.0535, -51.750, 1579.0535, -52.091, 1579.0535, -52.366, 1579.0535,-210.000,  , ,  , 
1579.0748, -51.814, 1579.0748, -51.779, 1579.0748, -52.185, 1579.0748, -52.337, 1579.0748,-210.000,  , ,  , 
1579.0960, -51.879, 1579.0960, -51.820, 1579.0960, -52.159, 1579.0960, -52.323, 1579.0960,-210.000,  , ,  , 
1579.1173, -51.828, 1579.1173, -51.809, 1579.1173, -52.155, 1579.1173, -52.357, 1579.1173, -78.250,  , ,  , 
1579.1385, -51.849, 1579.1385, -51.796, 1579.1385, -52.154, 1579.1385, -52.375, 1579.1385,-210.000,  , ,  , 
1579.1598, -51.907, 1579.1598, -51.827, 1579.1598, -52.163, 1579.1598, -52.369, 1579.1598,-210.000,  , ,  , 
1579.1810, -51.899, 1579.1810, -51.861, 1579.1810, -52.212, 1579.1810, -52.393, 1579.1810, -72.944,  , ,  , 
1579.2023, -51.867, 1579.2023, -51.861, 1579.2023, -52.202, 1579.2023, -52.410, 1579.2023, -75.466,  , ,  , 
1579.2236, -51.915, 1579.2236, -51.874, 1579.2236, -52.202, 1579.2236, -52.408, 1579.2236,-210.000,  , ,  , 
1579.2448, -51.930, 1579.2448, -51.886, 1579.2448, -52.241, 1579.2448, -52.393, 1579.2448, -72.855,  , ,  , 
1579.2661, -51.973, 1579.2661, -51.900, 1579.2661, -52.240, 1579.2661, -52.427, 1579.2661, -79.745,  , ,  , 
1579.2873, -51.923, 1579.2873, -51.931, 1579.2873, -52.230, 1579.2873, -52.403, 1579.2873,-210.000,  , ,  , 
1579.3086, -51.952, 1579.3086, -51.968, 1579.3086, -52.258, 1579.3086, -52.418, 1579.3086, -71.960,  , ,  , 
1579.3298, -52.004, 1579.3298, -51.921, 1579.3298, -52.316, 1579.3298, -52.440, 1579.3298, -86.972,  , ,  , 
1579.3511, -51.975, 1579.3511, -51.994, 1579.3511, -52.323, 1579.3511, -52.492, 1579.3511,-210.000,  , ,  , 
1579.3723, -51.997, 1579.3723, -51.929, 1579.3723, -52.329, 1579.3723, -52.465, 1579.3723,-210.000,  , ,  , 
1579.3936, -52.030, 1579.3936, -52.007, 1579.3936, -52.368, 1579.3936, -52.481, 1579.3936, -75.965,  , ,  , 
1579.4149, -52.024, 1579.4149, -51.995, 1579.4149, -52.385, 1579.4149, -52.516, 1579.4149,-210.000,  , ,  , 
1579.4361, -52.045, 1579.4361, -52.041, 1579.4361, -52.373, 1579.4361, -52.508, 1579.4361,-210.000,  , ,  , 
1579.4574, -52.044, 1579.4574, -52.017, 1579.4574, -52.413, 1579.4574, -52.493, 1579.4574, -73.555,  , ,  , 
1579.4786, -52.090, 1579.4786, -52.020, 1579.4786, -52.411, 1579.4786, -52.532, 1579.4786,-210.000,  , ,  , 
1579.4999, -52.054, 1579.4999, -52.083, 1579.4999, -52.429, 1579.4999, -52.574, 1579.4999,-210.000,  , ,  , 
1579.5211, -52.087, 1579.5211, -52.062, 1579.5211, -52.447, 1579.5211, -52.519, 1579.5211,-210.000,  , ,  , 
1579.5424, -52.117, 1579.5424, -52.038, 1579.5424, -52.489, 1579.5424, -52.571, 1579.5424, -84.212,  , ,  , 
1579.5636, -52.128, 1579.5636, -52.110, 1579.5636, -52.491, 1579.5636, -52.562, 1579.5636,-210.000,  , ,  , 
1579.5849, -52.114, 1579.5849, -52.107, 1579.5849, -52.523, 1579.5849, -52.619, 1579.5849,-210.000,  , ,  , 
1579.6062, -52.149, 1579.6062, -52.126, 1579.6062, -52.472, 1579.6062, -52.586, 1579.6062,-210.000,  , ,  , 
1579.6274, -52.136, 1579.6274, -52.124, 1579.6274, -52.516, 1579.6274, -52.621, 1579.6274, -79.096,  , ,  , 
1579.6487, -52.144, 1579.6487, -52.150, 1579.6487, -52.548, 1579.6487, -52.614, 1579.6487,-210.000,  , ,  , 
1579.6699, -52.174, 1579.6699, -52.165, 1579.6699, -52.548, 1579.6699, -52.626, 1579.6699, -73.829,  , ,  , 
1579.6912, -52.190, 1579.6912, -52.194, 1579.6912, -52.554, 1579.6912, -52.610, 1579.6912, -83.651,  , ,  , 
1579.7124, -52.172, 1579.7124, -52.193, 1579.7124, -52.553, 1579.7124, -52.616, 1579.7124, -82.012,  , ,  , 
1579.7337, -52.228, 1579.7337, -52.213, 1579.7337, -52.528, 1579.7337, -52.654, 1579.7337, -83.431,  , ,  , 
1579.7549, -52.198, 1579.7549, -52.249, 1579.7549, -52.575, 1579.7549, -52.662, 1579.7549, -72.822,  , ,  , 
1579.7762, -52.218, 1579.7762, -52.289, 1579.7762, -52.605, 1579.7762, -52.613, 1579.7762, -71.416,  , ,  , 
1579.7974, -52.238, 1579.7974, -52.229, 1579.7974, -52.602, 1579.7974, -52.686, 1579.7974, -74.512,  , ,  , 
1579.8187, -52.242, 1579.8187, -52.287, 1579.8187, -52.667, 1579.8187, -52.673, 1579.8187,-210.000,  , ,  , 
1579.8400, -52.280, 1579.8400, -52.279, 1579.8400, -52.653, 1579.8400, -52.688, 1579.8400, -76.792,  , ,  , 
1579.8612, -52.286, 1579.8612, -52.302, 1579.8612, -52.644, 1579.8612, -52.681, 1579.8612, -82.989,  , ,  , 
1579.8825, -52.293, 1579.8825, -52.338, 1579.8825, -52.682, 1579.8825, -52.703, 1579.8825, -74.592,  , ,  , 
1579.9037, -52.303, 1579.9037, -52.319, 1579.9037, -52.669, 1579.9037, -52.673, 1579.9037, -89.271,  , ,  , 
1579.9250, -52.326, 1579.9250, -52.325, 1579.9250, -52.705, 1579.9250, -52.734, 1579.9250,-210.000,  , ,  , 
1579.9462, -52.327, 1579.9462, -52.348, 1579.9462, -52.717, 1579.9462, -52.710, 1579.9462, -79.547,  , ,  , 
1579.9675, -52.375, 1579.9675, -52.354, 1579.9675, -52.704, 1579.9675, -52.713, 1579.9675, -94.004,  , ,  , 
1579.9887, -52.355, 1579.9887, -52.389, 1579.9887, -52.736, 1579.9887, -52.754, 1579.9887, -98.246,  , ,  , 
1580.0100, -52.353, 1580.0100, -52.374, 1580.0100, -52.765, 1580.0100, -52.763, 1580.0100, -79.116,  , ,  , 
1580.0313, -52.394, 1580.0313, -52.383, 1580.0313, -52.761, 1580.0313, -52.739, 1580.0313, -82.409,  , ,  , 
1580.0525, -52.375, 1580.0525, -52.403, 1580.0525, -52.794, 1580.0525, -52.737, 1580.0525, -83.868,  , ,  , 
1580.0738, -52.378, 1580.0738, -52.443, 1580.0738, -52.822, 1580.0738, -52.793, 1580.0738,-210.000,  , ,  , 
1580.0950, -52.432, 1580.0950, -52.466, 1580.0950, -52.810, 1580.0950, -52.822, 1580.0950,-210.000,  , ,  , 
1580.1163, -52.415, 1580.1163, -52.424, 1580.1163, -52.790, 1580.1163, -52.818, 1580.1163,-210.000,  , ,  , 
1580.1375, -52.433, 1580.1375, -52.487, 1580.1375, -52.873, 1580.1375, -52.795, 1580.1375, -76.988,  , ,  , 
1580.1588, -52.460, 1580.1588, -52.489, 1580.1588, -52.819, 1580.1588, -52.789, 1580.1588,-210.000,  , ,  , 
1580.1800, -52.478, 1580.1800, -52.542, 1580.1800, -52.835, 1580.1800, -52.830, 1580.1800, -76.987,  , ,  , 
1580.2013, -52.458, 1580.2013, -52.529, 1580.2013, -52.888, 1580.2013, -52.812, 1580.2013, -75.941,  , ,  , 
1580.2226, -52.464, 1580.2226, -52.505, 1580.2226, -52.813, 1580.2226, -52.812, 1580.2226, -74.651,  , ,  , 
1580.2438, -52.507, 1580.2438, -52.571, 1580.2438, -52.895, 1580.2438, -52.840, 1580.2438, -84.920,  , ,  , 
1580.2651, -52.502, 1580.2651, -52.558, 1580.2651, -52.881, 1580.2651, -52.761, 1580.2651, -74.659,  , ,  , 
1580.2863, -52.532, 1580.2863, -52.611, 1580.2863, -52.906, 1580.2863, -52.846, 1580.2863, -81.796,  , ,  , 
1580.3076, -52.496, 1580.3076, -52.571, 1580.3076, -52.922, 1580.3076, -52.874, 1580.3076, -73.146,  , ,  , 
1580.3288, -52.588, 1580.3288, -52.609, 1580.3288, -52.939, 1580.3288, -52.842, 1580.3288,-210.000,  , ,  , 
1580.3501, -52.541, 1580.3501, -52.619, 1580.3501, -52.955, 1580.3501, -52.832, 1580.3501, -73.224,  , ,  , 
1580.3713, -52.526, 1580.3713, -52.658, 1580.3713, -52.981, 1580.3713, -52.864, 1580.3713,-210.000,  , ,  , 
1580.3926, -52.561, 1580.3926, -52.691, 1580.3926, -52.966, 1580.3926, -52.849, 1580.3926, -78.037,  , ,  , 
1580.4139, -52.635, 1580.4139, -52.655, 1580.4139, -53.004, 1580.4139, -52.844, 1580.4139, -94.203,  , ,  , 
1580.4351, -52.595, 1580.4351, -52.673, 1580.4351, -53.010, 1580.4351, -52.892, 1580.4351, -83.915,  , ,  , 
1580.4564, -52.629, 1580.4564, -52.668, 1580.4564, -52.976, 1580.4564, -52.896, 1580.4564,-210.000,  , ,  , 
1580.4776, -52.610, 1580.4776, -52.712, 1580.4776, -53.015, 1580.4776, -52.834, 1580.4776,-210.000,  , ,  , 
1580.4989, -52.682, 1580.4989, -52.700, 1580.4989, -53.049, 1580.4989, -52.926, 1580.4989, -73.567,  , ,  , 
1580.5201, -52.638, 1580.5201, -52.699, 1580.5201, -53.005, 1580.5201, -52.865, 1580.5201, -81.309,  , ,  , 
1580.5414, -52.637, 1580.5414, -52.744, 1580.5414, -53.068, 1580.5414, -52.903, 1580.5414,-210.000,  , ,  , 
1580.5626, -52.718, 1580.5626, -52.726, 1580.5626, -53.122, 1580.5626, -52.919, 1580.5626,-210.000,  , ,  , 
1580.5839, -52.719, 1580.5839, -52.764, 1580.5839, -53.070, 1580.5839, -52.933, 1580.5839, -84.236,  , ,  , 
1580.6052, -52.636, 1580.6052, -52.747, 1580.6052, -53.055, 1580.6052, -52.917, 1580.6052, -75.904,  , ,  , 
1580.6264, -52.707, 1580.6264, -52.768, 1580.6264, -53.063, 1580.6264, -52.934, 1580.6264, -80.243,  , ,  , 
1580.6477, -52.734, 1580.6477, -52.799, 1580.6477, -53.128, 1580.6477, -52.912, 1580.6477, -78.038,  , ,  , 
1580.6689, -52.714, 1580.6689, -52.815, 1580.6689, -53.125, 1580.6689, -52.946, 1580.6689,-210.000,  , ,  , 
1580.6902, -52.697, 1580.6902, -52.814, 1580.6902, -53.142, 1580.6902, -52.943, 1580.6902,-210.000,  , ,  , 
1580.7114, -52.775, 1580.7114, -52.815, 1580.7114, -53.143, 1580.7114, -52.924, 1580.7114,-210.000,  , ,  , 
1580.7327, -52.785, 1580.7327, -52.842, 1580.7327, -53.064, 1580.7327, -52.993, 1580.7327, -78.639,  , ,  , 
1580.7539, -52.777, 1580.7539, -52.897, 1580.7539, -53.088, 1580.7539, -52.959, 1580.7539,-210.000,  , ,  , 
1580.7752, -52.834, 1580.7752, -52.846, 1580.7752, -53.132, 1580.7752, -52.934, 1580.7752,-210.000,  , ,  , 
1580.7964, -52.783, 1580.7964, -52.890, 1580.7964, -53.144, 1580.7964, -52.898, 1580.7964, -71.885,  , ,  , 
1580.8177, -52.842, 1580.8177, -52.877, 1580.8177, -53.141, 1580.8177, -52.922, 1580.8177,-210.000,  , ,  , 
1580.8390, -52.798, 1580.8390, -52.920, 1580.8390, -53.182, 1580.8390, -52.914, 1580.8390, -80.042,  , ,  , 
1580.8602, -52.811, 1580.8602, -52.964, 1580.8602, -53.196, 1580.8602, -52.934, 1580.8602, -72.566,  , ,  , 
1580.8815, -52.857, 1580.8815, -52.915, 1580.8815, -53.173, 1580.8815, -52.951, 1580.8815, -81.582,  , ,  , 
1580.9027, -52.841, 1580.9027, -52.932, 1580.9027, -53.208, 1580.9027, -52.993, 1580.9027, -75.375,  , ,  , 
1580.9240, -52.823, 1580.9240, -52.989, 1580.9240, -53.203, 1580.9240, -52.969, 1580.9240, -78.803,  , ,  , 
1580.9452, -52.860, 1580.9452, -52.986, 1580.9452, -53.243, 1580.9452, -52.922, 1580.9452, -79.557,  , ,  , 
1580.9665, -52.895, 1580.9665, -53.005, 1580.9665, -53.212, 1580.9665, -52.963, 1580.9665,-210.000,  , ,  , 
1580.9877, -52.904, 1580.9877, -52.991, 1580.9877, -53.213, 1580.9877, -52.976, 1580.9877,-210.000,  , ,  , 
1581.0090, -52.919, 1581.0090, -53.006, 1581.0090, -53.263, 1581.0090, -52.938, 1581.0090, -75.675,  , ,  , 
1581.0303, -52.907, 1581.0303, -53.036, 1581.0303, -53.268, 1581.0303, -53.001, 1581.0303, -72.268,  , ,  , 
1581.0515, -52.932, 1581.0515, -53.013, 1581.0515, -53.257, 1581.0515, -53.019, 1581.0515,-210.000,  , ,  , 
1581.0728, -52.992, 1581.0728, -53.063, 1581.0728, -53.284, 1581.0728, -52.985, 1581.0728,-210.000,  , ,  , 
1581.0940, -52.969, 1581.0940, -53.008, 1581.0940, -53.275, 1581.0940, -53.009, 1581.0940,-210.000,  , ,  , 
1581.1153, -52.994, 1581.1153, -53.064, 1581.1153, -53.275, 1581.1153, -52.982, 1581.1153,-210.000,  , ,  , 
1581.1365, -53.012, 1581.1365, -53.069, 1581.1365, -53.277, 1581.1365, -53.002, 1581.1365, -83.436,  , ,  , 
1581.1578, -52.996, 1581.1578, -53.075, 1581.1578, -53.299, 1581.1578, -52.992, 1581.1578,-210.000,  , ,  , 
1581.1790, -52.994, 1581.1790, -53.117, 1581.1790, -53.329, 1581.1790, -53.040, 1581.1790,-210.000,  , ,  , 
1581.2003, -53.049, 1581.2003, -53.114, 1581.2003, -53.308, 1581.2003, -53.004, 1581.2003, -76.035,  , ,  , 
1581.2216, -53.037, 1581.2216, -53.129, 1581.2216, -53.298, 1581.2216, -53.015, 1581.2216, -72.587,  , ,  , 
1581.2428, -53.022, 1581.2428, -53.175, 1581.2428, -53.297, 1581.2428, -53.034, 1581.2428,-210.000,  , ,  , 
1581.2641, -53.067, 1581.2641, -53.164, 1581.2641, -53.291, 1581.2641, -53.035, 1581.2641,-210.000,  , ,  , 
1581.2853, -53.059, 1581.2853, -53.192, 1581.2853, -53.341, 1581.2853, -53.015, 1581.2853, -78.846,  , ,  , 
1581.3066, -53.120, 1581.3066, -53.179, 1581.3066, -53.335, 1581.3066, -52.988, 1581.3066, -75.531,  , ,  , 
1581.3278, -53.123, 1581.3278, -53.188, 1581.3278, -53.359, 1581.3278, -53.025, 1581.3278,-210.000,  , ,  , 
1581.3491, -53.154, 1581.3491, -53.213, 1581.3491, -53.338, 1581.3491, -53.021, 1581.3491, -73.370,  , ,  , 
1581.3703, -53.149, 1581.3703, -53.253, 1581.3703, -53.352, 1581.3703, -53.001, 1581.3703, -74.950,  , ,  , 
1581.3916, -53.137, 1581.3916, -53.282, 1581.3916, -53.394, 1581.3916, -53.031, 1581.3916, -75.230,  , ,  , 
1581.4129, -53.133, 1581.4129, -53.189, 1581.4129, -53.361, 1581.4129, -53.039, 1581.4129, -77.771,  , ,  , 
1581.4341, -53.165, 1581.4341, -53.247, 1581.4341, -53.439, 1581.4341, -53.019, 1581.4341,-210.000,  , ,  , 
1581.4554, -53.170, 1581.4554, -53.276, 1581.4554, -53.419, 1581.4554, -53.009, 1581.4554, -77.129,  , ,  , 
1581.4766, -53.153, 1581.4766, -53.289, 1581.4766, -53.356, 1581.4766, -53.020, 1581.4766, -80.787,  , ,  , 
1581.4979, -53.174, 1581.4979, -53.313, 1581.4979, -53.449, 1581.4979, -53.046, 1581.4979,-210.000,  , ,  , 
1581.5191, -53.198, 1581.5191, -53.268, 1581.5191, -53.412, 1581.5191, -53.025, 1581.5191,-210.000,  , ,  , 
1581.5404, -53.181, 1581.5404, -53.300, 1581.5404, -53.450, 1581.5404, -53.061, 1581.5404, -75.729,  , ,  , 
1581.5616, -53.205, 1581.5616, -53.315, 1581.5616, -53.398, 1581.5616, -53.024, 1581.5616, -80.961,  , ,  , 
1581.5829, -53.255, 1581.5829, -53.333, 1581.5829, -53.419, 1581.5829, -53.037, 1581.5829, -74.516,  , ,  , 
1581.6042, -53.274, 1581.6042, -53.317, 1581.6042, -53.437, 1581.6042, -53.035, 1581.6042,-210.000,  , ,  , 
1581.6254, -53.258, 1581.6254, -53.337, 1581.6254, -53.460, 1581.6254, -53.046, 1581.6254,-210.000,  , ,  , 
1581.6467, -53.307, 1581.6467, -53.345, 1581.6467, -53.452, 1581.6467, -53.089, 1581.6467,-210.000,  , ,  , 
1581.6679, -53.286, 1581.6679, -53.383, 1581.6679, -53.414, 1581.6679, -53.073, 1581.6679, -76.390,  , ,  , 
1581.6892, -53.346, 1581.6892, -53.374, 1581.6892, -53.473, 1581.6892, -53.054, 1581.6892,-210.000,  , ,  , 
1581.7104, -53.305, 1581.7104, -53.380, 1581.7104, -53.470, 1581.7104, -53.070, 1581.7104, -77.689,  , ,  , 
1581.7317, -53.327, 1581.7317, -53.382, 1581.7317, -53.470, 1581.7317, -53.048, 1581.7317, -76.878,  , ,  , 
1581.7529, -53.336, 1581.7529, -53.447, 1581.7529, -53.454, 1581.7529, -53.061, 1581.7529, -74.788,  , ,  , 
1581.7742, -53.381, 1581.7742, -53.439, 1581.7742, -53.415, 1581.7742, -53.071, 1581.7742,-210.000,  , ,  , 
1581.7954, -53.371, 1581.7954, -53.434, 1581.7954, -53.480, 1581.7954, -53.075, 1581.7954, -74.556,  , ,  , 
1581.8167, -53.393, 1581.8167, -53.461, 1581.8167, -53.475, 1581.8167, -53.061, 1581.8167, -77.623,  , ,  , 
1581.8380, -53.403, 1581.8380, -53.485, 1581.8380, -53.452, 1581.8380, -53.017, 1581.8380,-210.000,  , ,  , 
1581.8592, -53.414, 1581.8592, -53.443, 1581.8592, -53.491, 1581.8592, -53.083, 1581.8592, -72.727,  , ,  , 
1581.8805, -53.395, 1581.8805, -53.517, 1581.8805, -53.461, 1581.8805, -52.976, 1581.8805, -76.782,  , ,  , 
1581.9017, -53.439, 1581.9017, -53.474, 1581.9017, -53.546, 1581.9017, -53.079, 1581.9017,-210.000,  , ,  , 
1581.9230, -53.449, 1581.9230, -53.461, 1581.9230, -53.490, 1581.9230, -53.047, 1581.9230, -78.583,  , ,  , 
1581.9442, -53.455, 1581.9442, -53.557, 1581.9442, -53.506, 1581.9442, -53.033, 1581.9442, -75.842,  , ,  , 
1581.9655, -53.458, 1581.9655, -53.472, 1581.9655, -53.511, 1581.9655, -53.055, 1581.9655,-210.000,  , ,  , 
1581.9867, -53.462, 1581.9867, -53.522, 1581.9867, -53.538, 1581.9867, -53.044, 1581.9867, -76.036,  , ,  , 
1582.0080, -53.509, 1582.0080, -53.569, 1582.0080, -53.568, 1582.0080, -53.075, 1582.0080,-210.000,  , ,  , 
1582.0293, -53.461, 1582.0293, -53.524, 1582.0293, -53.510, 1582.0293, -53.042, 1582.0293,-210.000,  , ,  , 
1582.0505, -53.490, 1582.0505, -53.549, 1582.0505, -53.549, 1582.0505, -53.076, 1582.0505, -80.440,  , ,  , 
1582.0718, -53.495, 1582.0718, -53.496, 1582.0718, -53.566, 1582.0718, -53.071, 1582.0718,-210.000,  , ,  , 
1582.0930, -53.526, 1582.0930, -53.615, 1582.0930, -53.510, 1582.0930, -53.084, 1582.0930,-210.000,  , ,  , 
1582.1143, -53.509, 1582.1143, -53.550, 1582.1143, -53.531, 1582.1143, -53.074, 1582.1143, -78.994,  , ,  , 
1582.1355, -53.563, 1582.1355, -53.599, 1582.1355, -53.505, 1582.1355, -53.064, 1582.1355,-210.000,  , ,  , 
1582.1568, -53.611, 1582.1568, -53.618, 1582.1568, -53.563, 1582.1568, -53.072, 1582.1568, -74.841,  , ,  , 
1582.1780, -53.583, 1582.1780, -53.588, 1582.1780, -53.538, 1582.1780, -53.017, 1582.1780, -72.394,  , ,  , 
1582.1993, -53.588, 1582.1993, -53.552, 1582.1993, -53.547, 1582.1993, -53.108, 1582.1993,-210.000,  , ,  , 
1582.2206, -53.619, 1582.2206, -53.614, 1582.2206, -53.477, 1582.2206, -53.054, 1582.2206,-210.000,  , ,  , 
1582.2418, -53.635, 1582.2418, -53.635, 1582.2418, -53.543, 1582.2418, -53.033, 1582.2418, -72.302,  , ,  , 
1582.2631, -53.562, 1582.2631, -53.660, 1582.2631, -53.546, 1582.2631, -53.089, 1582.2631,-210.000,  , ,  , 
1582.2843, -53.696, 1582.2843, -53.603, 1582.2843, -53.529, 1582.2843, -53.066, 1582.2843,-210.000,  , ,  , 
1582.3056, -53.657, 1582.3056, -53.656, 1582.3056, -53.550, 1582.3056, -53.049, 1582.3056, -75.665,  , ,  , 
1582.3268, -53.637, 1582.3268, -53.641, 1582.3268, -53.541, 1582.3268, -53.059, 1582.3268, -72.664,  , ,  , 
1582.3481, -53.715, 1582.3481, -53.666, 1582.3481, -53.476, 1582.3481, -53.043, 1582.3481, -76.685,  , ,  , 
1582.3693, -53.720, 1582.3693, -53.717, 1582.3693, -53.566, 1582.3693, -53.078, 1582.3693,-210.000,  , ,  , 
1582.3906, -53.665, 1582.3906, -53.655, 1582.3906, -53.537, 1582.3906, -53.021, 1582.3906, -74.082,  , ,  , 
1582.4119, -53.680, 1582.4119, -53.688, 1582.4119, -53.571, 1582.4119, -53.041, 1582.4119, -78.333,  , ,  , 
1582.4331, -53.725, 1582.4331, -53.724, 1582.4331, -53.555, 1582.4331, -53.064, 1582.4331,-210.000,  , ,  , 
1582.4544, -53.741, 1582.4544, -53.731, 1582.4544, -53.561, 1582.4544, -53.033, 1582.4544, -71.360,  , ,  , 
1582.4756, -53.729, 1582.4756, -53.742, 1582.4756, -53.566, 1582.4756, -53.100, 1582.4756, -74.908,  , ,  , 
1582.4969, -53.659, 1582.4969, -53.679, 1582.4969, -53.575, 1582.4969, -53.071, 1582.4969,-210.000,  , ,  , 
1582.5181, -53.716, 1582.5181, -53.724, 1582.5181, -53.581, 1582.5181, -53.036, 1582.5181,-210.000,  , ,  , 
1582.5394, -53.772, 1582.5394, -53.716, 1582.5394, -53.605, 1582.5394, -53.077, 1582.5394, -79.871,  , ,  , 
1582.5606, -53.725, 1582.5606, -53.743, 1582.5606, -53.576, 1582.5606, -53.081, 1582.5606,-210.000,  , ,  , 
1582.5819, -53.762, 1582.5819, -53.778, 1582.5819, -53.595, 1582.5819, -53.069, 1582.5819,-210.000,  , ,  , 
1582.6032, -53.775, 1582.6032, -53.754, 1582.6032, -53.520, 1582.6032, -53.077, 1582.6032,-210.000,  , ,  , 
1582.6244, -53.853, 1582.6244, -53.705, 1582.6244, -53.608, 1582.6244, -53.064, 1582.6244, -73.981,  , ,  , 
1582.6457, -53.803, 1582.6457, -53.792, 1582.6457, -53.569, 1582.6457, -53.085, 1582.6457,-210.000,  , ,  , 
1582.6669, -53.819, 1582.6669, -53.780, 1582.6669, -53.612, 1582.6669, -53.057, 1582.6669,-210.000,  , ,  , 
1582.6882, -53.908, 1582.6882, -53.780, 1582.6882, -53.593, 1582.6882, -53.066, 1582.6882,-210.000,  , ,  , 
1582.7094, -53.871, 1582.7094, -53.785, 1582.7094, -53.510, 1582.7094, -53.099, 1582.7094, -96.691,  , ,  , 
1582.7307, -53.858, 1582.7307, -53.739, 1582.7307, -53.602, 1582.7307, -53.095, 1582.7307,-210.000,  , ,  , 
1582.7519, -53.872, 1582.7519, -53.812, 1582.7519, -53.599, 1582.7519, -53.064, 1582.7519, -72.126,  , ,  , 
1582.7732, -53.927, 1582.7732, -53.802, 1582.7732, -53.557, 1582.7732, -53.045, 1582.7732, -74.761,  , ,  , 
1582.7944, -53.849, 1582.7944, -53.776, 1582.7944, -53.566, 1582.7944, -53.083, 1582.7944, -74.910,  , ,  , 
1582.8157, -53.889, 1582.8157, -53.835, 1582.8157, -53.605, 1582.8157, -53.006, 1582.8157, -83.821,  , ,  , 
1582.8370, -53.920, 1582.8370, -53.799, 1582.8370, -53.582, 1582.8370, -53.089, 1582.8370, -79.588,  , ,  , 
1582.8582, -53.896, 1582.8582, -53.838, 1582.8582, -53.585, 1582.8582, -53.069, 1582.8582,-210.000,  , ,  , 
1582.8795, -53.901, 1582.8795, -53.824, 1582.8795, -53.609, 1582.8795, -53.064, 1582.8795, -73.236,  , ,  , 
1582.9007, -53.913, 1582.9007, -53.879, 1582.9007, -53.577, 1582.9007, -53.046, 1582.9007, -77.769,  , ,  , 
1582.9220, -53.980, 1582.9220, -53.820, 1582.9220, -53.574, 1582.9220, -53.033, 1582.9220, -76.686,  , ,  , 
1582.9432, -53.934, 1582.9432, -53.867, 1582.9432, -53.599, 1582.9432, -53.098, 1582.9432, -77.255,  , ,  , 
1582.9645, -53.943, 1582.9645, -53.837, 1582.9645, -53.581, 1582.9645, -53.003, 1582.9645,-210.000,  , ,  , 
1582.9857, -53.971, 1582.9857, -53.858, 1582.9857, -53.618, 1582.9857, -53.074, 1582.9857, -74.418,  , ,  , 
1583.0070, -53.977, 1583.0070, -53.873, 1583.0070, -53.578, 1583.0070, -53.085, 1583.0070, -77.794,  , ,  , 
1583.0283, -53.974, 1583.0283, -53.892, 1583.0283, -53.558, 1583.0283, -53.075, 1583.0283,-210.000,  , ,  , 
1583.0495, -53.942, 1583.0495, -53.828, 1583.0495, -53.669, 1583.0495, -53.045, 1583.0495, -75.909,  , ,  , 
1583.0708, -54.019, 1583.0708, -53.847, 1583.0708, -53.553, 1583.0708, -53.118, 1583.0708,-210.000,  , ,  , 
1583.0920, -54.011, 1583.0920, -53.860, 1583.0920, -53.577, 1583.0920, -53.116, 1583.0920, -78.184,  , ,  , 
1583.1133, -54.034, 1583.1133, -53.883, 1583.1133, -53.633, 1583.1133, -53.052, 1583.1133,-210.000,  , ,  , 
1583.1345, -53.979, 1583.1345, -53.865, 1583.1345, -53.609, 1583.1345, -53.109, 1583.1345,-210.000,  , ,  , 
1583.1558, -54.102, 1583.1558, -53.824, 1583.1558, -53.566, 1583.1558, -53.109, 1583.1558,-210.000,  , ,  , 
1583.1770, -54.045, 1583.1770, -53.920, 1583.1770, -53.588, 1583.1770, -53.085, 1583.1770,-210.000,  , ,  , 
1583.1983, -54.033, 1583.1983, -53.897, 1583.1983, -53.584, 1583.1983, -53.066, 1583.1983, -71.896,  , ,  , 
1583.2196, -54.006, 1583.2196, -53.885, 1583.2196, -53.595, 1583.2196, -53.097, 1583.2196,-210.000,  , ,  , 
1583.2408, -54.069, 1583.2408, -53.915, 1583.2408, -53.596, 1583.2408, -53.045, 1583.2408,-210.000,  , ,  , 
1583.2621, -54.096, 1583.2621, -53.936, 1583.2621, -53.588, 1583.2621, -53.086, 1583.2621, -73.996,  , ,  , 
1583.2833, -54.094, 1583.2833, -53.862, 1583.2833, -53.598, 1583.2833, -53.067, 1583.2833,-210.000,  , ,  , 
1583.3046, -54.114, 1583.3046, -53.946, 1583.3046, -53.578, 1583.3046, -53.107, 1583.3046, -83.427,  , ,  , 
1583.3258, -54.144, 1583.3258, -53.925, 1583.3258, -53.548, 1583.3258, -53.073, 1583.3258, -72.111,  , ,  , 
1583.3471, -54.096, 1583.3471, -53.959, 1583.3471, -53.619, 1583.3471, -53.063, 1583.3471, -75.422,  , ,  , 
1583.3683, -54.129, 1583.3683, -53.921, 1583.3683, -53.603, 1583.3683, -53.084, 1583.3683,-210.000,  , ,  , 
1583.3896, -54.146, 1583.3896, -53.938, 1583.3896, -53.575, 1583.3896, -53.063, 1583.3896, -76.701,  , ,  , 
1583.4109, -54.150, 1583.4109, -53.896, 1583.4109, -53.613, 1583.4109, -53.074, 1583.4109, -82.061,  , ,  , 
1583.4321, -54.097, 1583.4321, -53.908, 1583.4321, -53.576, 1583.4321, -53.081, 1583.4321, -76.127,  , ,  , 
1583.4534, -54.146, 1583.4534, -53.943, 1583.4534, -53.591, 1583.4534, -53.064, 1583.4534,-210.000,  , ,  , 
1583.4746, -54.139, 1583.4746, -53.877, 1583.4746, -53.564, 1583.4746, -53.022, 1583.4746, -88.257,  , ,  , 
1583.4959, -54.143, 1583.4959, -53.930, 1583.4959, -53.581, 1583.4959, -53.068, 1583.4959, -73.122,  , ,  , 
1583.5171, -54.169, 1583.5171, -53.921, 1583.5171, -53.549, 1583.5171, -53.099, 1583.5171,-210.000,  , ,  , 
1583.5384, -54.181, 1583.5384, -53.929, 1583.5384, -53.602, 1583.5384, -53.044, 1583.5384,-210.000,  , ,  , 
1583.5596, -54.230, 1583.5596, -53.964, 1583.5596, -53.611, 1583.5596, -53.099, 1583.5596,-210.000,  , ,  , 
1583.5809, -54.161, 1583.5809, -53.869, 1583.5809, -53.594, 1583.5809, -53.089, 1583.5809, -76.017,  , ,  , 
1583.6022, -54.187, 1583.6022, -53.917, 1583.6022, -53.573, 1583.6022, -53.073, 1583.6022,-210.000,  , ,  , 
1583.6234, -54.237, 1583.6234, -53.946, 1583.6234, -53.585, 1583.6234, -53.062, 1583.6234,-210.000,  , ,  , 
1583.6447, -54.190, 1583.6447, -53.925, 1583.6447, -53.596, 1583.6447, -53.091, 1583.6447, -85.704,  , ,  , 
1583.6659, -54.184, 1583.6659, -53.885, 1583.6659, -53.591, 1583.6659, -53.102, 1583.6659,-210.000,  , ,  , 
1583.6872, -54.255, 1583.6872, -53.920, 1583.6872, -53.610, 1583.6872, -53.143, 1583.6872, -80.274,  , ,  , 
1583.7084, -54.272, 1583.7084, -53.874, 1583.7084, -53.598, 1583.7084, -53.051, 1583.7084, -84.760,  , ,  , 
1583.7297, -54.214, 1583.7297, -53.914, 1583.7297, -53.575, 1583.7297, -53.090, 1583.7297,-210.000,  , ,  , 
1583.7509, -54.232, 1583.7509, -53.920, 1583.7509, -53.551, 1583.7509, -53.065, 1583.7509,-210.000,  , ,  , 
1583.7722, -54.240, 1583.7722, -53.964, 1583.7722, -53.607, 1583.7722, -53.070, 1583.7722, -72.898,  , ,  , 
1583.7934, -54.260, 1583.7934, -53.984, 1583.7934, -53.605, 1583.7934, -53.062, 1583.7934, -80.342,  , ,  , 
1583.8147, -54.276, 1583.8147, -53.904, 1583.8147, -53.532, 1583.8147, -53.076, 1583.8147, -76.964,  , ,  , 
1583.8360, -54.249, 1583.8360, -53.998, 1583.8360, -53.606, 1583.8360, -53.081, 1583.8360,-210.000,  , ,  , 
1583.8572, -54.303, 1583.8572, -53.969, 1583.8572, -53.521, 1583.8572, -53.069, 1583.8572, -78.556,  , ,  , 
1583.8785, -54.239, 1583.8785, -53.920, 1583.8785, -53.553, 1583.8785, -53.095, 1583.8785,-210.000,  , ,  , 
1583.8997, -54.274, 1583.8997, -53.928, 1583.8997, -53.590, 1583.8997, -53.064, 1583.8997, -73.389,  , ,  , 
1583.9210, -54.296, 1583.9210, -53.991, 1583.9210, -53.603, 1583.9210, -53.041, 1583.9210, -73.598,  , ,  , 
1583.9422, -54.239, 1583.9422, -53.931, 1583.9422, -53.581, 1583.9422, -53.090, 1583.9422, -74.678,  , ,  , 
1583.9635, -54.289, 1583.9635, -53.936, 1583.9635, -53.555, 1583.9635, -53.091, 1583.9635, -75.350,  , ,  , 
1583.9847, -54.289, 1583.9847, -54.009, 1583.9847, -53.609, 1583.9847, -53.086, 1583.9847, -77.979,  , ,  , 
1584.0060, -54.283, 1584.0060, -53.915, 1584.0060, -53.577, 1584.0060, -53.120, 1584.0060, -73.751,  , ,  , 
1584.0273, -54.358, 1584.0273, -53.919, 1584.0273, -53.576, 1584.0273, -53.107, 1584.0273,-210.000,  , ,  , 
1584.0485, -54.334, 1584.0485, -53.972, 1584.0485, -53.559, 1584.0485, -53.070, 1584.0485, -75.159,  , ,  , 
1584.0698, -54.322, 1584.0698, -53.943, 1584.0698, -53.579, 1584.0698, -53.113, 1584.0698,-210.000,  , ,  , 
1584.0910, -54.322, 1584.0910, -53.956, 1584.0910, -53.544, 1584.0910, -53.070, 1584.0910,-210.000,  , ,  , 
1584.1123, -54.352, 1584.1123, -53.983, 1584.1123, -53.592, 1584.1123, -53.113, 1584.1123,-210.000,  , ,  , 
1584.1335, -54.358, 1584.1335, -53.909, 1584.1335, -53.606, 1584.1335, -53.125, 1584.1335, -74.495,  , ,  , 
1584.1548, -54.314, 1584.1548, -53.896, 1584.1548, -53.574, 1584.1548, -53.060, 1584.1548,-210.000,  , ,  , 
1584.1760, -54.388, 1584.1760, -53.964, 1584.1760, -53.579, 1584.1760, -53.138, 1584.1760,-210.000,  , ,  , 
1584.1973, -54.367, 1584.1973, -53.926, 1584.1973, -53.610, 1584.1973, -53.076, 1584.1973, -76.064,  , ,  , 
1584.2186, -54.314, 1584.2186, -53.967, 1584.2186, -53.524, 1584.2186, -53.108, 1584.2186,-210.000,  , ,  , 
1584.2398, -54.367, 1584.2398, -53.913, 1584.2398, -53.600, 1584.2398, -53.109, 1584.2398,-210.000,  , ,  , 
1584.2611, -54.434, 1584.2611, -53.991, 1584.2611, -53.527, 1584.2611, -53.082, 1584.2611,-210.000,  , ,  , 
1584.2823, -54.388, 1584.2823, -53.988, 1584.2823, -53.600, 1584.2823, -53.110, 1584.2823, -80.251,  , ,  , 
1584.3036, -54.320, 1584.3036, -53.928, 1584.3036, -53.540, 1584.3036, -53.145, 1584.3036, -77.274,  , ,  , 
1584.3248, -54.371, 1584.3248, -53.986, 1584.3248, -53.556, 1584.3248, -53.082, 1584.3248, -77.207,  , ,  , 
1584.3461, -54.334, 1584.3461, -53.929, 1584.3461, -53.537, 1584.3461, -53.095, 1584.3461, -77.743,  , ,  , 
1584.3673, -54.391, 1584.3673, -53.959, 1584.3673, -53.552, 1584.3673, -53.094, 1584.3673, -73.900,  , ,  , 
1584.3886, -54.370, 1584.3886, -53.962, 1584.3886, -53.542, 1584.3886, -53.080, 1584.3886, -73.638,  , ,  , 
1584.4099, -54.370, 1584.4099, -54.004, 1584.4099, -53.593, 1584.4099, -53.085, 1584.4099,-210.000,  , ,  , 
1584.4311, -54.371, 1584.4311, -53.989, 1584.4311, -53.587, 1584.4311, -53.087, 1584.4311, -74.519,  , ,  , 
1584.4524, -54.355, 1584.4524, -53.933, 1584.4524, -53.540, 1584.4524, -53.081, 1584.4524, -76.249,  , ,  , 
1584.4736, -54.359, 1584.4736, -53.921, 1584.4736, -53.578, 1584.4736, -53.121, 1584.4736,-210.000,  , ,  , 
1584.4949, -54.433, 1584.4949, -53.974, 1584.4949, -53.582, 1584.4949, -53.140, 1584.4949, -86.538,  , ,  , 
1584.5161, -54.339, 1584.5161, -53.956, 1584.5161, -53.576, 1584.5161, -53.082, 1584.5161, -77.828,  , ,  , 
1584.5374, -54.338, 1584.5374, -53.926, 1584.5374, -53.546, 1584.5374, -53.104, 1584.5374,-210.000,  , ,  , 
1584.5586, -54.362, 1584.5586, -53.906, 1584.5586, -53.634, 1584.5586, -53.103, 1584.5586, -84.028,  , ,  , 
1584.5799, -54.417, 1584.5799, -53.962, 1584.5799, -53.541, 1584.5799, -53.147, 1584.5799,-210.000,  , ,  , 
1584.6012, -54.417, 1584.6012, -53.850, 1584.6012, -53.578, 1584.6012, -53.123, 1584.6012,-210.000,  , ,  , 
1584.6224, -54.385, 1584.6224, -53.947, 1584.6224, -53.571, 1584.6224, -53.142, 1584.6224,-210.000,  , ,  , 
1584.6437, -54.422, 1584.6437, -53.939, 1584.6437, -53.587, 1584.6437, -53.137, 1584.6437, -71.776,  , ,  , 
1584.6649, -54.401, 1584.6649, -53.852, 1584.6649, -53.584, 1584.6649, -53.091, 1584.6649,-210.000,  , ,  , 
1584.6862, -54.401, 1584.6862, -53.915, 1584.6862, -53.568, 1584.6862, -53.136, 1584.6862,-210.000,  , ,  , 
1584.7074, -54.474, 1584.7074, -53.950, 1584.7074, -53.591, 1584.7074, -53.139, 1584.7074, -74.887,  , ,  , 
1584.7287, -54.413, 1584.7287, -53.928, 1584.7287, -53.580, 1584.7287, -53.101, 1584.7287,-210.000,  , ,  , 
1584.7499, -54.431, 1584.7499, -53.918, 1584.7499, -53.549, 1584.7499, -53.150, 1584.7499, -87.147,  , ,  , 
1584.7712, -54.435, 1584.7712, -53.918, 1584.7712, -53.547, 1584.7712, -53.152, 1584.7712,-210.000,  , ,  , 
1584.7924, -54.367, 1584.7924, -53.958, 1584.7924, -53.538, 1584.7924, -53.139, 1584.7924, -75.342,  , ,  , 
1584.8137, -54.436, 1584.8137, -53.912, 1584.8137, -53.528, 1584.8137, -53.113, 1584.8137, -74.979,  , ,  , 
1584.8350, -54.493, 1584.8350, -53.956, 1584.8350, -53.532, 1584.8350, -53.137, 1584.8350,-210.000,  , ,  , 
1584.8562, -54.369, 1584.8562, -53.940, 1584.8562, -53.531, 1584.8562, -53.139, 1584.8562, -74.854,  , ,  , 
1584.8775, -54.427, 1584.8775, -53.912, 1584.8775, -53.577, 1584.8775, -53.130, 1584.8775, -71.533,  , ,  , 
1584.8987, -54.467, 1584.8987, -53.899, 1584.8987, -53.564, 1584.8987, -53.098, 1584.8987,-210.000,  , ,  , 
1584.9200, -54.455, 1584.9200, -53.934, 1584.9200, -53.573, 1584.9200, -53.160, 1584.9200,-210.000,  , ,  , 
1584.9412, -54.421, 1584.9412, -53.907, 1584.9412, -53.571, 1584.9412, -53.105, 1584.9412, -71.028,  , ,  , 
1584.9625, -54.411, 1584.9625, -53.900, 1584.9625, -53.523, 1584.9625, -53.144, 1584.9625, -85.194,  , ,  , 
1584.9837, -54.432, 1584.9837, -53.921, 1584.9837, -53.567, 1584.9837, -53.126, 1584.9837,-210.000,  , ,  , 
1585.0050, -54.438, 1585.0050, -53.897, 1585.0050, -53.561, 1585.0050, -53.111, 1585.0050, -79.127,  , ,  , 
1585.0263, -54.408, 1585.0263, -53.890, 1585.0263, -53.645, 1585.0263, -53.173, 1585.0263,-210.000,  , ,  , 
1585.0475, -54.420, 1585.0475, -53.930, 1585.0475, -53.580, 1585.0475, -53.111, 1585.0475, -83.824,  , ,  , 
1585.0688, -54.436, 1585.0688, -53.925, 1585.0688, -53.588, 1585.0688, -53.152, 1585.0688,-210.000,  , ,  , 
1585.0900, -54.430, 1585.0900, -53.918, 1585.0900, -53.590, 1585.0900, -53.156, 1585.0900,-210.000,  , ,  , 
1585.1113, -54.404, 1585.1113, -53.851, 1585.1113, -53.540, 1585.1113, -53.214, 1585.1113, -82.325,  , ,  , 
1585.1325, -54.482, 1585.1325, -53.928, 1585.1325, -53.590, 1585.1325, -53.189, 1585.1325,-210.000,  , ,  , 
1585.1538, -54.449, 1585.1538, -53.882, 1585.1538, -53.599, 1585.1538, -53.098, 1585.1538, -73.035,  , ,  , 
1585.1750, -54.402, 1585.1750, -53.888, 1585.1750, -53.543, 1585.1750, -53.155, 1585.1750,-210.000,  , ,  , 
1585.1963, -54.432, 1585.1963, -53.887, 1585.1963, -53.539, 1585.1963, -53.158, 1585.1963,-210.000,  , ,  , 
1585.2176, -54.498, 1585.2176, -53.856, 1585.2176, -53.553, 1585.2176, -53.178, 1585.2176,-210.000,  , ,  , 
1585.2388, -54.394, 1585.2388, -53.862, 1585.2388, -53.534, 1585.2388, -53.152, 1585.2388, -79.282,  , ,  , 
1585.2601, -54.376, 1585.2601, -53.853, 1585.2601, -53.549, 1585.2601, -53.196, 1585.2601,-210.000,  , ,  , 
1585.2813, -54.506, 1585.2813, -53.878, 1585.2813, -53.580, 1585.2813, -53.143, 1585.2813,-210.000,  , ,  , 
1585.3026, -54.379, 1585.3026, -53.901, 1585.3026, -53.551, 1585.3026, -53.138, 1585.3026, -74.639,  , ,  , 
1585.3238, -54.358, 1585.3238, -53.868, 1585.3238, -53.565, 1585.3238, -53.208, 1585.3238,-210.000,  , ,  , 
1585.3451, -54.418, 1585.3451, -53.896, 1585.3451, -53.524, 1585.3451, -53.142, 1585.3451,-210.000,  , ,  , 
1585.3663, -54.485, 1585.3663, -53.840, 1585.3663, -53.565, 1585.3663, -53.174, 1585.3663, -82.147,  , ,  , 
1585.3876, -54.405, 1585.3876, -53.841, 1585.3876, -53.527, 1585.3876, -53.117, 1585.3876, -78.610,  , ,  , 
1585.4089, -54.389, 1585.4089, -53.867, 1585.4089, -53.577, 1585.4089, -53.202, 1585.4089, -79.608,  , ,  , 
1585.4301, -54.404, 1585.4301, -53.865, 1585.4301, -53.562, 1585.4301, -53.106, 1585.4301,-210.000,  , ,  , 
1585.4514, -54.434, 1585.4514, -53.838, 1585.4514, -53.565, 1585.4514, -53.094, 1585.4514, -76.818,  , ,  , 
1585.4726, -54.312, 1585.4726, -53.823, 1585.4726, -53.565, 1585.4726, -53.105, 1585.4726,-210.000,  , ,  , 
1585.4939, -54.405, 1585.4939, -53.850, 1585.4939, -53.534, 1585.4939, -53.155, 1585.4939, -76.542,  , ,  , 
1585.5151, -54.488, 1585.5151, -53.903, 1585.5151, -53.567, 1585.5151, -53.160, 1585.5151, -79.328,  , ,  , 
1585.5364, -54.334, 1585.5364, -53.815, 1585.5364, -53.573, 1585.5364, -53.168, 1585.5364, -80.203,  , ,  , 
1585.5576, -54.357, 1585.5576, -53.858, 1585.5576, -53.499, 1585.5576, -53.164, 1585.5576,-210.000,  , ,  , 
1585.5789, -54.420, 1585.5789, -53.883, 1585.5789, -53.546, 1585.5789, -53.142, 1585.5789, -78.684,  , ,  , 
1585.6002, -54.369, 1585.6002, -53.806, 1585.6002, -53.581, 1585.6002, -53.146, 1585.6002,-210.000,  , ,  , 
1585.6214, -54.413, 1585.6214, -53.863, 1585.6214, -53.553, 1585.6214, -53.178, 1585.6214,-210.000,  , ,  , 
1585.6427, -54.410, 1585.6427, -53.824, 1585.6427, -53.578, 1585.6427, -53.148, 1585.6427,-210.000,  , ,  , 
1585.6639, -54.405, 1585.6639, -53.808, 1585.6639, -53.564, 1585.6639, -53.157, 1585.6639, -73.294,  , ,  , 
1585.6852, -54.440, 1585.6852, -53.807, 1585.6852, -53.582, 1585.6852, -53.141, 1585.6852,-210.000,  , ,  , 
1585.7064, -54.382, 1585.7064, -53.825, 1585.7064, -53.525, 1585.7064, -53.180, 1585.7064,-210.000,  , ,  , 
1585.7277, -54.407, 1585.7277, -53.888, 1585.7277, -53.552, 1585.7277, -53.162, 1585.7277,-210.000,  , ,  , 
1585.7489, -54.398, 1585.7489, -53.790, 1585.7489, -53.581, 1585.7489, -53.132, 1585.7489, -78.880,  , ,  , 
1585.7702, -54.407, 1585.7702, -53.806, 1585.7702, -53.545, 1585.7702, -53.128, 1585.7702,-210.000,  , ,  , 
1585.7914, -54.357, 1585.7914, -53.824, 1585.7914, -53.577, 1585.7914, -53.118, 1585.7914,-210.000,  , ,  , 
1585.8127, -54.342, 1585.8127, -53.791, 1585.8127, -53.517, 1585.8127, -53.197, 1585.8127, -77.258,  , ,  , 
1585.8340, -54.371, 1585.8340, -53.763, 1585.8340, -53.504, 1585.8340, -53.171, 1585.8340, -84.228,  , ,  , 
1585.8552, -54.341, 1585.8552, -53.775, 1585.8552, -53.492, 1585.8552, -53.141, 1585.8552, -73.622,  , ,  , 
1585.8765, -54.352, 1585.8765, -53.837, 1585.8765, -53.552, 1585.8765, -53.148, 1585.8765, -74.097,  , ,  , 
1585.8977, -54.312, 1585.8977, -53.776, 1585.8977, -53.593, 1585.8977, -53.112, 1585.8977, -72.822,  , ,  , 
1585.9190, -54.386, 1585.9190, -53.846, 1585.9190, -53.562, 1585.9190, -53.094, 1585.9190, -77.777,  , ,  , 
1585.9402, -54.352, 1585.9402, -53.760, 1585.9402, -53.518, 1585.9402, -53.113, 1585.9402, -77.117,  , ,  , 
1585.9615, -54.295, 1585.9615, -53.801, 1585.9615, -53.534, 1585.9615, -53.130, 1585.9615, -78.597,  , ,  , 
1585.9827, -54.296, 1585.9827, -53.753, 1585.9827, -53.517, 1585.9827, -53.137, 1585.9827, -72.203,  , ,  , 
1586.0040, -54.426, 1586.0040, -53.818, 1586.0040, -53.508, 1586.0040, -53.098, 1586.0040, -78.133,  , ,  , 
1586.0253, -54.277, 1586.0253, -53.775, 1586.0253, -53.572, 1586.0253, -53.151, 1586.0253, -73.936,  , ,  , 
1586.0465, -54.315, 1586.0465, -53.738, 1586.0465, -53.542, 1586.0465, -53.133, 1586.0465, -75.747,  , ,  , 
1586.0678, -54.338, 1586.0678, -53.734, 1586.0678, -53.561, 1586.0678, -53.148, 1586.0678,-210.000,  , ,  , 
1586.0890, -54.343, 1586.0890, -53.799, 1586.0890, -53.566, 1586.0890, -53.132, 1586.0890,-210.000,  , ,  , 
1586.1103, -54.343, 1586.1103, -53.738, 1586.1103, -53.512, 1586.1103, -53.150, 1586.1103,-210.000,  , ,  , 
1586.1315, -54.281, 1586.1315, -53.751, 1586.1315, -53.536, 1586.1315, -53.175, 1586.1315,-210.000,  , ,  , 
1586.1528, -54.369, 1586.1528, -53.770, 1586.1528, -53.569, 1586.1528, -53.088, 1586.1528,-210.000,  , ,  , 
1586.1740, -54.365, 1586.1740, -53.765, 1586.1740, -53.522, 1586.1740, -53.155, 1586.1740,-210.000,  , ,  , 
1586.1953, -54.262, 1586.1953, -53.718, 1586.1953, -53.525, 1586.1953, -53.148, 1586.1953, -89.387,  , ,  , 
1586.2166, -54.295, 1586.2166, -53.728, 1586.2166, -53.566, 1586.2166, -53.148, 1586.2166,-210.000,  , ,  , 
1586.2378, -54.339, 1586.2378, -53.731, 1586.2378, -53.533, 1586.2378, -53.125, 1586.2378,-210.000,  , ,  , 
1586.2591, -54.286, 1586.2591, -53.737, 1586.2591, -53.517, 1586.2591, -53.153, 1586.2591,-210.000,  , ,  , 
1586.2803, -54.302, 1586.2803, -53.733, 1586.2803, -53.570, 1586.2803, -53.104, 1586.2803, -84.858,  , ,  , 
1586.3016, -54.346, 1586.3016, -53.744, 1586.3016, -53.526, 1586.3016, -53.155, 1586.3016,-210.000,  , ,  , 
1586.3228, -54.285, 1586.3228, -53.757, 1586.3228, -53.497, 1586.3228, -53.118, 1586.3228, -75.170,  , ,  , 
1586.3441, -54.283, 1586.3441, -53.715, 1586.3441, -53.516, 1586.3441, -53.173, 1586.3441, -76.181,  , ,  , 
1586.3653, -54.306, 1586.3653, -53.702, 1586.3653, -53.539, 1586.3653, -53.149, 1586.3653, -76.069,  , ,  , 
1586.3866, -54.264, 1586.3866, -53.759, 1586.3866, -53.520, 1586.3866, -53.097, 1586.3866, -72.516,  , ,  , 
1586.4079, -54.259, 1586.4079, -53.735, 1586.4079, -53.561, 1586.4079, -53.151, 1586.4079,-210.000,  , ,  , 
1586.4291, -54.241, 1586.4291, -53.740, 1586.4291, -53.498, 1586.4291, -53.122, 1586.4291, -83.238,  , ,  , 
1586.4504, -54.255, 1586.4504, -53.736, 1586.4504, -53.500, 1586.4504, -53.134, 1586.4504, -83.509,  , ,  , 
1586.4716, -54.233, 1586.4716, -53.715, 1586.4716, -53.530, 1586.4716, -53.110, 1586.4716, -74.828,  , ,  , 
1586.4929, -54.232, 1586.4929, -53.739, 1586.4929, -53.547, 1586.4929, -53.150, 1586.4929, -78.333,  , ,  , 
1586.5141, -54.276, 1586.5141, -53.672, 1586.5141, -53.504, 1586.5141, -53.107, 1586.5141,-210.000,  , ,  , 
1586.5354, -54.202, 1586.5354, -53.699, 1586.5354, -53.583, 1586.5354, -53.107, 1586.5354, -73.201,  , ,  , 
1586.5566, -54.271, 1586.5566, -53.685, 1586.5566, -53.488, 1586.5566, -53.174, 1586.5566,-210.000,  , ,  , 
1586.5779, -54.249, 1586.5779, -53.723, 1586.5779, -53.525, 1586.5779, -53.124, 1586.5779, -84.394,  , ,  , 
1586.5991, -54.219, 1586.5991, -53.688, 1586.5991, -53.471, 1586.5991, -53.130, 1586.5991, -73.981,  , ,  , 
1586.6204, -54.238, 1586.6204, -53.671, 1586.6204, -53.536, 1586.6204, -53.148, 1586.6204,-210.000,  , ,  , 
1586.6417, -54.252, 1586.6417, -53.685, 1586.6417, -53.539, 1586.6417, -53.151, 1586.6417,-210.000,  , ,  , 
1586.6629, -54.231, 1586.6629, -53.675, 1586.6629, -53.538, 1586.6629, -53.171, 1586.6629,-210.000,  , ,  , 
1586.6842, -54.186, 1586.6842, -53.652, 1586.6842, -53.498, 1586.6842, -53.117, 1586.6842, -75.637,  , ,  , 
1586.7054, -54.285, 1586.7054, -53.677, 1586.7054, -53.500, 1586.7054, -53.161, 1586.7054, -81.200,  , ,  , 
1586.7267, -54.213, 1586.7267, -53.638, 1586.7267, -53.503, 1586.7267, -53.151, 1586.7267,-210.000,  , ,  , 
1586.7479, -54.229, 1586.7479, -53.692, 1586.7479, -53.498, 1586.7479, -53.113, 1586.7479, -85.020,  , ,  , 
1586.7692, -54.197, 1586.7692, -53.630, 1586.7692, -53.481, 1586.7692, -53.161, 1586.7692, -76.802,  , ,  , 
1586.7904, -54.227, 1586.7904, -53.672, 1586.7904, -53.511, 1586.7904, -53.144, 1586.7904,-210.000,  , ,  , 
1586.8117, -54.223, 1586.8117, -53.666, 1586.8117, -53.466, 1586.8117, -53.119, 1586.8117, -75.277,  , ,  , 
1586.8330, -54.170, 1586.8330, -53.662, 1586.8330, -53.478, 1586.8330, -53.173, 1586.8330,-210.000,  , ,  , 
1586.8542, -54.208, 1586.8542, -53.654, 1586.8542, -53.472, 1586.8542, -53.141, 1586.8542,-210.000,  , ,  , 
1586.8755, -54.176, 1586.8755, -53.633, 1586.8755, -53.479, 1586.8755, -53.145, 1586.8755, -71.910,  , ,  , 
1586.8967, -54.172, 1586.8967, -53.658, 1586.8967, -53.529, 1586.8967, -53.135, 1586.8967,-210.000,  , ,  , 
1586.9180, -54.164, 1586.9180, -53.644, 1586.9180, -53.489, 1586.9180, -53.132, 1586.9180, -73.308,  , ,  , 
1586.9392, -54.173, 1586.9392, -53.659, 1586.9392, -53.523, 1586.9392, -53.100, 1586.9392, -77.644,  , ,  , 
1586.9605, -54.176, 1586.9605, -53.696, 1586.9605, -53.526, 1586.9605, -53.115, 1586.9605, -80.992,  , ,  , 
1586.9817, -54.212, 1586.9817, -53.662, 1586.9817, -53.487, 1586.9817, -53.130, 1586.9817,-210.000,  , ,  , 
1587.0030, -54.115, 1587.0030, -53.663, 1587.0030, -53.509, 1587.0030, -53.104, 1587.0030,-210.000,  , ,  , 
1587.0243, -54.180, 1587.0243, -53.676, 1587.0243, -53.516, 1587.0243, -53.139, 1587.0243, -78.942,  , ,  , 
1587.0455, -54.157, 1587.0455, -53.588, 1587.0455, -53.465, 1587.0455, -53.116, 1587.0455, -76.076,  , ,  , 
1587.0668, -54.074, 1587.0668, -53.643, 1587.0668, -53.433, 1587.0668, -53.118, 1587.0668,-210.000,  , ,  , 
1587.0880, -54.115, 1587.0880, -53.596, 1587.0880, -53.534, 1587.0880, -53.164, 1587.0880, -74.597,  , ,  , 
1587.1093, -54.150, 1587.1093, -53.673, 1587.1093, -53.451, 1587.1093, -53.149, 1587.1093,-210.000,  , ,  , 
1587.1305, -54.112, 1587.1305, -53.613, 1587.1305, -53.490, 1587.1305, -53.124, 1587.1305, -75.342,  , ,  , 
1587.1518, -54.172, 1587.1518, -53.606, 1587.1518, -53.459, 1587.1518, -53.117, 1587.1518,-210.000,  , ,  , 
1587.1730, -54.113, 1587.1730, -53.610, 1587.1730, -53.487, 1587.1730, -53.123, 1587.1730,-210.000,  , ,  , 
1587.1943, -54.163, 1587.1943, -53.595, 1587.1943, -53.424, 1587.1943, -53.153, 1587.1943,-210.000,  , ,  , 
1587.2156, -54.096, 1587.2156, -53.554, 1587.2156, -53.485, 1587.2156, -53.132, 1587.2156, -72.156,  , ,  , 
1587.2368, -54.158, 1587.2368, -53.639, 1587.2368, -53.476, 1587.2368, -53.152, 1587.2368,-210.000,  , ,  , 
1587.2581, -54.175, 1587.2581, -53.615, 1587.2581, -53.444, 1587.2581, -53.118, 1587.2581, -75.455,  , ,  , 
1587.2793, -54.084, 1587.2793, -53.579, 1587.2793, -53.500, 1587.2793, -53.158, 1587.2793,-210.000,  , ,  , 
1587.3006, -54.097, 1587.3006, -53.571, 1587.3006, -53.445, 1587.3006, -53.162, 1587.3006,-210.000,  , ,  , 
1587.3218, -54.139, 1587.3218, -53.633, 1587.3218, -53.452, 1587.3218, -53.089, 1587.3218, -75.944,  , ,  , 
1587.3431, -54.085, 1587.3431, -53.611, 1587.3431, -53.425, 1587.3431, -53.152, 1587.3431, -77.759,  , ,  , 
1587.3643, -54.067, 1587.3643, -53.632, 1587.3643, -53.451, 1587.3643, -53.155, 1587.3643, -79.783,  , ,  , 
1587.3856, -54.080, 1587.3856, -53.597, 1587.3856, -53.476, 1587.3856, -53.147, 1587.3856, -73.495,  , ,  , 
1587.4069, -54.038, 1587.4069, -53.623, 1587.4069, -53.502, 1587.4069, -53.155, 1587.4069, -77.950,  , ,  , 
1587.4281, -54.093, 1587.4281, -53.538, 1587.4281, -53.422, 1587.4281, -53.171, 1587.4281, -80.192,  , ,  , 
1587.4494, -54.100, 1587.4494, -53.661, 1587.4494, -53.479, 1587.4494, -53.110, 1587.4494, -76.970,  , ,  , 
1587.4706, -54.026, 1587.4706, -53.589, 1587.4706, -53.469, 1587.4706, -53.131, 1587.4706, -73.597,  , ,  , 
1587.4919, -54.034, 1587.4919, -53.566, 1587.4919, -53.470, 1587.4919, -53.122, 1587.4919, -73.932,  , ,  , 
1587.5131, -54.017, 1587.5131, -53.618, 1587.5131, -53.501, 1587.5131, -53.159, 1587.5131,-210.000,  , ,  , 
1587.5344, -54.072, 1587.5344, -53.602, 1587.5344, -53.510, 1587.5344, -53.178, 1587.5344, -76.532,  , ,  , 
1587.5556, -54.060, 1587.5556, -53.584, 1587.5556, -53.466, 1587.5556, -53.193, 1587.5556, -78.647,  , ,  , 
1587.5769, -54.083, 1587.5769, -53.626, 1587.5769, -53.442, 1587.5769, -53.183, 1587.5769,-210.000,  , ,  , 
1587.5981, -54.117, 1587.5981, -53.549, 1587.5981, -53.476, 1587.5981, -53.202, 1587.5981,-210.000,  , ,  , 
1587.6194, -54.038, 1587.6194, -53.578, 1587.6194, -53.537, 1587.6194, -53.146, 1587.6194, -80.711,  , ,  , 
1587.6407, -54.042, 1587.6407, -53.591, 1587.6407, -53.462, 1587.6407, -53.184, 1587.6407,-210.000,  , ,  , 
1587.6619, -54.051, 1587.6619, -53.591, 1587.6619, -53.431, 1587.6619, -53.223, 1587.6619,-210.000,  , ,  , 
1587.6832, -54.054, 1587.6832, -53.600, 1587.6832, -53.497, 1587.6832, -53.194, 1587.6832, -83.297,  , ,  , 
1587.7044, -54.078, 1587.7044, -53.529, 1587.7044, -53.493, 1587.7044, -53.189, 1587.7044,-210.000,  , ,  , 
1587.7257, -54.066, 1587.7257, -53.545, 1587.7257, -53.468, 1587.7257, -53.224, 1587.7257,-210.000,  , ,  , 
1587.7469, -54.047, 1587.7469, -53.589, 1587.7469, -53.466, 1587.7469, -53.246, 1587.7469,-210.000,  , ,  , 
1587.7682, -54.063, 1587.7682, -53.611, 1587.7682, -53.496, 1587.7682, -53.223, 1587.7682,-210.000,  , ,  , 
1587.7894, -54.058, 1587.7894, -53.596, 1587.7894, -53.506, 1587.7894, -53.236, 1587.7894,-210.000,  , ,  , 
1587.8107, -54.076, 1587.8107, -53.565, 1587.8107, -53.474, 1587.8107, -53.189, 1587.8107, -74.144,  , ,  , 
1587.8320, -54.024, 1587.8320, -53.570, 1587.8320, -53.479, 1587.8320, -53.219, 1587.8320, -80.221,  , ,  , 
1587.8532, -53.971, 1587.8532, -53.498, 1587.8532, -53.459, 1587.8532, -53.230, 1587.8532, -82.749,  , ,  , 
1587.8745, -54.075, 1587.8745, -53.618, 1587.8745, -53.452, 1587.8745, -53.243, 1587.8745, -80.790,  , ,  , 
1587.8957, -54.066, 1587.8957, -53.554, 1587.8957, -53.509, 1587.8957, -53.214, 1587.8957, -73.102,  , ,  , 
1587.9170, -54.002, 1587.9170, -53.578, 1587.9170, -53.477, 1587.9170, -53.268, 1587.9170, -81.096,  , ,  , 
1587.9382, -54.000, 1587.9382, -53.577, 1587.9382, -53.445, 1587.9382, -53.214, 1587.9382,-210.000,  , ,  , 
1587.9595, -54.006, 1587.9595, -53.610, 1587.9595, -53.508, 1587.9595, -53.222, 1587.9595, -70.524,  , ,  , 
1587.9807, -54.014, 1587.9807, -53.534, 1587.9807, -53.460, 1587.9807, -53.178, 1587.9807, -79.381,  , ,  , 
1588.0020, -54.008, 1588.0020, -53.537, 1588.0020, -53.495, 1588.0020, -53.225, 1588.0020,-210.000,  , ,  , 
1588.0233, -54.014, 1588.0233, -53.621, 1588.0233, -53.500, 1588.0233, -53.224, 1588.0233,-210.000,  , ,  , 
1588.0445, -54.025, 1588.0445, -53.539, 1588.0445, -53.489, 1588.0445, -53.227, 1588.0445,-210.000,  , ,  , 
1588.0658, -53.999, 1588.0658, -53.544, 1588.0658, -53.431, 1588.0658, -53.262, 1588.0658, -74.391,  , ,  , 
1588.0870, -54.053, 1588.0870, -53.521, 1588.0870, -53.459, 1588.0870, -53.263, 1588.0870,-210.000,  , ,  , 
1588.1083, -54.009, 1588.1083, -53.568, 1588.1083, -53.517, 1588.1083, -53.219, 1588.1083,-210.000,  , ,  , 
1588.1295, -54.013, 1588.1295, -53.566, 1588.1295, -53.523, 1588.1295, -53.251, 1588.1295, -82.166,  , ,  , 
1588.1508, -54.014, 1588.1508, -53.483, 1588.1508, -53.549, 1588.1508, -53.296, 1588.1508,-210.000,  , ,  , 
1588.1720, -54.009, 1588.1720, -53.548, 1588.1720, -53.491, 1588.1720, -53.269, 1588.1720,-210.000,  , ,  , 
1588.1933, -54.042, 1588.1933, -53.487, 1588.1933, -53.526, 1588.1933, -53.287, 1588.1933,-210.000,  , ,  , 
1588.2146, -53.988, 1588.2146, -53.590, 1588.2146, -53.468, 1588.2146, -53.296, 1588.2146,-210.000,  , ,  , 
1588.2358, -54.016, 1588.2358, -53.540, 1588.2358, -53.487, 1588.2358, -53.297, 1588.2358,-210.000,  , ,  , 
1588.2571, -53.974, 1588.2571, -53.538, 1588.2571, -53.534, 1588.2571, -53.284, 1588.2571,-210.000,  , ,  , 
1588.2783, -54.004, 1588.2783, -53.549, 1588.2783, -53.484, 1588.2783, -53.307, 1588.2783, -75.952,  , ,  , 
1588.2996, -54.013, 1588.2996, -53.534, 1588.2996, -53.412, 1588.2996, -53.335, 1588.2996,-210.000,  , ,  , 
1588.3208, -53.985, 1588.3208, -53.540, 1588.3208, -53.500, 1588.3208, -53.296, 1588.3208, -74.965,  , ,  , 
1588.3421, -54.010, 1588.3421, -53.598, 1588.3421, -53.504, 1588.3421, -53.346, 1588.3421,-210.000,  , ,  , 
1588.3633, -54.000, 1588.3633, -53.541, 1588.3633, -53.442, 1588.3633, -53.333, 1588.3633, -88.169,  , ,  , 
1588.3846, -54.017, 1588.3846, -53.541, 1588.3846, -53.439, 1588.3846, -53.296, 1588.3846, -73.886,  , ,  , 
1588.4059, -53.934, 1588.4059, -53.555, 1588.4059, -53.539, 1588.4059, -53.283, 1588.4059, -71.332,  , ,  , 
1588.4271, -53.982, 1588.4271, -53.564, 1588.4271, -53.468, 1588.4271, -53.369, 1588.4271, -77.553,  , ,  , 
1588.4484, -53.960, 1588.4484, -53.536, 1588.4484, -53.464, 1588.4484, -53.349, 1588.4484, -77.535,  , ,  , 
1588.4696, -53.957, 1588.4696, -53.527, 1588.4696, -53.492, 1588.4696, -53.337, 1588.4696,-210.000,  , ,  , 
1588.4909, -53.978, 1588.4909, -53.506, 1588.4909, -53.508, 1588.4909, -53.326, 1588.4909, -76.961,  , ,  , 
1588.5121, -53.950, 1588.5121, -53.577, 1588.5121, -53.526, 1588.5121, -53.370, 1588.5121, -82.770,  , ,  , 
1588.5334, -53.954, 1588.5334, -53.508, 1588.5334, -53.557, 1588.5334, -53.355, 1588.5334, -75.762,  , ,  , 
1588.5546, -53.933, 1588.5546, -53.548, 1588.5546, -53.496, 1588.5546, -53.321, 1588.5546, -81.954,  , ,  , 
1588.5759, -53.952, 1588.5759, -53.500, 1588.5759, -53.546, 1588.5759, -53.376, 1588.5759, -84.337,  , ,  , 
1588.5971, -53.995, 1588.5971, -53.521, 1588.5971, -53.492, 1588.5971, -53.420, 1588.5971,-210.000,  , ,  , 
1588.6184, -54.044, 1588.6184, -53.536, 1588.6184, -53.583, 1588.6184, -53.387, 1588.6184, -76.281,  , ,  , 
1588.6397, -53.941, 1588.6397, -53.542, 1588.6397, -53.601, 1588.6397, -53.374, 1588.6397,-210.000,  , ,  , 
1588.6609, -53.980, 1588.6609, -53.544, 1588.6609, -53.446, 1588.6609, -53.430, 1588.6609, -82.395,  , ,  , 
1588.6822, -54.039, 1588.6822, -53.521, 1588.6822, -53.530, 1588.6822, -53.425, 1588.6822, -77.629,  , ,  , 
1588.7034, -53.962, 1588.7034, -53.488, 1588.7034, -53.556, 1588.7034, -53.376, 1588.7034,-210.000,  , ,  , 
1588.7247, -53.968, 1588.7247, -53.556, 1588.7247, -53.527, 1588.7247, -53.425, 1588.7247,-210.000,  , ,  , 
1588.7459, -54.005, 1588.7459, -53.556, 1588.7459, -53.528, 1588.7459, -53.452, 1588.7459,-210.000,  , ,  , 
1588.7672, -53.994, 1588.7672, -53.488, 1588.7672, -53.529, 1588.7672, -53.415, 1588.7672, -75.961,  , ,  , 
1588.7884, -54.001, 1588.7884, -53.546, 1588.7884, -53.550, 1588.7884, -53.497, 1588.7884,-210.000,  , ,  , 
1588.8097, -53.996, 1588.8097, -53.546, 1588.8097, -53.493, 1588.8097, -53.525, 1588.8097,-210.000,  , ,  , 
1588.8310, -53.965, 1588.8310, -53.566, 1588.8310, -53.544, 1588.8310, -53.443, 1588.8310, -82.855,  , ,  , 
1588.8522, -54.018, 1588.8522, -53.527, 1588.8522, -53.540, 1588.8522, -53.526, 1588.8522,-210.000,  , ,  , 
1588.8735, -53.932, 1588.8735, -53.528, 1588.8735, -53.549, 1588.8735, -53.466, 1588.8735,-210.000,  , ,  , 
1588.8947, -53.971, 1588.8947, -53.576, 1588.8947, -53.532, 1588.8947, -53.490, 1588.8947, -76.614,  , ,  , 
1588.9160, -53.982, 1588.9160, -53.491, 1588.9160, -53.543, 1588.9160, -53.470, 1588.9160, -86.563,  , ,  , 
1588.9372, -53.990, 1588.9372, -53.513, 1588.9372, -53.522, 1588.9372, -53.501, 1588.9372, -73.651,  , ,  , 
1588.9585, -53.929, 1588.9585, -53.595, 1588.9585, -53.559, 1588.9585, -53.505, 1588.9585, -80.374,  , ,  , 
1588.9797, -53.939, 1588.9797, -53.538, 1588.9797, -53.574, 1588.9797, -53.483, 1588.9797, -87.250,  , ,  , 
1589.0010, -53.961, 1589.0010, -53.521, 1589.0010, -53.578, 1589.0010, -53.533, 1589.0010, -74.378,  , ,  , 
1589.0223, -53.964, 1589.0223, -53.546, 1589.0223, -53.591, 1589.0223, -53.549, 1589.0223, -75.664,  , ,  , 
1589.0435, -53.947, 1589.0435, -53.556, 1589.0435, -53.641, 1589.0435, -53.554, 1589.0435,-210.000,  , ,  , 
1589.0648, -53.928, 1589.0648, -53.545, 1589.0648, -53.620, 1589.0648, -53.593, 1589.0648, -77.527,  , ,  , 
1589.0860, -53.974, 1589.0860, -53.557, 1589.0860, -53.561, 1589.0860, -53.605, 1589.0860,-210.000,  , ,  , 
1589.1073, -53.956, 1589.1073, -53.589, 1589.1073, -53.609, 1589.1073, -53.557, 1589.1073,-210.000,  , ,  , 
1589.1285, -53.929, 1589.1285, -53.529, 1589.1285, -53.610, 1589.1285, -53.588, 1589.1285, -77.910,  , ,  , 
1589.1498, -54.004, 1589.1498, -53.535, 1589.1498, -53.622, 1589.1498, -53.641, 1589.1498, -75.516,  , ,  , 
1589.1710, -53.991, 1589.1710, -53.527, 1589.1710, -53.553, 1589.1710, -53.605, 1589.1710,-210.000,  , ,  , 
1589.1923, -53.941, 1589.1923, -53.549, 1589.1923, -53.643, 1589.1923, -53.655, 1589.1923,-210.000,  , ,  , 
1589.2136, -53.981, 1589.2136, -53.551, 1589.2136, -53.578, 1589.2136, -53.657, 1589.2136,-210.000,  , ,  , 
1589.2348, -53.970, 1589.2348, -53.545, 1589.2348, -53.620, 1589.2348, -53.702, 1589.2348,-210.000,  , ,  , 
1589.2561, -53.949, 1589.2561, -53.492, 1589.2561, -53.655, 1589.2561, -53.615, 1589.2561, -79.567,  , ,  , 
1589.2773, -53.921, 1589.2773, -53.515, 1589.2773, -53.650, 1589.2773, -53.678, 1589.2773, -79.404,  , ,  , 
1589.2986, -53.964, 1589.2986, -53.552, 1589.2986, -53.597, 1589.2986, -53.684, 1589.2986, -81.811,  , ,  , 
1589.3198, -53.983, 1589.3198, -53.542, 1589.3198, -53.593, 1589.3198, -53.652, 1589.3198, -73.503,  , ,  , 
1589.3411, -53.939, 1589.3411, -53.521, 1589.3411, -53.643, 1589.3411, -53.677, 1589.3411,-210.000,  , ,  , 
1589.3623, -53.942, 1589.3623, -53.555, 1589.3623, -53.621, 1589.3623, -53.680, 1589.3623, -80.706,  , ,  , 
1589.3836, -53.916, 1589.3836, -53.597, 1589.3836, -53.654, 1589.3836, -53.683, 1589.3836,-210.000,  , ,  , 
1589.4049, -53.991, 1589.4049, -53.517, 1589.4049, -53.643, 1589.4049, -53.736, 1589.4049, -76.852,  , ,  , 
1589.4261, -53.873, 1589.4261, -53.604, 1589.4261, -53.611, 1589.4261, -53.705, 1589.4261, -72.746,  , ,  , 
1589.4474, -53.943, 1589.4474, -53.517, 1589.4474, -53.622, 1589.4474, -53.731, 1589.4474, -73.950,  , ,  , 
1589.4686, -53.923, 1589.4686, -53.516, 1589.4686, -53.657, 1589.4686, -53.732, 1589.4686,-210.000,  , ,  , 
1589.4899, -53.932, 1589.4899, -53.558, 1589.4899, -53.652, 1589.4899, -53.733, 1589.4899, -74.808,  , ,  , 
1589.5111, -53.914, 1589.5111, -53.552, 1589.5111, -53.681, 1589.5111, -53.791, 1589.5111,-210.000,  , ,  , 
1589.5324, -53.883, 1589.5324, -53.589, 1589.5324, -53.711, 1589.5324, -53.759, 1589.5324,-210.000,  , ,  , 
1589.5536, -53.996, 1589.5536, -53.503, 1589.5536, -53.626, 1589.5536, -53.754, 1589.5536, -82.598,  , ,  , 
1589.5749, -53.946, 1589.5749, -53.524, 1589.5749, -53.721, 1589.5749, -53.815, 1589.5749, -75.077,  , ,  , 
1589.5961, -53.915, 1589.5961, -53.571, 1589.5961, -53.698, 1589.5961, -53.809, 1589.5961,-210.000,  , ,  , 
1589.6174, -53.955, 1589.6174, -53.532, 1589.6174, -53.668, 1589.6174, -53.850, 1589.6174, -72.349,  , ,  , 
1589.6387, -53.963, 1589.6387, -53.562, 1589.6387, -53.709, 1589.6387, -53.802, 1589.6387,-210.000,  , ,  , 
1589.6599, -53.928, 1589.6599, -53.552, 1589.6599, -53.722, 1589.6599, -53.879, 1589.6599,-210.000,  , ,  , 
1589.6812, -53.921, 1589.6812, -53.506, 1589.6812, -53.657, 1589.6812, -53.875, 1589.6812, -73.335,  , ,  , 
1589.7024, -53.926, 1589.7024, -53.557, 1589.7024, -53.755, 1589.7024, -53.871, 1589.7024, -90.452,  , ,  , 
1589.7237, -53.915, 1589.7237, -53.557, 1589.7237, -53.714, 1589.7237, -53.854, 1589.7237,-210.000,  , ,  , 
1589.7449, -53.902, 1589.7449, -53.560, 1589.7449, -53.722, 1589.7449, -53.861, 1589.7449,-210.000,  , ,  , 
1589.7662, -53.926, 1589.7662, -53.530, 1589.7662, -53.722, 1589.7662, -53.933, 1589.7662,-210.000,  , ,  , 
1589.7874, -53.976, 1589.7874, -53.516, 1589.7874, -53.798, 1589.7874, -53.908, 1589.7874, -71.936,  , ,  , 
1589.8087, -53.921, 1589.8087, -53.529, 1589.8087, -53.654, 1589.8087, -53.917, 1589.8087, -73.671,  , ,  , 
1589.8300, -53.872, 1589.8300, -53.539, 1589.8300, -53.705, 1589.8300, -53.961, 1589.8300,-210.000,  , ,  , 
1589.8512, -53.940, 1589.8512, -53.547, 1589.8512, -53.728, 1589.8512, -53.905, 1589.8512,-210.000,  , ,  , 
1589.8725, -53.915, 1589.8725, -53.536, 1589.8725, -53.711, 1589.8725, -53.983, 1589.8725,-210.000,  , ,  , 
1589.8937, -53.845, 1589.8937, -53.590, 1589.8937, -53.758, 1589.8937, -53.944, 1589.8937, -72.714,  , ,  , 
1589.9150, -53.880, 1589.9150, -53.571, 1589.9150, -53.727, 1589.9150, -53.947, 1589.9150,-210.000,  , ,  , 
1589.9362, -53.923, 1589.9362, -53.538, 1589.9362, -53.701, 1589.9362, -53.963, 1589.9362, -76.973,  , ,  , 
1589.9575, -53.913, 1589.9575, -53.546, 1589.9575, -53.728, 1589.9575, -53.992, 1589.9575, -74.310,  , ,  , 
1589.9787, -53.859, 1589.9787, -53.601, 1589.9787, -53.776, 1589.9787, -54.001, 1589.9787,-210.000,  , ,  , 
1590.0000, -53.903, 1590.0000, -53.510, 1590.0000, -53.795, 1590.0000, -54.015, 1590.0000, -79.612,  , ,  , 
